run_key,target,model,setting,task,arm,stage,trial,seed,metric,detail,gat_hidden_dim,graph_metric,jk_mode,lr,num_layers,proj_dim,scorer_hidden,tau_quantile,weight_decay,score,elapsed_sec,mean_density,empty_frac,curvature,gnn_input_clip,gnn_input_scale,hyp_gnn_type,hyperbolic_gnn,tau,feature_mode,graph_curvature,hyperbolic_readout,learnable_curvature,readout_clip,readout_scale,rho_quantile
glue|bert-base-uncased|mrpc_wide|baseline|t0|s42|tune,glue,bert-base-uncased,mrpc_wide,mrpc,baseline,tune,0,42,f1,gat_hidden_dim=128;graph_metric=cosine;jk_mode=cat;lr=0.001;num_layers=4;proj_dim=256;scorer_hidden=256;tau_quantile=0.05;weight_decay=1e-05,128,cosine,cat,0.001,4,256,256,0.05,1e-05,81.85,118.36,0.05026,0.0,,,,,,,,,,,,,
glue|bert-base-uncased|mrpc_wide|baseline|t1|s42|tune,glue,bert-base-uncased,mrpc_wide,mrpc,baseline,tune,1,42,f1,gat_hidden_dim=256;graph_metric=cosine;jk_mode=max;lr=0.001;num_layers=2;proj_dim=512;scorer_hidden=256;tau_quantile=0.1;weight_decay=1e-05,256,cosine,max,0.001,2,512,256,0.1,1e-05,80.96,115.54,0.1,0.0,,,,,,,,,,,,,
glue|bert-base-uncased|mrpc_wide|baseline|t2|s42|tune,glue,bert-base-uncased,mrpc_wide,mrpc,baseline,tune,2,42,f1,gat_hidden_dim=128;graph_metric=cosine;jk_mode=max;lr=0.0002;num_layers=2;proj_dim=128;scorer_hidden=128;tau_quantile=0.38;weight_decay=1e-05,128,cosine,max,0.0002,2,128,128,0.38,1e-05,82.57,112.78,0.37931,0.0,,,,,,,,,,,,,
glue|bert-base-uncased|mrpc_wide|baseline|t3|s42|tune,glue,bert-base-uncased,mrpc_wide,mrpc,baseline,tune,3,42,f1,gat_hidden_dim=128;graph_metric=cosine;jk_mode=cat;lr=2e-05;num_layers=4;proj_dim=512;scorer_hidden=128;tau_quantile=0.025;weight_decay=5e-05,128,cosine,cat,2e-05,4,512,128,0.025,5e-05,81.22,115.18,0.0249,0.0,,,,,,,,,,,,,
glue|bert-base-uncased|mrpc_wide|baseline|t4|s42|tune,glue,bert-base-uncased,mrpc_wide,mrpc,baseline,tune,4,42,f1,gat_hidden_dim=128;graph_metric=cosine;jk_mode=max;lr=0.001;num_layers=2;proj_dim=256;scorer_hidden=128;tau_quantile=0.38;weight_decay=5e-05,128,cosine,max,0.001,2,256,128,0.38,5e-05,81.04,111.87,0.37931,0.0,,,,,,,,,,,,,
glue|bert-base-uncased|mrpc_wide|baseline|t5|s42|tune,glue,bert-base-uncased,mrpc_wide,mrpc,baseline,tune,5,42,f1,gat_hidden_dim=256;graph_metric=cosine;jk_mode=cat;lr=2e-05;num_layers=4;proj_dim=128;scorer_hidden=256;tau_quantile=0.075;weight_decay=1e-05,256,cosine,cat,2e-05,4,128,256,0.075,1e-05,82.2,115.4,0.0748,0.0,,,,,,,,,,,,,
glue|bert-base-uncased|mrpc_wide|baseline|t6|s42|tune,glue,bert-base-uncased,mrpc_wide,mrpc,baseline,tune,6,42,f1,gat_hidden_dim=128;graph_metric=cosine;jk_mode=max;lr=0.001;num_layers=4;proj_dim=512;scorer_hidden=256;tau_quantile=0.15;weight_decay=5e-05,128,cosine,max,0.001,4,512,256,0.15,5e-05,82.18,115.22,0.15,0.0,,,,,,,,,,,,,
glue|bert-base-uncased|mrpc_wide|baseline|t7|s42|tune,glue,bert-base-uncased,mrpc_wide,mrpc,baseline,tune,7,42,f1,gat_hidden_dim=64;graph_metric=cosine;jk_mode=max;lr=2e-05;num_layers=4;proj_dim=256;scorer_hidden=256;tau_quantile=0.025;weight_decay=1e-05,64,cosine,max,2e-05,4,256,256,0.025,1e-05,81.22,115.15,0.02497,0.0,,,,,,,,,,,,,
glue|bert-base-uncased|mrpc_wide|baseline|t8|s42|tune,glue,bert-base-uncased,mrpc_wide,mrpc,baseline,tune,8,42,f1,gat_hidden_dim=128;graph_metric=cosine;jk_mode=max;lr=2e-05;num_layers=2;proj_dim=512;scorer_hidden=256;tau_quantile=0.1;weight_decay=0.0,128,cosine,max,2e-05,2,512,256,0.1,0.0,81.22,113.85,0.09978,0.0,,,,,,,,,,,,,
glue|bert-base-uncased|mrpc_wide|baseline|t9|s42|tune,glue,bert-base-uncased,mrpc_wide,mrpc,baseline,tune,9,42,f1,gat_hidden_dim=64;graph_metric=cosine;jk_mode=cat;lr=0.001;num_layers=4;proj_dim=512;scorer_hidden=128;tau_quantile=0.025;weight_decay=1e-05,64,cosine,cat,0.001,4,512,128,0.025,1e-05,81.96,114.61,0.02505,0.0,,,,,,,,,,,,,
glue|bert-base-uncased|mrpc_wide|baseline|t10|s42|tune,glue,bert-base-uncased,mrpc_wide,mrpc,baseline,tune,10,42,f1,gat_hidden_dim=128;graph_metric=cosine;jk_mode=max;lr=0.0002;num_layers=4;proj_dim=256;scorer_hidden=128;tau_quantile=0.28;weight_decay=5e-05,128,cosine,max,0.0002,4,256,128,0.28,5e-05,82.18,113.64,0.27991,0.0,,,,,,,,,,,,,
glue|bert-base-uncased|mrpc_wide|baseline|t11|s42|tune,glue,bert-base-uncased,mrpc_wide,mrpc,baseline,tune,11,42,f1,gat_hidden_dim=128;graph_metric=cosine;jk_mode=cat;lr=0.0002;num_layers=2;proj_dim=512;scorer_hidden=128;tau_quantile=0.05;weight_decay=0.0,128,cosine,cat,0.0002,2,512,128,0.05,0.0,81.69,113.36,0.05027,0.0,,,,,,,,,,,,,
glue|bert-base-uncased|mrpc_wide|baseline|t12|s42|tune,glue,bert-base-uncased,mrpc_wide,mrpc,baseline,tune,12,42,f1,gat_hidden_dim=128;graph_metric=cosine;jk_mode=cat;lr=2e-05;num_layers=4;proj_dim=512;scorer_hidden=256;tau_quantile=0.05;weight_decay=1e-05,128,cosine,cat,2e-05,4,512,256,0.05,1e-05,81.22,114.83,0.05026,0.0,,,,,,,,,,,,,
glue|bert-base-uncased|mrpc_wide|baseline|t13|s42|tune,glue,bert-base-uncased,mrpc_wide,mrpc,baseline,tune,13,42,f1,gat_hidden_dim=256;graph_metric=cosine;jk_mode=cat;lr=0.0002;num_layers=4;proj_dim=512;scorer_hidden=128;tau_quantile=0.075;weight_decay=1e-05,256,cosine,cat,0.0002,4,512,128,0.075,1e-05,82.23,114.26,0.0748,0.0,,,,,,,,,,,,,
glue|bert-base-uncased|mrpc_wide|baseline|t14|s42|tune,glue,bert-base-uncased,mrpc_wide,mrpc,baseline,tune,14,42,f1,gat_hidden_dim=128;graph_metric=cosine;jk_mode=cat;lr=0.001;num_layers=2;proj_dim=512;scorer_hidden=256;tau_quantile=0.15;weight_decay=1e-05,128,cosine,cat,0.001,2,512,256,0.15,1e-05,81.54,112.85,0.15009,0.0,,,,,,,,,,,,,
glue|bert-base-uncased|mrpc_wide|baseline|t15|s42|tune,glue,bert-base-uncased,mrpc_wide,mrpc,baseline,tune,15,42,f1,gat_hidden_dim=256;graph_metric=cosine;jk_mode=max;lr=0.0002;num_layers=2;proj_dim=512;scorer_hidden=128;tau_quantile=0.38;weight_decay=1e-05,256,cosine,max,0.0002,2,512,128,0.38,1e-05,82.48,112.53,0.37948,0.0,,,,,,,,,,,,,
glue|bert-base-uncased|mrpc_wide|baseline|t16|s42|tune,glue,bert-base-uncased,mrpc_wide,mrpc,baseline,tune,16,42,f1,gat_hidden_dim=128;graph_metric=cosine;jk_mode=cat;lr=0.0002;num_layers=2;proj_dim=512;scorer_hidden=256;tau_quantile=0.28;weight_decay=1e-05,128,cosine,cat,0.0002,2,512,256,0.28,1e-05,81.22,111.84,0.27991,0.0,,,,,,,,,,,,,
glue|bert-base-uncased|mrpc_wide|baseline|t17|s42|tune,glue,bert-base-uncased,mrpc_wide,mrpc,baseline,tune,17,42,f1,gat_hidden_dim=64;graph_metric=cosine;jk_mode=cat;lr=2e-05;num_layers=2;proj_dim=512;scorer_hidden=128;tau_quantile=0.1;weight_decay=0.0,64,cosine,cat,2e-05,2,512,128,0.1,0.0,81.22,112.7,0.09986,0.0,,,,,,,,,,,,,
glue|bert-base-uncased|mrpc_wide|baseline|t18|s42|tune,glue,bert-base-uncased,mrpc_wide,mrpc,baseline,tune,18,42,f1,gat_hidden_dim=256;graph_metric=cosine;jk_mode=max;lr=0.0002;num_layers=4;proj_dim=256;scorer_hidden=256;tau_quantile=0.0375;weight_decay=0.0,256,cosine,max,0.0002,4,256,256,0.0375,0.0,80.19,115.37,0.0372,0.0,,,,,,,,,,,,,
glue|bert-base-uncased|mrpc_wide|baseline|t19|s42|tune,glue,bert-base-uncased,mrpc_wide,mrpc,baseline,tune,19,42,f1,gat_hidden_dim=128;graph_metric=cosine;jk_mode=max;lr=0.001;num_layers=4;proj_dim=128;scorer_hidden=256;tau_quantile=0.0375;weight_decay=5e-05,128,cosine,max,0.001,4,128,256,0.0375,5e-05,81.83,115.77,0.03725,0.0,,,,,,,,,,,,,
glue|bert-base-uncased|mrpc_wide|baseline|t20|s42|tune,glue,bert-base-uncased,mrpc_wide,mrpc,baseline,tune,20,42,f1,gat_hidden_dim=256;graph_metric=cosine;jk_mode=cat;lr=0.0002;num_layers=2;proj_dim=256;scorer_hidden=128;tau_quantile=0.075;weight_decay=1e-05,256,cosine,cat,0.0002,2,256,128,0.075,1e-05,82.28,112.82,0.07486,0.0,,,,,,,,,,,,,
glue|bert-base-uncased|mrpc_wide|baseline|t21|s42|tune,glue,bert-base-uncased,mrpc_wide,mrpc,baseline,tune,21,42,f1,gat_hidden_dim=256;graph_metric=cosine;jk_mode=max;lr=0.0002;num_layers=4;proj_dim=128;scorer_hidden=256;tau_quantile=0.075;weight_decay=0.0,256,cosine,max,0.0002,4,128,256,0.075,0.0,80.75,112.65,0.07484,0.0,,,,,,,,,,,,,
glue|bert-base-uncased|mrpc_wide|baseline|t22|s42|tune,glue,bert-base-uncased,mrpc_wide,mrpc,baseline,tune,22,42,f1,gat_hidden_dim=128;graph_metric=cosine;jk_mode=cat;lr=2e-05;num_layers=2;proj_dim=256;scorer_hidden=256;tau_quantile=0.05;weight_decay=5e-05,128,cosine,cat,2e-05,2,256,256,0.05,5e-05,81.71,113.59,0.05027,0.0,,,,,,,,,,,,,
glue|bert-base-uncased|mrpc_wide|baseline|t23|s42|tune,glue,bert-base-uncased,mrpc_wide,mrpc,baseline,tune,23,42,f1,gat_hidden_dim=256;graph_metric=cosine;jk_mode=cat;lr=2e-05;num_layers=4;proj_dim=256;scorer_hidden=256;tau_quantile=0.0375;weight_decay=5e-05,256,cosine,cat,2e-05,4,256,256,0.0375,5e-05,82.2,116.59,0.03724,0.0,,,,,,,,,,,,,
glue|bert-base-uncased|mrpc_wide|baseline|t24|s42|tune,glue,bert-base-uncased,mrpc_wide,mrpc,baseline,tune,24,42,f1,gat_hidden_dim=128;graph_metric=cosine;jk_mode=cat;lr=0.001;num_layers=2;proj_dim=256;scorer_hidden=128;tau_quantile=0.28;weight_decay=1e-05,128,cosine,cat,0.001,2,256,128,0.28,1e-05,80.75,113.29,0.27991,0.0,,,,,,,,,,,,,
glue|bert-base-uncased|mrpc_wide|baseline|t25|s42|tune,glue,bert-base-uncased,mrpc_wide,mrpc,baseline,tune,25,42,f1,gat_hidden_dim=64;graph_metric=cosine;jk_mode=cat;lr=2e-05;num_layers=4;proj_dim=512;scorer_hidden=256;tau_quantile=0.2;weight_decay=0.0,64,cosine,cat,2e-05,4,512,256,0.2,0.0,81.22,115.57,0.19951,0.0,,,,,,,,,,,,,
glue|bert-base-uncased|mrpc_wide|baseline|t26|s42|tune,glue,bert-base-uncased,mrpc_wide,mrpc,baseline,tune,26,42,f1,gat_hidden_dim=256;graph_metric=cosine;jk_mode=max;lr=2e-05;num_layers=4;proj_dim=512;scorer_hidden=256;tau_quantile=0.025;weight_decay=1e-05,256,cosine,max,2e-05,4,512,256,0.025,1e-05,81.22,113.35,0.02505,0.0,,,,,,,,,,,,,
glue|bert-base-uncased|mrpc_wide|baseline|t27|s42|tune,glue,bert-base-uncased,mrpc_wide,mrpc,baseline,tune,27,42,f1,gat_hidden_dim=128;graph_metric=cosine;jk_mode=max;lr=2e-05;num_layers=2;proj_dim=256;scorer_hidden=128;tau_quantile=0.05;weight_decay=5e-05,128,cosine,max,2e-05,2,256,128,0.05,5e-05,81.22,113.37,0.0501,0.0,,,,,,,,,,,,,
glue|bert-base-uncased|mrpc_wide|baseline|t28|s42|tune,glue,bert-base-uncased,mrpc_wide,mrpc,baseline,tune,28,42,f1,gat_hidden_dim=256;graph_metric=cosine;jk_mode=max;lr=0.001;num_layers=4;proj_dim=128;scorer_hidden=128;tau_quantile=0.05;weight_decay=5e-05,256,cosine,max,0.001,4,128,128,0.05,5e-05,80.4,114.53,0.05031,0.0,,,,,,,,,,,,,
glue|bert-base-uncased|mrpc_wide|baseline|t29|s42|tune,glue,bert-base-uncased,mrpc_wide,mrpc,baseline,tune,29,42,f1,gat_hidden_dim=256;graph_metric=cosine;jk_mode=max;lr=0.001;num_layers=2;proj_dim=256;scorer_hidden=256;tau_quantile=0.0125;weight_decay=1e-05,256,cosine,max,0.001,2,256,256,0.0125,1e-05,81.5,113.07,0.01247,0.0,,,,,,,,,,,,,
glue|bert-base-uncased|mrpc_wide|baseline|t30|s42|tune,glue,bert-base-uncased,mrpc_wide,mrpc,baseline,tune,30,42,f1,gat_hidden_dim=256;graph_metric=cosine;jk_mode=max;lr=2e-05;num_layers=4;proj_dim=256;scorer_hidden=256;tau_quantile=0.0375;weight_decay=1e-05,256,cosine,max,2e-05,4,256,256,0.0375,1e-05,81.22,116.65,0.0372,0.0,,,,,,,,,,,,,
glue|bert-base-uncased|mrpc_wide|baseline|t31|s42|tune,glue,bert-base-uncased,mrpc_wide,mrpc,baseline,tune,31,42,f1,gat_hidden_dim=64;graph_metric=cosine;jk_mode=cat;lr=0.001;num_layers=2;proj_dim=128;scorer_hidden=256;tau_quantile=0.0375;weight_decay=1e-05,64,cosine,cat,0.001,2,128,256,0.0375,1e-05,80.95,112.54,0.03714,0.0,,,,,,,,,,,,,
glue|bert-base-uncased|mrpc_wide|baseline|t32|s42|tune,glue,bert-base-uncased,mrpc_wide,mrpc,baseline,tune,32,42,f1,gat_hidden_dim=64;graph_metric=cosine;jk_mode=cat;lr=0.0002;num_layers=2;proj_dim=128;scorer_hidden=256;tau_quantile=0.025;weight_decay=5e-05,64,cosine,cat,0.0002,2,128,256,0.025,5e-05,81.69,112.44,0.02499,0.0,,,,,,,,,,,,,
glue|bert-base-uncased|mrpc_wide|baseline|t33|s42|tune,glue,bert-base-uncased,mrpc_wide,mrpc,baseline,tune,33,42,f1,gat_hidden_dim=128;graph_metric=cosine;jk_mode=max;lr=0.001;num_layers=4;proj_dim=512;scorer_hidden=128;tau_quantile=0.075;weight_decay=1e-05,128,cosine,max,0.001,4,512,128,0.075,1e-05,81.95,116.33,0.07481,0.0,,,,,,,,,,,,,
glue|bert-base-uncased|mrpc_wide|baseline|t34|s42|tune,glue,bert-base-uncased,mrpc_wide,mrpc,baseline,tune,34,42,f1,gat_hidden_dim=256;graph_metric=cosine;jk_mode=cat;lr=0.0002;num_layers=2;proj_dim=512;scorer_hidden=256;tau_quantile=0.05;weight_decay=0.0,256,cosine,cat,0.0002,2,512,256,0.05,0.0,82.32,111.7,0.05022,0.0,,,,,,,,,,,,,
glue|bert-base-uncased|mrpc_wide|baseline|t35|s42|tune,glue,bert-base-uncased,mrpc_wide,mrpc,baseline,tune,35,42,f1,gat_hidden_dim=64;graph_metric=cosine;jk_mode=cat;lr=0.001;num_layers=4;proj_dim=512;scorer_hidden=256;tau_quantile=0.15;weight_decay=0.0,64,cosine,cat,0.001,4,512,256,0.15,0.0,81.96,116.66,0.14999,0.0,,,,,,,,,,,,,
glue|bert-base-uncased|mrpc_wide|baseline|t36|s42|tune,glue,bert-base-uncased,mrpc_wide,mrpc,baseline,tune,36,42,f1,gat_hidden_dim=256;graph_metric=cosine;jk_mode=max;lr=0.0002;num_layers=4;proj_dim=256;scorer_hidden=256;tau_quantile=0.2;weight_decay=0.0,256,cosine,max,0.0002,4,256,256,0.2,0.0,80.44,114.98,0.19942,0.0,,,,,,,,,,,,,
glue|bert-base-uncased|mrpc_wide|baseline|t37|s42|tune,glue,bert-base-uncased,mrpc_wide,mrpc,baseline,tune,37,42,f1,gat_hidden_dim=64;graph_metric=cosine;jk_mode=cat;lr=2e-05;num_layers=4;proj_dim=256;scorer_hidden=128;tau_quantile=0.38;weight_decay=1e-05,64,cosine,cat,2e-05,4,256,128,0.38,1e-05,81.22,114.9,0.3795,0.0,,,,,,,,,,,,,
glue|bert-base-uncased|mrpc_wide|baseline|t38|s42|tune,glue,bert-base-uncased,mrpc_wide,mrpc,baseline,tune,38,42,f1,gat_hidden_dim=256;graph_metric=cosine;jk_mode=max;lr=0.001;num_layers=2;proj_dim=512;scorer_hidden=128;tau_quantile=0.025;weight_decay=5e-05,256,cosine,max,0.001,2,512,128,0.025,5e-05,81.85,113.44,0.02505,0.0,,,,,,,,,,,,,
glue|bert-base-uncased|mrpc_wide|baseline|t39|s42|tune,glue,bert-base-uncased,mrpc_wide,mrpc,baseline,tune,39,42,f1,gat_hidden_dim=64;graph_metric=cosine;jk_mode=cat;lr=0.0002;num_layers=4;proj_dim=256;scorer_hidden=128;tau_quantile=0.28;weight_decay=0.0,64,cosine,cat,0.0002,4,256,128,0.28,0.0,82.09,116.03,0.27982,0.0,,,,,,,,,,,,,
glue|bert-base-uncased|mrpc_wide|C|t0|s42|tune,glue,bert-base-uncased,mrpc_wide,mrpc,C,tune,0,42,f1,curvature=0.25;gat_hidden_dim=256;gnn_input_clip=0.3;gnn_input_scale=1;graph_metric=cosine;hyp_gnn_type=gcn;hyperbolic_gnn=1;jk_mode=cat;lr=0.0002;num_layers=2;proj_dim=128;scorer_hidden=128;tau_quantile=0.05;weight_decay=0.0,256,cosine,cat,0.0002,2,128,128,0.05,0.0,82.23,129.96,0.05011,0.0,0.25,0.3,1,gcn,1,,,,,,,,
glue|bert-base-uncased|mrpc_wide|C|t1|s42|tune,glue,bert-base-uncased,mrpc_wide,mrpc,C,tune,1,42,f1,curvature=1.0;gat_hidden_dim=64;gnn_input_clip=1.0;gnn_input_scale=1;graph_metric=cosine;hyp_gnn_type=gat;hyperbolic_gnn=1;jk_mode=max;lr=2e-05;num_layers=4;proj_dim=128;scorer_hidden=256;tau_quantile=0.2;weight_decay=1e-05,64,cosine,max,2e-05,4,128,256,0.2,1e-05,81.22,138.17,0.19946,0.0,1.0,1.0,1,gat,1,,,,,,,,
glue|bert-base-uncased|mrpc_wide|C|t2|s42|tune,glue,bert-base-uncased,mrpc_wide,mrpc,C,tune,2,42,f1,curvature=4.0;gat_hidden_dim=128;gnn_input_clip=0.0;gnn_input_scale=1;graph_metric=cosine;hyp_gnn_type=gat;hyperbolic_gnn=1;jk_mode=cat;lr=0.0002;num_layers=2;proj_dim=128;scorer_hidden=256;tau_quantile=0.1;weight_decay=5e-05,128,cosine,cat,0.0002,2,128,256,0.1,5e-05,81.03,127.12,0.09987,0.0,4.0,0.0,1,gat,1,,,,,,,,
glue|bert-base-uncased|mrpc_wide|C|t3|s42|tune,glue,bert-base-uncased,mrpc_wide,mrpc,C,tune,3,42,f1,curvature=4.0;gat_hidden_dim=64;gnn_input_clip=0.0;gnn_input_scale=1;graph_metric=cosine;hyp_gnn_type=gcn;hyperbolic_gnn=1;jk_mode=max;lr=0.001;num_layers=2;proj_dim=128;scorer_hidden=256;tau_quantile=0.1;weight_decay=1e-05,64,cosine,max,0.001,2,128,256,0.1,1e-05,82.23,130.81,0.09995,0.0,4.0,0.0,1,gcn,1,,,,,,,,
glue|bert-base-uncased|mrpc_wide|C|t4|s42|tune,glue,bert-base-uncased,mrpc_wide,mrpc,C,tune,4,42,f1,curvature=1.0;gat_hidden_dim=256;gnn_input_clip=1.0;gnn_input_scale=1;graph_metric=cosine;hyp_gnn_type=gat;hyperbolic_gnn=1;jk_mode=cat;lr=0.0002;num_layers=2;proj_dim=512;scorer_hidden=128;tau_quantile=0.05;weight_decay=1e-05,256,cosine,cat,0.0002,2,512,128,0.05,1e-05,81.8,131.16,0.05017,0.0,1.0,1.0,1,gat,1,,,,,,,,
glue|bert-base-uncased|mrpc_wide|C|t5|s42|tune,glue,bert-base-uncased,mrpc_wide,mrpc,C,tune,5,42,f1,curvature=0.25;gat_hidden_dim=128;gnn_input_clip=0.7;gnn_input_scale=0;graph_metric=cosine;hyp_gnn_type=gat;hyperbolic_gnn=1;jk_mode=max;lr=0.001;num_layers=2;proj_dim=256;scorer_hidden=256;tau_quantile=0.1;weight_decay=1e-05,128,cosine,max,0.001,2,256,256,0.1,1e-05,81.52,127.69,0.09996,0.0,0.25,0.7,0,gat,1,,,,,,,,
glue|bert-base-uncased|mrpc_wide|C|t6|s42|tune,glue,bert-base-uncased,mrpc_wide,mrpc,C,tune,6,42,f1,curvature=0.25;gat_hidden_dim=256;gnn_input_clip=1.0;gnn_input_scale=1;graph_metric=cosine;hyp_gnn_type=gcn;hyperbolic_gnn=1;jk_mode=cat;lr=0.001;num_layers=2;proj_dim=128;scorer_hidden=128;tau_quantile=0.05;weight_decay=5e-05,256,cosine,cat,0.001,2,128,128,0.05,5e-05,80.87,130.05,0.05011,0.0,0.25,1.0,1,gcn,1,,,,,,,,
glue|bert-base-uncased|mrpc_wide|C|t7|s42|tune,glue,bert-base-uncased,mrpc_wide,mrpc,C,tune,7,42,f1,curvature=4.0;gat_hidden_dim=256;gnn_input_clip=0.0;gnn_input_scale=1;graph_metric=cosine;hyp_gnn_type=gcn;hyperbolic_gnn=1;jk_mode=cat;lr=2e-05;num_layers=2;proj_dim=256;scorer_hidden=128;tau_quantile=0.05;weight_decay=1e-05,256,cosine,cat,2e-05,2,256,128,0.05,1e-05,81.22,131.94,0.05011,0.0,4.0,0.0,1,gcn,1,,,,,,,,
glue|bert-base-uncased|mrpc_wide|C|t8|s42|tune,glue,bert-base-uncased,mrpc_wide,mrpc,C,tune,8,42,f1,curvature=0.25;gat_hidden_dim=64;gnn_input_clip=0.3;gnn_input_scale=1;graph_metric=cosine;hyp_gnn_type=gat;hyperbolic_gnn=1;jk_mode=max;lr=0.001;num_layers=2;proj_dim=128;scorer_hidden=256;tau_quantile=0.38;weight_decay=0.0,64,cosine,max,0.001,2,128,256,0.38,0.0,81.29,129.02,0.37951,0.0,0.25,0.3,1,gat,1,,,,,,,,
glue|bert-base-uncased|mrpc_wide|C|t9|s42|tune,glue,bert-base-uncased,mrpc_wide,mrpc,C,tune,9,42,f1,curvature=4.0;gat_hidden_dim=256;gnn_input_clip=0.7;gnn_input_scale=1;graph_metric=cosine;hyp_gnn_type=gcn;hyperbolic_gnn=1;jk_mode=cat;lr=2e-05;num_layers=4;proj_dim=256;scorer_hidden=256;tau_quantile=0.2;weight_decay=0.0,256,cosine,cat,2e-05,4,256,256,0.2,0.0,81.22,143.73,0.19949,0.0,4.0,0.7,1,gcn,1,,,,,,,,
glue|bert-base-uncased|mrpc_wide|C|t10|s42|tune,glue,bert-base-uncased,mrpc_wide,mrpc,C,tune,10,42,f1,curvature=0.25;gat_hidden_dim=128;gnn_input_clip=0.3;gnn_input_scale=1;graph_metric=cosine;hyp_gnn_type=gat;hyperbolic_gnn=1;jk_mode=max;lr=2e-05;num_layers=2;proj_dim=256;scorer_hidden=128;tau_quantile=0.1;weight_decay=5e-05,128,cosine,max,2e-05,2,256,128,0.1,5e-05,81.22,129.19,0.09996,0.0,0.25,0.3,1,gat,1,,,,,,,,
glue|bert-base-uncased|mrpc_wide|C|t11|s42|tune,glue,bert-base-uncased,mrpc_wide,mrpc,C,tune,11,42,f1,curvature=4.0;gat_hidden_dim=128;gnn_input_clip=1.0;gnn_input_scale=0;graph_metric=cosine;hyp_gnn_type=gcn;hyperbolic_gnn=1;jk_mode=cat;lr=2e-05;num_layers=4;proj_dim=256;scorer_hidden=256;tau_quantile=0.2;weight_decay=1e-05,128,cosine,cat,2e-05,4,256,256,0.2,1e-05,81.22,147.82,0.19949,0.0,4.0,1.0,0,gcn,1,,,,,,,,
glue|bert-base-uncased|mrpc_wide|C|t12|s42|tune,glue,bert-base-uncased,mrpc_wide,mrpc,C,tune,12,42,f1,curvature=1.0;gat_hidden_dim=128;gnn_input_clip=0.3;gnn_input_scale=0;graph_metric=cosine;hyp_gnn_type=gcn;hyperbolic_gnn=1;jk_mode=cat;lr=0.0002;num_layers=2;proj_dim=512;scorer_hidden=256;tau_quantile=0.2;weight_decay=0.0,128,cosine,cat,0.0002,2,512,256,0.2,0.0,82.27,129.92,0.19946,0.0,1.0,0.3,0,gcn,1,,,,,,,,
glue|bert-base-uncased|mrpc_wide|C|t13|s42|tune,glue,bert-base-uncased,mrpc_wide,mrpc,C,tune,13,42,f1,curvature=0.25;gat_hidden_dim=128;gnn_input_clip=1.0;gnn_input_scale=0;graph_metric=cosine;hyp_gnn_type=gcn;hyperbolic_gnn=1;jk_mode=max;lr=0.001;num_layers=4;proj_dim=128;scorer_hidden=128;tau_quantile=0.1;weight_decay=5e-05,128,cosine,max,0.001,4,128,128,0.1,5e-05,81.3,144.15,0.09984,0.0,0.25,1.0,0,gcn,1,,,,,,,,
glue|bert-base-uncased|mrpc_wide|C|t14|s42|tune,glue,bert-base-uncased,mrpc_wide,mrpc,C,tune,14,42,f1,curvature=0.25;gat_hidden_dim=64;gnn_input_clip=0.0;gnn_input_scale=0;graph_metric=cosine;hyp_gnn_type=gcn;hyperbolic_gnn=1;jk_mode=max;lr=2e-05;num_layers=4;proj_dim=512;scorer_hidden=128;tau_quantile=0.2;weight_decay=1e-05,64,cosine,max,2e-05,4,512,128,0.2,1e-05,81.22,144.99,0.19947,0.0,0.25,0.0,0,gcn,1,,,,,,,,
glue|bert-base-uncased|mrpc_wide|C|t15|s42|tune,glue,bert-base-uncased,mrpc_wide,mrpc,C,tune,15,42,f1,curvature=1.0;gat_hidden_dim=256;gnn_input_clip=1.0;gnn_input_scale=0;graph_metric=cosine;hyp_gnn_type=gat;hyperbolic_gnn=1;jk_mode=cat;lr=0.0002;num_layers=4;proj_dim=512;scorer_hidden=128;tau_quantile=0.1;weight_decay=0.0,256,cosine,cat,0.0002,4,512,128,0.1,0.0,81.91,140.53,0.09997,0.0,1.0,1.0,0,gat,1,,,,,,,,
glue|bert-base-uncased|mrpc_wide|C|t16|s42|tune,glue,bert-base-uncased,mrpc_wide,mrpc,C,tune,16,42,f1,curvature=1.0;gat_hidden_dim=128;gnn_input_clip=0.3;gnn_input_scale=1;graph_metric=cosine;hyp_gnn_type=gat;hyperbolic_gnn=1;jk_mode=max;lr=0.001;num_layers=4;proj_dim=256;scorer_hidden=128;tau_quantile=0.025;weight_decay=0.0,128,cosine,max,0.001,4,256,128,0.025,0.0,81.22,144.5,0.02487,0.0,1.0,0.3,1,gat,1,,,,,,,,
glue|bert-base-uncased|mrpc_wide|C|t17|s42|tune,glue,bert-base-uncased,mrpc_wide,mrpc,C,tune,17,42,f1,curvature=0.25;gat_hidden_dim=128;gnn_input_clip=1.0;gnn_input_scale=0;graph_metric=cosine;hyp_gnn_type=gat;hyperbolic_gnn=1;jk_mode=max;lr=0.001;num_layers=2;proj_dim=128;scorer_hidden=128;tau_quantile=0.05;weight_decay=1e-05,128,cosine,max,0.001,2,128,128,0.05,1e-05,81.83,129.32,0.05017,0.0,0.25,1.0,0,gat,1,,,,,,,,
glue|bert-base-uncased|mrpc_wide|C|t18|s42|tune,glue,bert-base-uncased,mrpc_wide,mrpc,C,tune,18,42,f1,curvature=1.0;gat_hidden_dim=256;gnn_input_clip=0.7;gnn_input_scale=1;graph_metric=cosine;hyp_gnn_type=gat;hyperbolic_gnn=1;jk_mode=cat;lr=0.0002;num_layers=4;proj_dim=512;scorer_hidden=256;tau_quantile=0.1;weight_decay=0.0,256,cosine,cat,0.0002,4,512,256,0.1,0.0,81.79,141.74,0.09997,0.0,1.0,0.7,1,gat,1,,,,,,,,
glue|bert-base-uncased|mrpc_wide|C|t19|s42|tune,glue,bert-base-uncased,mrpc_wide,mrpc,C,tune,19,42,f1,curvature=1.0;gat_hidden_dim=64;gnn_input_clip=1.0;gnn_input_scale=0;graph_metric=cosine;hyp_gnn_type=gcn;hyperbolic_gnn=1;jk_mode=max;lr=2e-05;num_layers=2;proj_dim=128;scorer_hidden=256;tau_quantile=0.2;weight_decay=1e-05,64,cosine,max,2e-05,2,128,256,0.2,1e-05,61.63,132.81,0.19937,0.0,1.0,1.0,0,gcn,1,,,,,,,,
glue|bert-base-uncased|mrpc_wide|C|t20|s42|tune,glue,bert-base-uncased,mrpc_wide,mrpc,C,tune,20,42,f1,curvature=1.0;gat_hidden_dim=256;gnn_input_clip=0.0;gnn_input_scale=1;graph_metric=cosine;hyp_gnn_type=gat;hyperbolic_gnn=1;jk_mode=cat;lr=2e-05;num_layers=2;proj_dim=128;scorer_hidden=256;tau_quantile=0.38;weight_decay=5e-05,256,cosine,cat,2e-05,2,128,256,0.38,5e-05,81.22,129.34,0.37947,0.0,1.0,0.0,1,gat,1,,,,,,,,
glue|bert-base-uncased|mrpc_wide|C|t21|s42|tune,glue,bert-base-uncased,mrpc_wide,mrpc,C,tune,21,42,f1,curvature=1.0;gat_hidden_dim=256;gnn_input_clip=0.3;gnn_input_scale=0;graph_metric=cosine;hyp_gnn_type=gat;hyperbolic_gnn=1;jk_mode=cat;lr=0.0002;num_layers=4;proj_dim=256;scorer_hidden=256;tau_quantile=0.1;weight_decay=5e-05,256,cosine,cat,0.0002,4,256,256,0.1,5e-05,82.14,139.36,0.09997,0.0,1.0,0.3,0,gat,1,,,,,,,,
glue|bert-base-uncased|mrpc_wide|C|t22|s42|tune,glue,bert-base-uncased,mrpc_wide,mrpc,C,tune,22,42,f1,curvature=1.0;gat_hidden_dim=128;gnn_input_clip=0.3;gnn_input_scale=0;graph_metric=cosine;hyp_gnn_type=gcn;hyperbolic_gnn=1;jk_mode=max;lr=0.0002;num_layers=2;proj_dim=128;scorer_hidden=256;tau_quantile=0.025;weight_decay=0.0,128,cosine,max,0.0002,2,128,256,0.025,0.0,81.22,132.15,0.02499,0.0,1.0,0.3,0,gcn,1,,,,,,,,
glue|bert-base-uncased|mrpc_wide|C|t23|s42|tune,glue,bert-base-uncased,mrpc_wide,mrpc,C,tune,23,42,f1,curvature=1.0;gat_hidden_dim=256;gnn_input_clip=0.0;gnn_input_scale=1;graph_metric=cosine;hyp_gnn_type=gcn;hyperbolic_gnn=1;jk_mode=cat;lr=0.0002;num_layers=4;proj_dim=512;scorer_hidden=128;tau_quantile=0.38;weight_decay=1e-05,256,cosine,cat,0.0002,4,512,128,0.38,1e-05,82.34,144.74,0.37956,0.0,1.0,0.0,1,gcn,1,,,,,,,,
glue|bert-base-uncased|mrpc_wide|C|t24|s42|tune,glue,bert-base-uncased,mrpc_wide,mrpc,C,tune,24,42,f1,curvature=4.0;gat_hidden_dim=64;gnn_input_clip=1.0;gnn_input_scale=0;graph_metric=cosine;hyp_gnn_type=gcn;hyperbolic_gnn=1;jk_mode=cat;lr=0.001;num_layers=4;proj_dim=256;scorer_hidden=256;tau_quantile=0.2;weight_decay=1e-05,64,cosine,cat,0.001,4,256,256,0.2,1e-05,80.0,143.52,0.19941,0.0,4.0,1.0,0,gcn,1,,,,,,,,
glue|bert-base-uncased|mrpc_wide|C|t25|s42|tune,glue,bert-base-uncased,mrpc_wide,mrpc,C,tune,25,42,f1,curvature=4.0;gat_hidden_dim=128;gnn_input_clip=0.3;gnn_input_scale=1;graph_metric=cosine;hyp_gnn_type=gat;hyperbolic_gnn=1;jk_mode=cat;lr=0.0002;num_layers=4;proj_dim=512;scorer_hidden=256;tau_quantile=0.2;weight_decay=5e-05,128,cosine,cat,0.0002,4,512,256,0.2,5e-05,81.93,140.84,0.19946,0.0,4.0,0.3,1,gat,1,,,,,,,,
glue|bert-base-uncased|mrpc_wide|C|t26|s42|tune,glue,bert-base-uncased,mrpc_wide,mrpc,C,tune,26,42,f1,curvature=0.25;gat_hidden_dim=64;gnn_input_clip=0.3;gnn_input_scale=1;graph_metric=cosine;hyp_gnn_type=gcn;hyperbolic_gnn=1;jk_mode=max;lr=2e-05;num_layers=2;proj_dim=256;scorer_hidden=128;tau_quantile=0.05;weight_decay=1e-05,64,cosine,max,2e-05,2,256,128,0.05,1e-05,0.0,130.13,0.05013,0.0,0.25,0.3,1,gcn,1,,,,,,,,
glue|bert-base-uncased|mrpc_wide|C|t27|s42|tune,glue,bert-base-uncased,mrpc_wide,mrpc,C,tune,27,42,f1,curvature=4.0;gat_hidden_dim=256;gnn_input_clip=0.0;gnn_input_scale=1;graph_metric=cosine;hyp_gnn_type=gat;hyperbolic_gnn=1;jk_mode=cat;lr=2e-05;num_layers=4;proj_dim=512;scorer_hidden=256;tau_quantile=0.025;weight_decay=1e-05,256,cosine,cat,2e-05,4,512,256,0.025,1e-05,81.36,139.23,0.02503,0.0,4.0,0.0,1,gat,1,,,,,,,,
glue|bert-base-uncased|mrpc_wide|C|t28|s42|tune,glue,bert-base-uncased,mrpc_wide,mrpc,C,tune,28,42,f1,curvature=1.0;gat_hidden_dim=256;gnn_input_clip=0.7;gnn_input_scale=0;graph_metric=cosine;hyp_gnn_type=gcn;hyperbolic_gnn=1;jk_mode=cat;lr=2e-05;num_layers=4;proj_dim=512;scorer_hidden=128;tau_quantile=0.2;weight_decay=0.0,256,cosine,cat,2e-05,4,512,128,0.2,0.0,81.22,145.05,0.19949,0.0,1.0,0.7,0,gcn,1,,,,,,,,
glue|bert-base-uncased|mrpc_wide|C|t29|s42|tune,glue,bert-base-uncased,mrpc_wide,mrpc,C,tune,29,42,f1,curvature=1.0;gat_hidden_dim=128;gnn_input_clip=0.0;gnn_input_scale=1;graph_metric=cosine;hyp_gnn_type=gat;hyperbolic_gnn=1;jk_mode=cat;lr=2e-05;num_layers=2;proj_dim=512;scorer_hidden=128;tau_quantile=0.2;weight_decay=5e-05,128,cosine,cat,2e-05,2,512,128,0.2,5e-05,81.22,128.38,0.19948,0.0,1.0,0.0,1,gat,1,,,,,,,,
glue|bert-base-uncased|mrpc_wide|C|t30|s42|tune,glue,bert-base-uncased,mrpc_wide,mrpc,C,tune,30,42,f1,curvature=4.0;gat_hidden_dim=256;gnn_input_clip=0.7;gnn_input_scale=0;graph_metric=cosine;hyp_gnn_type=gat;hyperbolic_gnn=1;jk_mode=cat;lr=0.001;num_layers=4;proj_dim=512;scorer_hidden=256;tau_quantile=0.025;weight_decay=0.0,256,cosine,cat,0.001,4,512,256,0.025,0.0,81.38,141.34,0.02503,0.0,4.0,0.7,0,gat,1,,,,,,,,
glue|bert-base-uncased|mrpc_wide|C|t31|s42|tune,glue,bert-base-uncased,mrpc_wide,mrpc,C,tune,31,42,f1,curvature=1.0;gat_hidden_dim=64;gnn_input_clip=0.7;gnn_input_scale=0;graph_metric=cosine;hyp_gnn_type=gat;hyperbolic_gnn=1;jk_mode=max;lr=2e-05;num_layers=4;proj_dim=256;scorer_hidden=128;tau_quantile=0.38;weight_decay=0.0,64,cosine,max,2e-05,4,256,128,0.38,0.0,81.22,141.26,0.37951,0.0,1.0,0.7,0,gat,1,,,,,,,,
glue|bert-base-uncased|mrpc_wide|C|t32|s42|tune,glue,bert-base-uncased,mrpc_wide,mrpc,C,tune,32,42,f1,curvature=0.25;gat_hidden_dim=64;gnn_input_clip=0.3;gnn_input_scale=0;graph_metric=cosine;hyp_gnn_type=gcn;hyperbolic_gnn=1;jk_mode=cat;lr=2e-05;num_layers=4;proj_dim=256;scorer_hidden=256;tau_quantile=0.1;weight_decay=1e-05,64,cosine,cat,2e-05,4,256,256,0.1,1e-05,81.22,145.56,0.09989,0.0,0.25,0.3,0,gcn,1,,,,,,,,
glue|bert-base-uncased|mrpc_wide|C|t33|s42|tune,glue,bert-base-uncased,mrpc_wide,mrpc,C,tune,33,42,f1,curvature=1.0;gat_hidden_dim=256;gnn_input_clip=0.0;gnn_input_scale=0;graph_metric=cosine;hyp_gnn_type=gcn;hyperbolic_gnn=1;jk_mode=cat;lr=0.001;num_layers=4;proj_dim=512;scorer_hidden=128;tau_quantile=0.38;weight_decay=1e-05,256,cosine,cat,0.001,4,512,128,0.38,1e-05,81.97,143.51,0.37956,0.0,1.0,0.0,0,gcn,1,,,,,,,,
glue|bert-base-uncased|mrpc_wide|C|t34|s42|tune,glue,bert-base-uncased,mrpc_wide,mrpc,C,tune,34,42,f1,curvature=4.0;gat_hidden_dim=256;gnn_input_clip=0.0;gnn_input_scale=1;graph_metric=cosine;hyp_gnn_type=gcn;hyperbolic_gnn=1;jk_mode=cat;lr=0.0002;num_layers=2;proj_dim=128;scorer_hidden=128;tau_quantile=0.1;weight_decay=5e-05,256,cosine,cat,0.0002,2,128,128,0.1,5e-05,81.87,130.29,0.09993,0.0,4.0,0.0,1,gcn,1,,,,,,,,
glue|bert-base-uncased|mrpc_wide|C|t35|s42|tune,glue,bert-base-uncased,mrpc_wide,mrpc,C,tune,35,42,f1,curvature=1.0;gat_hidden_dim=128;gnn_input_clip=0.0;gnn_input_scale=0;graph_metric=cosine;hyp_gnn_type=gcn;hyperbolic_gnn=1;jk_mode=max;lr=0.001;num_layers=2;proj_dim=512;scorer_hidden=128;tau_quantile=0.025;weight_decay=5e-05,128,cosine,max,0.001,2,512,128,0.025,5e-05,81.47,130.79,0.02499,0.0,1.0,0.0,0,gcn,1,,,,,,,,
glue|bert-base-uncased|mrpc_wide|C|t36|s42|tune,glue,bert-base-uncased,mrpc_wide,mrpc,C,tune,36,42,f1,curvature=0.25;gat_hidden_dim=128;gnn_input_clip=0.0;gnn_input_scale=0;graph_metric=cosine;hyp_gnn_type=gcn;hyperbolic_gnn=1;jk_mode=max;lr=0.0002;num_layers=4;proj_dim=128;scorer_hidden=256;tau_quantile=0.025;weight_decay=5e-05,128,cosine,max,0.0002,4,128,256,0.025,5e-05,82.27,143.99,0.02495,0.0,0.25,0.0,0,gcn,1,,,,,,,,
glue|bert-base-uncased|mrpc_wide|C|t37|s42|tune,glue,bert-base-uncased,mrpc_wide,mrpc,C,tune,37,42,f1,curvature=4.0;gat_hidden_dim=128;gnn_input_clip=0.0;gnn_input_scale=0;graph_metric=cosine;hyp_gnn_type=gat;hyperbolic_gnn=1;jk_mode=max;lr=0.0002;num_layers=2;proj_dim=256;scorer_hidden=256;tau_quantile=0.025;weight_decay=5e-05,128,cosine,max,0.0002,2,256,256,0.025,5e-05,82.44,146.74,0.02484,0.0,4.0,0.0,0,gat,1,,,,,,,,
glue|bert-base-uncased|mrpc_wide|C|t38|s42|tune,glue,bert-base-uncased,mrpc_wide,mrpc,C,tune,38,42,f1,curvature=0.25;gat_hidden_dim=64;gnn_input_clip=0.7;gnn_input_scale=1;graph_metric=cosine;hyp_gnn_type=gat;hyperbolic_gnn=1;jk_mode=max;lr=2e-05;num_layers=4;proj_dim=128;scorer_hidden=128;tau_quantile=0.05;weight_decay=0.0,64,cosine,max,2e-05,4,128,128,0.05,0.0,81.22,164.02,0.05019,0.0,0.25,0.7,1,gat,1,,,,,,,,
glue|bert-base-uncased|mrpc_wide|C|t39|s42|tune,glue,bert-base-uncased,mrpc_wide,mrpc,C,tune,39,42,f1,curvature=4.0;gat_hidden_dim=128;gnn_input_clip=0.3;gnn_input_scale=0;graph_metric=cosine;hyp_gnn_type=gat;hyperbolic_gnn=1;jk_mode=max;lr=0.001;num_layers=2;proj_dim=128;scorer_hidden=128;tau_quantile=0.1;weight_decay=1e-05,128,cosine,max,0.001,2,128,128,0.1,1e-05,81.22,143.35,0.09996,0.0,4.0,0.3,0,gat,1,,,,,,,,
glue|bert-base-uncased|mrpc_wide|ABC|t0|s42|tune,glue,bert-base-uncased,mrpc_wide,mrpc,ABC,tune,0,42,f1,curvature=1.0;feature_mode=center_unit;gat_hidden_dim=256;gnn_input_clip=0.3;gnn_input_scale=1;graph_curvature=1.0;graph_metric=poincare;hyp_gnn_type=gat;hyperbolic_gnn=1;hyperbolic_readout=1;jk_mode=cat;learnable_curvature=0;lr=2e-05;num_layers=4;proj_dim=128;readout_clip=0.7;readout_scale=1;rho_quantile=0.2;scorer_hidden=128;weight_decay=1e-05,256,poincare,cat,2e-05,4,128,128,,1e-05,81.22,196.96,0.19923,0.0,1.0,0.3,1,gat,1,,,,,,,,
glue|bert-base-uncased|mrpc_wide|ABC|t1|s42|tune,glue,bert-base-uncased,mrpc_wide,mrpc,ABC,tune,1,42,f1,curvature=1.0;feature_mode=center;gat_hidden_dim=128;gnn_input_clip=0.3;gnn_input_scale=1;graph_curvature=1.0;graph_metric=poincare;hyp_gnn_type=gat;hyperbolic_gnn=1;hyperbolic_readout=1;jk_mode=max;learnable_curvature=0;lr=0.0002;num_layers=4;proj_dim=256;readout_clip=0.3;readout_scale=1;rho_quantile=0.025;scorer_hidden=256;weight_decay=5e-05,128,poincare,max,0.0002,4,256,256,,5e-05,81.22,215.66,0.02471,0.0,1.0,0.3,1,gat,1,,,,,,,,
glue|bert-base-uncased|mrpc_wide|ABC|t2|s42|tune,glue,bert-base-uncased,mrpc_wide,mrpc,ABC,tune,2,42,f1,curvature=1.0;feature_mode=cls_root_unit;gat_hidden_dim=256;gnn_input_clip=0.0;gnn_input_scale=0;graph_curvature=2.25;graph_metric=poincare;hyp_gnn_type=gat;hyperbolic_gnn=1;hyperbolic_readout=1;jk_mode=max;learnable_curvature=1;lr=2e-05;num_layers=2;proj_dim=256;readout_clip=0.0;readout_scale=0;rho_quantile=0.2;scorer_hidden=256;weight_decay=1e-05,256,poincare,max,2e-05,2,256,256,,1e-05,81.22,186.76,0.19925,0.0,1.0,0.0,0,gat,1,,,,,,,,
glue|bert-base-uncased|mrpc_wide|ABC|t3|s42|tune,glue,bert-base-uncased,mrpc_wide,mrpc,ABC,tune,3,42,f1,curvature=1.0;feature_mode=center_unit;gat_hidden_dim=64;gnn_input_clip=1.0;gnn_input_scale=1;graph_curvature=0.25;graph_metric=poincare;hyp_gnn_type=gcn;hyperbolic_gnn=1;hyperbolic_readout=1;jk_mode=max;learnable_curvature=1;lr=2e-05;num_layers=4;proj_dim=512;readout_clip=1.0;readout_scale=1;rho_quantile=0.38;scorer_hidden=128;weight_decay=5e-05,64,poincare,max,2e-05,4,512,128,,5e-05,0.0,291.49,0.37936,0.0,1.0,1.0,1,gcn,1,,,,,,,,
glue|bert-base-uncased|mrpc_wide|ABC|t4|s42|tune,glue,bert-base-uncased,mrpc_wide,mrpc,ABC,tune,4,42,f1,curvature=0.25;feature_mode=center_unit;gat_hidden_dim=64;gnn_input_clip=0.3;gnn_input_scale=0;graph_curvature=1.0;graph_metric=poincare;hyp_gnn_type=gat;hyperbolic_gnn=1;hyperbolic_readout=1;jk_mode=max;learnable_curvature=0;lr=0.001;num_layers=4;proj_dim=128;readout_clip=0.0;readout_scale=0;rho_quantile=0.025;scorer_hidden=128;weight_decay=5e-05,64,poincare,max,0.001,4,128,128,,5e-05,82.23,203.48,0.02481,0.0,0.25,0.3,0,gat,1,,,,,,,,
glue|bert-base-uncased|mrpc_wide|ABC|t5|s42|tune,glue,bert-base-uncased,mrpc_wide,mrpc,ABC,tune,5,42,f1,curvature=1.0;feature_mode=unit;gat_hidden_dim=256;gnn_input_clip=1.0;gnn_input_scale=0;graph_curvature=2.25;graph_metric=poincare;hyp_gnn_type=gcn;hyperbolic_gnn=1;hyperbolic_readout=1;jk_mode=max;learnable_curvature=1;lr=2e-05;num_layers=2;proj_dim=128;readout_clip=0.0;readout_scale=0;rho_quantile=0.2;scorer_hidden=128;weight_decay=1e-05,256,poincare,max,2e-05,2,128,128,,1e-05,81.22,195.3,0.19932,0.0,1.0,1.0,0,gcn,1,,,,,,,,
glue|bert-base-uncased|mrpc_wide|ABC|t6|s42|tune,glue,bert-base-uncased,mrpc_wide,mrpc,ABC,tune,6,42,f1,curvature=1.0;feature_mode=center_unit;gat_hidden_dim=64;gnn_input_clip=0.0;gnn_input_scale=0;graph_curvature=2.25;graph_metric=poincare;hyp_gnn_type=gcn;hyperbolic_gnn=1;hyperbolic_readout=1;jk_mode=cat;learnable_curvature=1;lr=0.0002;num_layers=2;proj_dim=512;readout_clip=0.7;readout_scale=0;rho_quantile=0.1;scorer_hidden=128;weight_decay=5e-05,64,poincare,cat,0.0002,2,512,128,,5e-05,81.22,183.3,0.09984,0.0,1.0,0.0,0,gcn,1,,,,,,,,
glue|bert-base-uncased|mrpc_wide|ABC|t7|s42|tune,glue,bert-base-uncased,mrpc_wide,mrpc,ABC,tune,7,42,f1,curvature=0.25;feature_mode=unit;gat_hidden_dim=128;gnn_input_clip=0.3;gnn_input_scale=1;graph_curvature=1.0;graph_metric=poincare;hyp_gnn_type=gat;hyperbolic_gnn=1;hyperbolic_readout=1;jk_mode=cat;learnable_curvature=0;lr=2e-05;num_layers=4;proj_dim=256;readout_clip=0.7;readout_scale=0;rho_quantile=0.025;scorer_hidden=128;weight_decay=5e-05,128,poincare,cat,2e-05,4,256,128,,5e-05,81.22,238.38,0.02482,0.0,0.25,0.3,1,gat,1,,,,,,,,
glue|bert-base-uncased|mrpc_wide|ABC|t8|s42|tune,glue,bert-base-uncased,mrpc_wide,mrpc,ABC,tune,8,42,f1,curvature=0.25;feature_mode=unit;gat_hidden_dim=64;gnn_input_clip=0.3;gnn_input_scale=1;graph_curvature=0.25;graph_metric=poincare;hyp_gnn_type=gcn;hyperbolic_gnn=1;hyperbolic_readout=1;jk_mode=max;learnable_curvature=0;lr=0.001;num_layers=2;proj_dim=256;readout_clip=0.3;readout_scale=1;rho_quantile=0.025;scorer_hidden=128;weight_decay=5e-05,64,poincare,max,0.001,2,256,128,,5e-05,81.22,261.19,0.02474,0.0,0.25,0.3,1,gcn,1,,,,,,,,
glue|bert-base-uncased|mrpc_wide|ABC|t9|s42|tune,glue,bert-base-uncased,mrpc_wide,mrpc,ABC,tune,9,42,f1,curvature=4.0;feature_mode=unit;gat_hidden_dim=256;gnn_input_clip=0.3;gnn_input_scale=1;graph_curvature=2.25;graph_metric=poincare;hyp_gnn_type=gat;hyperbolic_gnn=1;hyperbolic_readout=1;jk_mode=max;learnable_curvature=0;lr=0.001;num_layers=2;proj_dim=512;readout_clip=0.0;readout_scale=0;rho_quantile=0.1;scorer_hidden=128;weight_decay=0.0,256,poincare,max,0.001,2,512,128,,0.0,82.16,252.94,0.09972,0.0,4.0,0.3,1,gat,1,,,,,,,,
glue|bert-base-uncased|mrpc_wide|ABC|t10|s42|tune,glue,bert-base-uncased,mrpc_wide,mrpc,ABC,tune,10,42,f1,curvature=1.0;feature_mode=center_unit;gat_hidden_dim=128;gnn_input_clip=0.0;gnn_input_scale=1;graph_curvature=9.0;graph_metric=poincare;hyp_gnn_type=gcn;hyperbolic_gnn=1;hyperbolic_readout=1;jk_mode=max;learnable_curvature=1;lr=0.001;num_layers=2;proj_dim=256;readout_clip=0.7;readout_scale=0;rho_quantile=0.38;scorer_hidden=128;weight_decay=1e-05,128,poincare,max,0.001,2,256,128,,1e-05,82.25,289.34,0.3791,0.0,1.0,0.0,1,gcn,1,,,,,,,,
glue|bert-base-uncased|mrpc_wide|ABC|t11|s42|tune,glue,bert-base-uncased,mrpc_wide,mrpc,ABC,tune,11,42,f1,curvature=1.0;feature_mode=cls_root_unit;gat_hidden_dim=256;gnn_input_clip=0.0;gnn_input_scale=0;graph_curvature=2.25;graph_metric=poincare;hyp_gnn_type=gat;hyperbolic_gnn=1;hyperbolic_readout=1;jk_mode=max;learnable_curvature=1;lr=0.001;num_layers=4;proj_dim=512;readout_clip=1.0;readout_scale=1;rho_quantile=0.1;scorer_hidden=256;weight_decay=5e-05,256,poincare,max,0.001,4,512,256,,5e-05,82.7,308.33,0.0999,0.0,1.0,0.0,0,gat,1,,,,,,,,
glue|bert-base-uncased|mrpc_wide|ABC|t12|s42|tune,glue,bert-base-uncased,mrpc_wide,mrpc,ABC,tune,12,42,f1,curvature=1.0;feature_mode=center;gat_hidden_dim=64;gnn_input_clip=0.7;gnn_input_scale=1;graph_curvature=1.0;graph_metric=poincare;hyp_gnn_type=gat;hyperbolic_gnn=1;hyperbolic_readout=1;jk_mode=cat;learnable_curvature=0;lr=0.0002;num_layers=2;proj_dim=256;readout_clip=0.7;readout_scale=1;rho_quantile=0.05;scorer_hidden=128;weight_decay=1e-05,64,poincare,cat,0.0002,2,256,128,,1e-05,81.34,277.84,0.05008,0.0,1.0,0.7,1,gat,1,,,,,,,,
glue|bert-base-uncased|mrpc_wide|ABC|t13|s42|tune,glue,bert-base-uncased,mrpc_wide,mrpc,ABC,tune,13,42,f1,curvature=4.0;feature_mode=center_unit;gat_hidden_dim=256;gnn_input_clip=1.0;gnn_input_scale=1;graph_curvature=4.0;graph_metric=poincare;hyp_gnn_type=gat;hyperbolic_gnn=1;hyperbolic_readout=1;jk_mode=max;learnable_curvature=1;lr=2e-05;num_layers=4;proj_dim=256;readout_clip=0.7;readout_scale=0;rho_quantile=0.05;scorer_hidden=128;weight_decay=1e-05,256,poincare,max,2e-05,4,256,128,,1e-05,81.22,297.77,0.05022,0.0,4.0,1.0,1,gat,1,,,,,,,,
glue|bert-base-uncased|mrpc_wide|ABC|t14|s42|tune,glue,bert-base-uncased,mrpc_wide,mrpc,ABC,tune,14,42,f1,curvature=1.0;feature_mode=cls_root_unit;gat_hidden_dim=128;gnn_input_clip=0.7;gnn_input_scale=1;graph_curvature=9.0;graph_metric=poincare;hyp_gnn_type=gcn;hyperbolic_gnn=1;hyperbolic_readout=1;jk_mode=max;learnable_curvature=0;lr=0.0002;num_layers=2;proj_dim=128;readout_clip=0.3;readout_scale=1;rho_quantile=0.2;scorer_hidden=128;weight_decay=1e-05,128,poincare,max,0.0002,2,128,128,,1e-05,81.22,282.78,0.19915,0.0,1.0,0.7,1,gcn,1,,,,,,,,
glue|bert-base-uncased|mrpc_wide|ABC|t15|s42|tune,glue,bert-base-uncased,mrpc_wide,mrpc,ABC,tune,15,42,f1,curvature=1.0;feature_mode=cls_root_unit;gat_hidden_dim=256;gnn_input_clip=1.0;gnn_input_scale=0;graph_curvature=4.0;graph_metric=poincare;hyp_gnn_type=gcn;hyperbolic_gnn=1;hyperbolic_readout=1;jk_mode=max;learnable_curvature=1;lr=2e-05;num_layers=2;proj_dim=512;readout_clip=0.3;readout_scale=1;rho_quantile=0.025;scorer_hidden=256;weight_decay=0.0,256,poincare,max,2e-05,2,512,256,,0.0,81.22,296.22,0.02481,0.0,1.0,1.0,0,gcn,1,,,,,,,,
glue|bert-base-uncased|mrpc_wide|ABC|t16|s42|tune,glue,bert-base-uncased,mrpc_wide,mrpc,ABC,tune,16,42,f1,curvature=4.0;feature_mode=center_unit;gat_hidden_dim=64;gnn_input_clip=1.0;gnn_input_scale=1;graph_curvature=4.0;graph_metric=poincare;hyp_gnn_type=gat;hyperbolic_gnn=1;hyperbolic_readout=1;jk_mode=max;learnable_curvature=0;lr=0.0002;num_layers=4;proj_dim=256;readout_clip=1.0;readout_scale=0;rho_quantile=0.025;scorer_hidden=256;weight_decay=5e-05,64,poincare,max,0.0002,4,256,256,,5e-05,81.22,305.22,0.02483,0.0,4.0,1.0,1,gat,1,,,,,,,,
glue|bert-base-uncased|mrpc_wide|ABC|t17|s42|tune,glue,bert-base-uncased,mrpc_wide,mrpc,ABC,tune,17,42,f1,curvature=1.0;feature_mode=center;gat_hidden_dim=64;gnn_input_clip=0.7;gnn_input_scale=1;graph_curvature=9.0;graph_metric=poincare;hyp_gnn_type=gcn;hyperbolic_gnn=1;hyperbolic_readout=1;jk_mode=max;learnable_curvature=0;lr=0.0002;num_layers=2;proj_dim=128;readout_clip=0.3;readout_scale=1;rho_quantile=0.2;scorer_hidden=256;weight_decay=5e-05,64,poincare,max,0.0002,2,128,256,,5e-05,81.22,268.05,0.19791,0.0,1.0,0.7,1,gcn,1,,,,,,,,
glue|bert-base-uncased|mrpc_wide|ABC|t18|s42|tune,glue,bert-base-uncased,mrpc_wide,mrpc,ABC,tune,18,42,f1,curvature=0.25;feature_mode=cls_root_unit;gat_hidden_dim=128;gnn_input_clip=0.0;gnn_input_scale=1;graph_curvature=1.0;graph_metric=poincare;hyp_gnn_type=gcn;hyperbolic_gnn=1;hyperbolic_readout=1;jk_mode=cat;learnable_curvature=1;lr=2e-05;num_layers=2;proj_dim=128;readout_clip=0.3;readout_scale=0;rho_quantile=0.2;scorer_hidden=256;weight_decay=1e-05,128,poincare,cat,2e-05,2,128,256,,1e-05,81.22,286.69,0.19934,0.0,0.25,0.0,1,gcn,1,,,,,,,,
glue|bert-base-uncased|mrpc_wide|ABC|t19|s42|tune,glue,bert-base-uncased,mrpc_wide,mrpc,ABC,tune,19,42,f1,curvature=4.0;feature_mode=center;gat_hidden_dim=256;gnn_input_clip=1.0;gnn_input_scale=0;graph_curvature=4.0;graph_metric=poincare;hyp_gnn_type=gat;hyperbolic_gnn=1;hyperbolic_readout=1;jk_mode=cat;learnable_curvature=0;lr=2e-05;num_layers=4;proj_dim=512;readout_clip=0.3;readout_scale=1;rho_quantile=0.2;scorer_hidden=128;weight_decay=1e-05,256,poincare,cat,2e-05,4,512,128,,1e-05,81.22,284.38,0.19827,0.0,4.0,1.0,0,gat,1,,,,,,,,
glue|bert-base-uncased|mrpc_wide|ABC|t20|s42|tune,glue,bert-base-uncased,mrpc_wide,mrpc,ABC,tune,20,42,f1,curvature=0.25;feature_mode=center_unit;gat_hidden_dim=64;gnn_input_clip=0.0;gnn_input_scale=1;graph_curvature=9.0;graph_metric=poincare;hyp_gnn_type=gat;hyperbolic_gnn=1;hyperbolic_readout=1;jk_mode=max;learnable_curvature=0;lr=0.001;num_layers=4;proj_dim=128;readout_clip=0.7;readout_scale=1;rho_quantile=0.1;scorer_hidden=256;weight_decay=1e-05,64,poincare,max,0.001,4,128,256,,1e-05,82.53,293.99,0.09977,0.0,0.25,0.0,1,gat,1,,,,,,,,
glue|bert-base-uncased|mrpc_wide|ABC|t21|s42|tune,glue,bert-base-uncased,mrpc_wide,mrpc,ABC,tune,21,42,f1,curvature=0.25;feature_mode=center_unit;gat_hidden_dim=256;gnn_input_clip=1.0;gnn_input_scale=1;graph_curvature=4.0;graph_metric=poincare;hyp_gnn_type=gat;hyperbolic_gnn=1;hyperbolic_readout=1;jk_mode=cat;learnable_curvature=0;lr=0.001;num_layers=4;proj_dim=512;readout_clip=0.3;readout_scale=1;rho_quantile=0.2;scorer_hidden=256;weight_decay=5e-05,256,poincare,cat,0.001,4,512,256,,5e-05,81.66,318.12,0.19923,0.0,0.25,1.0,1,gat,1,,,,,,,,
glue|bert-base-uncased|mrpc_wide|ABC|t22|s42|tune,glue,bert-base-uncased,mrpc_wide,mrpc,ABC,tune,22,42,f1,curvature=4.0;feature_mode=cls_root_unit;gat_hidden_dim=64;gnn_input_clip=0.0;gnn_input_scale=0;graph_curvature=9.0;graph_metric=poincare;hyp_gnn_type=gcn;hyperbolic_gnn=1;hyperbolic_readout=1;jk_mode=cat;learnable_curvature=1;lr=0.001;num_layers=2;proj_dim=256;readout_clip=0.3;readout_scale=0;rho_quantile=0.38;scorer_hidden=256;weight_decay=1e-05,64,poincare,cat,0.001,2,256,256,,1e-05,81.78,275.64,0.37902,0.0,4.0,0.0,0,gcn,1,,,,,,,,
glue|bert-base-uncased|mrpc_wide|ABC|t23|s42|tune,glue,bert-base-uncased,mrpc_wide,mrpc,ABC,tune,23,42,f1,curvature=0.25;feature_mode=cls_root_unit;gat_hidden_dim=64;gnn_input_clip=1.0;gnn_input_scale=0;graph_curvature=9.0;graph_metric=poincare;hyp_gnn_type=gcn;hyperbolic_gnn=1;hyperbolic_readout=1;jk_mode=max;learnable_curvature=0;lr=0.0002;num_layers=4;proj_dim=128;readout_clip=1.0;readout_scale=0;rho_quantile=0.1;scorer_hidden=256;weight_decay=0.0,64,poincare,max,0.0002,4,128,256,,0.0,81.22,269.15,0.09533,0.0,0.25,1.0,0,gcn,1,,,,,,,,
glue|bert-base-uncased|mrpc_wide|ABC|t24|s42|tune,glue,bert-base-uncased,mrpc_wide,mrpc,ABC,tune,24,42,f1,curvature=1.0;feature_mode=center;gat_hidden_dim=64;gnn_input_clip=0.3;gnn_input_scale=0;graph_curvature=1.0;graph_metric=poincare;hyp_gnn_type=gcn;hyperbolic_gnn=1;hyperbolic_readout=1;jk_mode=cat;learnable_curvature=0;lr=2e-05;num_layers=4;proj_dim=512;readout_clip=0.0;readout_scale=0;rho_quantile=0.2;scorer_hidden=256;weight_decay=0.0,64,poincare,cat,2e-05,4,512,256,,0.0,81.22,237.14,0.1984,0.0,1.0,0.3,0,gcn,1,,,,,,,,
glue|bert-base-uncased|mrpc_wide|ABC|t25|s42|tune,glue,bert-base-uncased,mrpc_wide,mrpc,ABC,tune,25,42,f1,curvature=1.0;feature_mode=cls_root_unit;gat_hidden_dim=256;gnn_input_clip=1.0;gnn_input_scale=1;graph_curvature=1.0;graph_metric=poincare;hyp_gnn_type=gat;hyperbolic_gnn=1;hyperbolic_readout=1;jk_mode=cat;learnable_curvature=1;lr=2e-05;num_layers=4;proj_dim=512;readout_clip=1.0;readout_scale=1;rho_quantile=0.2;scorer_hidden=256;weight_decay=0.0,256,poincare,cat,2e-05,4,512,256,,0.0,81.22,223.48,0.19922,0.0,1.0,1.0,1,gat,1,,,,,,,,
glue|bert-base-uncased|mrpc_wide|ABC|t26|s42|tune,glue,bert-base-uncased,mrpc_wide,mrpc,ABC,tune,26,42,f1,curvature=0.25;feature_mode=center;gat_hidden_dim=64;gnn_input_clip=0.3;gnn_input_scale=1;graph_curvature=4.0;graph_metric=poincare;hyp_gnn_type=gcn;hyperbolic_gnn=1;hyperbolic_readout=1;jk_mode=cat;learnable_curvature=1;lr=0.001;num_layers=4;proj_dim=512;readout_clip=0.3;readout_scale=1;rho_quantile=0.1;scorer_hidden=256;weight_decay=1e-05,64,poincare,cat,0.001,4,512,256,,1e-05,81.87,289.23,0.09954,0.0,0.25,0.3,1,gcn,1,,,,,,,,
glue|bert-base-uncased|mrpc_wide|ABC|t27|s42|tune,glue,bert-base-uncased,mrpc_wide,mrpc,ABC,tune,27,42,f1,curvature=4.0;feature_mode=cls_root_unit;gat_hidden_dim=128;gnn_input_clip=0.7;gnn_input_scale=1;graph_curvature=1.0;graph_metric=poincare;hyp_gnn_type=gcn;hyperbolic_gnn=1;hyperbolic_readout=1;jk_mode=max;learnable_curvature=0;lr=0.001;num_layers=4;proj_dim=512;readout_clip=0.7;readout_scale=0;rho_quantile=0.05;scorer_hidden=256;weight_decay=0.0,128,poincare,max,0.001,4,512,256,,0.0,82.11,431.93,0.05023,0.0,4.0,0.7,1,gcn,1,,,,,,,,
glue|bert-base-uncased|mrpc_wide|ABC|t28|s42|tune,glue,bert-base-uncased,mrpc_wide,mrpc,ABC,tune,28,42,f1,curvature=4.0;feature_mode=cls_root_unit;gat_hidden_dim=256;gnn_input_clip=0.0;gnn_input_scale=1;graph_curvature=0.25;graph_metric=poincare;hyp_gnn_type=gcn;hyperbolic_gnn=1;hyperbolic_readout=1;jk_mode=max;learnable_curvature=0;lr=2e-05;num_layers=2;proj_dim=128;readout_clip=0.0;readout_scale=1;rho_quantile=0.05;scorer_hidden=128;weight_decay=1e-05,256,poincare,max,2e-05,2,128,128,,1e-05,81.22,305.53,0.05009,0.0,4.0,0.0,1,gcn,1,,,,,,,,
glue|bert-base-uncased|mrpc_wide|ABC|t29|s42|tune,glue,bert-base-uncased,mrpc_wide,mrpc,ABC,tune,29,42,f1,curvature=1.0;feature_mode=cls_root_unit;gat_hidden_dim=128;gnn_input_clip=1.0;gnn_input_scale=0;graph_curvature=4.0;graph_metric=poincare;hyp_gnn_type=gat;hyperbolic_gnn=1;hyperbolic_readout=1;jk_mode=max;learnable_curvature=1;lr=0.001;num_layers=2;proj_dim=128;readout_clip=1.0;readout_scale=1;rho_quantile=0.1;scorer_hidden=256;weight_decay=5e-05,128,poincare,max,0.001,2,128,256,,5e-05,81.85,314.66,0.09985,0.0,1.0,1.0,0,gat,1,,,,,,,,
glue|bert-base-uncased|mrpc_wide|ABC|t30|s42|tune,glue,bert-base-uncased,mrpc_wide,mrpc,ABC,tune,30,42,f1,curvature=4.0;feature_mode=unit;gat_hidden_dim=64;gnn_input_clip=1.0;gnn_input_scale=0;graph_curvature=4.0;graph_metric=poincare;hyp_gnn_type=gcn;hyperbolic_gnn=1;hyperbolic_readout=1;jk_mode=max;learnable_curvature=0;lr=2e-05;num_layers=2;proj_dim=128;readout_clip=0.7;readout_scale=0;rho_quantile=0.1;scorer_hidden=128;weight_decay=1e-05,64,poincare,max,2e-05,2,128,128,,1e-05,18.52,296.11,0.09989,0.0,4.0,1.0,0,gcn,1,,,,,,,,
glue|bert-base-uncased|mrpc_wide|ABC|t31|s42|tune,glue,bert-base-uncased,mrpc_wide,mrpc,ABC,tune,31,42,f1,curvature=0.25;feature_mode=center_unit;gat_hidden_dim=64;gnn_input_clip=1.0;gnn_input_scale=0;graph_curvature=2.25;graph_metric=poincare;hyp_gnn_type=gcn;hyperbolic_gnn=1;hyperbolic_readout=1;jk_mode=max;learnable_curvature=0;lr=0.001;num_layers=2;proj_dim=256;readout_clip=0.3;readout_scale=1;rho_quantile=0.05;scorer_hidden=256;weight_decay=1e-05,64,poincare,max,0.001,2,256,256,,1e-05,81.22,326.19,0.05006,0.0,0.25,1.0,0,gcn,1,,,,,,,,
glue|bert-base-uncased|mrpc_wide|ABC|t32|s42|tune,glue,bert-base-uncased,mrpc_wide,mrpc,ABC,tune,32,42,f1,curvature=0.25;feature_mode=cls_root_unit;gat_hidden_dim=128;gnn_input_clip=0.0;gnn_input_scale=1;graph_curvature=0.25;graph_metric=poincare;hyp_gnn_type=gat;hyperbolic_gnn=1;hyperbolic_readout=1;jk_mode=cat;learnable_curvature=1;lr=2e-05;num_layers=4;proj_dim=512;readout_clip=0.7;readout_scale=0;rho_quantile=0.05;scorer_hidden=256;weight_decay=1e-05,128,poincare,cat,2e-05,4,512,256,,1e-05,81.22,346.54,0.05003,0.0,0.25,0.0,1,gat,1,,,,,,,,
glue|bert-base-uncased|mrpc_wide|ABC|t33|s42|tune,glue,bert-base-uncased,mrpc_wide,mrpc,ABC,tune,33,42,f1,curvature=1.0;feature_mode=unit;gat_hidden_dim=128;gnn_input_clip=1.0;gnn_input_scale=0;graph_curvature=0.25;graph_metric=poincare;hyp_gnn_type=gcn;hyperbolic_gnn=1;hyperbolic_readout=1;jk_mode=cat;learnable_curvature=1;lr=0.001;num_layers=4;proj_dim=512;readout_clip=0.3;readout_scale=0;rho_quantile=0.38;scorer_hidden=128;weight_decay=0.0,128,poincare,cat,0.001,4,512,128,,0.0,82.23,432.22,0.37945,0.0,1.0,1.0,0,gcn,1,,,,,,,,
glue|bert-base-uncased|mrpc_wide|ABC|t34|s42|tune,glue,bert-base-uncased,mrpc_wide,mrpc,ABC,tune,34,42,f1,curvature=4.0;feature_mode=center;gat_hidden_dim=256;gnn_input_clip=0.7;gnn_input_scale=1;graph_curvature=4.0;graph_metric=poincare;hyp_gnn_type=gat;hyperbolic_gnn=1;hyperbolic_readout=1;jk_mode=cat;learnable_curvature=0;lr=2e-05;num_layers=2;proj_dim=512;readout_clip=0.7;readout_scale=1;rho_quantile=0.2;scorer_hidden=128;weight_decay=5e-05,256,poincare,cat,2e-05,2,512,128,,5e-05,81.22,466.6,0.19845,0.0,4.0,0.7,1,gat,1,,,,,,,,
glue|bert-base-uncased|mrpc_wide|ABC|t35|s42|tune,glue,bert-base-uncased,mrpc_wide,mrpc,ABC,tune,35,42,f1,curvature=1.0;feature_mode=center_unit;gat_hidden_dim=64;gnn_input_clip=0.3;gnn_input_scale=0;graph_curvature=4.0;graph_metric=poincare;hyp_gnn_type=gat;hyperbolic_gnn=1;hyperbolic_readout=1;jk_mode=cat;learnable_curvature=1;lr=2e-05;num_layers=4;proj_dim=512;readout_clip=0.3;readout_scale=1;rho_quantile=0.025;scorer_hidden=256;weight_decay=0.0,64,poincare,cat,2e-05,4,512,256,,0.0,81.22,521.91,0.02479,0.0,1.0,0.3,0,gat,1,,,,,,,,
glue|bert-base-uncased|mrpc_wide|ABC|t36|s42|tune,glue,bert-base-uncased,mrpc_wide,mrpc,ABC,tune,36,42,f1,curvature=1.0;feature_mode=cls_root_unit;gat_hidden_dim=64;gnn_input_clip=0.3;gnn_input_scale=1;graph_curvature=4.0;graph_metric=poincare;hyp_gnn_type=gcn;hyperbolic_gnn=1;hyperbolic_readout=1;jk_mode=max;learnable_curvature=1;lr=0.0002;num_layers=4;proj_dim=128;readout_clip=0.0;readout_scale=1;rho_quantile=0.025;scorer_hidden=128;weight_decay=5e-05,64,poincare,max,0.0002,4,128,128,,5e-05,81.22,399.59,0.02494,0.0,1.0,0.3,1,gcn,1,,,,,,,,
glue|bert-base-uncased|mrpc_wide|ABC|t37|s42|tune,glue,bert-base-uncased,mrpc_wide,mrpc,ABC,tune,37,42,f1,curvature=0.25;feature_mode=center;gat_hidden_dim=128;gnn_input_clip=0.3;gnn_input_scale=1;graph_curvature=1.0;graph_metric=poincare;hyp_gnn_type=gcn;hyperbolic_gnn=1;hyperbolic_readout=1;jk_mode=cat;learnable_curvature=1;lr=0.0002;num_layers=4;proj_dim=256;readout_clip=0.0;readout_scale=0;rho_quantile=0.38;scorer_hidden=128;weight_decay=1e-05,128,poincare,cat,0.0002,4,256,128,,1e-05,81.58,478.88,0.37781,0.0,0.25,0.3,1,gcn,1,,,,,,,,
glue|bert-base-uncased|mrpc_wide|ABC|t38|s42|tune,glue,bert-base-uncased,mrpc_wide,mrpc,ABC,tune,38,42,f1,curvature=0.25;feature_mode=cls_root_unit;gat_hidden_dim=128;gnn_input_clip=1.0;gnn_input_scale=1;graph_curvature=4.0;graph_metric=poincare;hyp_gnn_type=gat;hyperbolic_gnn=1;hyperbolic_readout=1;jk_mode=max;learnable_curvature=0;lr=0.001;num_layers=4;proj_dim=128;readout_clip=0.0;readout_scale=0;rho_quantile=0.2;scorer_hidden=128;weight_decay=5e-05,128,poincare,max,0.001,4,128,128,,5e-05,81.59,601.47,0.19928,0.0,0.25,1.0,1,gat,1,,,,,,,,
glue|bert-base-uncased|mrpc_wide|ABC|t39|s42|tune,glue,bert-base-uncased,mrpc_wide,mrpc,ABC,tune,39,42,f1,curvature=4.0;feature_mode=center;gat_hidden_dim=64;gnn_input_clip=0.0;gnn_input_scale=0;graph_curvature=9.0;graph_metric=poincare;hyp_gnn_type=gcn;hyperbolic_gnn=1;hyperbolic_readout=1;jk_mode=cat;learnable_curvature=1;lr=0.001;num_layers=2;proj_dim=128;readout_clip=0.0;readout_scale=1;rho_quantile=0.38;scorer_hidden=128;weight_decay=0.0,64,poincare,cat,0.001,2,128,128,,0.0,81.97,592.24,0.3758,0.0,4.0,0.0,0,gcn,1,,,,,,,,
glue|bert-base-uncased|mrpc_wide|ABC|t11|s1|confirm,glue,bert-base-uncased,mrpc_wide,mrpc,ABC,confirm,11,1,f1,curvature=1.0;feature_mode=cls_root_unit;gat_hidden_dim=256;gnn_input_clip=0.0;gnn_input_scale=0;graph_curvature=2.25;graph_metric=poincare;hyp_gnn_type=gat;hyperbolic_gnn=1;hyperbolic_readout=1;jk_mode=max;learnable_curvature=1;lr=0.001;num_layers=4;proj_dim=512;readout_clip=1.0;readout_scale=1;rho_quantile=0.1;scorer_hidden=256;weight_decay=5e-05,256,poincare,max,0.001,4,512,256,,5e-05,82.18,631.52,0.09977,0.0,1.0,0.0,0,gat,1,,,,,,,,
glue|bert-base-uncased|mrpc_wide|ABC|t11|s2|confirm,glue,bert-base-uncased,mrpc_wide,mrpc,ABC,confirm,11,2,f1,curvature=1.0;feature_mode=cls_root_unit;gat_hidden_dim=256;gnn_input_clip=0.0;gnn_input_scale=0;graph_curvature=2.25;graph_metric=poincare;hyp_gnn_type=gat;hyperbolic_gnn=1;hyperbolic_readout=1;jk_mode=max;learnable_curvature=1;lr=0.001;num_layers=4;proj_dim=512;readout_clip=1.0;readout_scale=1;rho_quantile=0.1;scorer_hidden=256;weight_decay=5e-05,256,poincare,max,0.001,4,512,256,,5e-05,81.22,543.17,0.09978,0.0,1.0,0.0,0,gat,1,,,,,,,,
glue|bert-base-uncased|mrpc_wide|ABC|t11|s3|confirm,glue,bert-base-uncased,mrpc_wide,mrpc,ABC,confirm,11,3,f1,curvature=1.0;feature_mode=cls_root_unit;gat_hidden_dim=256;gnn_input_clip=0.0;gnn_input_scale=0;graph_curvature=2.25;graph_metric=poincare;hyp_gnn_type=gat;hyperbolic_gnn=1;hyperbolic_readout=1;jk_mode=max;learnable_curvature=1;lr=0.001;num_layers=4;proj_dim=512;readout_clip=1.0;readout_scale=1;rho_quantile=0.1;scorer_hidden=256;weight_decay=5e-05,256,poincare,max,0.001,4,512,256,,5e-05,81.22,528.09,0.09987,0.0,1.0,0.0,0,gat,1,,,,,,,,
glue|bert-base-uncased|mrpc_wide|ABC|t11|s4|confirm,glue,bert-base-uncased,mrpc_wide,mrpc,ABC,confirm,11,4,f1,curvature=1.0;feature_mode=cls_root_unit;gat_hidden_dim=256;gnn_input_clip=0.0;gnn_input_scale=0;graph_curvature=2.25;graph_metric=poincare;hyp_gnn_type=gat;hyperbolic_gnn=1;hyperbolic_readout=1;jk_mode=max;learnable_curvature=1;lr=0.001;num_layers=4;proj_dim=512;readout_clip=1.0;readout_scale=1;rho_quantile=0.1;scorer_hidden=256;weight_decay=5e-05,256,poincare,max,0.001,4,512,256,,5e-05,82.07,507.09,0.09984,0.0,1.0,0.0,0,gat,1,,,,,,,,
glue|bert-base-uncased|mrpc_wide|ABC|t11|s5|confirm,glue,bert-base-uncased,mrpc_wide,mrpc,ABC,confirm,11,5,f1,curvature=1.0;feature_mode=cls_root_unit;gat_hidden_dim=256;gnn_input_clip=0.0;gnn_input_scale=0;graph_curvature=2.25;graph_metric=poincare;hyp_gnn_type=gat;hyperbolic_gnn=1;hyperbolic_readout=1;jk_mode=max;learnable_curvature=1;lr=0.001;num_layers=4;proj_dim=512;readout_clip=1.0;readout_scale=1;rho_quantile=0.1;scorer_hidden=256;weight_decay=5e-05,256,poincare,max,0.001,4,512,256,,5e-05,82.28,460.33,0.09986,0.0,1.0,0.0,0,gat,1,,,,,,,,
glue|bert-base-uncased|mrpc_wide|ABC|t11|s6|confirm,glue,bert-base-uncased,mrpc_wide,mrpc,ABC,confirm,11,6,f1,curvature=1.0;feature_mode=cls_root_unit;gat_hidden_dim=256;gnn_input_clip=0.0;gnn_input_scale=0;graph_curvature=2.25;graph_metric=poincare;hyp_gnn_type=gat;hyperbolic_gnn=1;hyperbolic_readout=1;jk_mode=max;learnable_curvature=1;lr=0.001;num_layers=4;proj_dim=512;readout_clip=1.0;readout_scale=1;rho_quantile=0.1;scorer_hidden=256;weight_decay=5e-05,256,poincare,max,0.001,4,512,256,,5e-05,82.07,393.52,0.09972,0.0,1.0,0.0,0,gat,1,,,,,,,,
glue|bert-base-uncased|mrpc_wide|ABC|t11|s7|confirm,glue,bert-base-uncased,mrpc_wide,mrpc,ABC,confirm,11,7,f1,curvature=1.0;feature_mode=cls_root_unit;gat_hidden_dim=256;gnn_input_clip=0.0;gnn_input_scale=0;graph_curvature=2.25;graph_metric=poincare;hyp_gnn_type=gat;hyperbolic_gnn=1;hyperbolic_readout=1;jk_mode=max;learnable_curvature=1;lr=0.001;num_layers=4;proj_dim=512;readout_clip=1.0;readout_scale=1;rho_quantile=0.1;scorer_hidden=256;weight_decay=5e-05,256,poincare,max,0.001,4,512,256,,5e-05,81.66,540.48,0.09981,0.0,1.0,0.0,0,gat,1,,,,,,,,
glue|bert-base-uncased|mrpc_wide|ABC|t11|s8|confirm,glue,bert-base-uncased,mrpc_wide,mrpc,ABC,confirm,11,8,f1,curvature=1.0;feature_mode=cls_root_unit;gat_hidden_dim=256;gnn_input_clip=0.0;gnn_input_scale=0;graph_curvature=2.25;graph_metric=poincare;hyp_gnn_type=gat;hyperbolic_gnn=1;hyperbolic_readout=1;jk_mode=max;learnable_curvature=1;lr=0.001;num_layers=4;proj_dim=512;readout_clip=1.0;readout_scale=1;rho_quantile=0.1;scorer_hidden=256;weight_decay=5e-05,256,poincare,max,0.001,4,512,256,,5e-05,82.37,464.3,0.09973,0.0,1.0,0.0,0,gat,1,,,,,,,,
glue|bert-base-uncased|mrpc_wide|ABC|t11|s9|confirm,glue,bert-base-uncased,mrpc_wide,mrpc,ABC,confirm,11,9,f1,curvature=1.0;feature_mode=cls_root_unit;gat_hidden_dim=256;gnn_input_clip=0.0;gnn_input_scale=0;graph_curvature=2.25;graph_metric=poincare;hyp_gnn_type=gat;hyperbolic_gnn=1;hyperbolic_readout=1;jk_mode=max;learnable_curvature=1;lr=0.001;num_layers=4;proj_dim=512;readout_clip=1.0;readout_scale=1;rho_quantile=0.1;scorer_hidden=256;weight_decay=5e-05,256,poincare,max,0.001,4,512,256,,5e-05,81.72,444.83,0.09975,0.0,1.0,0.0,0,gat,1,,,,,,,,
glue|bert-base-uncased|mrpc_wide|ABC|t11|s10|confirm,glue,bert-base-uncased,mrpc_wide,mrpc,ABC,confirm,11,10,f1,curvature=1.0;feature_mode=cls_root_unit;gat_hidden_dim=256;gnn_input_clip=0.0;gnn_input_scale=0;graph_curvature=2.25;graph_metric=poincare;hyp_gnn_type=gat;hyperbolic_gnn=1;hyperbolic_readout=1;jk_mode=max;learnable_curvature=1;lr=0.001;num_layers=4;proj_dim=512;readout_clip=1.0;readout_scale=1;rho_quantile=0.1;scorer_hidden=256;weight_decay=5e-05,256,poincare,max,0.001,4,512,256,,5e-05,81.47,509.06,0.09986,0.0,1.0,0.0,0,gat,1,,,,,,,,
glue|bert-base-uncased|mrpc_wide|ABC|t11|s11|confirm,glue,bert-base-uncased,mrpc_wide,mrpc,ABC,confirm,11,11,f1,curvature=1.0;feature_mode=cls_root_unit;gat_hidden_dim=256;gnn_input_clip=0.0;gnn_input_scale=0;graph_curvature=2.25;graph_metric=poincare;hyp_gnn_type=gat;hyperbolic_gnn=1;hyperbolic_readout=1;jk_mode=max;learnable_curvature=1;lr=0.001;num_layers=4;proj_dim=512;readout_clip=1.0;readout_scale=1;rho_quantile=0.1;scorer_hidden=256;weight_decay=5e-05,256,poincare,max,0.001,4,512,256,,5e-05,81.85,415.58,0.09982,0.0,1.0,0.0,0,gat,1,,,,,,,,
glue|bert-base-uncased|mrpc_wide|ABC|t11|s12|confirm,glue,bert-base-uncased,mrpc_wide,mrpc,ABC,confirm,11,12,f1,curvature=1.0;feature_mode=cls_root_unit;gat_hidden_dim=256;gnn_input_clip=0.0;gnn_input_scale=0;graph_curvature=2.25;graph_metric=poincare;hyp_gnn_type=gat;hyperbolic_gnn=1;hyperbolic_readout=1;jk_mode=max;learnable_curvature=1;lr=0.001;num_layers=4;proj_dim=512;readout_clip=1.0;readout_scale=1;rho_quantile=0.1;scorer_hidden=256;weight_decay=5e-05,256,poincare,max,0.001,4,512,256,,5e-05,82.46,537.66,0.09993,0.0,1.0,0.0,0,gat,1,,,,,,,,
glue|bert-base-uncased|mrpc_wide|ABC|t11|s13|confirm,glue,bert-base-uncased,mrpc_wide,mrpc,ABC,confirm,11,13,f1,curvature=1.0;feature_mode=cls_root_unit;gat_hidden_dim=256;gnn_input_clip=0.0;gnn_input_scale=0;graph_curvature=2.25;graph_metric=poincare;hyp_gnn_type=gat;hyperbolic_gnn=1;hyperbolic_readout=1;jk_mode=max;learnable_curvature=1;lr=0.001;num_layers=4;proj_dim=512;readout_clip=1.0;readout_scale=1;rho_quantile=0.1;scorer_hidden=256;weight_decay=5e-05,256,poincare,max,0.001,4,512,256,,5e-05,81.22,391.82,0.09988,0.0,1.0,0.0,0,gat,1,,,,,,,,
glue|bert-base-uncased|mrpc_wide|ABC|t11|s14|confirm,glue,bert-base-uncased,mrpc_wide,mrpc,ABC,confirm,11,14,f1,curvature=1.0;feature_mode=cls_root_unit;gat_hidden_dim=256;gnn_input_clip=0.0;gnn_input_scale=0;graph_curvature=2.25;graph_metric=poincare;hyp_gnn_type=gat;hyperbolic_gnn=1;hyperbolic_readout=1;jk_mode=max;learnable_curvature=1;lr=0.001;num_layers=4;proj_dim=512;readout_clip=1.0;readout_scale=1;rho_quantile=0.1;scorer_hidden=256;weight_decay=5e-05,256,poincare,max,0.001,4,512,256,,5e-05,82.07,428.37,0.09977,0.0,1.0,0.0,0,gat,1,,,,,,,,
glue|bert-base-uncased|mrpc_wide|ABC|t11|s15|confirm,glue,bert-base-uncased,mrpc_wide,mrpc,ABC,confirm,11,15,f1,curvature=1.0;feature_mode=cls_root_unit;gat_hidden_dim=256;gnn_input_clip=0.0;gnn_input_scale=0;graph_curvature=2.25;graph_metric=poincare;hyp_gnn_type=gat;hyperbolic_gnn=1;hyperbolic_readout=1;jk_mode=max;learnable_curvature=1;lr=0.001;num_layers=4;proj_dim=512;readout_clip=1.0;readout_scale=1;rho_quantile=0.1;scorer_hidden=256;weight_decay=5e-05,256,poincare,max,0.001,4,512,256,,5e-05,82.34,473.69,0.09984,0.0,1.0,0.0,0,gat,1,,,,,,,,
glue|bert-base-uncased|mrpc_wide|C|t37|s1|confirm,glue,bert-base-uncased,mrpc_wide,mrpc,C,confirm,37,1,f1,curvature=4.0;gat_hidden_dim=128;gnn_input_clip=0.0;gnn_input_scale=0;graph_metric=cosine;hyp_gnn_type=gat;hyperbolic_gnn=1;jk_mode=max;lr=0.0002;num_layers=2;proj_dim=256;scorer_hidden=256;tau_quantile=0.025;weight_decay=5e-05,128,cosine,max,0.0002,2,256,256,0.025,5e-05,81.71,377.77,0.02499,0.0,4.0,0.0,0,gat,1,,,,,,,,
glue|bert-base-uncased|mrpc_wide|C|t37|s2|confirm,glue,bert-base-uncased,mrpc_wide,mrpc,C,confirm,37,2,f1,curvature=4.0;gat_hidden_dim=128;gnn_input_clip=0.0;gnn_input_scale=0;graph_metric=cosine;hyp_gnn_type=gat;hyperbolic_gnn=1;jk_mode=max;lr=0.0002;num_layers=2;proj_dim=256;scorer_hidden=256;tau_quantile=0.025;weight_decay=5e-05,128,cosine,max,0.0002,2,256,256,0.025,5e-05,81.83,256.99,0.02501,0.0,4.0,0.0,0,gat,1,,,,,,,,
glue|bert-base-uncased|mrpc_wide|C|t37|s3|confirm,glue,bert-base-uncased,mrpc_wide,mrpc,C,confirm,37,3,f1,curvature=4.0;gat_hidden_dim=128;gnn_input_clip=0.0;gnn_input_scale=0;graph_metric=cosine;hyp_gnn_type=gat;hyperbolic_gnn=1;jk_mode=max;lr=0.0002;num_layers=2;proj_dim=256;scorer_hidden=256;tau_quantile=0.025;weight_decay=5e-05,128,cosine,max,0.0002,2,256,256,0.025,5e-05,81.34,311.91,0.02505,0.0,4.0,0.0,0,gat,1,,,,,,,,
glue|bert-base-uncased|mrpc_wide|C|t37|s4|confirm,glue,bert-base-uncased,mrpc_wide,mrpc,C,confirm,37,4,f1,curvature=4.0;gat_hidden_dim=128;gnn_input_clip=0.0;gnn_input_scale=0;graph_metric=cosine;hyp_gnn_type=gat;hyperbolic_gnn=1;jk_mode=max;lr=0.0002;num_layers=2;proj_dim=256;scorer_hidden=256;tau_quantile=0.025;weight_decay=5e-05,128,cosine,max,0.0002,2,256,256,0.025,5e-05,82.2,320.23,0.02501,0.0,4.0,0.0,0,gat,1,,,,,,,,
glue|bert-base-uncased|mrpc_wide|C|t37|s5|confirm,glue,bert-base-uncased,mrpc_wide,mrpc,C,confirm,37,5,f1,curvature=4.0;gat_hidden_dim=128;gnn_input_clip=0.0;gnn_input_scale=0;graph_metric=cosine;hyp_gnn_type=gat;hyperbolic_gnn=1;jk_mode=max;lr=0.0002;num_layers=2;proj_dim=256;scorer_hidden=256;tau_quantile=0.025;weight_decay=5e-05,128,cosine,max,0.0002,2,256,256,0.025,5e-05,81.59,366.52,0.02499,0.0,4.0,0.0,0,gat,1,,,,,,,,
glue|bert-base-uncased|mrpc_wide|C|t37|s6|confirm,glue,bert-base-uncased,mrpc_wide,mrpc,C,confirm,37,6,f1,curvature=4.0;gat_hidden_dim=128;gnn_input_clip=0.0;gnn_input_scale=0;graph_metric=cosine;hyp_gnn_type=gat;hyperbolic_gnn=1;jk_mode=max;lr=0.0002;num_layers=2;proj_dim=256;scorer_hidden=256;tau_quantile=0.025;weight_decay=5e-05,128,cosine,max,0.0002,2,256,256,0.025,5e-05,82.46,315.61,0.02491,0.0,4.0,0.0,0,gat,1,,,,,,,,
glue|bert-base-uncased|mrpc_wide|C|t37|s7|confirm,glue,bert-base-uncased,mrpc_wide,mrpc,C,confirm,37,7,f1,curvature=4.0;gat_hidden_dim=128;gnn_input_clip=0.0;gnn_input_scale=0;graph_metric=cosine;hyp_gnn_type=gat;hyperbolic_gnn=1;jk_mode=max;lr=0.0002;num_layers=2;proj_dim=256;scorer_hidden=256;tau_quantile=0.025;weight_decay=5e-05,128,cosine,max,0.0002,2,256,256,0.025,5e-05,81.46,293.62,0.02495,0.0,4.0,0.0,0,gat,1,,,,,,,,
glue|bert-base-uncased|mrpc_wide|C|t37|s8|confirm,glue,bert-base-uncased,mrpc_wide,mrpc,C,confirm,37,8,f1,curvature=4.0;gat_hidden_dim=128;gnn_input_clip=0.0;gnn_input_scale=0;graph_metric=cosine;hyp_gnn_type=gat;hyperbolic_gnn=1;jk_mode=max;lr=0.0002;num_layers=2;proj_dim=256;scorer_hidden=256;tau_quantile=0.025;weight_decay=5e-05,128,cosine,max,0.0002,2,256,256,0.025,5e-05,81.95,298.09,0.02486,0.0,4.0,0.0,0,gat,1,,,,,,,,
glue|bert-base-uncased|mrpc_wide|C|t37|s9|confirm,glue,bert-base-uncased,mrpc_wide,mrpc,C,confirm,37,9,f1,curvature=4.0;gat_hidden_dim=128;gnn_input_clip=0.0;gnn_input_scale=0;graph_metric=cosine;hyp_gnn_type=gat;hyperbolic_gnn=1;jk_mode=max;lr=0.0002;num_layers=2;proj_dim=256;scorer_hidden=256;tau_quantile=0.025;weight_decay=5e-05,128,cosine,max,0.0002,2,256,256,0.025,5e-05,81.47,231.52,0.02497,0.0,4.0,0.0,0,gat,1,,,,,,,,
glue|bert-base-uncased|mrpc_wide|C|t37|s10|confirm,glue,bert-base-uncased,mrpc_wide,mrpc,C,confirm,37,10,f1,curvature=4.0;gat_hidden_dim=128;gnn_input_clip=0.0;gnn_input_scale=0;graph_metric=cosine;hyp_gnn_type=gat;hyperbolic_gnn=1;jk_mode=max;lr=0.0002;num_layers=2;proj_dim=256;scorer_hidden=256;tau_quantile=0.025;weight_decay=5e-05,128,cosine,max,0.0002,2,256,256,0.025,5e-05,81.83,303.02,0.025,0.0,4.0,0.0,0,gat,1,,,,,,,,
glue|bert-base-uncased|mrpc_wide|C|t37|s11|confirm,glue,bert-base-uncased,mrpc_wide,mrpc,C,confirm,37,11,f1,curvature=4.0;gat_hidden_dim=128;gnn_input_clip=0.0;gnn_input_scale=0;graph_metric=cosine;hyp_gnn_type=gat;hyperbolic_gnn=1;jk_mode=max;lr=0.0002;num_layers=2;proj_dim=256;scorer_hidden=256;tau_quantile=0.025;weight_decay=5e-05,128,cosine,max,0.0002,2,256,256,0.025,5e-05,82.27,326.2,0.02498,0.0,4.0,0.0,0,gat,1,,,,,,,,
glue|bert-base-uncased|mrpc_wide|C|t37|s12|confirm,glue,bert-base-uncased,mrpc_wide,mrpc,C,confirm,37,12,f1,curvature=4.0;gat_hidden_dim=128;gnn_input_clip=0.0;gnn_input_scale=0;graph_metric=cosine;hyp_gnn_type=gat;hyperbolic_gnn=1;jk_mode=max;lr=0.0002;num_layers=2;proj_dim=256;scorer_hidden=256;tau_quantile=0.025;weight_decay=5e-05,128,cosine,max,0.0002,2,256,256,0.025,5e-05,81.41,228.82,0.02492,0.0,4.0,0.0,0,gat,1,,,,,,,,
glue|bert-base-uncased|mrpc_wide|C|t37|s13|confirm,glue,bert-base-uncased,mrpc_wide,mrpc,C,confirm,37,13,f1,curvature=4.0;gat_hidden_dim=128;gnn_input_clip=0.0;gnn_input_scale=0;graph_metric=cosine;hyp_gnn_type=gat;hyperbolic_gnn=1;jk_mode=max;lr=0.0002;num_layers=2;proj_dim=256;scorer_hidden=256;tau_quantile=0.025;weight_decay=5e-05,128,cosine,max,0.0002,2,256,256,0.025,5e-05,81.59,177.59,0.02503,0.0,4.0,0.0,0,gat,1,,,,,,,,
glue|bert-base-uncased|mrpc_wide|C|t37|s14|confirm,glue,bert-base-uncased,mrpc_wide,mrpc,C,confirm,37,14,f1,curvature=4.0;gat_hidden_dim=128;gnn_input_clip=0.0;gnn_input_scale=0;graph_metric=cosine;hyp_gnn_type=gat;hyperbolic_gnn=1;jk_mode=max;lr=0.0002;num_layers=2;proj_dim=256;scorer_hidden=256;tau_quantile=0.025;weight_decay=5e-05,128,cosine,max,0.0002,2,256,256,0.025,5e-05,82.58,180.9,0.02503,0.0,4.0,0.0,0,gat,1,,,,,,,,
glue|bert-base-uncased|mrpc_wide|C|t37|s15|confirm,glue,bert-base-uncased,mrpc_wide,mrpc,C,confirm,37,15,f1,curvature=4.0;gat_hidden_dim=128;gnn_input_clip=0.0;gnn_input_scale=0;graph_metric=cosine;hyp_gnn_type=gat;hyperbolic_gnn=1;jk_mode=max;lr=0.0002;num_layers=2;proj_dim=256;scorer_hidden=256;tau_quantile=0.025;weight_decay=5e-05,128,cosine,max,0.0002,2,256,256,0.025,5e-05,81.71,192.45,0.02498,0.0,4.0,0.0,0,gat,1,,,,,,,,
glue|bert-base-uncased|mrpc_wide|baseline|t2|s1|confirm,glue,bert-base-uncased,mrpc_wide,mrpc,baseline,confirm,2,1,f1,gat_hidden_dim=128;graph_metric=cosine;jk_mode=max;lr=0.0002;num_layers=2;proj_dim=128;scorer_hidden=128;tau_quantile=0.38;weight_decay=1e-05,128,cosine,max,0.0002,2,128,128,0.38,1e-05,82.71,121.26,0.37952,0.0,,,,,,,,,,,,,
glue|bert-base-uncased|mrpc_wide|baseline|t2|s2|confirm,glue,bert-base-uncased,mrpc_wide,mrpc,baseline,confirm,2,2,f1,gat_hidden_dim=128;graph_metric=cosine;jk_mode=max;lr=0.0002;num_layers=2;proj_dim=128;scorer_hidden=128;tau_quantile=0.38;weight_decay=1e-05,128,cosine,max,0.0002,2,128,128,0.38,1e-05,82.41,127.05,0.37946,0.0,,,,,,,,,,,,,
glue|bert-base-uncased|mrpc_wide|baseline|t2|s3|confirm,glue,bert-base-uncased,mrpc_wide,mrpc,baseline,confirm,2,3,f1,gat_hidden_dim=128;graph_metric=cosine;jk_mode=max;lr=0.0002;num_layers=2;proj_dim=128;scorer_hidden=128;tau_quantile=0.38;weight_decay=1e-05,128,cosine,max,0.0002,2,128,128,0.38,1e-05,81.91,125.86,0.37947,0.0,,,,,,,,,,,,,
glue|bert-base-uncased|mrpc_wide|baseline|t2|s4|confirm,glue,bert-base-uncased,mrpc_wide,mrpc,baseline,confirm,2,4,f1,gat_hidden_dim=128;graph_metric=cosine;jk_mode=max;lr=0.0002;num_layers=2;proj_dim=128;scorer_hidden=128;tau_quantile=0.38;weight_decay=1e-05,128,cosine,max,0.0002,2,128,128,0.38,1e-05,82.41,128.52,0.37927,0.0,,,,,,,,,,,,,
glue|bert-base-uncased|mrpc_wide|baseline|t2|s5|confirm,glue,bert-base-uncased,mrpc_wide,mrpc,baseline,confirm,2,5,f1,gat_hidden_dim=128;graph_metric=cosine;jk_mode=max;lr=0.0002;num_layers=2;proj_dim=128;scorer_hidden=128;tau_quantile=0.38;weight_decay=1e-05,128,cosine,max,0.0002,2,128,128,0.38,1e-05,82.07,140.0,0.37948,0.0,,,,,,,,,,,,,
glue|bert-base-uncased|mrpc_wide|baseline|t2|s6|confirm,glue,bert-base-uncased,mrpc_wide,mrpc,baseline,confirm,2,6,f1,gat_hidden_dim=128;graph_metric=cosine;jk_mode=max;lr=0.0002;num_layers=2;proj_dim=128;scorer_hidden=128;tau_quantile=0.38;weight_decay=1e-05,128,cosine,max,0.0002,2,128,128,0.38,1e-05,82.2,121.35,0.37942,0.0,,,,,,,,,,,,,
glue|bert-base-uncased|mrpc_wide|baseline|t2|s7|confirm,glue,bert-base-uncased,mrpc_wide,mrpc,baseline,confirm,2,7,f1,gat_hidden_dim=128;graph_metric=cosine;jk_mode=max;lr=0.0002;num_layers=2;proj_dim=128;scorer_hidden=128;tau_quantile=0.38;weight_decay=1e-05,128,cosine,max,0.0002,2,128,128,0.38,1e-05,82.51,129.94,0.37937,0.0,,,,,,,,,,,,,
glue|bert-base-uncased|mrpc_wide|baseline|t2|s8|confirm,glue,bert-base-uncased,mrpc_wide,mrpc,baseline,confirm,2,8,f1,gat_hidden_dim=128;graph_metric=cosine;jk_mode=max;lr=0.0002;num_layers=2;proj_dim=128;scorer_hidden=128;tau_quantile=0.38;weight_decay=1e-05,128,cosine,max,0.0002,2,128,128,0.38,1e-05,82.23,125.67,0.37938,0.0,,,,,,,,,,,,,
glue|bert-base-uncased|mrpc_wide|baseline|t2|s9|confirm,glue,bert-base-uncased,mrpc_wide,mrpc,baseline,confirm,2,9,f1,gat_hidden_dim=128;graph_metric=cosine;jk_mode=max;lr=0.0002;num_layers=2;proj_dim=128;scorer_hidden=128;tau_quantile=0.38;weight_decay=1e-05,128,cosine,max,0.0002,2,128,128,0.38,1e-05,81.9,125.69,0.3795,0.0,,,,,,,,,,,,,
glue|bert-base-uncased|mrpc_wide|baseline|t2|s10|confirm,glue,bert-base-uncased,mrpc_wide,mrpc,baseline,confirm,2,10,f1,gat_hidden_dim=128;graph_metric=cosine;jk_mode=max;lr=0.0002;num_layers=2;proj_dim=128;scorer_hidden=128;tau_quantile=0.38;weight_decay=1e-05,128,cosine,max,0.0002,2,128,128,0.38,1e-05,81.06,123.78,0.37944,0.0,,,,,,,,,,,,,
glue|bert-base-uncased|mrpc_wide|baseline|t2|s11|confirm,glue,bert-base-uncased,mrpc_wide,mrpc,baseline,confirm,2,11,f1,gat_hidden_dim=128;graph_metric=cosine;jk_mode=max;lr=0.0002;num_layers=2;proj_dim=128;scorer_hidden=128;tau_quantile=0.38;weight_decay=1e-05,128,cosine,max,0.0002,2,128,128,0.38,1e-05,82.7,131.46,0.37941,0.0,,,,,,,,,,,,,
glue|bert-base-uncased|mrpc_wide|baseline|t2|s12|confirm,glue,bert-base-uncased,mrpc_wide,mrpc,baseline,confirm,2,12,f1,gat_hidden_dim=128;graph_metric=cosine;jk_mode=max;lr=0.0002;num_layers=2;proj_dim=128;scorer_hidden=128;tau_quantile=0.38;weight_decay=1e-05,128,cosine,max,0.0002,2,128,128,0.38,1e-05,82.01,130.11,0.37953,0.0,,,,,,,,,,,,,
glue|bert-base-uncased|mrpc_wide|baseline|t2|s13|confirm,glue,bert-base-uncased,mrpc_wide,mrpc,baseline,confirm,2,13,f1,gat_hidden_dim=128;graph_metric=cosine;jk_mode=max;lr=0.0002;num_layers=2;proj_dim=128;scorer_hidden=128;tau_quantile=0.38;weight_decay=1e-05,128,cosine,max,0.0002,2,128,128,0.38,1e-05,81.5,129.47,0.37941,0.0,,,,,,,,,,,,,
glue|bert-base-uncased|mrpc_wide|baseline|t2|s14|confirm,glue,bert-base-uncased,mrpc_wide,mrpc,baseline,confirm,2,14,f1,gat_hidden_dim=128;graph_metric=cosine;jk_mode=max;lr=0.0002;num_layers=2;proj_dim=128;scorer_hidden=128;tau_quantile=0.38;weight_decay=1e-05,128,cosine,max,0.0002,2,128,128,0.38,1e-05,82.09,128.36,0.3794,0.0,,,,,,,,,,,,,
glue|bert-base-uncased|mrpc_wide|baseline|t2|s15|confirm,glue,bert-base-uncased,mrpc_wide,mrpc,baseline,confirm,2,15,f1,gat_hidden_dim=128;graph_metric=cosine;jk_mode=max;lr=0.0002;num_layers=2;proj_dim=128;scorer_hidden=128;tau_quantile=0.38;weight_decay=1e-05,128,cosine,max,0.0002,2,128,128,0.38,1e-05,82.44,122.19,0.37942,0.0,,,,,,,,,,,,,
glue|bert-base-uncased|mrpc_wide|no_graph|t0|s42|tune,glue,bert-base-uncased,mrpc_wide,mrpc,no_graph,tune,0,42,f1,gat_hidden_dim=64;graph_metric=cosine;jk_mode=max;lr=0.001;num_layers=4;proj_dim=256;scorer_hidden=128;tau=0.999;weight_decay=0.0,64,cosine,max,0.001,4,256,128,,0.0,81.95,113.3,9e-05,0.97266,,,,,,0.999,,,,,,,
glue|bert-base-uncased|mrpc_wide|no_graph|t1|s42|tune,glue,bert-base-uncased,mrpc_wide,mrpc,no_graph,tune,1,42,f1,gat_hidden_dim=64;graph_metric=cosine;jk_mode=cat;lr=2e-05;num_layers=4;proj_dim=128;scorer_hidden=128;tau=0.999;weight_decay=1e-05,64,cosine,cat,2e-05,4,128,128,,1e-05,81.22,117.35,3e-05,0.98438,,,,,,0.999,,,,,,,
glue|bert-base-uncased|mrpc_wide|no_graph|t2|s42|tune,glue,bert-base-uncased,mrpc_wide,mrpc,no_graph,tune,2,42,f1,gat_hidden_dim=128;graph_metric=cosine;jk_mode=max;lr=2e-05;num_layers=2;proj_dim=256;scorer_hidden=128;tau=0.999;weight_decay=5e-05,128,cosine,max,2e-05,2,256,128,,5e-05,81.22,109.76,5e-05,0.97656,,,,,,0.999,,,,,,,
glue|bert-base-uncased|mrpc_wide|no_graph|t3|s42|tune,glue,bert-base-uncased,mrpc_wide,mrpc,no_graph,tune,3,42,f1,gat_hidden_dim=128;graph_metric=cosine;jk_mode=cat;lr=2e-05;num_layers=4;proj_dim=512;scorer_hidden=128;tau=0.999;weight_decay=5e-05,128,cosine,cat,2e-05,4,512,128,,5e-05,81.22,110.45,4e-05,0.98047,,,,,,0.999,,,,,,,
glue|bert-base-uncased|mrpc_wide|no_graph|t4|s42|tune,glue,bert-base-uncased,mrpc_wide,mrpc,no_graph,tune,4,42,f1,gat_hidden_dim=256;graph_metric=cosine;jk_mode=max;lr=2e-05;num_layers=2;proj_dim=128;scorer_hidden=256;tau=0.999;weight_decay=1e-05,256,cosine,max,2e-05,2,128,256,,1e-05,81.47,107.78,8e-05,0.97266,,,,,,0.999,,,,,,,
glue|bert-base-uncased|mrpc_wide|no_graph|t5|s42|tune,glue,bert-base-uncased,mrpc_wide,mrpc,no_graph,tune,5,42,f1,gat_hidden_dim=256;graph_metric=cosine;jk_mode=max;lr=2e-05;num_layers=4;proj_dim=128;scorer_hidden=128;tau=0.999;weight_decay=0.0,256,cosine,max,2e-05,4,128,128,,0.0,81.22,110.51,3e-05,0.98438,,,,,,0.999,,,,,,,
glue|bert-base-uncased|mrpc_wide|no_graph|t6|s42|tune,glue,bert-base-uncased,mrpc_wide,mrpc,no_graph,tune,6,42,f1,gat_hidden_dim=256;graph_metric=cosine;jk_mode=cat;lr=0.001;num_layers=2;proj_dim=128;scorer_hidden=256;tau=0.999;weight_decay=0.0,256,cosine,cat,0.001,2,128,256,,0.0,82.41,107.02,4e-05,0.98047,,,,,,0.999,,,,,,,
glue|bert-base-uncased|mrpc_wide|no_graph|t7|s42|tune,glue,bert-base-uncased,mrpc_wide,mrpc,no_graph,tune,7,42,f1,gat_hidden_dim=256;graph_metric=cosine;jk_mode=max;lr=0.001;num_layers=2;proj_dim=512;scorer_hidden=256;tau=0.999;weight_decay=5e-05,256,cosine,max,0.001,2,512,256,,5e-05,81.56,107.1,8e-05,0.97266,,,,,,0.999,,,,,,,
glue|bert-base-uncased|mrpc_wide|no_graph|t8|s42|tune,glue,bert-base-uncased,mrpc_wide,mrpc,no_graph,tune,8,42,f1,gat_hidden_dim=128;graph_metric=cosine;jk_mode=max;lr=0.0002;num_layers=4;proj_dim=512;scorer_hidden=256;tau=0.999;weight_decay=1e-05,128,cosine,max,0.0002,4,512,256,,1e-05,82.14,110.7,6e-05,0.97266,,,,,,0.999,,,,,,,
glue|bert-base-uncased|mrpc_wide|no_graph|t9|s42|tune,glue,bert-base-uncased,mrpc_wide,mrpc,no_graph,tune,9,42,f1,gat_hidden_dim=128;graph_metric=cosine;jk_mode=max;lr=0.001;num_layers=2;proj_dim=128;scorer_hidden=128;tau=0.999;weight_decay=5e-05,128,cosine,max,0.001,2,128,128,,5e-05,81.83,107.35,5e-05,0.97656,,,,,,0.999,,,,,,,
glue|bert-base-uncased|mrpc_wide|no_graph|t10|s42|tune,glue,bert-base-uncased,mrpc_wide,mrpc,no_graph,tune,10,42,f1,gat_hidden_dim=256;graph_metric=cosine;jk_mode=cat;lr=0.001;num_layers=4;proj_dim=256;scorer_hidden=128;tau=0.999;weight_decay=5e-05,256,cosine,cat,0.001,4,256,128,,5e-05,81.67,111.16,7e-05,0.98047,,,,,,0.999,,,,,,,
glue|bert-base-uncased|mrpc_wide|no_graph|t11|s42|tune,glue,bert-base-uncased,mrpc_wide,mrpc,no_graph,tune,11,42,f1,gat_hidden_dim=128;graph_metric=cosine;jk_mode=max;lr=2e-05;num_layers=4;proj_dim=128;scorer_hidden=128;tau=0.999;weight_decay=0.0,128,cosine,max,2e-05,4,128,128,,0.0,81.22,109.87,6e-05,0.97266,,,,,,0.999,,,,,,,
glue|bert-base-uncased|mrpc_wide|no_graph|t12|s42|tune,glue,bert-base-uncased,mrpc_wide,mrpc,no_graph,tune,12,42,f1,gat_hidden_dim=128;graph_metric=cosine;jk_mode=max;lr=0.001;num_layers=2;proj_dim=256;scorer_hidden=128;tau=0.999;weight_decay=1e-05,128,cosine,max,0.001,2,256,128,,1e-05,81.83,107.2,5e-05,0.97656,,,,,,0.999,,,,,,,
glue|bert-base-uncased|mrpc_wide|no_graph|t13|s42|tune,glue,bert-base-uncased,mrpc_wide,mrpc,no_graph,tune,13,42,f1,gat_hidden_dim=64;graph_metric=cosine;jk_mode=cat;lr=0.0002;num_layers=2;proj_dim=512;scorer_hidden=256;tau=0.999;weight_decay=5e-05,64,cosine,cat,0.0002,2,512,256,,5e-05,81.89,106.23,5e-05,0.97656,,,,,,0.999,,,,,,,
glue|bert-base-uncased|mrpc_wide|no_graph|t14|s42|tune,glue,bert-base-uncased,mrpc_wide,mrpc,no_graph,tune,14,42,f1,gat_hidden_dim=64;graph_metric=cosine;jk_mode=max;lr=0.0002;num_layers=4;proj_dim=128;scorer_hidden=256;tau=0.999;weight_decay=1e-05,64,cosine,max,0.0002,4,128,256,,1e-05,82.53,110.87,9e-05,0.97266,,,,,,0.999,,,,,,,
glue|bert-base-uncased|mrpc_wide|no_graph|t15|s42|tune,glue,bert-base-uncased,mrpc_wide,mrpc,no_graph,tune,15,42,f1,gat_hidden_dim=64;graph_metric=cosine;jk_mode=cat;lr=0.001;num_layers=2;proj_dim=256;scorer_hidden=256;tau=0.999;weight_decay=1e-05,64,cosine,cat,0.001,2,256,256,,1e-05,80.94,107.8,5e-05,0.97656,,,,,,0.999,,,,,,,
glue|bert-base-uncased|mrpc_wide|no_graph|t16|s42|tune,glue,bert-base-uncased,mrpc_wide,mrpc,no_graph,tune,16,42,f1,gat_hidden_dim=64;graph_metric=cosine;jk_mode=cat;lr=0.001;num_layers=4;proj_dim=256;scorer_hidden=128;tau=0.999;weight_decay=0.0,64,cosine,cat,0.001,4,256,128,,0.0,81.64,110.08,3e-05,0.98438,,,,,,0.999,,,,,,,
glue|bert-base-uncased|mrpc_wide|no_graph|t17|s42|tune,glue,bert-base-uncased,mrpc_wide,mrpc,no_graph,tune,17,42,f1,gat_hidden_dim=256;graph_metric=cosine;jk_mode=max;lr=2e-05;num_layers=4;proj_dim=128;scorer_hidden=256;tau=0.999;weight_decay=0.0,256,cosine,max,2e-05,4,128,256,,0.0,81.22,110.29,3e-05,0.98438,,,,,,0.999,,,,,,,
glue|bert-base-uncased|mrpc_wide|no_graph|t18|s42|tune,glue,bert-base-uncased,mrpc_wide,mrpc,no_graph,tune,18,42,f1,gat_hidden_dim=256;graph_metric=cosine;jk_mode=max;lr=2e-05;num_layers=4;proj_dim=512;scorer_hidden=256;tau=0.999;weight_decay=0.0,256,cosine,max,2e-05,4,512,256,,0.0,81.22,110.35,3e-05,0.98438,,,,,,0.999,,,,,,,
glue|bert-base-uncased|mrpc_wide|no_graph|t19|s42|tune,glue,bert-base-uncased,mrpc_wide,mrpc,no_graph,tune,19,42,f1,gat_hidden_dim=256;graph_metric=cosine;jk_mode=max;lr=0.001;num_layers=4;proj_dim=512;scorer_hidden=256;tau=0.999;weight_decay=1e-05,256,cosine,max,0.001,4,512,256,,1e-05,79.28,111.3,3e-05,0.98438,,,,,,0.999,,,,,,,
glue|bert-base-uncased|mrpc_wide|no_graph|t20|s42|tune,glue,bert-base-uncased,mrpc_wide,mrpc,no_graph,tune,20,42,f1,gat_hidden_dim=128;graph_metric=cosine;jk_mode=cat;lr=0.0002;num_layers=2;proj_dim=128;scorer_hidden=256;tau=0.999;weight_decay=1e-05,128,cosine,cat,0.0002,2,128,256,,1e-05,81.69,107.31,1e-05,0.99219,,,,,,0.999,,,,,,,
glue|bert-base-uncased|mrpc_wide|no_graph|t21|s42|tune,glue,bert-base-uncased,mrpc_wide,mrpc,no_graph,tune,21,42,f1,gat_hidden_dim=128;graph_metric=cosine;jk_mode=cat;lr=0.0002;num_layers=4;proj_dim=256;scorer_hidden=256;tau=0.999;weight_decay=5e-05,128,cosine,cat,0.0002,4,256,256,,5e-05,80.19,109.09,4e-05,0.98047,,,,,,0.999,,,,,,,
glue|bert-base-uncased|mrpc_wide|no_graph|t22|s42|tune,glue,bert-base-uncased,mrpc_wide,mrpc,no_graph,tune,22,42,f1,gat_hidden_dim=128;graph_metric=cosine;jk_mode=cat;lr=0.001;num_layers=4;proj_dim=128;scorer_hidden=256;tau=0.999;weight_decay=5e-05,128,cosine,cat,0.001,4,128,256,,5e-05,81.85,108.35,4e-05,0.98047,,,,,,0.999,,,,,,,
glue|bert-base-uncased|mrpc_wide|no_graph|t23|s42|tune,glue,bert-base-uncased,mrpc_wide,mrpc,no_graph,tune,23,42,f1,gat_hidden_dim=256;graph_metric=cosine;jk_mode=max;lr=2e-05;num_layers=4;proj_dim=128;scorer_hidden=256;tau=0.999;weight_decay=5e-05,256,cosine,max,2e-05,4,128,256,,5e-05,81.22,110.81,3e-05,0.98438,,,,,,0.999,,,,,,,
glue|bert-base-uncased|mrpc_wide|no_graph|t24|s42|tune,glue,bert-base-uncased,mrpc_wide,mrpc,no_graph,tune,24,42,f1,gat_hidden_dim=64;graph_metric=cosine;jk_mode=max;lr=0.001;num_layers=4;proj_dim=512;scorer_hidden=128;tau=0.999;weight_decay=5e-05,64,cosine,max,0.001,4,512,128,,5e-05,81.95,110.04,9e-05,0.97266,,,,,,0.999,,,,,,,
glue|bert-base-uncased|mrpc_wide|no_graph|t25|s42|tune,glue,bert-base-uncased,mrpc_wide,mrpc,no_graph,tune,25,42,f1,gat_hidden_dim=128;graph_metric=cosine;jk_mode=cat;lr=2e-05;num_layers=4;proj_dim=256;scorer_hidden=256;tau=0.999;weight_decay=5e-05,128,cosine,cat,2e-05,4,256,256,,5e-05,81.22,110.87,4e-05,0.98047,,,,,,0.999,,,,,,,
glue|bert-base-uncased|mrpc_wide|no_graph|t26|s42|tune,glue,bert-base-uncased,mrpc_wide,mrpc,no_graph,tune,26,42,f1,gat_hidden_dim=64;graph_metric=cosine;jk_mode=max;lr=0.001;num_layers=2;proj_dim=256;scorer_hidden=256;tau=0.999;weight_decay=0.0,64,cosine,max,0.001,2,256,256,,0.0,82.07,107.53,9e-05,0.96875,,,,,,0.999,,,,,,,
glue|bert-base-uncased|mrpc_wide|no_graph|t27|s42|tune,glue,bert-base-uncased,mrpc_wide,mrpc,no_graph,tune,27,42,f1,gat_hidden_dim=256;graph_metric=cosine;jk_mode=cat;lr=0.0002;num_layers=2;proj_dim=256;scorer_hidden=128;tau=0.999;weight_decay=1e-05,256,cosine,cat,0.0002,2,256,128,,1e-05,82.32,107.65,4e-05,0.98047,,,,,,0.999,,,,,,,
glue|bert-base-uncased|mrpc_wide|no_graph|t28|s42|tune,glue,bert-base-uncased,mrpc_wide,mrpc,no_graph,tune,28,42,f1,gat_hidden_dim=128;graph_metric=cosine;jk_mode=max;lr=0.001;num_layers=4;proj_dim=512;scorer_hidden=256;tau=0.999;weight_decay=0.0,128,cosine,max,0.001,4,512,256,,0.0,81.83,110.95,6e-05,0.97266,,,,,,0.999,,,,,,,
glue|bert-base-uncased|mrpc_wide|no_graph|t29|s42|tune,glue,bert-base-uncased,mrpc_wide,mrpc,no_graph,tune,29,42,f1,gat_hidden_dim=64;graph_metric=cosine;jk_mode=max;lr=0.001;num_layers=4;proj_dim=128;scorer_hidden=256;tau=0.999;weight_decay=5e-05,64,cosine,max,0.001,4,128,256,,5e-05,81.95,110.97,9e-05,0.97266,,,,,,0.999,,,,,,,
glue|bert-base-uncased|mrpc_wide|no_graph|t30|s42|tune,glue,bert-base-uncased,mrpc_wide,mrpc,no_graph,tune,30,42,f1,gat_hidden_dim=64;graph_metric=cosine;jk_mode=max;lr=2e-05;num_layers=4;proj_dim=512;scorer_hidden=256;tau=0.999;weight_decay=5e-05,64,cosine,max,2e-05,4,512,256,,5e-05,81.22,109.98,9e-05,0.97266,,,,,,0.999,,,,,,,
glue|bert-base-uncased|mrpc_wide|no_graph|t31|s42|tune,glue,bert-base-uncased,mrpc_wide,mrpc,no_graph,tune,31,42,f1,gat_hidden_dim=128;graph_metric=cosine;jk_mode=max;lr=0.001;num_layers=4;proj_dim=256;scorer_hidden=256;tau=0.999;weight_decay=5e-05,128,cosine,max,0.001,4,256,256,,5e-05,81.85,109.74,6e-05,0.97266,,,,,,0.999,,,,,,,
glue|bert-base-uncased|mrpc_wide|no_graph|t32|s42|tune,glue,bert-base-uncased,mrpc_wide,mrpc,no_graph,tune,32,42,f1,gat_hidden_dim=64;graph_metric=cosine;jk_mode=max;lr=0.001;num_layers=2;proj_dim=256;scorer_hidden=256;tau=0.999;weight_decay=5e-05,64,cosine,max,0.001,2,256,256,,5e-05,82.07,107.01,9e-05,0.96875,,,,,,0.999,,,,,,,
glue|bert-base-uncased|mrpc_wide|no_graph|t33|s42|tune,glue,bert-base-uncased,mrpc_wide,mrpc,no_graph,tune,33,42,f1,gat_hidden_dim=256;graph_metric=cosine;jk_mode=max;lr=0.0002;num_layers=2;proj_dim=256;scorer_hidden=256;tau=0.999;weight_decay=1e-05,256,cosine,max,0.0002,2,256,256,,1e-05,82.3,107.92,8e-05,0.97266,,,,,,0.999,,,,,,,
glue|bert-base-uncased|mrpc_wide|no_graph|t34|s42|tune,glue,bert-base-uncased,mrpc_wide,mrpc,no_graph,tune,34,42,f1,gat_hidden_dim=128;graph_metric=cosine;jk_mode=cat;lr=0.0002;num_layers=2;proj_dim=128;scorer_hidden=256;tau=0.999;weight_decay=5e-05,128,cosine,cat,0.0002,2,128,256,,5e-05,81.69,107.51,1e-05,0.99219,,,,,,0.999,,,,,,,
glue|bert-base-uncased|mrpc_wide|no_graph|t35|s42|tune,glue,bert-base-uncased,mrpc_wide,mrpc,no_graph,tune,35,42,f1,gat_hidden_dim=64;graph_metric=cosine;jk_mode=cat;lr=0.0002;num_layers=4;proj_dim=256;scorer_hidden=256;tau=0.999;weight_decay=0.0,64,cosine,cat,0.0002,4,256,256,,0.0,82.09,109.87,3e-05,0.98438,,,,,,0.999,,,,,,,
glue|bert-base-uncased|mrpc_wide|no_graph|t36|s42|tune,glue,bert-base-uncased,mrpc_wide,mrpc,no_graph,tune,36,42,f1,gat_hidden_dim=128;graph_metric=cosine;jk_mode=max;lr=2e-05;num_layers=4;proj_dim=128;scorer_hidden=128;tau=0.999;weight_decay=5e-05,128,cosine,max,2e-05,4,128,128,,5e-05,81.22,111.29,6e-05,0.97266,,,,,,0.999,,,,,,,
glue|bert-base-uncased|mrpc_wide|no_graph|t37|s42|tune,glue,bert-base-uncased,mrpc_wide,mrpc,no_graph,tune,37,42,f1,gat_hidden_dim=256;graph_metric=cosine;jk_mode=cat;lr=0.001;num_layers=2;proj_dim=128;scorer_hidden=256;tau=0.999;weight_decay=5e-05,256,cosine,cat,0.001,2,128,256,,5e-05,82.41,107.38,4e-05,0.98047,,,,,,0.999,,,,,,,
glue|bert-base-uncased|mrpc_wide|no_graph|t38|s42|tune,glue,bert-base-uncased,mrpc_wide,mrpc,no_graph,tune,38,42,f1,gat_hidden_dim=128;graph_metric=cosine;jk_mode=cat;lr=0.0002;num_layers=4;proj_dim=128;scorer_hidden=128;tau=0.999;weight_decay=1e-05,128,cosine,cat,0.0002,4,128,128,,1e-05,80.06,109.21,4e-05,0.98047,,,,,,0.999,,,,,,,
glue|bert-base-uncased|mrpc_wide|no_graph|t39|s42|tune,glue,bert-base-uncased,mrpc_wide,mrpc,no_graph,tune,39,42,f1,gat_hidden_dim=128;graph_metric=cosine;jk_mode=max;lr=0.001;num_layers=4;proj_dim=256;scorer_hidden=128;tau=0.999;weight_decay=5e-05,128,cosine,max,0.001,4,256,128,,5e-05,81.9,111.34,6e-05,0.97266,,,,,,0.999,,,,,,,
glue|bert-base-uncased|mrpc_wide|AB|t0|s42|tune,glue,bert-base-uncased,mrpc_wide,mrpc,AB,tune,0,42,f1,curvature=0.25;feature_mode=cls_root_unit;gat_hidden_dim=256;graph_curvature=2.25;graph_metric=poincare;hyperbolic_readout=1;jk_mode=cat;learnable_curvature=0;lr=0.001;num_layers=2;proj_dim=128;readout_clip=0.7;readout_scale=0;rho_quantile=0.2;scorer_hidden=128;weight_decay=1e-05,256,poincare,cat,0.001,2,128,128,,1e-05,82.02,141.25,0.19939,0.0,0.25,,,,,,cls_root_unit,2.25,1,0,0.7,0,0.2
glue|bert-base-uncased|mrpc_wide|AB|t1|s42|tune,glue,bert-base-uncased,mrpc_wide,mrpc,AB,tune,1,42,f1,curvature=1.0;feature_mode=unit;gat_hidden_dim=128;graph_curvature=0.25;graph_metric=poincare;hyperbolic_readout=1;jk_mode=max;learnable_curvature=1;lr=2e-05;num_layers=2;proj_dim=128;readout_clip=1.0;readout_scale=0;rho_quantile=0.2;scorer_hidden=256;weight_decay=1e-05,128,poincare,max,2e-05,2,128,256,,1e-05,81.22,141.47,0.19947,0.0,1.0,,,,,,unit,0.25,1,1,1.0,0,0.2
glue|bert-base-uncased|mrpc_wide|AB|t2|s42|tune,glue,bert-base-uncased,mrpc_wide,mrpc,AB,tune,2,42,f1,curvature=0.25;feature_mode=unit;gat_hidden_dim=64;graph_curvature=9.0;graph_metric=poincare;hyperbolic_readout=1;jk_mode=cat;learnable_curvature=0;lr=2e-05;num_layers=2;proj_dim=256;readout_clip=0.3;readout_scale=1;rho_quantile=0.2;scorer_hidden=128;weight_decay=5e-05,64,poincare,cat,2e-05,2,256,128,,5e-05,81.22,143.33,0.19924,0.0,0.25,,,,,,unit,9.0,1,0,0.3,1,0.2
glue|bert-base-uncased|mrpc_wide|AB|t3|s42|tune,glue,bert-base-uncased,mrpc_wide,mrpc,AB,tune,3,42,f1,curvature=4.0;feature_mode=center_unit;gat_hidden_dim=64;graph_curvature=0.25;graph_metric=poincare;hyperbolic_readout=1;jk_mode=max;learnable_curvature=1;lr=2e-05;num_layers=4;proj_dim=256;readout_clip=0.7;readout_scale=0;rho_quantile=0.2;scorer_hidden=256;weight_decay=0.0,64,poincare,max,2e-05,4,256,256,,0.0,81.22,146.2,0.19941,0.0,4.0,,,,,,center_unit,0.25,1,1,0.7,0,0.2
glue|bert-base-uncased|mrpc_wide|AB|t4|s42|tune,glue,bert-base-uncased,mrpc_wide,mrpc,AB,tune,4,42,f1,curvature=0.25;feature_mode=center;gat_hidden_dim=128;graph_curvature=2.25;graph_metric=poincare;hyperbolic_readout=1;jk_mode=cat;learnable_curvature=0;lr=0.0002;num_layers=4;proj_dim=256;readout_clip=1.0;readout_scale=0;rho_quantile=0.05;scorer_hidden=256;weight_decay=0.0,128,poincare,cat,0.0002,4,256,256,,0.0,81.56,143.12,0.04998,0.0,0.25,,,,,,center,2.25,1,0,1.0,0,0.05
glue|bert-base-uncased|mrpc_wide|AB|t5|s42|tune,glue,bert-base-uncased,mrpc_wide,mrpc,AB,tune,5,42,f1,curvature=4.0;feature_mode=cls_root_unit;gat_hidden_dim=256;graph_curvature=2.25;graph_metric=poincare;hyperbolic_readout=1;jk_mode=cat;learnable_curvature=0;lr=2e-05;num_layers=4;proj_dim=512;readout_clip=0.7;readout_scale=1;rho_quantile=0.38;scorer_hidden=128;weight_decay=5e-05,256,poincare,cat,2e-05,4,512,128,,5e-05,81.22,144.67,0.37939,0.0,4.0,,,,,,cls_root_unit,2.25,1,0,0.7,1,0.38
glue|bert-base-uncased|mrpc_wide|AB|t6|s42|tune,glue,bert-base-uncased,mrpc_wide,mrpc,AB,tune,6,42,f1,curvature=1.0;feature_mode=center;gat_hidden_dim=128;graph_curvature=1.0;graph_metric=poincare;hyperbolic_readout=1;jk_mode=cat;learnable_curvature=1;lr=0.001;num_layers=4;proj_dim=256;readout_clip=0.0;readout_scale=0;rho_quantile=0.38;scorer_hidden=128;weight_decay=0.0,128,poincare,cat,0.001,4,256,128,,0.0,81.34,143.3,0.37718,0.0,1.0,,,,,,center,1.0,1,1,0.0,0,0.38
glue|bert-base-uncased|mrpc_wide|AB|t7|s42|tune,glue,bert-base-uncased,mrpc_wide,mrpc,AB,tune,7,42,f1,curvature=0.25;feature_mode=center;gat_hidden_dim=64;graph_curvature=4.0;graph_metric=poincare;hyperbolic_readout=1;jk_mode=max;learnable_curvature=1;lr=0.0002;num_layers=2;proj_dim=512;readout_clip=1.0;readout_scale=1;rho_quantile=0.38;scorer_hidden=256;weight_decay=5e-05,64,poincare,max,0.0002,2,512,256,,5e-05,82.04,139.34,0.37709,0.0,0.25,,,,,,center,4.0,1,1,1.0,1,0.38
glue|bert-base-uncased|mrpc_wide|AB|t8|s42|tune,glue,bert-base-uncased,mrpc_wide,mrpc,AB,tune,8,42,f1,curvature=0.25;feature_mode=center_unit;gat_hidden_dim=128;graph_curvature=1.0;graph_metric=poincare;hyperbolic_readout=1;jk_mode=cat;learnable_curvature=1;lr=2e-05;num_layers=2;proj_dim=256;readout_clip=0.3;readout_scale=0;rho_quantile=0.1;scorer_hidden=128;weight_decay=0.0,128,poincare,cat,2e-05,2,256,128,,0.0,81.22,143.7,0.09966,0.0,0.25,,,,,,center_unit,1.0,1,1,0.3,0,0.1
glue|bert-base-uncased|mrpc_wide|AB|t9|s42|tune,glue,bert-base-uncased,mrpc_wide,mrpc,AB,tune,9,42,f1,curvature=0.25;feature_mode=center;gat_hidden_dim=256;graph_curvature=9.0;graph_metric=poincare;hyperbolic_readout=1;jk_mode=cat;learnable_curvature=0;lr=0.0002;num_layers=4;proj_dim=512;readout_clip=0.3;readout_scale=0;rho_quantile=0.05;scorer_hidden=128;weight_decay=5e-05,256,poincare,cat,0.0002,4,512,128,,5e-05,81.52,142.46,0.04995,0.0,0.25,,,,,,center,9.0,1,0,0.3,0,0.05
glue|bert-base-uncased|mrpc_wide|AB|t10|s42|tune,glue,bert-base-uncased,mrpc_wide,mrpc,AB,tune,10,42,f1,curvature=1.0;feature_mode=unit;gat_hidden_dim=128;graph_curvature=1.0;graph_metric=poincare;hyperbolic_readout=1;jk_mode=max;learnable_curvature=0;lr=0.0002;num_layers=2;proj_dim=128;readout_clip=1.0;readout_scale=1;rho_quantile=0.05;scorer_hidden=256;weight_decay=1e-05,128,poincare,max,0.0002,2,128,256,,1e-05,81.46,142.38,0.05,0.0,1.0,,,,,,unit,1.0,1,0,1.0,1,0.05
glue|bert-base-uncased|mrpc_wide|AB|t11|s42|tune,glue,bert-base-uncased,mrpc_wide,mrpc,AB,tune,11,42,f1,curvature=1.0;feature_mode=center_unit;gat_hidden_dim=128;graph_curvature=4.0;graph_metric=poincare;hyperbolic_readout=1;jk_mode=max;learnable_curvature=1;lr=0.001;num_layers=2;proj_dim=512;readout_clip=1.0;readout_scale=1;rho_quantile=0.025;scorer_hidden=256;weight_decay=1e-05,128,poincare,max,0.001,2,512,256,,1e-05,81.64,142.57,0.02489,0.0,1.0,,,,,,center_unit,4.0,1,1,1.0,1,0.025
glue|bert-base-uncased|mrpc_wide|AB|t12|s42|tune,glue,bert-base-uncased,mrpc_wide,mrpc,AB,tune,12,42,f1,curvature=1.0;feature_mode=center_unit;gat_hidden_dim=128;graph_curvature=9.0;graph_metric=poincare;hyperbolic_readout=1;jk_mode=cat;learnable_curvature=1;lr=0.001;num_layers=2;proj_dim=256;readout_clip=0.7;readout_scale=0;rho_quantile=0.05;scorer_hidden=128;weight_decay=1e-05,128,poincare,cat,0.001,2,256,128,,1e-05,82.53,142.0,0.05016,0.0,1.0,,,,,,center_unit,9.0,1,1,0.7,0,0.05
glue|bert-base-uncased|mrpc_wide|AB|t13|s42|tune,glue,bert-base-uncased,mrpc_wide,mrpc,AB,tune,13,42,f1,curvature=0.25;feature_mode=unit;gat_hidden_dim=128;graph_curvature=9.0;graph_metric=poincare;hyperbolic_readout=1;jk_mode=max;learnable_curvature=1;lr=2e-05;num_layers=4;proj_dim=256;readout_clip=0.0;readout_scale=0;rho_quantile=0.38;scorer_hidden=128;weight_decay=0.0,128,poincare,max,2e-05,4,256,128,,0.0,81.22,143.95,0.37903,0.0,0.25,,,,,,unit,9.0,1,1,0.0,0,0.38
glue|bert-base-uncased|mrpc_wide|AB|t14|s42|tune,glue,bert-base-uncased,mrpc_wide,mrpc,AB,tune,14,42,f1,curvature=1.0;feature_mode=unit;gat_hidden_dim=128;graph_curvature=4.0;graph_metric=poincare;hyperbolic_readout=1;jk_mode=cat;learnable_curvature=0;lr=0.0002;num_layers=4;proj_dim=512;readout_clip=0.3;readout_scale=1;rho_quantile=0.05;scorer_hidden=256;weight_decay=0.0,128,poincare,cat,0.0002,4,512,256,,0.0,81.22,143.98,0.05017,0.0,1.0,,,,,,unit,4.0,1,0,0.3,1,0.05
glue|bert-base-uncased|mrpc_wide|AB|t15|s42|tune,glue,bert-base-uncased,mrpc_wide,mrpc,AB,tune,15,42,f1,curvature=4.0;feature_mode=unit;gat_hidden_dim=256;graph_curvature=1.0;graph_metric=poincare;hyperbolic_readout=1;jk_mode=cat;learnable_curvature=0;lr=0.0002;num_layers=4;proj_dim=512;readout_clip=0.3;readout_scale=1;rho_quantile=0.1;scorer_hidden=256;weight_decay=0.0,256,poincare,cat,0.0002,4,512,256,,0.0,81.58,143.58,0.09976,0.0,4.0,,,,,,unit,1.0,1,0,0.3,1,0.1
glue|bert-base-uncased|mrpc_wide|AB|t16|s42|tune,glue,bert-base-uncased,mrpc_wide,mrpc,AB,tune,16,42,f1,curvature=1.0;feature_mode=cls_root_unit;gat_hidden_dim=128;graph_curvature=9.0;graph_metric=poincare;hyperbolic_readout=1;jk_mode=max;learnable_curvature=0;lr=0.0002;num_layers=2;proj_dim=128;readout_clip=0.7;readout_scale=0;rho_quantile=0.2;scorer_hidden=128;weight_decay=1e-05,128,poincare,max,0.0002,2,128,128,,1e-05,82.56,141.83,0.19943,0.0,1.0,,,,,,cls_root_unit,9.0,1,0,0.7,0,0.2
glue|bert-base-uncased|mrpc_wide|AB|t17|s42|tune,glue,bert-base-uncased,mrpc_wide,mrpc,AB,tune,17,42,f1,curvature=4.0;feature_mode=cls_root_unit;gat_hidden_dim=64;graph_curvature=0.25;graph_metric=poincare;hyperbolic_readout=1;jk_mode=max;learnable_curvature=0;lr=2e-05;num_layers=2;proj_dim=128;readout_clip=0.7;readout_scale=0;rho_quantile=0.2;scorer_hidden=256;weight_decay=1e-05,64,poincare,max,2e-05,2,128,256,,1e-05,81.22,140.83,0.19926,0.0,4.0,,,,,,cls_root_unit,0.25,1,0,0.7,0,0.2
glue|bert-base-uncased|mrpc_wide|AB|t18|s42|tune,glue,bert-base-uncased,mrpc_wide,mrpc,AB,tune,18,42,f1,curvature=0.25;feature_mode=center;gat_hidden_dim=128;graph_curvature=4.0;graph_metric=poincare;hyperbolic_readout=1;jk_mode=max;learnable_curvature=1;lr=2e-05;num_layers=2;proj_dim=512;readout_clip=0.3;readout_scale=1;rho_quantile=0.1;scorer_hidden=256;weight_decay=5e-05,128,poincare,max,2e-05,2,512,256,,5e-05,81.22,141.53,0.09944,0.0,0.25,,,,,,center,4.0,1,1,0.3,1,0.1
glue|bert-base-uncased|mrpc_wide|AB|t19|s42|tune,glue,bert-base-uncased,mrpc_wide,mrpc,AB,tune,19,42,f1,curvature=4.0;feature_mode=cls_root_unit;gat_hidden_dim=64;graph_curvature=1.0;graph_metric=poincare;hyperbolic_readout=1;jk_mode=cat;learnable_curvature=0;lr=0.001;num_layers=4;proj_dim=128;readout_clip=0.3;readout_scale=0;rho_quantile=0.05;scorer_hidden=128;weight_decay=5e-05,64,poincare,cat,0.001,4,128,128,,5e-05,81.64,148.54,0.04994,0.0,4.0,,,,,,cls_root_unit,1.0,1,0,0.3,0,0.05
glue|bert-base-uncased|mrpc_wide|AB|t20|s42|tune,glue,bert-base-uncased,mrpc_wide,mrpc,AB,tune,20,42,f1,curvature=1.0;feature_mode=unit;gat_hidden_dim=256;graph_curvature=0.25;graph_metric=poincare;hyperbolic_readout=1;jk_mode=max;learnable_curvature=0;lr=2e-05;num_layers=2;proj_dim=512;readout_clip=0.7;readout_scale=1;rho_quantile=0.05;scorer_hidden=128;weight_decay=0.0,256,poincare,max,2e-05,2,512,128,,0.0,81.22,144.38,0.05003,0.0,1.0,,,,,,unit,0.25,1,0,0.7,1,0.05
glue|bert-base-uncased|mrpc_wide|AB|t21|s42|tune,glue,bert-base-uncased,mrpc_wide,mrpc,AB,tune,21,42,f1,curvature=0.25;feature_mode=center;gat_hidden_dim=256;graph_curvature=9.0;graph_metric=poincare;hyperbolic_readout=1;jk_mode=max;learnable_curvature=1;lr=0.001;num_layers=4;proj_dim=256;readout_clip=0.3;readout_scale=1;rho_quantile=0.05;scorer_hidden=128;weight_decay=1e-05,256,poincare,max,0.001,4,256,128,,1e-05,81.22,144.5,0.05,0.0,0.25,,,,,,center,9.0,1,1,0.3,1,0.05
glue|bert-base-uncased|mrpc_wide|AB|t22|s42|tune,glue,bert-base-uncased,mrpc_wide,mrpc,AB,tune,22,42,f1,curvature=1.0;feature_mode=center;gat_hidden_dim=256;graph_curvature=2.25;graph_metric=poincare;hyperbolic_readout=1;jk_mode=cat;learnable_curvature=0;lr=2e-05;num_layers=2;proj_dim=256;readout_clip=0.7;readout_scale=0;rho_quantile=0.38;scorer_hidden=128;weight_decay=5e-05,256,poincare,cat,2e-05,2,256,128,,5e-05,81.22,143.11,0.37575,0.0,1.0,,,,,,center,2.25,1,0,0.7,0,0.38
glue|bert-base-uncased|mrpc_wide|AB|t23|s42|tune,glue,bert-base-uncased,mrpc_wide,mrpc,AB,tune,23,42,f1,curvature=0.25;feature_mode=cls_root_unit;gat_hidden_dim=128;graph_curvature=9.0;graph_metric=poincare;hyperbolic_readout=1;jk_mode=max;learnable_curvature=1;lr=0.0002;num_layers=2;proj_dim=512;readout_clip=0.7;readout_scale=0;rho_quantile=0.025;scorer_hidden=256;weight_decay=0.0,128,poincare,max,0.0002,2,512,256,,0.0,82.32,142.99,0.02486,0.0,0.25,,,,,,cls_root_unit,9.0,1,1,0.7,0,0.025
glue|bert-base-uncased|mrpc_wide|AB|t24|s42|tune,glue,bert-base-uncased,mrpc_wide,mrpc,AB,tune,24,42,f1,curvature=0.25;feature_mode=unit;gat_hidden_dim=256;graph_curvature=0.25;graph_metric=poincare;hyperbolic_readout=1;jk_mode=max;learnable_curvature=0;lr=2e-05;num_layers=2;proj_dim=128;readout_clip=0.3;readout_scale=1;rho_quantile=0.1;scorer_hidden=256;weight_decay=0.0,256,poincare,max,2e-05,2,128,256,,0.0,81.22,140.85,0.0999,0.0,0.25,,,,,,unit,0.25,1,0,0.3,1,0.1
glue|bert-base-uncased|mrpc_wide|AB|t25|s42|tune,glue,bert-base-uncased,mrpc_wide,mrpc,AB,tune,25,42,f1,curvature=4.0;feature_mode=center;gat_hidden_dim=256;graph_curvature=4.0;graph_metric=poincare;hyperbolic_readout=1;jk_mode=max;learnable_curvature=1;lr=2e-05;num_layers=4;proj_dim=512;readout_clip=0.7;readout_scale=1;rho_quantile=0.025;scorer_hidden=256;weight_decay=5e-05,256,poincare,max,2e-05,4,512,256,,5e-05,81.22,147.01,0.02479,0.0,4.0,,,,,,center,4.0,1,1,0.7,1,0.025
glue|bert-base-uncased|mrpc_wide|AB|t26|s42|tune,glue,bert-base-uncased,mrpc_wide,mrpc,AB,tune,26,42,f1,curvature=0.25;feature_mode=unit;gat_hidden_dim=256;graph_curvature=4.0;graph_metric=poincare;hyperbolic_readout=1;jk_mode=max;learnable_curvature=0;lr=0.001;num_layers=4;proj_dim=256;readout_clip=1.0;readout_scale=1;rho_quantile=0.2;scorer_hidden=256;weight_decay=1e-05,256,poincare,max,0.001,4,256,256,,1e-05,78.73,142.97,0.19931,0.0,0.25,,,,,,unit,4.0,1,0,1.0,1,0.2
glue|bert-base-uncased|mrpc_wide|AB|t27|s42|tune,glue,bert-base-uncased,mrpc_wide,mrpc,AB,tune,27,42,f1,curvature=4.0;feature_mode=center;gat_hidden_dim=64;graph_curvature=1.0;graph_metric=poincare;hyperbolic_readout=1;jk_mode=max;learnable_curvature=0;lr=2e-05;num_layers=2;proj_dim=128;readout_clip=1.0;readout_scale=1;rho_quantile=0.025;scorer_hidden=256;weight_decay=0.0,64,poincare,max,2e-05,2,128,256,,0.0,81.22,140.24,0.02456,0.0,4.0,,,,,,center,1.0,1,0,1.0,1,0.025
glue|bert-base-uncased|mrpc_wide|AB|t28|s42|tune,glue,bert-base-uncased,mrpc_wide,mrpc,AB,tune,28,42,f1,curvature=0.25;feature_mode=center;gat_hidden_dim=128;graph_curvature=9.0;graph_metric=poincare;hyperbolic_readout=1;jk_mode=cat;learnable_curvature=1;lr=0.001;num_layers=4;proj_dim=128;readout_clip=0.0;readout_scale=0;rho_quantile=0.38;scorer_hidden=256;weight_decay=5e-05,128,poincare,cat,0.001,4,128,256,,5e-05,80.25,144.19,0.37532,0.0,0.25,,,,,,center,9.0,1,1,0.0,0,0.38
glue|bert-base-uncased|mrpc_wide|AB|t29|s42|tune,glue,bert-base-uncased,mrpc_wide,mrpc,AB,tune,29,42,f1,curvature=0.25;feature_mode=center_unit;gat_hidden_dim=64;graph_curvature=4.0;graph_metric=poincare;hyperbolic_readout=1;jk_mode=max;learnable_curvature=1;lr=0.0002;num_layers=4;proj_dim=128;readout_clip=1.0;readout_scale=1;rho_quantile=0.38;scorer_hidden=256;weight_decay=1e-05,64,poincare,max,0.0002,4,128,256,,1e-05,81.41,143.77,0.37924,0.0,0.25,,,,,,center_unit,4.0,1,1,1.0,1,0.38
glue|bert-base-uncased|mrpc_wide|AB|t30|s42|tune,glue,bert-base-uncased,mrpc_wide,mrpc,AB,tune,30,42,f1,curvature=4.0;feature_mode=center;gat_hidden_dim=64;graph_curvature=0.25;graph_metric=poincare;hyperbolic_readout=1;jk_mode=max;learnable_curvature=1;lr=2e-05;num_layers=2;proj_dim=128;readout_clip=0.3;readout_scale=1;rho_quantile=0.025;scorer_hidden=128;weight_decay=1e-05,64,poincare,max,2e-05,2,128,128,,1e-05,81.22,142.29,0.02457,0.0,4.0,,,,,,center,0.25,1,1,0.3,1,0.025
glue|bert-base-uncased|mrpc_wide|AB|t31|s42|tune,glue,bert-base-uncased,mrpc_wide,mrpc,AB,tune,31,42,f1,curvature=4.0;feature_mode=cls_root_unit;gat_hidden_dim=64;graph_curvature=9.0;graph_metric=poincare;hyperbolic_readout=1;jk_mode=max;learnable_curvature=0;lr=2e-05;num_layers=2;proj_dim=128;readout_clip=0.0;readout_scale=0;rho_quantile=0.05;scorer_hidden=256;weight_decay=5e-05,64,poincare,max,2e-05,2,128,256,,5e-05,81.22,141.2,0.04286,0.0,4.0,,,,,,cls_root_unit,9.0,1,0,0.0,0,0.05
glue|bert-base-uncased|mrpc_wide|AB|t32|s42|tune,glue,bert-base-uncased,mrpc_wide,mrpc,AB,tune,32,42,f1,curvature=4.0;feature_mode=unit;gat_hidden_dim=64;graph_curvature=9.0;graph_metric=poincare;hyperbolic_readout=1;jk_mode=max;learnable_curvature=1;lr=2e-05;num_layers=4;proj_dim=256;readout_clip=0.7;readout_scale=0;rho_quantile=0.1;scorer_hidden=256;weight_decay=5e-05,64,poincare,max,2e-05,4,256,256,,5e-05,81.22,143.8,0.09983,0.0,4.0,,,,,,unit,9.0,1,1,0.7,0,0.1
glue|bert-base-uncased|mrpc_wide|AB|t33|s42|tune,glue,bert-base-uncased,mrpc_wide,mrpc,AB,tune,33,42,f1,curvature=0.25;feature_mode=center_unit;gat_hidden_dim=256;graph_curvature=4.0;graph_metric=poincare;hyperbolic_readout=1;jk_mode=cat;learnable_curvature=1;lr=0.001;num_layers=2;proj_dim=128;readout_clip=0.0;readout_scale=0;rho_quantile=0.2;scorer_hidden=256;weight_decay=1e-05,256,poincare,cat,0.001,2,128,256,,1e-05,82.11,142.44,0.19939,0.0,0.25,,,,,,center_unit,4.0,1,1,0.0,0,0.2
glue|bert-base-uncased|mrpc_wide|AB|t34|s42|tune,glue,bert-base-uncased,mrpc_wide,mrpc,AB,tune,34,42,f1,curvature=4.0;feature_mode=unit;gat_hidden_dim=128;graph_curvature=9.0;graph_metric=poincare;hyperbolic_readout=1;jk_mode=cat;learnable_curvature=1;lr=0.0002;num_layers=2;proj_dim=512;readout_clip=1.0;readout_scale=1;rho_quantile=0.38;scorer_hidden=256;weight_decay=1e-05,128,poincare,cat,0.0002,2,512,256,,1e-05,81.34,144.64,0.37914,0.0,4.0,,,,,,unit,9.0,1,1,1.0,1,0.38
glue|bert-base-uncased|mrpc_wide|AB|t35|s42|tune,glue,bert-base-uncased,mrpc_wide,mrpc,AB,tune,35,42,f1,curvature=4.0;feature_mode=unit;gat_hidden_dim=256;graph_curvature=1.0;graph_metric=poincare;hyperbolic_readout=1;jk_mode=max;learnable_curvature=0;lr=2e-05;num_layers=2;proj_dim=256;readout_clip=0.7;readout_scale=0;rho_quantile=0.38;scorer_hidden=256;weight_decay=5e-05,256,poincare,max,2e-05,2,256,256,,5e-05,81.22,143.18,0.37929,0.0,4.0,,,,,,unit,1.0,1,0,0.7,0,0.38
glue|bert-base-uncased|mrpc_wide|AB|t36|s42|tune,glue,bert-base-uncased,mrpc_wide,mrpc,AB,tune,36,42,f1,curvature=0.25;feature_mode=cls_root_unit;gat_hidden_dim=64;graph_curvature=4.0;graph_metric=poincare;hyperbolic_readout=1;jk_mode=cat;learnable_curvature=0;lr=0.0002;num_layers=4;proj_dim=512;readout_clip=0.7;readout_scale=0;rho_quantile=0.1;scorer_hidden=128;weight_decay=0.0,64,poincare,cat,0.0002,4,512,128,,0.0,81.34,150.99,0.09977,0.0,0.25,,,,,,cls_root_unit,4.0,1,0,0.7,0,0.1
glue|bert-base-uncased|mrpc_wide|AB|t37|s42|tune,glue,bert-base-uncased,mrpc_wide,mrpc,AB,tune,37,42,f1,curvature=1.0;feature_mode=center_unit;gat_hidden_dim=128;graph_curvature=4.0;graph_metric=poincare;hyperbolic_readout=1;jk_mode=cat;learnable_curvature=1;lr=0.0002;num_layers=4;proj_dim=256;readout_clip=1.0;readout_scale=1;rho_quantile=0.1;scorer_hidden=256;weight_decay=0.0,128,poincare,cat,0.0002,4,256,256,,0.0,81.22,174.81,0.09991,0.0,1.0,,,,,,center_unit,4.0,1,1,1.0,1,0.1
glue|bert-base-uncased|mrpc_wide|AB|t38|s42|tune,glue,bert-base-uncased,mrpc_wide,mrpc,AB,tune,38,42,f1,curvature=1.0;feature_mode=center_unit;gat_hidden_dim=128;graph_curvature=4.0;graph_metric=poincare;hyperbolic_readout=1;jk_mode=max;learnable_curvature=1;lr=0.001;num_layers=2;proj_dim=512;readout_clip=0.0;readout_scale=0;rho_quantile=0.05;scorer_hidden=256;weight_decay=0.0,128,poincare,max,0.001,2,512,256,,0.0,82.02,179.99,0.05,0.0,1.0,,,,,,center_unit,4.0,1,1,0.0,0,0.05
glue|bert-base-uncased|mrpc_wide|AB|t39|s42|tune,glue,bert-base-uncased,mrpc_wide,mrpc,AB,tune,39,42,f1,curvature=0.25;feature_mode=cls_root_unit;gat_hidden_dim=256;graph_curvature=1.0;graph_metric=poincare;hyperbolic_readout=1;jk_mode=cat;learnable_curvature=0;lr=0.001;num_layers=4;proj_dim=512;readout_clip=0.0;readout_scale=0;rho_quantile=0.1;scorer_hidden=256;weight_decay=0.0,256,poincare,cat,0.001,4,512,256,,0.0,81.85,172.36,0.09976,0.0,0.25,,,,,,cls_root_unit,1.0,1,0,0.0,0,0.1
glue|bert-base-uncased|mrpc_wide|AB|t16|s1|confirm,glue,bert-base-uncased,mrpc_wide,mrpc,AB,confirm,16,1,f1,curvature=1.0;feature_mode=cls_root_unit;gat_hidden_dim=128;graph_curvature=9.0;graph_metric=poincare;hyperbolic_readout=1;jk_mode=max;learnable_curvature=0;lr=0.0002;num_layers=2;proj_dim=128;readout_clip=0.7;readout_scale=0;rho_quantile=0.2;scorer_hidden=128;weight_decay=1e-05,128,poincare,max,0.0002,2,128,128,,1e-05,82.23,193.76,0.19914,0.0,1.0,,,,,,cls_root_unit,9.0,1,0,0.7,0,0.2
glue|bert-base-uncased|mrpc_wide|AB|t16|s2|confirm,glue,bert-base-uncased,mrpc_wide,mrpc,AB,confirm,16,2,f1,curvature=1.0;feature_mode=cls_root_unit;gat_hidden_dim=128;graph_curvature=9.0;graph_metric=poincare;hyperbolic_readout=1;jk_mode=max;learnable_curvature=0;lr=0.0002;num_layers=2;proj_dim=128;readout_clip=0.7;readout_scale=0;rho_quantile=0.2;scorer_hidden=128;weight_decay=1e-05,128,poincare,max,0.0002,2,128,128,,1e-05,81.46,158.62,0.19926,0.0,1.0,,,,,,cls_root_unit,9.0,1,0,0.7,0,0.2
glue|bert-base-uncased|mrpc_wide|AB|t16|s3|confirm,glue,bert-base-uncased,mrpc_wide,mrpc,AB,confirm,16,3,f1,curvature=1.0;feature_mode=cls_root_unit;gat_hidden_dim=128;graph_curvature=9.0;graph_metric=poincare;hyperbolic_readout=1;jk_mode=max;learnable_curvature=0;lr=0.0002;num_layers=2;proj_dim=128;readout_clip=0.7;readout_scale=0;rho_quantile=0.2;scorer_hidden=128;weight_decay=1e-05,128,poincare,max,0.0002,2,128,128,,1e-05,82.27,169.32,0.19932,0.0,1.0,,,,,,cls_root_unit,9.0,1,0,0.7,0,0.2
glue|bert-base-uncased|mrpc_wide|AB|t16|s4|confirm,glue,bert-base-uncased,mrpc_wide,mrpc,AB,confirm,16,4,f1,curvature=1.0;feature_mode=cls_root_unit;gat_hidden_dim=128;graph_curvature=9.0;graph_metric=poincare;hyperbolic_readout=1;jk_mode=max;learnable_curvature=0;lr=0.0002;num_layers=2;proj_dim=128;readout_clip=0.7;readout_scale=0;rho_quantile=0.2;scorer_hidden=128;weight_decay=1e-05,128,poincare,max,0.0002,2,128,128,,1e-05,81.71,202.74,0.19924,0.0,1.0,,,,,,cls_root_unit,9.0,1,0,0.7,0,0.2
glue|bert-base-uncased|mrpc_wide|AB|t16|s5|confirm,glue,bert-base-uncased,mrpc_wide,mrpc,AB,confirm,16,5,f1,curvature=1.0;feature_mode=cls_root_unit;gat_hidden_dim=128;graph_curvature=9.0;graph_metric=poincare;hyperbolic_readout=1;jk_mode=max;learnable_curvature=0;lr=0.0002;num_layers=2;proj_dim=128;readout_clip=0.7;readout_scale=0;rho_quantile=0.2;scorer_hidden=128;weight_decay=1e-05,128,poincare,max,0.0002,2,128,128,,1e-05,81.42,175.11,0.19937,0.0,1.0,,,,,,cls_root_unit,9.0,1,0,0.7,0,0.2
glue|bert-base-uncased|mrpc_wide|AB|t16|s6|confirm,glue,bert-base-uncased,mrpc_wide,mrpc,AB,confirm,16,6,f1,curvature=1.0;feature_mode=cls_root_unit;gat_hidden_dim=128;graph_curvature=9.0;graph_metric=poincare;hyperbolic_readout=1;jk_mode=max;learnable_curvature=0;lr=0.0002;num_layers=2;proj_dim=128;readout_clip=0.7;readout_scale=0;rho_quantile=0.2;scorer_hidden=128;weight_decay=1e-05,128,poincare,max,0.0002,2,128,128,,1e-05,81.22,161.99,0.19924,0.0,1.0,,,,,,cls_root_unit,9.0,1,0,0.7,0,0.2
glue|bert-base-uncased|mrpc_wide|AB|t16|s7|confirm,glue,bert-base-uncased,mrpc_wide,mrpc,AB,confirm,16,7,f1,curvature=1.0;feature_mode=cls_root_unit;gat_hidden_dim=128;graph_curvature=9.0;graph_metric=poincare;hyperbolic_readout=1;jk_mode=max;learnable_curvature=0;lr=0.0002;num_layers=2;proj_dim=128;readout_clip=0.7;readout_scale=0;rho_quantile=0.2;scorer_hidden=128;weight_decay=1e-05,128,poincare,max,0.0002,2,128,128,,1e-05,81.47,172.15,0.19928,0.0,1.0,,,,,,cls_root_unit,9.0,1,0,0.7,0,0.2
glue|bert-base-uncased|mrpc_wide|AB|t16|s8|confirm,glue,bert-base-uncased,mrpc_wide,mrpc,AB,confirm,16,8,f1,curvature=1.0;feature_mode=cls_root_unit;gat_hidden_dim=128;graph_curvature=9.0;graph_metric=poincare;hyperbolic_readout=1;jk_mode=max;learnable_curvature=0;lr=0.0002;num_layers=2;proj_dim=128;readout_clip=0.7;readout_scale=0;rho_quantile=0.2;scorer_hidden=128;weight_decay=1e-05,128,poincare,max,0.0002,2,128,128,,1e-05,81.95,168.76,0.19932,0.0,1.0,,,,,,cls_root_unit,9.0,1,0,0.7,0,0.2
glue|bert-base-uncased|mrpc_wide|AB|t16|s9|confirm,glue,bert-base-uncased,mrpc_wide,mrpc,AB,confirm,16,9,f1,curvature=1.0;feature_mode=cls_root_unit;gat_hidden_dim=128;graph_curvature=9.0;graph_metric=poincare;hyperbolic_readout=1;jk_mode=max;learnable_curvature=0;lr=0.0002;num_layers=2;proj_dim=128;readout_clip=0.7;readout_scale=0;rho_quantile=0.2;scorer_hidden=128;weight_decay=1e-05,128,poincare,max,0.0002,2,128,128,,1e-05,82.34,167.6,0.19925,0.0,1.0,,,,,,cls_root_unit,9.0,1,0,0.7,0,0.2
glue|bert-base-uncased|mrpc_wide|AB|t16|s10|confirm,glue,bert-base-uncased,mrpc_wide,mrpc,AB,confirm,16,10,f1,curvature=1.0;feature_mode=cls_root_unit;gat_hidden_dim=128;graph_curvature=9.0;graph_metric=poincare;hyperbolic_readout=1;jk_mode=max;learnable_curvature=0;lr=0.0002;num_layers=2;proj_dim=128;readout_clip=0.7;readout_scale=0;rho_quantile=0.2;scorer_hidden=128;weight_decay=1e-05,128,poincare,max,0.0002,2,128,128,,1e-05,81.47,225.48,0.19931,0.0,1.0,,,,,,cls_root_unit,9.0,1,0,0.7,0,0.2
glue|bert-base-uncased|mrpc_wide|AB|t16|s11|confirm,glue,bert-base-uncased,mrpc_wide,mrpc,AB,confirm,16,11,f1,curvature=1.0;feature_mode=cls_root_unit;gat_hidden_dim=128;graph_curvature=9.0;graph_metric=poincare;hyperbolic_readout=1;jk_mode=max;learnable_curvature=0;lr=0.0002;num_layers=2;proj_dim=128;readout_clip=0.7;readout_scale=0;rho_quantile=0.2;scorer_hidden=128;weight_decay=1e-05,128,poincare,max,0.0002,2,128,128,,1e-05,82.14,251.52,0.19921,0.0,1.0,,,,,,cls_root_unit,9.0,1,0,0.7,0,0.2
glue|bert-base-uncased|mrpc_wide|AB|t16|s12|confirm,glue,bert-base-uncased,mrpc_wide,mrpc,AB,confirm,16,12,f1,curvature=1.0;feature_mode=cls_root_unit;gat_hidden_dim=128;graph_curvature=9.0;graph_metric=poincare;hyperbolic_readout=1;jk_mode=max;learnable_curvature=0;lr=0.0002;num_layers=2;proj_dim=128;readout_clip=0.7;readout_scale=0;rho_quantile=0.2;scorer_hidden=128;weight_decay=1e-05,128,poincare,max,0.0002,2,128,128,,1e-05,82.39,227.28,0.19928,0.0,1.0,,,,,,cls_root_unit,9.0,1,0,0.7,0,0.2
glue|bert-base-uncased|mrpc_wide|AB|t16|s13|confirm,glue,bert-base-uncased,mrpc_wide,mrpc,AB,confirm,16,13,f1,curvature=1.0;feature_mode=cls_root_unit;gat_hidden_dim=128;graph_curvature=9.0;graph_metric=poincare;hyperbolic_readout=1;jk_mode=max;learnable_curvature=0;lr=0.0002;num_layers=2;proj_dim=128;readout_clip=0.7;readout_scale=0;rho_quantile=0.2;scorer_hidden=128;weight_decay=1e-05,128,poincare,max,0.0002,2,128,128,,1e-05,82.39,244.22,0.19925,0.0,1.0,,,,,,cls_root_unit,9.0,1,0,0.7,0,0.2
glue|bert-base-uncased|mrpc_wide|AB|t16|s14|confirm,glue,bert-base-uncased,mrpc_wide,mrpc,AB,confirm,16,14,f1,curvature=1.0;feature_mode=cls_root_unit;gat_hidden_dim=128;graph_curvature=9.0;graph_metric=poincare;hyperbolic_readout=1;jk_mode=max;learnable_curvature=0;lr=0.0002;num_layers=2;proj_dim=128;readout_clip=0.7;readout_scale=0;rho_quantile=0.2;scorer_hidden=128;weight_decay=1e-05,128,poincare,max,0.0002,2,128,128,,1e-05,81.95,236.71,0.19931,0.0,1.0,,,,,,cls_root_unit,9.0,1,0,0.7,0,0.2
glue|bert-base-uncased|mrpc_wide|AB|t16|s15|confirm,glue,bert-base-uncased,mrpc_wide,mrpc,AB,confirm,16,15,f1,curvature=1.0;feature_mode=cls_root_unit;gat_hidden_dim=128;graph_curvature=9.0;graph_metric=poincare;hyperbolic_readout=1;jk_mode=max;learnable_curvature=0;lr=0.0002;num_layers=2;proj_dim=128;readout_clip=0.7;readout_scale=0;rho_quantile=0.2;scorer_hidden=128;weight_decay=1e-05,128,poincare,max,0.0002,2,128,128,,1e-05,81.52,248.76,0.19934,0.0,1.0,,,,,,cls_root_unit,9.0,1,0,0.7,0,0.2
glue|bert-base-uncased|mrpc_wide|no_graph|t14|s1|confirm,glue,bert-base-uncased,mrpc_wide,mrpc,no_graph,confirm,14,1,f1,gat_hidden_dim=64;graph_metric=cosine;jk_mode=max;lr=0.0002;num_layers=4;proj_dim=128;scorer_hidden=256;tau=0.999;weight_decay=1e-05,64,cosine,max,0.0002,4,128,256,,1e-05,82.11,201.24,4e-05,0.98047,,,,,,0.999,,,,,,,
glue|bert-base-uncased|mrpc_wide|no_graph|t14|s2|confirm,glue,bert-base-uncased,mrpc_wide,mrpc,no_graph,confirm,14,2,f1,gat_hidden_dim=64;graph_metric=cosine;jk_mode=max;lr=0.0002;num_layers=4;proj_dim=128;scorer_hidden=256;tau=0.999;weight_decay=1e-05,64,cosine,max,0.0002,4,128,256,,1e-05,81.91,185.57,2e-05,0.98828,,,,,,0.999,,,,,,,
glue|bert-base-uncased|mrpc_wide|no_graph|t14|s3|confirm,glue,bert-base-uncased,mrpc_wide,mrpc,no_graph,confirm,14,3,f1,gat_hidden_dim=64;graph_metric=cosine;jk_mode=max;lr=0.0002;num_layers=4;proj_dim=128;scorer_hidden=256;tau=0.999;weight_decay=1e-05,64,cosine,max,0.0002,4,128,256,,1e-05,82.01,185.29,7e-05,0.97656,,,,,,0.999,,,,,,,
glue|bert-base-uncased|mrpc_wide|no_graph|t14|s4|confirm,glue,bert-base-uncased,mrpc_wide,mrpc,no_graph,confirm,14,4,f1,gat_hidden_dim=64;graph_metric=cosine;jk_mode=max;lr=0.0002;num_layers=4;proj_dim=128;scorer_hidden=256;tau=0.999;weight_decay=1e-05,64,cosine,max,0.0002,4,128,256,,1e-05,82.53,195.16,3e-05,0.98047,,,,,,0.999,,,,,,,
glue|bert-base-uncased|mrpc_wide|no_graph|t14|s5|confirm,glue,bert-base-uncased,mrpc_wide,mrpc,no_graph,confirm,14,5,f1,gat_hidden_dim=64;graph_metric=cosine;jk_mode=max;lr=0.0002;num_layers=4;proj_dim=128;scorer_hidden=256;tau=0.999;weight_decay=1e-05,64,cosine,max,0.0002,4,128,256,,1e-05,82.46,196.48,5e-05,0.98047,,,,,,0.999,,,,,,,
glue|bert-base-uncased|mrpc_wide|no_graph|t14|s6|confirm,glue,bert-base-uncased,mrpc_wide,mrpc,no_graph,confirm,14,6,f1,gat_hidden_dim=64;graph_metric=cosine;jk_mode=max;lr=0.0002;num_layers=4;proj_dim=128;scorer_hidden=256;tau=0.999;weight_decay=1e-05,64,cosine,max,0.0002,4,128,256,,1e-05,81.72,185.91,3e-05,0.98438,,,,,,0.999,,,,,,,
glue|bert-base-uncased|mrpc_wide|no_graph|t14|s7|confirm,glue,bert-base-uncased,mrpc_wide,mrpc,no_graph,confirm,14,7,f1,gat_hidden_dim=64;graph_metric=cosine;jk_mode=max;lr=0.0002;num_layers=4;proj_dim=128;scorer_hidden=256;tau=0.999;weight_decay=1e-05,64,cosine,max,0.0002,4,128,256,,1e-05,82.42,213.22,2e-05,0.98438,,,,,,0.999,,,,,,,
glue|bert-base-uncased|mrpc_wide|no_graph|t14|s8|confirm,glue,bert-base-uncased,mrpc_wide,mrpc,no_graph,confirm,14,8,f1,gat_hidden_dim=64;graph_metric=cosine;jk_mode=max;lr=0.0002;num_layers=4;proj_dim=128;scorer_hidden=256;tau=0.999;weight_decay=1e-05,64,cosine,max,0.0002,4,128,256,,1e-05,82.34,198.67,2e-05,0.98438,,,,,,0.999,,,,,,,
glue|bert-base-uncased|mrpc_wide|no_graph|t14|s9|confirm,glue,bert-base-uncased,mrpc_wide,mrpc,no_graph,confirm,14,9,f1,gat_hidden_dim=64;graph_metric=cosine;jk_mode=max;lr=0.0002;num_layers=4;proj_dim=128;scorer_hidden=256;tau=0.999;weight_decay=1e-05,64,cosine,max,0.0002,4,128,256,,1e-05,82.18,191.53,3e-05,0.98438,,,,,,0.999,,,,,,,
glue|bert-base-uncased|mrpc_wide|no_graph|t14|s10|confirm,glue,bert-base-uncased,mrpc_wide,mrpc,no_graph,confirm,14,10,f1,gat_hidden_dim=64;graph_metric=cosine;jk_mode=max;lr=0.0002;num_layers=4;proj_dim=128;scorer_hidden=256;tau=0.999;weight_decay=1e-05,64,cosine,max,0.0002,4,128,256,,1e-05,82.14,189.55,4e-05,0.98047,,,,,,0.999,,,,,,,
glue|bert-base-uncased|mrpc_wide|no_graph|t14|s11|confirm,glue,bert-base-uncased,mrpc_wide,mrpc,no_graph,confirm,14,11,f1,gat_hidden_dim=64;graph_metric=cosine;jk_mode=max;lr=0.0002;num_layers=4;proj_dim=128;scorer_hidden=256;tau=0.999;weight_decay=1e-05,64,cosine,max,0.0002,4,128,256,,1e-05,81.47,193.38,5e-05,0.97656,,,,,,0.999,,,,,,,
glue|bert-base-uncased|mrpc_wide|no_graph|t14|s12|confirm,glue,bert-base-uncased,mrpc_wide,mrpc,no_graph,confirm,14,12,f1,gat_hidden_dim=64;graph_metric=cosine;jk_mode=max;lr=0.0002;num_layers=4;proj_dim=128;scorer_hidden=256;tau=0.999;weight_decay=1e-05,64,cosine,max,0.0002,4,128,256,,1e-05,82.07,174.95,2e-05,0.98828,,,,,,0.999,,,,,,,
glue|bert-base-uncased|mrpc_wide|no_graph|t14|s13|confirm,glue,bert-base-uncased,mrpc_wide,mrpc,no_graph,confirm,14,13,f1,gat_hidden_dim=64;graph_metric=cosine;jk_mode=max;lr=0.0002;num_layers=4;proj_dim=128;scorer_hidden=256;tau=0.999;weight_decay=1e-05,64,cosine,max,0.0002,4,128,256,,1e-05,82.65,195.12,5e-05,0.97656,,,,,,0.999,,,,,,,
glue|bert-base-uncased|mrpc_wide|no_graph|t14|s14|confirm,glue,bert-base-uncased,mrpc_wide,mrpc,no_graph,confirm,14,14,f1,gat_hidden_dim=64;graph_metric=cosine;jk_mode=max;lr=0.0002;num_layers=4;proj_dim=128;scorer_hidden=256;tau=0.999;weight_decay=1e-05,64,cosine,max,0.0002,4,128,256,,1e-05,82.18,180.25,8e-05,0.96484,,,,,,0.999,,,,,,,
glue|bert-base-uncased|mrpc_wide|no_graph|t14|s15|confirm,glue,bert-base-uncased,mrpc_wide,mrpc,no_graph,confirm,14,15,f1,gat_hidden_dim=64;graph_metric=cosine;jk_mode=max;lr=0.0002;num_layers=4;proj_dim=128;scorer_hidden=256;tau=0.999;weight_decay=1e-05,64,cosine,max,0.0002,4,128,256,,1e-05,82.35,191.4,1e-05,0.99219,,,,,,0.999,,,,,,,
glue|bert-base-uncased|mrpc_wide|A|t0|s42|tune,glue,bert-base-uncased,mrpc_wide,mrpc,A,tune,0,42,f1,feature_mode=center_unit;gat_hidden_dim=256;graph_curvature=2.25;graph_metric=poincare;jk_mode=max;lr=2e-05;num_layers=2;proj_dim=256;rho_quantile=0.38;scorer_hidden=256;weight_decay=1e-05,256,poincare,max,2e-05,2,256,256,,1e-05,81.83,136.91,0.37928,0.0,,,,,,,center_unit,2.25,,,,,0.38
glue|bert-base-uncased|mrpc_wide|A|t1|s42|tune,glue,bert-base-uncased,mrpc_wide,mrpc,A,tune,1,42,f1,feature_mode=unit;gat_hidden_dim=128;graph_curvature=2.25;graph_metric=poincare;jk_mode=max;lr=2e-05;num_layers=4;proj_dim=128;rho_quantile=0.05;scorer_hidden=256;weight_decay=0.0,128,poincare,max,2e-05,4,128,256,,0.0,81.22,138.92,0.05007,0.0,,,,,,,unit,2.25,,,,,0.05
glue|bert-base-uncased|mrpc_wide|A|t2|s42|tune,glue,bert-base-uncased,mrpc_wide,mrpc,A,tune,2,42,f1,feature_mode=cls_root_unit;gat_hidden_dim=256;graph_curvature=9.0;graph_metric=poincare;jk_mode=cat;lr=0.001;num_layers=2;proj_dim=256;rho_quantile=0.38;scorer_hidden=128;weight_decay=1e-05,256,poincare,cat,0.001,2,256,128,,1e-05,81.21,135.65,0.37917,0.0,,,,,,,cls_root_unit,9.0,,,,,0.38
glue|bert-base-uncased|mrpc_wide|A|t3|s42|tune,glue,bert-base-uncased,mrpc_wide,mrpc,A,tune,3,42,f1,feature_mode=center_unit;gat_hidden_dim=128;graph_curvature=4.0;graph_metric=poincare;jk_mode=max;lr=0.001;num_layers=2;proj_dim=512;rho_quantile=0.05;scorer_hidden=256;weight_decay=1e-05,128,poincare,max,0.001,2,512,256,,1e-05,80.98,135.58,0.05,0.0,,,,,,,center_unit,4.0,,,,,0.05
glue|bert-base-uncased|mrpc_wide|A|t4|s42|tune,glue,bert-base-uncased,mrpc_wide,mrpc,A,tune,4,42,f1,feature_mode=unit;gat_hidden_dim=256;graph_curvature=1.0;graph_metric=poincare;jk_mode=max;lr=0.001;num_layers=4;proj_dim=256;rho_quantile=0.025;scorer_hidden=256;weight_decay=1e-05,256,poincare,max,0.001,4,256,256,,1e-05,80.13,138.91,0.02488,0.0,,,,,,,unit,1.0,,,,,0.025
glue|bert-base-uncased|mrpc_wide|A|t5|s42|tune,glue,bert-base-uncased,mrpc_wide,mrpc,A,tune,5,42,f1,feature_mode=center_unit;gat_hidden_dim=128;graph_curvature=2.25;graph_metric=poincare;jk_mode=cat;lr=2e-05;num_layers=4;proj_dim=128;rho_quantile=0.025;scorer_hidden=128;weight_decay=0.0,128,poincare,cat,2e-05,4,128,128,,0.0,81.22,139.52,0.02478,0.0,,,,,,,center_unit,2.25,,,,,0.025
glue|bert-base-uncased|mrpc_wide|A|t6|s42|tune,glue,bert-base-uncased,mrpc_wide,mrpc,A,tune,6,42,f1,feature_mode=unit;gat_hidden_dim=128;graph_curvature=4.0;graph_metric=poincare;jk_mode=max;lr=0.0002;num_layers=2;proj_dim=512;rho_quantile=0.2;scorer_hidden=256;weight_decay=0.0,128,poincare,max,0.0002,2,512,256,,0.0,82.33,140.0,0.19947,0.0,,,,,,,unit,4.0,,,,,0.2
glue|bert-base-uncased|mrpc_wide|A|t7|s42|tune,glue,bert-base-uncased,mrpc_wide,mrpc,A,tune,7,42,f1,feature_mode=center_unit;gat_hidden_dim=128;graph_curvature=2.25;graph_metric=poincare;jk_mode=max;lr=2e-05;num_layers=4;proj_dim=256;rho_quantile=0.1;scorer_hidden=256;weight_decay=5e-05,128,poincare,max,2e-05,4,256,256,,5e-05,81.22,138.53,0.09987,0.0,,,,,,,center_unit,2.25,,,,,0.1
glue|bert-base-uncased|mrpc_wide|A|t8|s42|tune,glue,bert-base-uncased,mrpc_wide,mrpc,A,tune,8,42,f1,feature_mode=unit;gat_hidden_dim=128;graph_curvature=0.25;graph_metric=poincare;jk_mode=cat;lr=0.001;num_layers=2;proj_dim=512;rho_quantile=0.025;scorer_hidden=256;weight_decay=5e-05,128,poincare,cat,0.001,2,512,256,,5e-05,80.8,136.24,0.02478,0.0,,,,,,,unit,0.25,,,,,0.025
glue|bert-base-uncased|mrpc_wide|A|t9|s42|tune,glue,bert-base-uncased,mrpc_wide,mrpc,A,tune,9,42,f1,feature_mode=center;gat_hidden_dim=256;graph_curvature=2.25;graph_metric=poincare;jk_mode=max;lr=0.001;num_layers=2;proj_dim=512;rho_quantile=0.2;scorer_hidden=256;weight_decay=0.0,256,poincare,max,0.001,2,512,256,,0.0,81.37,134.88,0.19785,0.0,,,,,,,center,2.25,,,,,0.2
glue|bert-base-uncased|mrpc_wide|A|t10|s42|tune,glue,bert-base-uncased,mrpc_wide,mrpc,A,tune,10,42,f1,feature_mode=center_unit;gat_hidden_dim=128;graph_curvature=2.25;graph_metric=poincare;jk_mode=cat;lr=2e-05;num_layers=4;proj_dim=512;rho_quantile=0.025;scorer_hidden=256;weight_decay=0.0,128,poincare,cat,2e-05,4,512,256,,0.0,81.22,139.1,0.02478,0.0,,,,,,,center_unit,2.25,,,,,0.025
glue|bert-base-uncased|mrpc_wide|A|t11|s42|tune,glue,bert-base-uncased,mrpc_wide,mrpc,A,tune,11,42,f1,feature_mode=center_unit;gat_hidden_dim=256;graph_curvature=2.25;graph_metric=poincare;jk_mode=max;lr=0.001;num_layers=2;proj_dim=256;rho_quantile=0.1;scorer_hidden=256;weight_decay=5e-05,256,poincare,max,0.001,2,256,256,,5e-05,81.49,136.08,0.0999,0.0,,,,,,,center_unit,2.25,,,,,0.1
glue|bert-base-uncased|mrpc_wide|A|t12|s42|tune,glue,bert-base-uncased,mrpc_wide,mrpc,A,tune,12,42,f1,feature_mode=unit;gat_hidden_dim=256;graph_curvature=9.0;graph_metric=poincare;jk_mode=max;lr=0.001;num_layers=4;proj_dim=256;rho_quantile=0.1;scorer_hidden=128;weight_decay=1e-05,256,poincare,max,0.001,4,256,128,,1e-05,79.32,140.18,0.09969,0.0,,,,,,,unit,9.0,,,,,0.1
glue|bert-base-uncased|mrpc_wide|A|t13|s42|tune,glue,bert-base-uncased,mrpc_wide,mrpc,A,tune,13,42,f1,feature_mode=unit;gat_hidden_dim=128;graph_curvature=2.25;graph_metric=poincare;jk_mode=max;lr=0.0002;num_layers=2;proj_dim=512;rho_quantile=0.1;scorer_hidden=256;weight_decay=0.0,128,poincare,max,0.0002,2,512,256,,0.0,82.28,134.64,0.09971,0.0,,,,,,,unit,2.25,,,,,0.1
glue|bert-base-uncased|mrpc_wide|A|t14|s42|tune,glue,bert-base-uncased,mrpc_wide,mrpc,A,tune,14,42,f1,feature_mode=center;gat_hidden_dim=256;graph_curvature=9.0;graph_metric=poincare;jk_mode=cat;lr=2e-05;num_layers=4;proj_dim=256;rho_quantile=0.05;scorer_hidden=256;weight_decay=5e-05,256,poincare,cat,2e-05,4,256,256,,5e-05,81.95,137.85,0.04995,0.0,,,,,,,center,9.0,,,,,0.05
glue|bert-base-uncased|mrpc_wide|A|t15|s42|tune,glue,bert-base-uncased,mrpc_wide,mrpc,A,tune,15,42,f1,feature_mode=unit;gat_hidden_dim=64;graph_curvature=9.0;graph_metric=poincare;jk_mode=max;lr=0.001;num_layers=2;proj_dim=128;rho_quantile=0.2;scorer_hidden=128;weight_decay=1e-05,64,poincare,max,0.001,2,128,128,,1e-05,81.68,135.94,0.19908,0.0,,,,,,,unit,9.0,,,,,0.2
glue|bert-base-uncased|mrpc_wide|A|t16|s42|tune,glue,bert-base-uncased,mrpc_wide,mrpc,A,tune,16,42,f1,feature_mode=center_unit;gat_hidden_dim=256;graph_curvature=1.0;graph_metric=poincare;jk_mode=cat;lr=2e-05;num_layers=2;proj_dim=256;rho_quantile=0.38;scorer_hidden=128;weight_decay=5e-05,256,poincare,cat,2e-05,2,256,128,,5e-05,81.22,135.83,0.37934,0.0,,,,,,,center_unit,1.0,,,,,0.38
glue|bert-base-uncased|mrpc_wide|A|t17|s42|tune,glue,bert-base-uncased,mrpc_wide,mrpc,A,tune,17,42,f1,feature_mode=center;gat_hidden_dim=64;graph_curvature=2.25;graph_metric=poincare;jk_mode=max;lr=2e-05;num_layers=2;proj_dim=256;rho_quantile=0.05;scorer_hidden=256;weight_decay=0.0,64,poincare,max,2e-05,2,256,256,,0.0,81.22,134.35,0.05012,0.0,,,,,,,center,2.25,,,,,0.05
glue|bert-base-uncased|mrpc_wide|A|t18|s42|tune,glue,bert-base-uncased,mrpc_wide,mrpc,A,tune,18,42,f1,feature_mode=cls_root_unit;gat_hidden_dim=256;graph_curvature=4.0;graph_metric=poincare;jk_mode=max;lr=2e-05;num_layers=2;proj_dim=256;rho_quantile=0.025;scorer_hidden=256;weight_decay=5e-05,256,poincare,max,2e-05,2,256,256,,5e-05,81.59,137.3,0.02486,0.0,,,,,,,cls_root_unit,4.0,,,,,0.025
glue|bert-base-uncased|mrpc_wide|A|t19|s42|tune,glue,bert-base-uncased,mrpc_wide,mrpc,A,tune,19,42,f1,feature_mode=unit;gat_hidden_dim=256;graph_curvature=2.25;graph_metric=poincare;jk_mode=max;lr=0.0002;num_layers=2;proj_dim=512;rho_quantile=0.025;scorer_hidden=128;weight_decay=0.0,256,poincare,max,0.0002,2,512,128,,0.0,82.3,135.99,0.02486,0.0,,,,,,,unit,2.25,,,,,0.025
glue|bert-base-uncased|mrpc_wide|A|t20|s42|tune,glue,bert-base-uncased,mrpc_wide,mrpc,A,tune,20,42,f1,feature_mode=center_unit;gat_hidden_dim=128;graph_curvature=0.25;graph_metric=poincare;jk_mode=cat;lr=0.0002;num_layers=2;proj_dim=512;rho_quantile=0.2;scorer_hidden=256;weight_decay=1e-05,128,poincare,cat,0.0002,2,512,256,,1e-05,81.52,135.56,0.19937,0.0,,,,,,,center_unit,0.25,,,,,0.2
glue|bert-base-uncased|mrpc_wide|A|t21|s42|tune,glue,bert-base-uncased,mrpc_wide,mrpc,A,tune,21,42,f1,feature_mode=center;gat_hidden_dim=64;graph_curvature=4.0;graph_metric=poincare;jk_mode=cat;lr=0.0002;num_layers=4;proj_dim=512;rho_quantile=0.1;scorer_hidden=256;weight_decay=1e-05,64,poincare,cat,0.0002,4,512,256,,1e-05,82.09,139.14,0.09958,0.0,,,,,,,center,4.0,,,,,0.1
glue|bert-base-uncased|mrpc_wide|A|t22|s42|tune,glue,bert-base-uncased,mrpc_wide,mrpc,A,tune,22,42,f1,feature_mode=cls_root_unit;gat_hidden_dim=128;graph_curvature=2.25;graph_metric=poincare;jk_mode=cat;lr=0.0002;num_layers=2;proj_dim=256;rho_quantile=0.025;scorer_hidden=128;weight_decay=1e-05,128,poincare,cat,0.0002,2,256,128,,1e-05,81.39,138.62,0.02478,0.0,,,,,,,cls_root_unit,2.25,,,,,0.025
glue|bert-base-uncased|mrpc_wide|A|t23|s42|tune,glue,bert-base-uncased,mrpc_wide,mrpc,A,tune,23,42,f1,feature_mode=center;gat_hidden_dim=64;graph_curvature=2.25;graph_metric=poincare;jk_mode=cat;lr=2e-05;num_layers=2;proj_dim=512;rho_quantile=0.2;scorer_hidden=256;weight_decay=1e-05,64,poincare,cat,2e-05,2,512,256,,1e-05,81.22,135.54,0.19797,0.0,,,,,,,center,2.25,,,,,0.2
glue|bert-base-uncased|mrpc_wide|A|t24|s42|tune,glue,bert-base-uncased,mrpc_wide,mrpc,A,tune,24,42,f1,feature_mode=unit;gat_hidden_dim=128;graph_curvature=2.25;graph_metric=poincare;jk_mode=cat;lr=0.0002;num_layers=2;proj_dim=256;rho_quantile=0.38;scorer_hidden=256;weight_decay=5e-05,128,poincare,cat,0.0002,2,256,256,,5e-05,82.05,136.22,0.37944,0.0,,,,,,,unit,2.25,,,,,0.38
glue|bert-base-uncased|mrpc_wide|A|t25|s42|tune,glue,bert-base-uncased,mrpc_wide,mrpc,A,tune,25,42,f1,feature_mode=unit;gat_hidden_dim=128;graph_curvature=2.25;graph_metric=poincare;jk_mode=cat;lr=0.0002;num_layers=4;proj_dim=256;rho_quantile=0.05;scorer_hidden=256;weight_decay=0.0,128,poincare,cat,0.0002,4,256,256,,0.0,80.13,140.09,0.05017,0.0,,,,,,,unit,2.25,,,,,0.05
glue|bert-base-uncased|mrpc_wide|A|t26|s42|tune,glue,bert-base-uncased,mrpc_wide,mrpc,A,tune,26,42,f1,feature_mode=center;gat_hidden_dim=64;graph_curvature=4.0;graph_metric=poincare;jk_mode=max;lr=0.0002;num_layers=4;proj_dim=128;rho_quantile=0.05;scorer_hidden=256;weight_decay=0.0,64,poincare,max,0.0002,4,128,256,,0.0,82.53,138.41,0.04992,0.0,,,,,,,center,4.0,,,,,0.05
glue|bert-base-uncased|mrpc_wide|A|t27|s42|tune,glue,bert-base-uncased,mrpc_wide,mrpc,A,tune,27,42,f1,feature_mode=cls_root_unit;gat_hidden_dim=128;graph_curvature=2.25;graph_metric=poincare;jk_mode=max;lr=2e-05;num_layers=4;proj_dim=256;rho_quantile=0.05;scorer_hidden=256;weight_decay=0.0,128,poincare,max,2e-05,4,256,256,,0.0,81.22,139.37,0.05007,0.0,,,,,,,cls_root_unit,2.25,,,,,0.05
glue|bert-base-uncased|mrpc_wide|A|t28|s42|tune,glue,bert-base-uncased,mrpc_wide,mrpc,A,tune,28,42,f1,feature_mode=cls_root_unit;gat_hidden_dim=128;graph_curvature=2.25;graph_metric=poincare;jk_mode=max;lr=0.0002;num_layers=2;proj_dim=128;rho_quantile=0.2;scorer_hidden=128;weight_decay=5e-05,128,poincare,max,0.0002,2,128,128,,5e-05,81.98,134.54,0.19947,0.0,,,,,,,cls_root_unit,2.25,,,,,0.2
glue|bert-base-uncased|mrpc_wide|A|t29|s42|tune,glue,bert-base-uncased,mrpc_wide,mrpc,A,tune,29,42,f1,feature_mode=center;gat_hidden_dim=256;graph_curvature=4.0;graph_metric=poincare;jk_mode=cat;lr=0.001;num_layers=4;proj_dim=128;rho_quantile=0.38;scorer_hidden=256;weight_decay=5e-05,256,poincare,cat,0.001,4,128,256,,5e-05,81.67,138.17,0.37762,0.0,,,,,,,center,4.0,,,,,0.38
glue|bert-base-uncased|mrpc_wide|A|t30|s42|tune,glue,bert-base-uncased,mrpc_wide,mrpc,A,tune,30,42,f1,feature_mode=center_unit;gat_hidden_dim=128;graph_curvature=1.0;graph_metric=poincare;jk_mode=max;lr=0.0002;num_layers=2;proj_dim=512;rho_quantile=0.2;scorer_hidden=256;weight_decay=0.0,128,poincare,max,0.0002,2,512,256,,0.0,82.28,135.86,0.19947,0.0,,,,,,,center_unit,1.0,,,,,0.2
glue|bert-base-uncased|mrpc_wide|A|t31|s42|tune,glue,bert-base-uncased,mrpc_wide,mrpc,A,tune,31,42,f1,feature_mode=cls_root_unit;gat_hidden_dim=128;graph_curvature=9.0;graph_metric=poincare;jk_mode=max;lr=2e-05;num_layers=2;proj_dim=512;rho_quantile=0.025;scorer_hidden=256;weight_decay=1e-05,128,poincare,max,2e-05,2,512,256,,1e-05,81.22,136.25,0.02486,0.0,,,,,,,cls_root_unit,9.0,,,,,0.025
glue|bert-base-uncased|mrpc_wide|A|t32|s42|tune,glue,bert-base-uncased,mrpc_wide,mrpc,A,tune,32,42,f1,feature_mode=center;gat_hidden_dim=64;graph_curvature=4.0;graph_metric=poincare;jk_mode=cat;lr=0.0002;num_layers=2;proj_dim=128;rho_quantile=0.05;scorer_hidden=128;weight_decay=1e-05,64,poincare,cat,0.0002,2,128,128,,1e-05,81.94,135.46,0.04996,0.0,,,,,,,center,4.0,,,,,0.05
glue|bert-base-uncased|mrpc_wide|A|t33|s42|tune,glue,bert-base-uncased,mrpc_wide,mrpc,A,tune,33,42,f1,feature_mode=cls_root_unit;gat_hidden_dim=64;graph_curvature=9.0;graph_metric=poincare;jk_mode=max;lr=0.001;num_layers=2;proj_dim=512;rho_quantile=0.1;scorer_hidden=256;weight_decay=1e-05,64,poincare,max,0.001,2,512,256,,1e-05,82.27,136.64,0.09395,0.0,,,,,,,cls_root_unit,9.0,,,,,0.1
glue|bert-base-uncased|mrpc_wide|A|t34|s42|tune,glue,bert-base-uncased,mrpc_wide,mrpc,A,tune,34,42,f1,feature_mode=center_unit;gat_hidden_dim=128;graph_curvature=0.25;graph_metric=poincare;jk_mode=cat;lr=2e-05;num_layers=4;proj_dim=256;rho_quantile=0.38;scorer_hidden=128;weight_decay=5e-05,128,poincare,cat,2e-05,4,256,128,,5e-05,81.34,140.23,0.37922,0.0,,,,,,,center_unit,0.25,,,,,0.38
glue|bert-base-uncased|mrpc_wide|A|t35|s42|tune,glue,bert-base-uncased,mrpc_wide,mrpc,A,tune,35,42,f1,feature_mode=center;gat_hidden_dim=128;graph_curvature=1.0;graph_metric=poincare;jk_mode=max;lr=0.0002;num_layers=2;proj_dim=128;rho_quantile=0.2;scorer_hidden=256;weight_decay=0.0,128,poincare,max,0.0002,2,128,256,,0.0,82.28,139.34,0.19861,0.0,,,,,,,center,1.0,,,,,0.2
glue|bert-base-uncased|mrpc_wide|A|t36|s42|tune,glue,bert-base-uncased,mrpc_wide,mrpc,A,tune,36,42,f1,feature_mode=center_unit;gat_hidden_dim=256;graph_curvature=9.0;graph_metric=poincare;jk_mode=cat;lr=0.001;num_layers=4;proj_dim=512;rho_quantile=0.2;scorer_hidden=128;weight_decay=1e-05,256,poincare,cat,0.001,4,512,128,,1e-05,81.8,141.01,0.19931,0.0,,,,,,,center_unit,9.0,,,,,0.2
glue|bert-base-uncased|mrpc_wide|A|t37|s42|tune,glue,bert-base-uncased,mrpc_wide,mrpc,A,tune,37,42,f1,feature_mode=center;gat_hidden_dim=128;graph_curvature=1.0;graph_metric=poincare;jk_mode=max;lr=0.001;num_layers=4;proj_dim=128;rho_quantile=0.05;scorer_hidden=128;weight_decay=0.0,128,poincare,max,0.001,4,128,128,,0.0,81.78,141.98,0.04997,0.0,,,,,,,center,1.0,,,,,0.05
glue|bert-base-uncased|mrpc_wide|A|t38|s42|tune,glue,bert-base-uncased,mrpc_wide,mrpc,A,tune,38,42,f1,feature_mode=unit;gat_hidden_dim=128;graph_curvature=9.0;graph_metric=poincare;jk_mode=cat;lr=0.001;num_layers=2;proj_dim=512;rho_quantile=0.38;scorer_hidden=256;weight_decay=5e-05,128,poincare,cat,0.001,2,512,256,,5e-05,80.86,138.19,0.37914,0.0,,,,,,,unit,9.0,,,,,0.38
glue|bert-base-uncased|mrpc_wide|A|t39|s42|tune,glue,bert-base-uncased,mrpc_wide,mrpc,A,tune,39,42,f1,feature_mode=center_unit;gat_hidden_dim=64;graph_curvature=1.0;graph_metric=poincare;jk_mode=cat;lr=0.0002;num_layers=2;proj_dim=256;rho_quantile=0.025;scorer_hidden=256;weight_decay=1e-05,64,poincare,cat,0.0002,2,256,256,,1e-05,81.71,137.2,0.02486,0.0,,,,,,,center_unit,1.0,,,,,0.025
glue|bert-base-uncased|mrpc_wide|AC|t0|s42|tune,glue,bert-base-uncased,mrpc_wide,mrpc,AC,tune,0,42,f1,curvature=4.0;feature_mode=center_unit;gat_hidden_dim=64;gnn_input_clip=0.0;gnn_input_scale=0;graph_curvature=2.25;graph_metric=poincare;hyp_gnn_type=gat;hyperbolic_gnn=1;jk_mode=max;lr=2e-05;num_layers=2;proj_dim=512;rho_quantile=0.1;scorer_hidden=256;weight_decay=0.0,64,poincare,max,2e-05,2,512,256,,0.0,81.22,150.59,0.09971,0.0,4.0,0.0,0,gat,1,,center_unit,2.25,,,,,0.1
glue|bert-base-uncased|mrpc_wide|AC|t1|s42|tune,glue,bert-base-uncased,mrpc_wide,mrpc,AC,tune,1,42,f1,curvature=4.0;feature_mode=center_unit;gat_hidden_dim=256;gnn_input_clip=1.0;gnn_input_scale=1;graph_curvature=9.0;graph_metric=poincare;hyp_gnn_type=gat;hyperbolic_gnn=1;jk_mode=max;lr=0.001;num_layers=2;proj_dim=128;rho_quantile=0.025;scorer_hidden=128;weight_decay=0.0,256,poincare,max,0.001,2,128,128,,0.0,82.07,152.96,0.02485,0.0,4.0,1.0,1,gat,1,,center_unit,9.0,,,,,0.025
glue|bert-base-uncased|mrpc_wide|AC|t2|s42|tune,glue,bert-base-uncased,mrpc_wide,mrpc,AC,tune,2,42,f1,curvature=0.25;feature_mode=unit;gat_hidden_dim=256;gnn_input_clip=0.7;gnn_input_scale=0;graph_curvature=9.0;graph_metric=poincare;hyp_gnn_type=gcn;hyperbolic_gnn=1;jk_mode=max;lr=0.001;num_layers=4;proj_dim=256;rho_quantile=0.025;scorer_hidden=256;weight_decay=0.0,256,poincare,max,0.001,4,256,256,,0.0,82.41,169.2,0.0249,0.0,0.25,0.7,0,gcn,1,,unit,9.0,,,,,0.025
glue|bert-base-uncased|mrpc_wide|AC|t3|s42|tune,glue,bert-base-uncased,mrpc_wide,mrpc,AC,tune,3,42,f1,curvature=1.0;feature_mode=unit;gat_hidden_dim=256;gnn_input_clip=0.7;gnn_input_scale=1;graph_curvature=9.0;graph_metric=poincare;hyp_gnn_type=gcn;hyperbolic_gnn=1;jk_mode=max;lr=0.001;num_layers=2;proj_dim=512;rho_quantile=0.38;scorer_hidden=256;weight_decay=1e-05,256,poincare,max,0.001,2,512,256,,1e-05,82.39,154.19,0.37896,0.0,1.0,0.7,1,gcn,1,,unit,9.0,,,,,0.38
glue|bert-base-uncased|mrpc_wide|AC|t4|s42|tune,glue,bert-base-uncased,mrpc_wide,mrpc,AC,tune,4,42,f1,curvature=1.0;feature_mode=cls_root_unit;gat_hidden_dim=128;gnn_input_clip=0.0;gnn_input_scale=1;graph_curvature=2.25;graph_metric=poincare;hyp_gnn_type=gat;hyperbolic_gnn=1;jk_mode=max;lr=0.001;num_layers=2;proj_dim=512;rho_quantile=0.1;scorer_hidden=256;weight_decay=1e-05,128,poincare,max,0.001,2,512,256,,1e-05,82.14,148.16,0.09985,0.0,1.0,0.0,1,gat,1,,cls_root_unit,2.25,,,,,0.1
glue|bert-base-uncased|mrpc_wide|AC|t5|s42|tune,glue,bert-base-uncased,mrpc_wide,mrpc,AC,tune,5,42,f1,curvature=4.0;feature_mode=unit;gat_hidden_dim=128;gnn_input_clip=0.0;gnn_input_scale=0;graph_curvature=9.0;graph_metric=poincare;hyp_gnn_type=gcn;hyperbolic_gnn=1;jk_mode=max;lr=2e-05;num_layers=2;proj_dim=128;rho_quantile=0.05;scorer_hidden=128;weight_decay=0.0,128,poincare,max,2e-05,2,128,128,,0.0,81.22,152.8,0.05022,0.0,4.0,0.0,0,gcn,1,,unit,9.0,,,,,0.05
glue|bert-base-uncased|mrpc_wide|AC|t6|s42|tune,glue,bert-base-uncased,mrpc_wide,mrpc,AC,tune,6,42,f1,curvature=0.25;feature_mode=center_unit;gat_hidden_dim=64;gnn_input_clip=1.0;gnn_input_scale=0;graph_curvature=2.25;graph_metric=poincare;hyp_gnn_type=gat;hyperbolic_gnn=1;jk_mode=max;lr=2e-05;num_layers=4;proj_dim=256;rho_quantile=0.025;scorer_hidden=256;weight_decay=5e-05,64,poincare,max,2e-05,4,256,256,,5e-05,81.22,164.36,0.02483,0.0,0.25,1.0,0,gat,1,,center_unit,2.25,,,,,0.025
glue|bert-base-uncased|mrpc_wide|AC|t7|s42|tune,glue,bert-base-uncased,mrpc_wide,mrpc,AC,tune,7,42,f1,curvature=0.25;feature_mode=center;gat_hidden_dim=128;gnn_input_clip=0.3;gnn_input_scale=0;graph_curvature=1.0;graph_metric=poincare;hyp_gnn_type=gcn;hyperbolic_gnn=1;jk_mode=max;lr=0.0002;num_layers=4;proj_dim=256;rho_quantile=0.1;scorer_hidden=256;weight_decay=1e-05,128,poincare,max,0.0002,4,256,256,,1e-05,81.22,170.1,0.09944,0.0,0.25,0.3,0,gcn,1,,center,1.0,,,,,0.1
glue|bert-base-uncased|mrpc_wide|AC|t8|s42|tune,glue,bert-base-uncased,mrpc_wide,mrpc,AC,tune,8,42,f1,curvature=4.0;feature_mode=unit;gat_hidden_dim=64;gnn_input_clip=0.0;gnn_input_scale=1;graph_curvature=4.0;graph_metric=poincare;hyp_gnn_type=gcn;hyperbolic_gnn=1;jk_mode=max;lr=2e-05;num_layers=2;proj_dim=256;rho_quantile=0.05;scorer_hidden=256;weight_decay=0.0,64,poincare,max,2e-05,2,256,256,,0.0,77.32,152.57,0.05006,0.0,4.0,0.0,1,gcn,1,,unit,4.0,,,,,0.05
glue|bert-base-uncased|mrpc_wide|AC|t9|s42|tune,glue,bert-base-uncased,mrpc_wide,mrpc,AC,tune,9,42,f1,curvature=1.0;feature_mode=center;gat_hidden_dim=256;gnn_input_clip=0.0;gnn_input_scale=0;graph_curvature=9.0;graph_metric=poincare;hyp_gnn_type=gat;hyperbolic_gnn=1;jk_mode=max;lr=0.0002;num_layers=2;proj_dim=512;rho_quantile=0.2;scorer_hidden=128;weight_decay=1e-05,256,poincare,max,0.0002,2,512,128,,1e-05,82.16,149.19,0.19755,0.0,1.0,0.0,0,gat,1,,center,9.0,,,,,0.2
glue|bert-base-uncased|mrpc_wide|AC|t10|s42|tune,glue,bert-base-uncased,mrpc_wide,mrpc,AC,tune,10,42,f1,curvature=4.0;feature_mode=center;gat_hidden_dim=256;gnn_input_clip=0.0;gnn_input_scale=1;graph_curvature=9.0;graph_metric=poincare;hyp_gnn_type=gcn;hyperbolic_gnn=1;jk_mode=cat;lr=2e-05;num_layers=4;proj_dim=128;rho_quantile=0.38;scorer_hidden=128;weight_decay=0.0,256,poincare,cat,2e-05,4,128,128,,0.0,81.22,171.94,0.37559,0.0,4.0,0.0,1,gcn,1,,center,9.0,,,,,0.38
glue|bert-base-uncased|mrpc_wide|AC|t11|s42|tune,glue,bert-base-uncased,mrpc_wide,mrpc,AC,tune,11,42,f1,curvature=4.0;feature_mode=center;gat_hidden_dim=64;gnn_input_clip=0.0;gnn_input_scale=0;graph_curvature=1.0;graph_metric=poincare;hyp_gnn_type=gcn;hyperbolic_gnn=1;jk_mode=cat;lr=2e-05;num_layers=2;proj_dim=128;rho_quantile=0.05;scorer_hidden=256;weight_decay=0.0,64,poincare,cat,2e-05,2,128,256,,0.0,81.22,155.12,0.0501,0.0,4.0,0.0,0,gcn,1,,center,1.0,,,,,0.05
glue|bert-base-uncased|mrpc_wide|AC|t12|s42|tune,glue,bert-base-uncased,mrpc_wide,mrpc,AC,tune,12,42,f1,curvature=4.0;feature_mode=unit;gat_hidden_dim=256;gnn_input_clip=0.7;gnn_input_scale=1;graph_curvature=0.25;graph_metric=poincare;hyp_gnn_type=gcn;hyperbolic_gnn=1;jk_mode=cat;lr=2e-05;num_layers=2;proj_dim=256;rho_quantile=0.38;scorer_hidden=256;weight_decay=5e-05,256,poincare,cat,2e-05,2,256,256,,5e-05,81.22,154.45,0.3793,0.0,4.0,0.7,1,gcn,1,,unit,0.25,,,,,0.38
glue|bert-base-uncased|mrpc_wide|AC|t13|s42|tune,glue,bert-base-uncased,mrpc_wide,mrpc,AC,tune,13,42,f1,curvature=0.25;feature_mode=center;gat_hidden_dim=256;gnn_input_clip=0.7;gnn_input_scale=0;graph_curvature=4.0;graph_metric=poincare;hyp_gnn_type=gat;hyperbolic_gnn=1;jk_mode=cat;lr=0.0002;num_layers=2;proj_dim=256;rho_quantile=0.1;scorer_hidden=256;weight_decay=1e-05,256,poincare,cat,0.0002,2,256,256,,1e-05,81.8,151.43,0.09952,0.0,0.25,0.7,0,gat,1,,center,4.0,,,,,0.1
glue|bert-base-uncased|mrpc_wide|AC|t14|s42|tune,glue,bert-base-uncased,mrpc_wide,mrpc,AC,tune,14,42,f1,curvature=4.0;feature_mode=cls_root_unit;gat_hidden_dim=64;gnn_input_clip=0.0;gnn_input_scale=0;graph_curvature=9.0;graph_metric=poincare;hyp_gnn_type=gat;hyperbolic_gnn=1;jk_mode=cat;lr=2e-05;num_layers=4;proj_dim=256;rho_quantile=0.38;scorer_hidden=128;weight_decay=5e-05,64,poincare,cat,2e-05,4,256,128,,5e-05,81.46,165.83,0.37919,0.0,4.0,0.0,0,gat,1,,cls_root_unit,9.0,,,,,0.38
glue|bert-base-uncased|mrpc_wide|AC|t15|s42|tune,glue,bert-base-uncased,mrpc_wide,mrpc,AC,tune,15,42,f1,curvature=0.25;feature_mode=unit;gat_hidden_dim=256;gnn_input_clip=1.0;gnn_input_scale=0;graph_curvature=4.0;graph_metric=poincare;hyp_gnn_type=gcn;hyperbolic_gnn=1;jk_mode=max;lr=0.001;num_layers=2;proj_dim=128;rho_quantile=0.2;scorer_hidden=256;weight_decay=1e-05,256,poincare,max,0.001,2,128,256,,1e-05,82.58,152.46,0.19932,0.0,0.25,1.0,0,gcn,1,,unit,4.0,,,,,0.2
glue|bert-base-uncased|mrpc_wide|AC|t16|s42|tune,glue,bert-base-uncased,mrpc_wide,mrpc,AC,tune,16,42,f1,curvature=1.0;feature_mode=unit;gat_hidden_dim=64;gnn_input_clip=0.0;gnn_input_scale=1;graph_curvature=4.0;graph_metric=poincare;hyp_gnn_type=gat;hyperbolic_gnn=1;jk_mode=max;lr=0.0002;num_layers=2;proj_dim=128;rho_quantile=0.2;scorer_hidden=256;weight_decay=1e-05,64,poincare,max,0.0002,2,128,256,,1e-05,81.95,150.88,0.19933,0.0,1.0,0.0,1,gat,1,,unit,4.0,,,,,0.2
glue|bert-base-uncased|mrpc_wide|AC|t17|s42|tune,glue,bert-base-uncased,mrpc_wide,mrpc,AC,tune,17,42,f1,curvature=1.0;feature_mode=center;gat_hidden_dim=256;gnn_input_clip=1.0;gnn_input_scale=1;graph_curvature=4.0;graph_metric=poincare;hyp_gnn_type=gat;hyperbolic_gnn=1;jk_mode=cat;lr=2e-05;num_layers=2;proj_dim=128;rho_quantile=0.2;scorer_hidden=256;weight_decay=1e-05,256,poincare,cat,2e-05,2,128,256,,1e-05,81.22,147.33,0.19845,0.0,1.0,1.0,1,gat,1,,center,4.0,,,,,0.2
glue|bert-base-uncased|mrpc_wide|AC|t18|s42|tune,glue,bert-base-uncased,mrpc_wide,mrpc,AC,tune,18,42,f1,curvature=0.25;feature_mode=center_unit;gat_hidden_dim=128;gnn_input_clip=0.7;gnn_input_scale=1;graph_curvature=9.0;graph_metric=poincare;hyp_gnn_type=gat;hyperbolic_gnn=1;jk_mode=cat;lr=2e-05;num_layers=2;proj_dim=128;rho_quantile=0.05;scorer_hidden=128;weight_decay=5e-05,128,poincare,cat,2e-05,2,128,128,,5e-05,81.22,147.5,0.05001,0.0,0.25,0.7,1,gat,1,,center_unit,9.0,,,,,0.05
glue|bert-base-uncased|mrpc_wide|AC|t19|s42|tune,glue,bert-base-uncased,mrpc_wide,mrpc,AC,tune,19,42,f1,curvature=4.0;feature_mode=center;gat_hidden_dim=256;gnn_input_clip=0.0;gnn_input_scale=1;graph_curvature=1.0;graph_metric=poincare;hyp_gnn_type=gat;hyperbolic_gnn=1;jk_mode=cat;lr=0.001;num_layers=2;proj_dim=512;rho_quantile=0.1;scorer_hidden=256;weight_decay=5e-05,256,poincare,cat,0.001,2,512,256,,5e-05,80.75,148.24,0.09955,0.0,4.0,0.0,1,gat,1,,center,1.0,,,,,0.1
glue|bert-base-uncased|mrpc_wide|AC|t20|s42|tune,glue,bert-base-uncased,mrpc_wide,mrpc,AC,tune,20,42,f1,curvature=1.0;feature_mode=cls_root_unit;gat_hidden_dim=256;gnn_input_clip=0.7;gnn_input_scale=0;graph_curvature=0.25;graph_metric=poincare;hyp_gnn_type=gat;hyperbolic_gnn=1;jk_mode=cat;lr=0.001;num_layers=4;proj_dim=256;rho_quantile=0.1;scorer_hidden=256;weight_decay=1e-05,256,poincare,cat,0.001,4,256,256,,1e-05,81.12,163.65,0.09983,0.0,1.0,0.7,0,gat,1,,cls_root_unit,0.25,,,,,0.1
glue|bert-base-uncased|mrpc_wide|AC|t21|s42|tune,glue,bert-base-uncased,mrpc_wide,mrpc,AC,tune,21,42,f1,curvature=4.0;feature_mode=unit;gat_hidden_dim=64;gnn_input_clip=0.3;gnn_input_scale=0;graph_curvature=1.0;graph_metric=poincare;hyp_gnn_type=gat;hyperbolic_gnn=1;jk_mode=cat;lr=0.001;num_layers=4;proj_dim=256;rho_quantile=0.1;scorer_hidden=256;weight_decay=1e-05,64,poincare,cat,0.001,4,256,256,,1e-05,81.68,164.47,0.09975,0.0,4.0,0.3,0,gat,1,,unit,1.0,,,,,0.1
glue|bert-base-uncased|mrpc_wide|AC|t22|s42|tune,glue,bert-base-uncased,mrpc_wide,mrpc,AC,tune,22,42,f1,curvature=4.0;feature_mode=cls_root_unit;gat_hidden_dim=128;gnn_input_clip=0.0;gnn_input_scale=1;graph_curvature=1.0;graph_metric=poincare;hyp_gnn_type=gat;hyperbolic_gnn=1;jk_mode=max;lr=0.0002;num_layers=2;proj_dim=256;rho_quantile=0.1;scorer_hidden=128;weight_decay=1e-05,128,poincare,max,0.0002,2,256,128,,1e-05,82.34,152.97,0.09984,0.0,4.0,0.0,1,gat,1,,cls_root_unit,1.0,,,,,0.1
glue|bert-base-uncased|mrpc_wide|AC|t23|s42|tune,glue,bert-base-uncased,mrpc_wide,mrpc,AC,tune,23,42,f1,curvature=0.25;feature_mode=cls_root_unit;gat_hidden_dim=128;gnn_input_clip=0.3;gnn_input_scale=0;graph_curvature=2.25;graph_metric=poincare;hyp_gnn_type=gat;hyperbolic_gnn=1;jk_mode=cat;lr=0.001;num_layers=4;proj_dim=256;rho_quantile=0.1;scorer_hidden=256;weight_decay=0.0,128,poincare,cat,0.001,4,256,256,,0.0,81.72,165.12,0.09979,0.0,0.25,0.3,0,gat,1,,cls_root_unit,2.25,,,,,0.1
glue|bert-base-uncased|mrpc_wide|AC|t24|s42|tune,glue,bert-base-uncased,mrpc_wide,mrpc,AC,tune,24,42,f1,curvature=1.0;feature_mode=cls_root_unit;gat_hidden_dim=128;gnn_input_clip=0.3;gnn_input_scale=1;graph_curvature=9.0;graph_metric=poincare;hyp_gnn_type=gcn;hyperbolic_gnn=1;jk_mode=cat;lr=0.0002;num_layers=4;proj_dim=256;rho_quantile=0.38;scorer_hidden=256;weight_decay=5e-05,128,poincare,cat,0.0002,4,256,256,,5e-05,82.05,170.97,0.37927,0.0,1.0,0.3,1,gcn,1,,cls_root_unit,9.0,,,,,0.38
glue|bert-base-uncased|mrpc_wide|AC|t25|s42|tune,glue,bert-base-uncased,mrpc_wide,mrpc,AC,tune,25,42,f1,curvature=4.0;feature_mode=unit;gat_hidden_dim=256;gnn_input_clip=1.0;gnn_input_scale=0;graph_curvature=2.25;graph_metric=poincare;hyp_gnn_type=gcn;hyperbolic_gnn=1;jk_mode=cat;lr=0.0002;num_layers=2;proj_dim=256;rho_quantile=0.025;scorer_hidden=256;weight_decay=0.0,256,poincare,cat,0.0002,2,256,256,,0.0,82.05,152.58,0.02498,0.0,4.0,1.0,0,gcn,1,,unit,2.25,,,,,0.025
glue|bert-base-uncased|mrpc_wide|AC|t26|s42|tune,glue,bert-base-uncased,mrpc_wide,mrpc,AC,tune,26,42,f1,curvature=1.0;feature_mode=unit;gat_hidden_dim=64;gnn_input_clip=0.7;gnn_input_scale=1;graph_curvature=4.0;graph_metric=poincare;hyp_gnn_type=gcn;hyperbolic_gnn=1;jk_mode=max;lr=0.001;num_layers=4;proj_dim=128;rho_quantile=0.38;scorer_hidden=256;weight_decay=0.0,64,poincare,max,0.001,4,128,256,,0.0,81.96,189.84,0.37936,0.0,1.0,0.7,1,gcn,1,,unit,4.0,,,,,0.38
glue|bert-base-uncased|mrpc_wide|AC|t27|s42|tune,glue,bert-base-uncased,mrpc_wide,mrpc,AC,tune,27,42,f1,curvature=4.0;feature_mode=center;gat_hidden_dim=256;gnn_input_clip=0.0;gnn_input_scale=1;graph_curvature=1.0;graph_metric=poincare;hyp_gnn_type=gat;hyperbolic_gnn=1;jk_mode=cat;lr=2e-05;num_layers=4;proj_dim=512;rho_quantile=0.38;scorer_hidden=256;weight_decay=5e-05,256,poincare,cat,2e-05,4,512,256,,5e-05,81.24,188.96,0.37739,0.0,4.0,0.0,1,gat,1,,center,1.0,,,,,0.38
glue|bert-base-uncased|mrpc_wide|AC|t28|s42|tune,glue,bert-base-uncased,mrpc_wide,mrpc,AC,tune,28,42,f1,curvature=1.0;feature_mode=unit;gat_hidden_dim=128;gnn_input_clip=0.0;gnn_input_scale=0;graph_curvature=1.0;graph_metric=poincare;hyp_gnn_type=gcn;hyperbolic_gnn=1;jk_mode=max;lr=0.001;num_layers=4;proj_dim=128;rho_quantile=0.38;scorer_hidden=128;weight_decay=5e-05,128,poincare,max,0.001,4,128,128,,5e-05,80.19,201.6,0.37942,0.0,1.0,0.0,0,gcn,1,,unit,1.0,,,,,0.38
glue|bert-base-uncased|mrpc_wide|AC|t29|s42|tune,glue,bert-base-uncased,mrpc_wide,mrpc,AC,tune,29,42,f1,curvature=4.0;feature_mode=center_unit;gat_hidden_dim=128;gnn_input_clip=0.3;gnn_input_scale=1;graph_curvature=9.0;graph_metric=poincare;hyp_gnn_type=gcn;hyperbolic_gnn=1;jk_mode=cat;lr=0.001;num_layers=2;proj_dim=128;rho_quantile=0.38;scorer_hidden=256;weight_decay=1e-05,128,poincare,cat,0.001,2,128,256,,1e-05,81.56,226.61,0.37903,0.0,4.0,0.3,1,gcn,1,,center_unit,9.0,,,,,0.38
glue|bert-base-uncased|mrpc_wide|AC|t30|s42|tune,glue,bert-base-uncased,mrpc_wide,mrpc,AC,tune,30,42,f1,curvature=4.0;feature_mode=center_unit;gat_hidden_dim=128;gnn_input_clip=1.0;gnn_input_scale=1;graph_curvature=9.0;graph_metric=poincare;hyp_gnn_type=gcn;hyperbolic_gnn=1;jk_mode=cat;lr=2e-05;num_layers=4;proj_dim=128;rho_quantile=0.025;scorer_hidden=128;weight_decay=5e-05,128,poincare,cat,2e-05,4,128,128,,5e-05,81.22,213.64,0.02484,0.0,4.0,1.0,1,gcn,1,,center_unit,9.0,,,,,0.025
glue|bert-base-uncased|mrpc_wide|AC|t31|s42|tune,glue,bert-base-uncased,mrpc_wide,mrpc,AC,tune,31,42,f1,curvature=0.25;feature_mode=center_unit;gat_hidden_dim=256;gnn_input_clip=0.7;gnn_input_scale=1;graph_curvature=0.25;graph_metric=poincare;hyp_gnn_type=gat;hyperbolic_gnn=1;jk_mode=max;lr=2e-05;num_layers=4;proj_dim=256;rho_quantile=0.1;scorer_hidden=256;weight_decay=1e-05,256,poincare,max,2e-05,4,256,256,,1e-05,81.22,266.58,0.0999,0.0,0.25,0.7,1,gat,1,,center_unit,0.25,,,,,0.1
glue|bert-base-uncased|mrpc_wide|AC|t32|s42|tune,glue,bert-base-uncased,mrpc_wide,mrpc,AC,tune,32,42,f1,curvature=4.0;feature_mode=center;gat_hidden_dim=128;gnn_input_clip=1.0;gnn_input_scale=1;graph_curvature=0.25;graph_metric=poincare;hyp_gnn_type=gat;hyperbolic_gnn=1;jk_mode=max;lr=0.001;num_layers=2;proj_dim=512;rho_quantile=0.38;scorer_hidden=256;weight_decay=5e-05,128,poincare,max,0.001,2,512,256,,5e-05,82.07,205.98,0.37721,0.0,4.0,1.0,1,gat,1,,center,0.25,,,,,0.38
glue|bert-base-uncased|mrpc_wide|AC|t33|s42|tune,glue,bert-base-uncased,mrpc_wide,mrpc,AC,tune,33,42,f1,curvature=0.25;feature_mode=center;gat_hidden_dim=256;gnn_input_clip=1.0;gnn_input_scale=1;graph_curvature=1.0;graph_metric=poincare;hyp_gnn_type=gcn;hyperbolic_gnn=1;jk_mode=cat;lr=0.001;num_layers=4;proj_dim=128;rho_quantile=0.1;scorer_hidden=256;weight_decay=1e-05,256,poincare,cat,0.001,4,128,256,,1e-05,82.09,221.77,0.09958,0.0,0.25,1.0,1,gcn,1,,center,1.0,,,,,0.1
glue|bert-base-uncased|mrpc_wide|AC|t34|s42|tune,glue,bert-base-uncased,mrpc_wide,mrpc,AC,tune,34,42,f1,curvature=1.0;feature_mode=cls_root_unit;gat_hidden_dim=128;gnn_input_clip=0.3;gnn_input_scale=1;graph_curvature=2.25;graph_metric=poincare;hyp_gnn_type=gat;hyperbolic_gnn=1;jk_mode=cat;lr=2e-05;num_layers=2;proj_dim=256;rho_quantile=0.38;scorer_hidden=256;weight_decay=1e-05,128,poincare,cat,2e-05,2,256,256,,1e-05,81.22,178.75,0.37928,0.0,1.0,0.3,1,gat,1,,cls_root_unit,2.25,,,,,0.38
glue|bert-base-uncased|mrpc_wide|AC|t35|s42|tune,glue,bert-base-uncased,mrpc_wide,mrpc,AC,tune,35,42,f1,curvature=4.0;feature_mode=unit;gat_hidden_dim=256;gnn_input_clip=0.7;gnn_input_scale=0;graph_curvature=2.25;graph_metric=poincare;hyp_gnn_type=gcn;hyperbolic_gnn=1;jk_mode=max;lr=0.0002;num_layers=2;proj_dim=128;rho_quantile=0.2;scorer_hidden=128;weight_decay=0.0,256,poincare,max,0.0002,2,128,128,,0.0,81.83,171.75,0.19932,0.0,4.0,0.7,0,gcn,1,,unit,2.25,,,,,0.2
glue|bert-base-uncased|mrpc_wide|AC|t36|s42|tune,glue,bert-base-uncased,mrpc_wide,mrpc,AC,tune,36,42,f1,curvature=1.0;feature_mode=unit;gat_hidden_dim=64;gnn_input_clip=0.3;gnn_input_scale=1;graph_curvature=1.0;graph_metric=poincare;hyp_gnn_type=gcn;hyperbolic_gnn=1;jk_mode=max;lr=2e-05;num_layers=2;proj_dim=128;rho_quantile=0.38;scorer_hidden=128;weight_decay=5e-05,64,poincare,max,2e-05,2,128,128,,5e-05,0.0,197.02,0.3793,0.0,1.0,0.3,1,gcn,1,,unit,1.0,,,,,0.38
glue|bert-base-uncased|mrpc_wide|AC|t37|s42|tune,glue,bert-base-uncased,mrpc_wide,mrpc,AC,tune,37,42,f1,curvature=1.0;feature_mode=unit;gat_hidden_dim=64;gnn_input_clip=0.7;gnn_input_scale=0;graph_curvature=0.25;graph_metric=poincare;hyp_gnn_type=gcn;hyperbolic_gnn=1;jk_mode=max;lr=0.001;num_layers=4;proj_dim=256;rho_quantile=0.2;scorer_hidden=128;weight_decay=0.0,64,poincare,max,0.001,4,256,128,,0.0,82.37,291.0,0.19936,0.0,1.0,0.7,0,gcn,1,,unit,0.25,,,,,0.2
glue|bert-base-uncased|mrpc_wide|AC|t38|s42|tune,glue,bert-base-uncased,mrpc_wide,mrpc,AC,tune,38,42,f1,curvature=1.0;feature_mode=center;gat_hidden_dim=128;gnn_input_clip=0.3;gnn_input_scale=0;graph_curvature=4.0;graph_metric=poincare;hyp_gnn_type=gat;hyperbolic_gnn=1;jk_mode=cat;lr=2e-05;num_layers=4;proj_dim=256;rho_quantile=0.05;scorer_hidden=256;weight_decay=1e-05,128,poincare,cat,2e-05,4,256,256,,1e-05,81.22,272.93,0.04997,0.0,1.0,0.3,0,gat,1,,center,4.0,,,,,0.05
glue|bert-base-uncased|mrpc_wide|AC|t39|s42|tune,glue,bert-base-uncased,mrpc_wide,mrpc,AC,tune,39,42,f1,curvature=0.25;feature_mode=cls_root_unit;gat_hidden_dim=64;gnn_input_clip=0.3;gnn_input_scale=1;graph_curvature=9.0;graph_metric=poincare;hyp_gnn_type=gat;hyperbolic_gnn=1;jk_mode=max;lr=0.001;num_layers=4;proj_dim=256;rho_quantile=0.1;scorer_hidden=128;weight_decay=1e-05,64,poincare,max,0.001,4,256,128,,1e-05,82.35,271.4,0.09581,0.0,0.25,0.3,1,gat,1,,cls_root_unit,9.0,,,,,0.1
glue|bert-base-uncased|mrpc_wide|A|t26|s1|confirm,glue,bert-base-uncased,mrpc_wide,mrpc,A,confirm,26,1,f1,feature_mode=center;gat_hidden_dim=64;graph_curvature=4.0;graph_metric=poincare;jk_mode=max;lr=0.0002;num_layers=4;proj_dim=128;rho_quantile=0.05;scorer_hidden=256;weight_decay=0.0,64,poincare,max,0.0002,4,128,256,,0.0,82.11,233.26,0.05002,0.0,,,,,,,center,4.0,,,,,0.05
glue|bert-base-uncased|mrpc_wide|A|t26|s2|confirm,glue,bert-base-uncased,mrpc_wide,mrpc,A,confirm,26,2,f1,feature_mode=center;gat_hidden_dim=64;graph_curvature=4.0;graph_metric=poincare;jk_mode=max;lr=0.0002;num_layers=4;proj_dim=128;rho_quantile=0.05;scorer_hidden=256;weight_decay=0.0,64,poincare,max,0.0002,4,128,256,,0.0,81.74,251.92,0.05003,0.0,,,,,,,center,4.0,,,,,0.05
glue|bert-base-uncased|mrpc_wide|A|t26|s3|confirm,glue,bert-base-uncased,mrpc_wide,mrpc,A,confirm,26,3,f1,feature_mode=center;gat_hidden_dim=64;graph_curvature=4.0;graph_metric=poincare;jk_mode=max;lr=0.0002;num_layers=4;proj_dim=128;rho_quantile=0.05;scorer_hidden=256;weight_decay=0.0,64,poincare,max,0.0002,4,128,256,,0.0,82.19,254.12,0.05002,0.0,,,,,,,center,4.0,,,,,0.05
glue|bert-base-uncased|mrpc_wide|A|t26|s4|confirm,glue,bert-base-uncased,mrpc_wide,mrpc,A,confirm,26,4,f1,feature_mode=center;gat_hidden_dim=64;graph_curvature=4.0;graph_metric=poincare;jk_mode=max;lr=0.0002;num_layers=4;proj_dim=128;rho_quantile=0.05;scorer_hidden=256;weight_decay=0.0,64,poincare,max,0.0002,4,128,256,,0.0,82.53,252.65,0.04991,0.0,,,,,,,center,4.0,,,,,0.05
glue|bert-base-uncased|mrpc_wide|A|t26|s5|confirm,glue,bert-base-uncased,mrpc_wide,mrpc,A,confirm,26,5,f1,feature_mode=center;gat_hidden_dim=64;graph_curvature=4.0;graph_metric=poincare;jk_mode=max;lr=0.0002;num_layers=4;proj_dim=128;rho_quantile=0.05;scorer_hidden=256;weight_decay=0.0,64,poincare,max,0.0002,4,128,256,,0.0,82.46,244.96,0.04998,0.0,,,,,,,center,4.0,,,,,0.05
glue|bert-base-uncased|mrpc_wide|A|t26|s6|confirm,glue,bert-base-uncased,mrpc_wide,mrpc,A,confirm,26,6,f1,feature_mode=center;gat_hidden_dim=64;graph_curvature=4.0;graph_metric=poincare;jk_mode=max;lr=0.0002;num_layers=4;proj_dim=128;rho_quantile=0.05;scorer_hidden=256;weight_decay=0.0,64,poincare,max,0.0002,4,128,256,,0.0,81.85,238.32,0.05001,0.0,,,,,,,center,4.0,,,,,0.05
glue|bert-base-uncased|mrpc_wide|A|t26|s7|confirm,glue,bert-base-uncased,mrpc_wide,mrpc,A,confirm,26,7,f1,feature_mode=center;gat_hidden_dim=64;graph_curvature=4.0;graph_metric=poincare;jk_mode=max;lr=0.0002;num_layers=4;proj_dim=128;rho_quantile=0.05;scorer_hidden=256;weight_decay=0.0,64,poincare,max,0.0002,4,128,256,,0.0,82.37,254.1,0.04999,0.0,,,,,,,center,4.0,,,,,0.05
glue|bert-base-uncased|mrpc_wide|A|t26|s8|confirm,glue,bert-base-uncased,mrpc_wide,mrpc,A,confirm,26,8,f1,feature_mode=center;gat_hidden_dim=64;graph_curvature=4.0;graph_metric=poincare;jk_mode=max;lr=0.0002;num_layers=4;proj_dim=128;rho_quantile=0.05;scorer_hidden=256;weight_decay=0.0,64,poincare,max,0.0002,4,128,256,,0.0,82.46,252.8,0.04996,0.0,,,,,,,center,4.0,,,,,0.05
glue|bert-base-uncased|mrpc_wide|A|t26|s9|confirm,glue,bert-base-uncased,mrpc_wide,mrpc,A,confirm,26,9,f1,feature_mode=center;gat_hidden_dim=64;graph_curvature=4.0;graph_metric=poincare;jk_mode=max;lr=0.0002;num_layers=4;proj_dim=128;rho_quantile=0.05;scorer_hidden=256;weight_decay=0.0,64,poincare,max,0.0002,4,128,256,,0.0,82.35,245.74,0.04992,0.0,,,,,,,center,4.0,,,,,0.05
glue|bert-base-uncased|mrpc_wide|A|t26|s10|confirm,glue,bert-base-uncased,mrpc_wide,mrpc,A,confirm,26,10,f1,feature_mode=center;gat_hidden_dim=64;graph_curvature=4.0;graph_metric=poincare;jk_mode=max;lr=0.0002;num_layers=4;proj_dim=128;rho_quantile=0.05;scorer_hidden=256;weight_decay=0.0,64,poincare,max,0.0002,4,128,256,,0.0,82.07,252.77,0.0499,0.0,,,,,,,center,4.0,,,,,0.05
glue|bert-base-uncased|mrpc_wide|A|t26|s11|confirm,glue,bert-base-uncased,mrpc_wide,mrpc,A,confirm,26,11,f1,feature_mode=center;gat_hidden_dim=64;graph_curvature=4.0;graph_metric=poincare;jk_mode=max;lr=0.0002;num_layers=4;proj_dim=128;rho_quantile=0.05;scorer_hidden=256;weight_decay=0.0,64,poincare,max,0.0002,4,128,256,,0.0,81.59,251.34,0.05014,0.0,,,,,,,center,4.0,,,,,0.05
glue|bert-base-uncased|mrpc_wide|A|t26|s12|confirm,glue,bert-base-uncased,mrpc_wide,mrpc,A,confirm,26,12,f1,feature_mode=center;gat_hidden_dim=64;graph_curvature=4.0;graph_metric=poincare;jk_mode=max;lr=0.0002;num_layers=4;proj_dim=128;rho_quantile=0.05;scorer_hidden=256;weight_decay=0.0,64,poincare,max,0.0002,4,128,256,,0.0,81.95,257.21,0.05004,0.0,,,,,,,center,4.0,,,,,0.05
glue|bert-base-uncased|mrpc_wide|A|t26|s13|confirm,glue,bert-base-uncased,mrpc_wide,mrpc,A,confirm,26,13,f1,feature_mode=center;gat_hidden_dim=64;graph_curvature=4.0;graph_metric=poincare;jk_mode=max;lr=0.0002;num_layers=4;proj_dim=128;rho_quantile=0.05;scorer_hidden=256;weight_decay=0.0,64,poincare,max,0.0002,4,128,256,,0.0,82.41,235.13,0.05004,0.0,,,,,,,center,4.0,,,,,0.05
glue|bert-base-uncased|mrpc_wide|A|t26|s14|confirm,glue,bert-base-uncased,mrpc_wide,mrpc,A,confirm,26,14,f1,feature_mode=center;gat_hidden_dim=64;graph_curvature=4.0;graph_metric=poincare;jk_mode=max;lr=0.0002;num_layers=4;proj_dim=128;rho_quantile=0.05;scorer_hidden=256;weight_decay=0.0,64,poincare,max,0.0002,4,128,256,,0.0,82.35,221.8,0.04999,0.0,,,,,,,center,4.0,,,,,0.05
glue|bert-base-uncased|mrpc_wide|A|t26|s15|confirm,glue,bert-base-uncased,mrpc_wide,mrpc,A,confirm,26,15,f1,feature_mode=center;gat_hidden_dim=64;graph_curvature=4.0;graph_metric=poincare;jk_mode=max;lr=0.0002;num_layers=4;proj_dim=128;rho_quantile=0.05;scorer_hidden=256;weight_decay=0.0,64,poincare,max,0.0002,4,128,256,,0.0,82.32,229.58,0.05006,0.0,,,,,,,center,4.0,,,,,0.05
glue|bert-base-uncased|mrpc_wide|AC|t15|s1|confirm,glue,bert-base-uncased,mrpc_wide,mrpc,AC,confirm,15,1,f1,curvature=0.25;feature_mode=unit;gat_hidden_dim=256;gnn_input_clip=1.0;gnn_input_scale=0;graph_curvature=4.0;graph_metric=poincare;hyp_gnn_type=gcn;hyperbolic_gnn=1;jk_mode=max;lr=0.001;num_layers=2;proj_dim=128;rho_quantile=0.2;scorer_hidden=256;weight_decay=1e-05,256,poincare,max,0.001,2,128,256,,1e-05,82.04,226.5,0.19938,0.0,0.25,1.0,0,gcn,1,,unit,4.0,,,,,0.2
glue|bert-base-uncased|mrpc_wide|AC|t15|s2|confirm,glue,bert-base-uncased,mrpc_wide,mrpc,AC,confirm,15,2,f1,curvature=0.25;feature_mode=unit;gat_hidden_dim=256;gnn_input_clip=1.0;gnn_input_scale=0;graph_curvature=4.0;graph_metric=poincare;hyp_gnn_type=gcn;hyperbolic_gnn=1;jk_mode=max;lr=0.001;num_layers=2;proj_dim=128;rho_quantile=0.2;scorer_hidden=256;weight_decay=1e-05,256,poincare,max,0.001,2,128,256,,1e-05,81.83,224.06,0.19938,0.0,0.25,1.0,0,gcn,1,,unit,4.0,,,,,0.2
glue|bert-base-uncased|mrpc_wide|AC|t15|s3|confirm,glue,bert-base-uncased,mrpc_wide,mrpc,AC,confirm,15,3,f1,curvature=0.25;feature_mode=unit;gat_hidden_dim=256;gnn_input_clip=1.0;gnn_input_scale=0;graph_curvature=4.0;graph_metric=poincare;hyp_gnn_type=gcn;hyperbolic_gnn=1;jk_mode=max;lr=0.001;num_layers=2;proj_dim=128;rho_quantile=0.2;scorer_hidden=256;weight_decay=1e-05,256,poincare,max,0.001,2,128,256,,1e-05,82.35,230.28,0.19935,0.0,0.25,1.0,0,gcn,1,,unit,4.0,,,,,0.2
glue|bert-base-uncased|mrpc_wide|AC|t15|s4|confirm,glue,bert-base-uncased,mrpc_wide,mrpc,AC,confirm,15,4,f1,curvature=0.25;feature_mode=unit;gat_hidden_dim=256;gnn_input_clip=1.0;gnn_input_scale=0;graph_curvature=4.0;graph_metric=poincare;hyp_gnn_type=gcn;hyperbolic_gnn=1;jk_mode=max;lr=0.001;num_layers=2;proj_dim=128;rho_quantile=0.2;scorer_hidden=256;weight_decay=1e-05,256,poincare,max,0.001,2,128,256,,1e-05,82.01,266.38,0.19929,0.0,0.25,1.0,0,gcn,1,,unit,4.0,,,,,0.2
glue|bert-base-uncased|mrpc_wide|AC|t15|s5|confirm,glue,bert-base-uncased,mrpc_wide,mrpc,AC,confirm,15,5,f1,curvature=0.25;feature_mode=unit;gat_hidden_dim=256;gnn_input_clip=1.0;gnn_input_scale=0;graph_curvature=4.0;graph_metric=poincare;hyp_gnn_type=gcn;hyperbolic_gnn=1;jk_mode=max;lr=0.001;num_layers=2;proj_dim=128;rho_quantile=0.2;scorer_hidden=256;weight_decay=1e-05,256,poincare,max,0.001,2,128,256,,1e-05,82.07,346.86,0.19936,0.0,0.25,1.0,0,gcn,1,,unit,4.0,,,,,0.2
glue|bert-base-uncased|mrpc_wide|AC|t15|s6|confirm,glue,bert-base-uncased,mrpc_wide,mrpc,AC,confirm,15,6,f1,curvature=0.25;feature_mode=unit;gat_hidden_dim=256;gnn_input_clip=1.0;gnn_input_scale=0;graph_curvature=4.0;graph_metric=poincare;hyp_gnn_type=gcn;hyperbolic_gnn=1;jk_mode=max;lr=0.001;num_layers=2;proj_dim=128;rho_quantile=0.2;scorer_hidden=256;weight_decay=1e-05,256,poincare,max,0.001,2,128,256,,1e-05,81.85,346.72,0.19927,0.0,0.25,1.0,0,gcn,1,,unit,4.0,,,,,0.2
glue|bert-base-uncased|mrpc_wide|AC|t15|s7|confirm,glue,bert-base-uncased,mrpc_wide,mrpc,AC,confirm,15,7,f1,curvature=0.25;feature_mode=unit;gat_hidden_dim=256;gnn_input_clip=1.0;gnn_input_scale=0;graph_curvature=4.0;graph_metric=poincare;hyp_gnn_type=gcn;hyperbolic_gnn=1;jk_mode=max;lr=0.001;num_layers=2;proj_dim=128;rho_quantile=0.2;scorer_hidden=256;weight_decay=1e-05,256,poincare,max,0.001,2,128,256,,1e-05,82.42,300.87,0.19934,0.0,0.25,1.0,0,gcn,1,,unit,4.0,,,,,0.2
glue|bert-base-uncased|mrpc_wide|AC|t15|s8|confirm,glue,bert-base-uncased,mrpc_wide,mrpc,AC,confirm,15,8,f1,curvature=0.25;feature_mode=unit;gat_hidden_dim=256;gnn_input_clip=1.0;gnn_input_scale=0;graph_curvature=4.0;graph_metric=poincare;hyp_gnn_type=gcn;hyperbolic_gnn=1;jk_mode=max;lr=0.001;num_layers=2;proj_dim=128;rho_quantile=0.2;scorer_hidden=256;weight_decay=1e-05,256,poincare,max,0.001,2,128,256,,1e-05,82.04,300.34,0.1993,0.0,0.25,1.0,0,gcn,1,,unit,4.0,,,,,0.2
glue|bert-base-uncased|mrpc_wide|AC|t15|s9|confirm,glue,bert-base-uncased,mrpc_wide,mrpc,AC,confirm,15,9,f1,curvature=0.25;feature_mode=unit;gat_hidden_dim=256;gnn_input_clip=1.0;gnn_input_scale=0;graph_curvature=4.0;graph_metric=poincare;hyp_gnn_type=gcn;hyperbolic_gnn=1;jk_mode=max;lr=0.001;num_layers=2;proj_dim=128;rho_quantile=0.2;scorer_hidden=256;weight_decay=1e-05,256,poincare,max,0.001,2,128,256,,1e-05,81.85,320.47,0.19929,0.0,0.25,1.0,0,gcn,1,,unit,4.0,,,,,0.2
glue|bert-base-uncased|mrpc_wide|AC|t15|s10|confirm,glue,bert-base-uncased,mrpc_wide,mrpc,AC,confirm,15,10,f1,curvature=0.25;feature_mode=unit;gat_hidden_dim=256;gnn_input_clip=1.0;gnn_input_scale=0;graph_curvature=4.0;graph_metric=poincare;hyp_gnn_type=gcn;hyperbolic_gnn=1;jk_mode=max;lr=0.001;num_layers=2;proj_dim=128;rho_quantile=0.2;scorer_hidden=256;weight_decay=1e-05,256,poincare,max,0.001,2,128,256,,1e-05,81.57,366.88,0.19945,0.0,0.25,1.0,0,gcn,1,,unit,4.0,,,,,0.2
glue|bert-base-uncased|mrpc_wide|AC|t15|s11|confirm,glue,bert-base-uncased,mrpc_wide,mrpc,AC,confirm,15,11,f1,curvature=0.25;feature_mode=unit;gat_hidden_dim=256;gnn_input_clip=1.0;gnn_input_scale=0;graph_curvature=4.0;graph_metric=poincare;hyp_gnn_type=gcn;hyperbolic_gnn=1;jk_mode=max;lr=0.001;num_layers=2;proj_dim=128;rho_quantile=0.2;scorer_hidden=256;weight_decay=1e-05,256,poincare,max,0.001,2,128,256,,1e-05,81.22,469.38,0.19928,0.0,0.25,1.0,0,gcn,1,,unit,4.0,,,,,0.2
glue|bert-base-uncased|mrpc_wide|AC|t15|s12|confirm,glue,bert-base-uncased,mrpc_wide,mrpc,AC,confirm,15,12,f1,curvature=0.25;feature_mode=unit;gat_hidden_dim=256;gnn_input_clip=1.0;gnn_input_scale=0;graph_curvature=4.0;graph_metric=poincare;hyp_gnn_type=gcn;hyperbolic_gnn=1;jk_mode=max;lr=0.001;num_layers=2;proj_dim=128;rho_quantile=0.2;scorer_hidden=256;weight_decay=1e-05,256,poincare,max,0.001,2,128,256,,1e-05,82.27,420.31,0.19929,0.0,0.25,1.0,0,gcn,1,,unit,4.0,,,,,0.2
glue|bert-base-uncased|mrpc_wide|AC|t15|s13|confirm,glue,bert-base-uncased,mrpc_wide,mrpc,AC,confirm,15,13,f1,curvature=0.25;feature_mode=unit;gat_hidden_dim=256;gnn_input_clip=1.0;gnn_input_scale=0;graph_curvature=4.0;graph_metric=poincare;hyp_gnn_type=gcn;hyperbolic_gnn=1;jk_mode=max;lr=0.001;num_layers=2;proj_dim=128;rho_quantile=0.2;scorer_hidden=256;weight_decay=1e-05,256,poincare,max,0.001,2,128,256,,1e-05,81.61,450.61,0.19935,0.0,0.25,1.0,0,gcn,1,,unit,4.0,,,,,0.2
glue|bert-base-uncased|mrpc_wide|AC|t15|s14|confirm,glue,bert-base-uncased,mrpc_wide,mrpc,AC,confirm,15,14,f1,curvature=0.25;feature_mode=unit;gat_hidden_dim=256;gnn_input_clip=1.0;gnn_input_scale=0;graph_curvature=4.0;graph_metric=poincare;hyp_gnn_type=gcn;hyperbolic_gnn=1;jk_mode=max;lr=0.001;num_layers=2;proj_dim=128;rho_quantile=0.2;scorer_hidden=256;weight_decay=1e-05,256,poincare,max,0.001,2,128,256,,1e-05,82.3,347.9,0.19933,0.0,0.25,1.0,0,gcn,1,,unit,4.0,,,,,0.2
glue|bert-base-uncased|mrpc_wide|AC|t15|s15|confirm,glue,bert-base-uncased,mrpc_wide,mrpc,AC,confirm,15,15,f1,curvature=0.25;feature_mode=unit;gat_hidden_dim=256;gnn_input_clip=1.0;gnn_input_scale=0;graph_curvature=4.0;graph_metric=poincare;hyp_gnn_type=gcn;hyperbolic_gnn=1;jk_mode=max;lr=0.001;num_layers=2;proj_dim=128;rho_quantile=0.2;scorer_hidden=256;weight_decay=1e-05,256,poincare,max,0.001,2,128,256,,1e-05,82.46,426.26,0.19924,0.0,0.25,1.0,0,gcn,1,,unit,4.0,,,,,0.2
glue|bert-base-uncased|mrpc_wide|B|t0|s42|tune,glue,bert-base-uncased,mrpc_wide,mrpc,B,tune,0,42,f1,curvature=1.0;gat_hidden_dim=256;graph_metric=cosine;hyperbolic_readout=1;jk_mode=cat;learnable_curvature=1;lr=2e-05;num_layers=4;proj_dim=256;readout_clip=0.3;readout_scale=0;scorer_hidden=256;tau_quantile=0.05;weight_decay=0.0,256,cosine,cat,2e-05,4,256,256,0.05,0.0,81.22,123.72,0.0502,0.0,1.0,,,,,,,,1,1,0.3,0,
glue|bert-base-uncased|mrpc_wide|B|t1|s42|tune,glue,bert-base-uncased,mrpc_wide,mrpc,B,tune,1,42,f1,curvature=1.0;gat_hidden_dim=256;graph_metric=cosine;hyperbolic_readout=1;jk_mode=cat;learnable_curvature=1;lr=0.001;num_layers=4;proj_dim=256;readout_clip=1.0;readout_scale=1;scorer_hidden=256;tau_quantile=0.2;weight_decay=0.0,256,cosine,cat,0.001,4,256,256,0.2,0.0,82.55,120.4,0.1995,0.0,1.0,,,,,,,,1,1,1.0,1,
glue|bert-base-uncased|mrpc_wide|B|t2|s42|tune,glue,bert-base-uncased,mrpc_wide,mrpc,B,tune,2,42,f1,curvature=0.25;gat_hidden_dim=256;graph_metric=cosine;hyperbolic_readout=1;jk_mode=max;learnable_curvature=1;lr=0.001;num_layers=4;proj_dim=128;readout_clip=0.3;readout_scale=1;scorer_hidden=256;tau_quantile=0.025;weight_decay=5e-05,256,cosine,max,0.001,4,128,256,0.025,5e-05,81.22,119.6,0.02505,0.0,0.25,,,,,,,,1,1,0.3,1,
glue|bert-base-uncased|mrpc_wide|B|t3|s42|tune,glue,bert-base-uncased,mrpc_wide,mrpc,B,tune,3,42,f1,curvature=1.0;gat_hidden_dim=128;graph_metric=cosine;hyperbolic_readout=1;jk_mode=cat;learnable_curvature=0;lr=0.0002;num_layers=4;proj_dim=256;readout_clip=1.0;readout_scale=1;scorer_hidden=256;tau_quantile=0.1;weight_decay=5e-05,128,cosine,cat,0.0002,4,256,256,0.1,5e-05,81.78,119.1,0.09997,0.0,1.0,,,,,,,,1,0,1.0,1,
glue|bert-base-uncased|mrpc_wide|B|t4|s42|tune,glue,bert-base-uncased,mrpc_wide,mrpc,B,tune,4,42,f1,curvature=4.0;gat_hidden_dim=64;graph_metric=cosine;hyperbolic_readout=1;jk_mode=max;learnable_curvature=0;lr=0.001;num_layers=4;proj_dim=512;readout_clip=1.0;readout_scale=0;scorer_hidden=128;tau_quantile=0.025;weight_decay=0.0,64,cosine,max,0.001,4,512,128,0.025,0.0,82.23,119.57,0.02497,0.0,4.0,,,,,,,,1,0,1.0,0,
glue|bert-base-uncased|mrpc_wide|B|t5|s42|tune,glue,bert-base-uncased,mrpc_wide,mrpc,B,tune,5,42,f1,curvature=4.0;gat_hidden_dim=128;graph_metric=cosine;hyperbolic_readout=1;jk_mode=cat;learnable_curvature=0;lr=0.0002;num_layers=4;proj_dim=512;readout_clip=0.7;readout_scale=0;scorer_hidden=256;tau_quantile=0.2;weight_decay=1e-05,128,cosine,cat,0.0002,4,512,256,0.2,1e-05,81.41,118.47,0.19944,0.0,4.0,,,,,,,,1,0,0.7,0,
glue|bert-base-uncased|mrpc_wide|B|t6|s42|tune,glue,bert-base-uncased,mrpc_wide,mrpc,B,tune,6,42,f1,curvature=4.0;gat_hidden_dim=128;graph_metric=cosine;hyperbolic_readout=1;jk_mode=cat;learnable_curvature=0;lr=2e-05;num_layers=2;proj_dim=512;readout_clip=0.3;readout_scale=1;scorer_hidden=256;tau_quantile=0.025;weight_decay=5e-05,128,cosine,cat,2e-05,2,512,256,0.025,5e-05,81.22,116.25,0.0249,0.0,4.0,,,,,,,,1,0,0.3,1,
glue|bert-base-uncased|mrpc_wide|B|t7|s42|tune,glue,bert-base-uncased,mrpc_wide,mrpc,B,tune,7,42,f1,curvature=4.0;gat_hidden_dim=64;graph_metric=cosine;hyperbolic_readout=1;jk_mode=max;learnable_curvature=0;lr=0.001;num_layers=4;proj_dim=256;readout_clip=1.0;readout_scale=0;scorer_hidden=256;tau_quantile=0.38;weight_decay=5e-05,64,cosine,max,0.001,4,256,256,0.38,5e-05,82.14,120.88,0.37935,0.0,4.0,,,,,,,,1,0,1.0,0,
glue|bert-base-uncased|mrpc_wide|B|t8|s42|tune,glue,bert-base-uncased,mrpc_wide,mrpc,B,tune,8,42,f1,curvature=4.0;gat_hidden_dim=256;graph_metric=cosine;hyperbolic_readout=1;jk_mode=cat;learnable_curvature=1;lr=2e-05;num_layers=2;proj_dim=128;readout_clip=0.3;readout_scale=1;scorer_hidden=256;tau_quantile=0.025;weight_decay=5e-05,256,cosine,cat,2e-05,2,128,256,0.025,5e-05,81.22,117.71,0.02493,0.0,4.0,,,,,,,,1,1,0.3,1,
glue|bert-base-uncased|mrpc_wide|B|t9|s42|tune,glue,bert-base-uncased,mrpc_wide,mrpc,B,tune,9,42,f1,curvature=1.0;gat_hidden_dim=64;graph_metric=cosine;hyperbolic_readout=1;jk_mode=cat;learnable_curvature=1;lr=2e-05;num_layers=4;proj_dim=128;readout_clip=0.0;readout_scale=1;scorer_hidden=256;tau_quantile=0.05;weight_decay=5e-05,64,cosine,cat,2e-05,4,128,256,0.05,5e-05,81.22,118.66,0.05002,0.0,1.0,,,,,,,,1,1,0.0,1,
glue|bert-base-uncased|mrpc_wide|B|t10|s42|tune,glue,bert-base-uncased,mrpc_wide,mrpc,B,tune,10,42,f1,curvature=1.0;gat_hidden_dim=128;graph_metric=cosine;hyperbolic_readout=1;jk_mode=max;learnable_curvature=1;lr=2e-05;num_layers=2;proj_dim=512;readout_clip=0.0;readout_scale=0;scorer_hidden=128;tau_quantile=0.05;weight_decay=0.0,128,cosine,max,2e-05,2,512,128,0.05,0.0,81.22,117.22,0.0501,0.0,1.0,,,,,,,,1,1,0.0,0,
glue|bert-base-uncased|mrpc_wide|B|t11|s42|tune,glue,bert-base-uncased,mrpc_wide,mrpc,B,tune,11,42,f1,curvature=0.25;gat_hidden_dim=256;graph_metric=cosine;hyperbolic_readout=1;jk_mode=cat;learnable_curvature=0;lr=0.0002;num_layers=2;proj_dim=128;readout_clip=0.0;readout_scale=1;scorer_hidden=256;tau_quantile=0.025;weight_decay=5e-05,256,cosine,cat,0.0002,2,128,256,0.025,5e-05,81.22,116.37,0.02493,0.0,0.25,,,,,,,,1,0,0.0,1,
glue|bert-base-uncased|mrpc_wide|B|t12|s42|tune,glue,bert-base-uncased,mrpc_wide,mrpc,B,tune,12,42,f1,curvature=0.25;gat_hidden_dim=128;graph_metric=cosine;hyperbolic_readout=1;jk_mode=cat;learnable_curvature=0;lr=0.0002;num_layers=2;proj_dim=128;readout_clip=0.0;readout_scale=0;scorer_hidden=256;tau_quantile=0.1;weight_decay=1e-05,128,cosine,cat,0.0002,2,128,256,0.1,1e-05,81.87,114.58,0.09979,0.0,0.25,,,,,,,,1,0,0.0,0,
glue|bert-base-uncased|mrpc_wide|B|t13|s42|tune,glue,bert-base-uncased,mrpc_wide,mrpc,B,tune,13,42,f1,curvature=4.0;gat_hidden_dim=128;graph_metric=cosine;hyperbolic_readout=1;jk_mode=max;learnable_curvature=0;lr=0.0002;num_layers=2;proj_dim=256;readout_clip=1.0;readout_scale=1;scorer_hidden=128;tau_quantile=0.025;weight_decay=1e-05,128,cosine,max,0.0002,2,256,128,0.025,1e-05,81.22,116.15,0.02501,0.0,4.0,,,,,,,,1,0,1.0,1,
glue|bert-base-uncased|mrpc_wide|B|t14|s42|tune,glue,bert-base-uncased,mrpc_wide,mrpc,B,tune,14,42,f1,curvature=1.0;gat_hidden_dim=64;graph_metric=cosine;hyperbolic_readout=1;jk_mode=max;learnable_curvature=1;lr=0.0002;num_layers=4;proj_dim=128;readout_clip=1.0;readout_scale=0;scorer_hidden=256;tau_quantile=0.025;weight_decay=1e-05,64,cosine,max,0.0002,4,128,256,0.025,1e-05,81.22,120.12,0.02497,0.0,1.0,,,,,,,,1,1,1.0,0,
glue|bert-base-uncased|mrpc_wide|B|t15|s42|tune,glue,bert-base-uncased,mrpc_wide,mrpc,B,tune,15,42,f1,curvature=0.25;gat_hidden_dim=64;graph_metric=cosine;hyperbolic_readout=1;jk_mode=max;learnable_curvature=0;lr=0.001;num_layers=2;proj_dim=512;readout_clip=0.3;readout_scale=1;scorer_hidden=128;tau_quantile=0.025;weight_decay=0.0,64,cosine,max,0.001,2,512,128,0.025,0.0,81.68,117.16,0.02475,0.0,0.25,,,,,,,,1,0,0.3,1,
glue|bert-base-uncased|mrpc_wide|B|t16|s42|tune,glue,bert-base-uncased,mrpc_wide,mrpc,B,tune,16,42,f1,curvature=0.25;gat_hidden_dim=64;graph_metric=cosine;hyperbolic_readout=1;jk_mode=max;learnable_curvature=1;lr=2e-05;num_layers=2;proj_dim=512;readout_clip=0.7;readout_scale=0;scorer_hidden=128;tau_quantile=0.1;weight_decay=5e-05,64,cosine,max,2e-05,2,512,128,0.1,5e-05,81.22,117.93,0.09982,0.0,0.25,,,,,,,,1,1,0.7,0,
glue|bert-base-uncased|mrpc_wide|B|t17|s42|tune,glue,bert-base-uncased,mrpc_wide,mrpc,B,tune,17,42,f1,curvature=4.0;gat_hidden_dim=128;graph_metric=cosine;hyperbolic_readout=1;jk_mode=max;learnable_curvature=1;lr=0.001;num_layers=4;proj_dim=256;readout_clip=0.0;readout_scale=1;scorer_hidden=128;tau_quantile=0.1;weight_decay=5e-05,128,cosine,max,0.001,4,256,128,0.1,5e-05,82.65,118.99,0.09999,0.0,4.0,,,,,,,,1,1,0.0,1,
glue|bert-base-uncased|mrpc_wide|B|t18|s42|tune,glue,bert-base-uncased,mrpc_wide,mrpc,B,tune,18,42,f1,curvature=0.25;gat_hidden_dim=128;graph_metric=cosine;hyperbolic_readout=1;jk_mode=cat;learnable_curvature=0;lr=2e-05;num_layers=2;proj_dim=256;readout_clip=1.0;readout_scale=1;scorer_hidden=256;tau_quantile=0.05;weight_decay=0.0,128,cosine,cat,2e-05,2,256,256,0.05,0.0,81.22,116.3,0.05027,0.0,0.25,,,,,,,,1,0,1.0,1,
glue|bert-base-uncased|mrpc_wide|B|t19|s42|tune,glue,bert-base-uncased,mrpc_wide,mrpc,B,tune,19,42,f1,curvature=4.0;gat_hidden_dim=64;graph_metric=cosine;hyperbolic_readout=1;jk_mode=max;learnable_curvature=0;lr=0.001;num_layers=2;proj_dim=256;readout_clip=1.0;readout_scale=0;scorer_hidden=256;tau_quantile=0.025;weight_decay=5e-05,64,cosine,max,0.001,2,256,256,0.025,5e-05,82.3,117.46,0.02475,0.0,4.0,,,,,,,,1,0,1.0,0,
glue|bert-base-uncased|mrpc_wide|B|t20|s42|tune,glue,bert-base-uncased,mrpc_wide,mrpc,B,tune,20,42,f1,curvature=0.25;gat_hidden_dim=256;graph_metric=cosine;hyperbolic_readout=1;jk_mode=cat;learnable_curvature=1;lr=0.0002;num_layers=2;proj_dim=256;readout_clip=1.0;readout_scale=0;scorer_hidden=256;tau_quantile=0.05;weight_decay=5e-05,256,cosine,cat,0.0002,2,256,256,0.05,5e-05,81.47,115.08,0.05022,0.0,0.25,,,,,,,,1,1,1.0,0,
glue|bert-base-uncased|mrpc_wide|B|t21|s42|tune,glue,bert-base-uncased,mrpc_wide,mrpc,B,tune,21,42,f1,curvature=0.25;gat_hidden_dim=128;graph_metric=cosine;hyperbolic_readout=1;jk_mode=max;learnable_curvature=1;lr=0.001;num_layers=4;proj_dim=512;readout_clip=0.3;readout_scale=0;scorer_hidden=128;tau_quantile=0.38;weight_decay=5e-05,128,cosine,max,0.001,4,512,128,0.38,5e-05,82.16,119.9,0.37945,0.0,0.25,,,,,,,,1,1,0.3,0,
glue|bert-base-uncased|mrpc_wide|B|t22|s42|tune,glue,bert-base-uncased,mrpc_wide,mrpc,B,tune,22,42,f1,curvature=1.0;gat_hidden_dim=64;graph_metric=cosine;hyperbolic_readout=1;jk_mode=max;learnable_curvature=1;lr=0.0002;num_layers=4;proj_dim=512;readout_clip=0.7;readout_scale=1;scorer_hidden=128;tau_quantile=0.1;weight_decay=0.0,64,cosine,max,0.0002,4,512,128,0.1,0.0,81.22,119.34,0.09993,0.0,1.0,,,,,,,,1,1,0.7,1,
glue|bert-base-uncased|mrpc_wide|B|t23|s42|tune,glue,bert-base-uncased,mrpc_wide,mrpc,B,tune,23,42,f1,curvature=0.25;gat_hidden_dim=256;graph_metric=cosine;hyperbolic_readout=1;jk_mode=cat;learnable_curvature=0;lr=0.001;num_layers=4;proj_dim=512;readout_clip=0.0;readout_scale=0;scorer_hidden=256;tau_quantile=0.025;weight_decay=1e-05,256,cosine,cat,0.001,4,512,256,0.025,1e-05,81.22,118.13,0.02496,0.0,0.25,,,,,,,,1,0,0.0,0,
glue|bert-base-uncased|mrpc_wide|B|t24|s42|tune,glue,bert-base-uncased,mrpc_wide,mrpc,B,tune,24,42,f1,curvature=4.0;gat_hidden_dim=128;graph_metric=cosine;hyperbolic_readout=1;jk_mode=cat;learnable_curvature=0;lr=0.0002;num_layers=2;proj_dim=512;readout_clip=1.0;readout_scale=1;scorer_hidden=128;tau_quantile=0.1;weight_decay=5e-05,128,cosine,cat,0.0002,2,512,128,0.1,5e-05,81.34,116.78,0.09979,0.0,4.0,,,,,,,,1,0,1.0,1,
glue|bert-base-uncased|mrpc_wide|B|t25|s42|tune,glue,bert-base-uncased,mrpc_wide,mrpc,B,tune,25,42,f1,curvature=1.0;gat_hidden_dim=128;graph_metric=cosine;hyperbolic_readout=1;jk_mode=cat;learnable_curvature=1;lr=2e-05;num_layers=2;proj_dim=128;readout_clip=0.7;readout_scale=0;scorer_hidden=256;tau_quantile=0.1;weight_decay=5e-05,128,cosine,cat,2e-05,2,128,256,0.1,5e-05,81.22,117.95,0.09979,0.0,1.0,,,,,,,,1,1,0.7,0,
glue|bert-base-uncased|mrpc_wide|B|t26|s42|tune,glue,bert-base-uncased,mrpc_wide,mrpc,B,tune,26,42,f1,curvature=1.0;gat_hidden_dim=256;graph_metric=cosine;hyperbolic_readout=1;jk_mode=cat;learnable_curvature=1;lr=0.0002;num_layers=2;proj_dim=128;readout_clip=1.0;readout_scale=1;scorer_hidden=256;tau_quantile=0.05;weight_decay=0.0,256,cosine,cat,0.0002,2,128,256,0.05,0.0,81.22,117.6,0.05022,0.0,1.0,,,,,,,,1,1,1.0,1,
glue|bert-base-uncased|mrpc_wide|B|t27|s42|tune,glue,bert-base-uncased,mrpc_wide,mrpc,B,tune,27,42,f1,curvature=1.0;gat_hidden_dim=64;graph_metric=cosine;hyperbolic_readout=1;jk_mode=max;learnable_curvature=0;lr=2e-05;num_layers=2;proj_dim=512;readout_clip=0.7;readout_scale=1;scorer_hidden=128;tau_quantile=0.1;weight_decay=1e-05,64,cosine,max,2e-05,2,512,128,0.1,1e-05,81.22,117.22,0.09982,0.0,1.0,,,,,,,,1,0,0.7,1,
glue|bert-base-uncased|mrpc_wide|B|t28|s42|tune,glue,bert-base-uncased,mrpc_wide,mrpc,B,tune,28,42,f1,curvature=1.0;gat_hidden_dim=128;graph_metric=cosine;hyperbolic_readout=1;jk_mode=cat;learnable_curvature=0;lr=2e-05;num_layers=4;proj_dim=256;readout_clip=0.7;readout_scale=1;scorer_hidden=256;tau_quantile=0.2;weight_decay=5e-05,128,cosine,cat,2e-05,4,256,256,0.2,5e-05,81.22,119.75,0.19944,0.0,1.0,,,,,,,,1,0,0.7,1,
glue|bert-base-uncased|mrpc_wide|B|t29|s42|tune,glue,bert-base-uncased,mrpc_wide,mrpc,B,tune,29,42,f1,curvature=1.0;gat_hidden_dim=128;graph_metric=cosine;hyperbolic_readout=1;jk_mode=cat;learnable_curvature=0;lr=0.0002;num_layers=4;proj_dim=256;readout_clip=0.0;readout_scale=0;scorer_hidden=128;tau_quantile=0.025;weight_decay=5e-05,128,cosine,cat,0.0002,4,256,128,0.025,5e-05,81.66,119.65,0.0249,0.0,1.0,,,,,,,,1,0,0.0,0,
glue|bert-base-uncased|mrpc_wide|B|t30|s42|tune,glue,bert-base-uncased,mrpc_wide,mrpc,B,tune,30,42,f1,curvature=0.25;gat_hidden_dim=64;graph_metric=cosine;hyperbolic_readout=1;jk_mode=max;learnable_curvature=0;lr=0.001;num_layers=2;proj_dim=128;readout_clip=0.0;readout_scale=1;scorer_hidden=128;tau_quantile=0.2;weight_decay=0.0,64,cosine,max,0.001,2,128,128,0.2,0.0,81.8,117.15,0.1994,0.0,0.25,,,,,,,,1,0,0.0,1,
glue|bert-base-uncased|mrpc_wide|B|t31|s42|tune,glue,bert-base-uncased,mrpc_wide,mrpc,B,tune,31,42,f1,curvature=4.0;gat_hidden_dim=128;graph_metric=cosine;hyperbolic_readout=1;jk_mode=max;learnable_curvature=1;lr=2e-05;num_layers=2;proj_dim=512;readout_clip=0.7;readout_scale=1;scorer_hidden=128;tau_quantile=0.2;weight_decay=5e-05,128,cosine,max,2e-05,2,512,128,0.2,5e-05,81.22,117.35,0.1996,0.0,4.0,,,,,,,,1,1,0.7,1,
glue|bert-base-uncased|mrpc_wide|B|t32|s42|tune,glue,bert-base-uncased,mrpc_wide,mrpc,B,tune,32,42,f1,curvature=1.0;gat_hidden_dim=128;graph_metric=cosine;hyperbolic_readout=1;jk_mode=max;learnable_curvature=1;lr=0.0002;num_layers=4;proj_dim=512;readout_clip=0.3;readout_scale=0;scorer_hidden=256;tau_quantile=0.38;weight_decay=0.0,128,cosine,max,0.0002,4,512,256,0.38,0.0,81.22,117.93,0.37945,0.0,1.0,,,,,,,,1,1,0.3,0,
glue|bert-base-uncased|mrpc_wide|B|t33|s42|tune,glue,bert-base-uncased,mrpc_wide,mrpc,B,tune,33,42,f1,curvature=4.0;gat_hidden_dim=128;graph_metric=cosine;hyperbolic_readout=1;jk_mode=cat;learnable_curvature=1;lr=2e-05;num_layers=2;proj_dim=256;readout_clip=0.7;readout_scale=1;scorer_hidden=256;tau_quantile=0.025;weight_decay=0.0,128,cosine,cat,2e-05,2,256,256,0.025,0.0,81.22,115.86,0.0249,0.0,4.0,,,,,,,,1,1,0.7,1,
glue|bert-base-uncased|mrpc_wide|B|t34|s42|tune,glue,bert-base-uncased,mrpc_wide,mrpc,B,tune,34,42,f1,curvature=4.0;gat_hidden_dim=64;graph_metric=cosine;hyperbolic_readout=1;jk_mode=max;learnable_curvature=0;lr=0.001;num_layers=4;proj_dim=512;readout_clip=0.3;readout_scale=1;scorer_hidden=256;tau_quantile=0.2;weight_decay=0.0,64,cosine,max,0.001,4,512,256,0.2,0.0,81.22,117.95,0.19948,0.0,4.0,,,,,,,,1,0,0.3,1,
glue|bert-base-uncased|mrpc_wide|B|t35|s42|tune,glue,bert-base-uncased,mrpc_wide,mrpc,B,tune,35,42,f1,curvature=0.25;gat_hidden_dim=128;graph_metric=cosine;hyperbolic_readout=1;jk_mode=cat;learnable_curvature=1;lr=2e-05;num_layers=4;proj_dim=512;readout_clip=0.3;readout_scale=1;scorer_hidden=128;tau_quantile=0.05;weight_decay=5e-05,128,cosine,cat,2e-05,4,512,128,0.05,5e-05,81.22,120.93,0.05026,0.0,0.25,,,,,,,,1,1,0.3,1,
glue|bert-base-uncased|mrpc_wide|B|t36|s42|tune,glue,bert-base-uncased,mrpc_wide,mrpc,B,tune,36,42,f1,curvature=4.0;gat_hidden_dim=128;graph_metric=cosine;hyperbolic_readout=1;jk_mode=cat;learnable_curvature=1;lr=2e-05;num_layers=2;proj_dim=128;readout_clip=0.0;readout_scale=1;scorer_hidden=256;tau_quantile=0.38;weight_decay=0.0,128,cosine,cat,2e-05,2,128,256,0.38,0.0,81.22,116.38,0.37955,0.0,4.0,,,,,,,,1,1,0.0,1,
glue|bert-base-uncased|mrpc_wide|B|t37|s42|tune,glue,bert-base-uncased,mrpc_wide,mrpc,B,tune,37,42,f1,curvature=1.0;gat_hidden_dim=128;graph_metric=cosine;hyperbolic_readout=1;jk_mode=max;learnable_curvature=0;lr=2e-05;num_layers=4;proj_dim=256;readout_clip=0.3;readout_scale=1;scorer_hidden=128;tau_quantile=0.38;weight_decay=0.0,128,cosine,max,2e-05,4,256,128,0.38,0.0,81.22,120.95,0.37945,0.0,1.0,,,,,,,,1,0,0.3,1,
glue|bert-base-uncased|mrpc_wide|B|t38|s42|tune,glue,bert-base-uncased,mrpc_wide,mrpc,B,tune,38,42,f1,curvature=1.0;gat_hidden_dim=64;graph_metric=cosine;hyperbolic_readout=1;jk_mode=max;learnable_curvature=1;lr=0.0002;num_layers=2;proj_dim=512;readout_clip=0.3;readout_scale=1;scorer_hidden=128;tau_quantile=0.2;weight_decay=1e-05,64,cosine,max,0.0002,2,512,128,0.2,1e-05,81.22,117.75,0.1994,0.0,1.0,,,,,,,,1,1,0.3,1,
glue|bert-base-uncased|mrpc_wide|B|t39|s42|tune,glue,bert-base-uncased,mrpc_wide,mrpc,B,tune,39,42,f1,curvature=0.25;gat_hidden_dim=64;graph_metric=cosine;hyperbolic_readout=1;jk_mode=max;learnable_curvature=1;lr=2e-05;num_layers=4;proj_dim=512;readout_clip=0.0;readout_scale=0;scorer_hidden=128;tau_quantile=0.1;weight_decay=0.0,64,cosine,max,2e-05,4,512,128,0.1,0.0,81.22,122.01,0.09993,0.0,0.25,,,,,,,,1,1,0.0,0,
glue|bert-base-uncased|mrpc_wide|BC|t0|s42|tune,glue,bert-base-uncased,mrpc_wide,mrpc,BC,tune,0,42,f1,curvature=4.0;gat_hidden_dim=256;gnn_input_clip=0.0;gnn_input_scale=1;graph_metric=cosine;hyp_gnn_type=gcn;hyperbolic_gnn=1;hyperbolic_readout=1;jk_mode=max;learnable_curvature=0;lr=0.0002;num_layers=2;proj_dim=256;readout_clip=0.3;readout_scale=1;scorer_hidden=256;tau_quantile=0.1;weight_decay=5e-05,256,cosine,max,0.0002,2,256,256,0.1,5e-05,81.22,134.58,0.10001,0.0,4.0,0.0,1,gcn,1,,,,1,0,0.3,1,
glue|bert-base-uncased|mrpc_wide|BC|t1|s42|tune,glue,bert-base-uncased,mrpc_wide,mrpc,BC,tune,1,42,f1,curvature=1.0;gat_hidden_dim=64;gnn_input_clip=0.0;gnn_input_scale=0;graph_metric=cosine;hyp_gnn_type=gcn;hyperbolic_gnn=1;hyperbolic_readout=1;jk_mode=cat;learnable_curvature=1;lr=2e-05;num_layers=4;proj_dim=512;readout_clip=1.0;readout_scale=0;scorer_hidden=128;tau_quantile=0.05;weight_decay=0.0,64,cosine,cat,2e-05,4,512,128,0.05,0.0,81.22,154.73,0.05018,0.0,1.0,0.0,0,gcn,1,,,,1,1,1.0,0,
glue|bert-base-uncased|mrpc_wide|BC|t2|s42|tune,glue,bert-base-uncased,mrpc_wide,mrpc,BC,tune,2,42,f1,curvature=0.25;gat_hidden_dim=64;gnn_input_clip=1.0;gnn_input_scale=1;graph_metric=cosine;hyp_gnn_type=gcn;hyperbolic_gnn=1;hyperbolic_readout=1;jk_mode=max;learnable_curvature=1;lr=0.001;num_layers=2;proj_dim=512;readout_clip=1.0;readout_scale=0;scorer_hidden=256;tau_quantile=0.38;weight_decay=5e-05,64,cosine,max,0.001,2,512,256,0.38,5e-05,81.91,136.15,0.37945,0.0,0.25,1.0,1,gcn,1,,,,1,1,1.0,0,
glue|bert-base-uncased|mrpc_wide|BC|t3|s42|tune,glue,bert-base-uncased,mrpc_wide,mrpc,BC,tune,3,42,f1,curvature=1.0;gat_hidden_dim=256;gnn_input_clip=1.0;gnn_input_scale=0;graph_metric=cosine;hyp_gnn_type=gcn;hyperbolic_gnn=1;hyperbolic_readout=1;jk_mode=max;learnable_curvature=1;lr=0.0002;num_layers=4;proj_dim=512;readout_clip=1.0;readout_scale=1;scorer_hidden=128;tau_quantile=0.38;weight_decay=0.0,256,cosine,max,0.0002,4,512,128,0.38,0.0,81.22,153.12,0.37951,0.0,1.0,1.0,0,gcn,1,,,,1,1,1.0,1,
glue|bert-base-uncased|mrpc_wide|BC|t4|s42|tune,glue,bert-base-uncased,mrpc_wide,mrpc,BC,tune,4,42,f1,curvature=1.0;gat_hidden_dim=128;gnn_input_clip=0.3;gnn_input_scale=0;graph_metric=cosine;hyp_gnn_type=gat;hyperbolic_gnn=1;hyperbolic_readout=1;jk_mode=cat;learnable_curvature=1;lr=0.0002;num_layers=4;proj_dim=256;readout_clip=1.0;readout_scale=1;scorer_hidden=128;tau_quantile=0.05;weight_decay=5e-05,128,cosine,cat,0.0002,4,256,128,0.05,5e-05,81.22,145.26,0.05016,0.0,1.0,0.3,0,gat,1,,,,1,1,1.0,1,
glue|bert-base-uncased|mrpc_wide|BC|t5|s42|tune,glue,bert-base-uncased,mrpc_wide,mrpc,BC,tune,5,42,f1,curvature=0.25;gat_hidden_dim=128;gnn_input_clip=0.7;gnn_input_scale=0;graph_metric=cosine;hyp_gnn_type=gcn;hyperbolic_gnn=1;hyperbolic_readout=1;jk_mode=cat;learnable_curvature=1;lr=0.001;num_layers=4;proj_dim=128;readout_clip=0.3;readout_scale=0;scorer_hidden=128;tau_quantile=0.38;weight_decay=1e-05,128,cosine,cat,0.001,4,128,128,0.38,1e-05,82.58,153.78,0.37956,0.0,0.25,0.7,0,gcn,1,,,,1,1,0.3,0,
glue|bert-base-uncased|mrpc_wide|BC|t6|s42|tune,glue,bert-base-uncased,mrpc_wide,mrpc,BC,tune,6,42,f1,curvature=1.0;gat_hidden_dim=128;gnn_input_clip=1.0;gnn_input_scale=1;graph_metric=cosine;hyp_gnn_type=gat;hyperbolic_gnn=1;hyperbolic_readout=1;jk_mode=cat;learnable_curvature=0;lr=0.001;num_layers=2;proj_dim=512;readout_clip=0.7;readout_scale=0;scorer_hidden=128;tau_quantile=0.38;weight_decay=5e-05,128,cosine,cat,0.001,2,512,128,0.38,5e-05,81.95,129.92,0.37945,0.0,1.0,1.0,1,gat,1,,,,1,0,0.7,0,
glue|bert-base-uncased|mrpc_wide|BC|t7|s42|tune,glue,bert-base-uncased,mrpc_wide,mrpc,BC,tune,7,42,f1,curvature=4.0;gat_hidden_dim=128;gnn_input_clip=0.0;gnn_input_scale=0;graph_metric=cosine;hyp_gnn_type=gat;hyperbolic_gnn=1;hyperbolic_readout=1;jk_mode=max;learnable_curvature=0;lr=0.001;num_layers=4;proj_dim=512;readout_clip=0.0;readout_scale=1;scorer_hidden=256;tau_quantile=0.2;weight_decay=1e-05,128,cosine,max,0.001,4,512,256,0.2,1e-05,81.95,145.04,0.1994,0.0,4.0,0.0,0,gat,1,,,,1,0,0.0,1,
glue|bert-base-uncased|mrpc_wide|BC|t8|s42|tune,glue,bert-base-uncased,mrpc_wide,mrpc,BC,tune,8,42,f1,curvature=0.25;gat_hidden_dim=64;gnn_input_clip=0.3;gnn_input_scale=0;graph_metric=cosine;hyp_gnn_type=gat;hyperbolic_gnn=1;hyperbolic_readout=1;jk_mode=max;learnable_curvature=0;lr=0.0002;num_layers=2;proj_dim=128;readout_clip=0.3;readout_scale=0;scorer_hidden=256;tau_quantile=0.05;weight_decay=0.0,64,cosine,max,0.0002,2,128,256,0.05,0.0,81.22,130.82,0.05023,0.0,0.25,0.3,0,gat,1,,,,1,0,0.3,0,
glue|bert-base-uncased|mrpc_wide|BC|t9|s42|tune,glue,bert-base-uncased,mrpc_wide,mrpc,BC,tune,9,42,f1,curvature=1.0;gat_hidden_dim=128;gnn_input_clip=0.7;gnn_input_scale=0;graph_metric=cosine;hyp_gnn_type=gat;hyperbolic_gnn=1;hyperbolic_readout=1;jk_mode=cat;learnable_curvature=1;lr=2e-05;num_layers=2;proj_dim=512;readout_clip=1.0;readout_scale=1;scorer_hidden=128;tau_quantile=0.1;weight_decay=0.0,128,cosine,cat,2e-05,2,512,128,0.1,0.0,81.22,137.2,0.09987,0.0,1.0,0.7,0,gat,1,,,,1,1,1.0,1,
glue|bert-base-uncased|mrpc_wide|BC|t10|s42|tune,glue,bert-base-uncased,mrpc_wide,mrpc,BC,tune,10,42,f1,curvature=0.25;gat_hidden_dim=64;gnn_input_clip=0.0;gnn_input_scale=0;graph_metric=cosine;hyp_gnn_type=gat;hyperbolic_gnn=1;hyperbolic_readout=1;jk_mode=cat;learnable_curvature=1;lr=0.001;num_layers=4;proj_dim=512;readout_clip=1.0;readout_scale=1;scorer_hidden=128;tau_quantile=0.38;weight_decay=0.0,64,cosine,cat,0.001,4,512,128,0.38,0.0,81.29,146.47,0.37947,0.0,0.25,0.0,0,gat,1,,,,1,1,1.0,1,
glue|bert-base-uncased|mrpc_wide|BC|t11|s42|tune,glue,bert-base-uncased,mrpc_wide,mrpc,BC,tune,11,42,f1,curvature=1.0;gat_hidden_dim=256;gnn_input_clip=1.0;gnn_input_scale=1;graph_metric=cosine;hyp_gnn_type=gat;hyperbolic_gnn=1;hyperbolic_readout=1;jk_mode=cat;learnable_curvature=1;lr=0.0002;num_layers=2;proj_dim=512;readout_clip=0.0;readout_scale=0;scorer_hidden=256;tau_quantile=0.2;weight_decay=0.0,256,cosine,cat,0.0002,2,512,256,0.2,0.0,81.22,135.87,0.19946,0.0,1.0,1.0,1,gat,1,,,,1,1,0.0,0,
glue|bert-base-uncased|mrpc_wide|BC|t12|s42|tune,glue,bert-base-uncased,mrpc_wide,mrpc,BC,tune,12,42,f1,curvature=1.0;gat_hidden_dim=256;gnn_input_clip=0.3;gnn_input_scale=1;graph_metric=cosine;hyp_gnn_type=gcn;hyperbolic_gnn=1;hyperbolic_readout=1;jk_mode=cat;learnable_curvature=1;lr=2e-05;num_layers=2;proj_dim=256;readout_clip=1.0;readout_scale=0;scorer_hidden=256;tau_quantile=0.38;weight_decay=5e-05,256,cosine,cat,2e-05,2,256,256,0.38,5e-05,81.22,140.22,0.37938,0.0,1.0,0.3,1,gcn,1,,,,1,1,1.0,0,
glue|bert-base-uncased|mrpc_wide|BC|t13|s42|tune,glue,bert-base-uncased,mrpc_wide,mrpc,BC,tune,13,42,f1,curvature=1.0;gat_hidden_dim=256;gnn_input_clip=0.0;gnn_input_scale=0;graph_metric=cosine;hyp_gnn_type=gcn;hyperbolic_gnn=1;hyperbolic_readout=1;jk_mode=cat;learnable_curvature=1;lr=0.001;num_layers=2;proj_dim=256;readout_clip=0.7;readout_scale=1;scorer_hidden=256;tau_quantile=0.05;weight_decay=0.0,256,cosine,cat,0.001,2,256,256,0.05,0.0,81.89,138.12,0.05011,0.0,1.0,0.0,0,gcn,1,,,,1,1,0.7,1,
glue|bert-base-uncased|mrpc_wide|BC|t14|s42|tune,glue,bert-base-uncased,mrpc_wide,mrpc,BC,tune,14,42,f1,curvature=4.0;gat_hidden_dim=256;gnn_input_clip=0.3;gnn_input_scale=0;graph_metric=cosine;hyp_gnn_type=gcn;hyperbolic_gnn=1;hyperbolic_readout=1;jk_mode=max;learnable_curvature=0;lr=0.0002;num_layers=4;proj_dim=256;readout_clip=1.0;readout_scale=1;scorer_hidden=256;tau_quantile=0.38;weight_decay=1e-05,256,cosine,max,0.0002,4,256,256,0.38,1e-05,81.22,148.81,0.37951,0.0,4.0,0.3,0,gcn,1,,,,1,0,1.0,1,
glue|bert-base-uncased|mrpc_wide|BC|t15|s42|tune,glue,bert-base-uncased,mrpc_wide,mrpc,BC,tune,15,42,f1,curvature=1.0;gat_hidden_dim=128;gnn_input_clip=0.3;gnn_input_scale=1;graph_metric=cosine;hyp_gnn_type=gat;hyperbolic_gnn=1;hyperbolic_readout=1;jk_mode=max;learnable_curvature=0;lr=0.001;num_layers=4;proj_dim=256;readout_clip=0.3;readout_scale=1;scorer_hidden=256;tau_quantile=0.38;weight_decay=1e-05,128,cosine,max,0.001,4,256,256,0.38,1e-05,81.22,142.39,0.37939,0.0,1.0,0.3,1,gat,1,,,,1,0,0.3,1,
glue|bert-base-uncased|mrpc_wide|BC|t16|s42|tune,glue,bert-base-uncased,mrpc_wide,mrpc,BC,tune,16,42,f1,curvature=1.0;gat_hidden_dim=64;gnn_input_clip=0.7;gnn_input_scale=1;graph_metric=cosine;hyp_gnn_type=gcn;hyperbolic_gnn=1;hyperbolic_readout=1;jk_mode=cat;learnable_curvature=1;lr=2e-05;num_layers=4;proj_dim=256;readout_clip=0.3;readout_scale=1;scorer_hidden=256;tau_quantile=0.38;weight_decay=5e-05,64,cosine,cat,2e-05,4,256,256,0.38,5e-05,81.22,154.3,0.37939,0.0,1.0,0.7,1,gcn,1,,,,1,1,0.3,1,
glue|bert-base-uncased|mrpc_wide|BC|t17|s42|tune,glue,bert-base-uncased,mrpc_wide,mrpc,BC,tune,17,42,f1,curvature=4.0;gat_hidden_dim=128;gnn_input_clip=0.7;gnn_input_scale=1;graph_metric=cosine;hyp_gnn_type=gat;hyperbolic_gnn=1;hyperbolic_readout=1;jk_mode=cat;learnable_curvature=0;lr=0.0002;num_layers=4;proj_dim=256;readout_clip=0.3;readout_scale=1;scorer_hidden=256;tau_quantile=0.1;weight_decay=5e-05,128,cosine,cat,0.0002,4,256,256,0.1,5e-05,81.22,146.7,0.09989,0.0,4.0,0.7,1,gat,1,,,,1,0,0.3,1,
glue|bert-base-uncased|mrpc_wide|BC|t18|s42|tune,glue,bert-base-uncased,mrpc_wide,mrpc,BC,tune,18,42,f1,curvature=1.0;gat_hidden_dim=256;gnn_input_clip=0.3;gnn_input_scale=0;graph_metric=cosine;hyp_gnn_type=gat;hyperbolic_gnn=1;hyperbolic_readout=1;jk_mode=max;learnable_curvature=0;lr=0.001;num_layers=2;proj_dim=512;readout_clip=1.0;readout_scale=1;scorer_hidden=256;tau_quantile=0.1;weight_decay=0.0,256,cosine,max,0.001,2,512,256,0.1,0.0,81.47,131.62,0.09981,0.0,1.0,0.3,0,gat,1,,,,1,0,1.0,1,
glue|bert-base-uncased|mrpc_wide|BC|t19|s42|tune,glue,bert-base-uncased,mrpc_wide,mrpc,BC,tune,19,42,f1,curvature=1.0;gat_hidden_dim=64;gnn_input_clip=0.7;gnn_input_scale=1;graph_metric=cosine;hyp_gnn_type=gcn;hyperbolic_gnn=1;hyperbolic_readout=1;jk_mode=max;learnable_curvature=0;lr=0.001;num_layers=2;proj_dim=256;readout_clip=0.7;readout_scale=1;scorer_hidden=256;tau_quantile=0.38;weight_decay=1e-05,64,cosine,max,0.001,2,256,256,0.38,1e-05,82.21,132.75,0.37945,0.0,1.0,0.7,1,gcn,1,,,,1,0,0.7,1,
glue|bert-base-uncased|mrpc_wide|BC|t20|s42|tune,glue,bert-base-uncased,mrpc_wide,mrpc,BC,tune,20,42,f1,curvature=4.0;gat_hidden_dim=128;gnn_input_clip=0.7;gnn_input_scale=1;graph_metric=cosine;hyp_gnn_type=gcn;hyperbolic_gnn=1;hyperbolic_readout=1;jk_mode=max;learnable_curvature=1;lr=0.0002;num_layers=4;proj_dim=256;readout_clip=0.0;readout_scale=0;scorer_hidden=128;tau_quantile=0.05;weight_decay=1e-05,128,cosine,max,0.0002,4,256,128,0.05,1e-05,81.22,153.38,0.05033,0.0,4.0,0.7,1,gcn,1,,,,1,1,0.0,0,
glue|bert-base-uncased|mrpc_wide|BC|t21|s42|tune,glue,bert-base-uncased,mrpc_wide,mrpc,BC,tune,21,42,f1,curvature=1.0;gat_hidden_dim=128;gnn_input_clip=1.0;gnn_input_scale=1;graph_metric=cosine;hyp_gnn_type=gat;hyperbolic_gnn=1;hyperbolic_readout=1;jk_mode=max;learnable_curvature=0;lr=0.0002;num_layers=2;proj_dim=512;readout_clip=0.0;readout_scale=0;scorer_hidden=256;tau_quantile=0.025;weight_decay=5e-05,128,cosine,max,0.0002,2,512,256,0.025,5e-05,81.41,131.58,0.02484,0.0,1.0,1.0,1,gat,1,,,,1,0,0.0,0,
glue|bert-base-uncased|mrpc_wide|BC|t22|s42|tune,glue,bert-base-uncased,mrpc_wide,mrpc,BC,tune,22,42,f1,curvature=4.0;gat_hidden_dim=64;gnn_input_clip=1.0;gnn_input_scale=0;graph_metric=cosine;hyp_gnn_type=gcn;hyperbolic_gnn=1;hyperbolic_readout=1;jk_mode=max;learnable_curvature=0;lr=0.0002;num_layers=4;proj_dim=512;readout_clip=0.7;readout_scale=1;scorer_hidden=256;tau_quantile=0.025;weight_decay=1e-05,64,cosine,max,0.0002,4,512,256,0.025,1e-05,81.22,146.92,0.02502,0.0,4.0,1.0,0,gcn,1,,,,1,0,0.7,1,
glue|bert-base-uncased|mrpc_wide|BC|t23|s42|tune,glue,bert-base-uncased,mrpc_wide,mrpc,BC,tune,23,42,f1,curvature=0.25;gat_hidden_dim=64;gnn_input_clip=0.3;gnn_input_scale=1;graph_metric=cosine;hyp_gnn_type=gat;hyperbolic_gnn=1;hyperbolic_readout=1;jk_mode=cat;learnable_curvature=0;lr=0.001;num_layers=4;proj_dim=512;readout_clip=0.3;readout_scale=0;scorer_hidden=128;tau_quantile=0.05;weight_decay=1e-05,64,cosine,cat,0.001,4,512,128,0.05,1e-05,81.22,143.35,0.05025,0.0,0.25,0.3,1,gat,1,,,,1,0,0.3,0,
glue|bert-base-uncased|mrpc_wide|BC|t24|s42|tune,glue,bert-base-uncased,mrpc_wide,mrpc,BC,tune,24,42,f1,curvature=4.0;gat_hidden_dim=256;gnn_input_clip=0.3;gnn_input_scale=1;graph_metric=cosine;hyp_gnn_type=gcn;hyperbolic_gnn=1;hyperbolic_readout=1;jk_mode=max;learnable_curvature=0;lr=2e-05;num_layers=4;proj_dim=256;readout_clip=0.7;readout_scale=0;scorer_hidden=256;tau_quantile=0.1;weight_decay=0.0,256,cosine,max,2e-05,4,256,256,0.1,0.0,81.22,145.15,0.09982,0.0,4.0,0.3,1,gcn,1,,,,1,0,0.7,0,
glue|bert-base-uncased|mrpc_wide|BC|t25|s42|tune,glue,bert-base-uncased,mrpc_wide,mrpc,BC,tune,25,42,f1,curvature=0.25;gat_hidden_dim=256;gnn_input_clip=0.0;gnn_input_scale=0;graph_metric=cosine;hyp_gnn_type=gat;hyperbolic_gnn=1;hyperbolic_readout=1;jk_mode=cat;learnable_curvature=1;lr=0.0002;num_layers=4;proj_dim=256;readout_clip=0.0;readout_scale=1;scorer_hidden=256;tau_quantile=0.05;weight_decay=5e-05,256,cosine,cat,0.0002,4,256,256,0.05,5e-05,81.33,146.28,0.05018,0.0,0.25,0.0,0,gat,1,,,,1,1,0.0,1,
glue|bert-base-uncased|mrpc_wide|BC|t26|s42|tune,glue,bert-base-uncased,mrpc_wide,mrpc,BC,tune,26,42,f1,curvature=1.0;gat_hidden_dim=64;gnn_input_clip=0.0;gnn_input_scale=1;graph_metric=cosine;hyp_gnn_type=gcn;hyperbolic_gnn=1;hyperbolic_readout=1;jk_mode=cat;learnable_curvature=0;lr=0.0002;num_layers=2;proj_dim=128;readout_clip=0.3;readout_scale=1;scorer_hidden=128;tau_quantile=0.2;weight_decay=5e-05,64,cosine,cat,0.0002,2,128,128,0.2,5e-05,81.22,131.35,0.19941,0.0,1.0,0.0,1,gcn,1,,,,1,0,0.3,1,
glue|bert-base-uncased|mrpc_wide|BC|t27|s42|tune,glue,bert-base-uncased,mrpc_wide,mrpc,BC,tune,27,42,f1,curvature=4.0;gat_hidden_dim=64;gnn_input_clip=0.7;gnn_input_scale=0;graph_metric=cosine;hyp_gnn_type=gcn;hyperbolic_gnn=1;hyperbolic_readout=1;jk_mode=cat;learnable_curvature=1;lr=2e-05;num_layers=4;proj_dim=512;readout_clip=1.0;readout_scale=1;scorer_hidden=128;tau_quantile=0.38;weight_decay=1e-05,64,cosine,cat,2e-05,4,512,128,0.38,1e-05,81.22,156.62,0.37939,0.0,4.0,0.7,0,gcn,1,,,,1,1,1.0,1,
glue|bert-base-uncased|mrpc_wide|BC|t28|s42|tune,glue,bert-base-uncased,mrpc_wide,mrpc,BC,tune,28,42,f1,curvature=1.0;gat_hidden_dim=128;gnn_input_clip=0.3;gnn_input_scale=0;graph_metric=cosine;hyp_gnn_type=gat;hyperbolic_gnn=1;hyperbolic_readout=1;jk_mode=max;learnable_curvature=1;lr=0.0002;num_layers=2;proj_dim=128;readout_clip=1.0;readout_scale=0;scorer_hidden=256;tau_quantile=0.38;weight_decay=0.0,128,cosine,max,0.0002,2,128,256,0.38,0.0,81.22,135.14,0.3793,0.0,1.0,0.3,0,gat,1,,,,1,1,1.0,0,
glue|bert-base-uncased|mrpc_wide|BC|t29|s42|tune,glue,bert-base-uncased,mrpc_wide,mrpc,BC,tune,29,42,f1,curvature=1.0;gat_hidden_dim=64;gnn_input_clip=0.7;gnn_input_scale=0;graph_metric=cosine;hyp_gnn_type=gcn;hyperbolic_gnn=1;hyperbolic_readout=1;jk_mode=cat;learnable_curvature=0;lr=0.001;num_layers=2;proj_dim=256;readout_clip=0.3;readout_scale=1;scorer_hidden=256;tau_quantile=0.38;weight_decay=1e-05,64,cosine,cat,0.001,2,256,256,0.38,1e-05,82.25,132.69,0.37941,0.0,1.0,0.7,0,gcn,1,,,,1,0,0.3,1,
glue|bert-base-uncased|mrpc_wide|BC|t30|s42|tune,glue,bert-base-uncased,mrpc_wide,mrpc,BC,tune,30,42,f1,curvature=0.25;gat_hidden_dim=128;gnn_input_clip=0.3;gnn_input_scale=0;graph_metric=cosine;hyp_gnn_type=gcn;hyperbolic_gnn=1;hyperbolic_readout=1;jk_mode=max;learnable_curvature=0;lr=2e-05;num_layers=2;proj_dim=128;readout_clip=0.3;readout_scale=1;scorer_hidden=256;tau_quantile=0.05;weight_decay=0.0,128,cosine,max,2e-05,2,128,256,0.05,0.0,81.22,131.99,0.05033,0.0,0.25,0.3,0,gcn,1,,,,1,0,0.3,1,
glue|bert-base-uncased|mrpc_wide|BC|t31|s42|tune,glue,bert-base-uncased,mrpc_wide,mrpc,BC,tune,31,42,f1,curvature=0.25;gat_hidden_dim=64;gnn_input_clip=0.7;gnn_input_scale=0;graph_metric=cosine;hyp_gnn_type=gat;hyperbolic_gnn=1;hyperbolic_readout=1;jk_mode=max;learnable_curvature=0;lr=2e-05;num_layers=4;proj_dim=512;readout_clip=0.3;readout_scale=1;scorer_hidden=256;tau_quantile=0.025;weight_decay=0.0,64,cosine,max,2e-05,4,512,256,0.025,0.0,81.22,140.64,0.02495,0.0,0.25,0.7,0,gat,1,,,,1,0,0.3,1,
glue|bert-base-uncased|mrpc_wide|BC|t32|s42|tune,glue,bert-base-uncased,mrpc_wide,mrpc,BC,tune,32,42,f1,curvature=0.25;gat_hidden_dim=256;gnn_input_clip=1.0;gnn_input_scale=1;graph_metric=cosine;hyp_gnn_type=gcn;hyperbolic_gnn=1;hyperbolic_readout=1;jk_mode=cat;learnable_curvature=0;lr=0.0002;num_layers=2;proj_dim=128;readout_clip=0.0;readout_scale=1;scorer_hidden=128;tau_quantile=0.38;weight_decay=5e-05,256,cosine,cat,0.0002,2,128,128,0.38,5e-05,81.76,135.56,0.37938,0.0,0.25,1.0,1,gcn,1,,,,1,0,0.0,1,
glue|bert-base-uncased|mrpc_wide|BC|t33|s42|tune,glue,bert-base-uncased,mrpc_wide,mrpc,BC,tune,33,42,f1,curvature=0.25;gat_hidden_dim=64;gnn_input_clip=1.0;gnn_input_scale=0;graph_metric=cosine;hyp_gnn_type=gat;hyperbolic_gnn=1;hyperbolic_readout=1;jk_mode=cat;learnable_curvature=0;lr=0.0002;num_layers=4;proj_dim=512;readout_clip=0.3;readout_scale=1;scorer_hidden=256;tau_quantile=0.025;weight_decay=1e-05,64,cosine,cat,0.0002,4,512,256,0.025,1e-05,81.22,142.54,0.02492,0.0,0.25,1.0,0,gat,1,,,,1,0,0.3,1,
glue|bert-base-uncased|mrpc_wide|BC|t34|s42|tune,glue,bert-base-uncased,mrpc_wide,mrpc,BC,tune,34,42,f1,curvature=1.0;gat_hidden_dim=128;gnn_input_clip=0.0;gnn_input_scale=0;graph_metric=cosine;hyp_gnn_type=gat;hyperbolic_gnn=1;hyperbolic_readout=1;jk_mode=cat;learnable_curvature=1;lr=0.001;num_layers=4;proj_dim=128;readout_clip=0.3;readout_scale=1;scorer_hidden=128;tau_quantile=0.025;weight_decay=5e-05,128,cosine,cat,0.001,4,128,128,0.025,5e-05,81.22,152.63,0.02497,0.0,1.0,0.0,0,gat,1,,,,1,1,0.3,1,
glue|bert-base-uncased|mrpc_wide|BC|t35|s42|tune,glue,bert-base-uncased,mrpc_wide,mrpc,BC,tune,35,42,f1,curvature=1.0;gat_hidden_dim=256;gnn_input_clip=0.0;gnn_input_scale=1;graph_metric=cosine;hyp_gnn_type=gat;hyperbolic_gnn=1;hyperbolic_readout=1;jk_mode=cat;learnable_curvature=0;lr=2e-05;num_layers=4;proj_dim=128;readout_clip=0.7;readout_scale=1;scorer_hidden=128;tau_quantile=0.1;weight_decay=5e-05,256,cosine,cat,2e-05,4,128,128,0.1,5e-05,81.22,161.63,0.09997,0.0,1.0,0.0,1,gat,1,,,,1,0,0.7,1,
glue|bert-base-uncased|mrpc_wide|BC|t36|s42|tune,glue,bert-base-uncased,mrpc_wide,mrpc,BC,tune,36,42,f1,curvature=4.0;gat_hidden_dim=64;gnn_input_clip=0.0;gnn_input_scale=1;graph_metric=cosine;hyp_gnn_type=gat;hyperbolic_gnn=1;hyperbolic_readout=1;jk_mode=max;learnable_curvature=0;lr=2e-05;num_layers=4;proj_dim=256;readout_clip=1.0;readout_scale=1;scorer_hidden=256;tau_quantile=0.2;weight_decay=1e-05,64,cosine,max,2e-05,4,256,256,0.2,1e-05,81.22,165.5,0.19946,0.0,4.0,0.0,1,gat,1,,,,1,0,1.0,1,
glue|bert-base-uncased|mrpc_wide|BC|t37|s42|tune,glue,bert-base-uncased,mrpc_wide,mrpc,BC,tune,37,42,f1,curvature=1.0;gat_hidden_dim=128;gnn_input_clip=0.7;gnn_input_scale=0;graph_metric=cosine;hyp_gnn_type=gcn;hyperbolic_gnn=1;hyperbolic_readout=1;jk_mode=max;learnable_curvature=0;lr=0.0002;num_layers=4;proj_dim=256;readout_clip=1.0;readout_scale=1;scorer_hidden=256;tau_quantile=0.05;weight_decay=5e-05,128,cosine,max,0.0002,4,256,256,0.05,5e-05,81.22,169.69,0.05033,0.0,1.0,0.7,0,gcn,1,,,,1,0,1.0,1,
glue|bert-base-uncased|mrpc_wide|BC|t38|s42|tune,glue,bert-base-uncased,mrpc_wide,mrpc,BC,tune,38,42,f1,curvature=1.0;gat_hidden_dim=256;gnn_input_clip=0.3;gnn_input_scale=0;graph_metric=cosine;hyp_gnn_type=gcn;hyperbolic_gnn=1;hyperbolic_readout=1;jk_mode=cat;learnable_curvature=0;lr=0.0002;num_layers=2;proj_dim=512;readout_clip=0.3;readout_scale=1;scorer_hidden=128;tau_quantile=0.2;weight_decay=1e-05,256,cosine,cat,0.0002,2,512,128,0.2,1e-05,81.22,193.41,0.19946,0.0,1.0,0.3,0,gcn,1,,,,1,0,0.3,1,
glue|bert-base-uncased|mrpc_wide|BC|t39|s42|tune,glue,bert-base-uncased,mrpc_wide,mrpc,BC,tune,39,42,f1,curvature=0.25;gat_hidden_dim=64;gnn_input_clip=1.0;gnn_input_scale=1;graph_metric=cosine;hyp_gnn_type=gat;hyperbolic_gnn=1;hyperbolic_readout=1;jk_mode=max;learnable_curvature=0;lr=0.001;num_layers=2;proj_dim=512;readout_clip=0.3;readout_scale=0;scorer_hidden=128;tau_quantile=0.1;weight_decay=5e-05,64,cosine,max,0.001,2,512,128,0.1,5e-05,81.22,161.95,0.09981,0.0,0.25,1.0,1,gat,1,,,,1,0,0.3,0,
glue|bert-base-uncased|mrpc_wide|B|t17|s1|confirm,glue,bert-base-uncased,mrpc_wide,mrpc,B,confirm,17,1,f1,curvature=4.0;gat_hidden_dim=128;graph_metric=cosine;hyperbolic_readout=1;jk_mode=max;learnable_curvature=1;lr=0.001;num_layers=4;proj_dim=256;readout_clip=0.0;readout_scale=1;scorer_hidden=128;tau_quantile=0.1;weight_decay=5e-05,128,cosine,max,0.001,4,256,128,0.1,5e-05,81.52,132.98,0.09992,0.0,4.0,,,,,,,,1,1,0.0,1,
glue|bert-base-uncased|mrpc_wide|B|t17|s2|confirm,glue,bert-base-uncased,mrpc_wide,mrpc,B,confirm,17,2,f1,curvature=4.0;gat_hidden_dim=128;graph_metric=cosine;hyperbolic_readout=1;jk_mode=max;learnable_curvature=1;lr=0.001;num_layers=4;proj_dim=256;readout_clip=0.0;readout_scale=1;scorer_hidden=128;tau_quantile=0.1;weight_decay=5e-05,128,cosine,max,0.001,4,256,128,0.1,5e-05,81.91,190.2,0.09983,0.0,4.0,,,,,,,,1,1,0.0,1,
glue|bert-base-uncased|mrpc_wide|B|t17|s3|confirm,glue,bert-base-uncased,mrpc_wide,mrpc,B,confirm,17,3,f1,curvature=4.0;gat_hidden_dim=128;graph_metric=cosine;hyperbolic_readout=1;jk_mode=max;learnable_curvature=1;lr=0.001;num_layers=4;proj_dim=256;readout_clip=0.0;readout_scale=1;scorer_hidden=128;tau_quantile=0.1;weight_decay=5e-05,128,cosine,max,0.001,4,256,128,0.1,5e-05,82.0,173.17,0.0999,0.0,4.0,,,,,,,,1,1,0.0,1,
glue|bert-base-uncased|mrpc_wide|B|t17|s4|confirm,glue,bert-base-uncased,mrpc_wide,mrpc,B,confirm,17,4,f1,curvature=4.0;gat_hidden_dim=128;graph_metric=cosine;hyperbolic_readout=1;jk_mode=max;learnable_curvature=1;lr=0.001;num_layers=4;proj_dim=256;readout_clip=0.0;readout_scale=1;scorer_hidden=128;tau_quantile=0.1;weight_decay=5e-05,128,cosine,max,0.001,4,256,128,0.1,5e-05,81.22,138.24,0.09994,0.0,4.0,,,,,,,,1,1,0.0,1,
glue|bert-base-uncased|mrpc_wide|B|t17|s5|confirm,glue,bert-base-uncased,mrpc_wide,mrpc,B,confirm,17,5,f1,curvature=4.0;gat_hidden_dim=128;graph_metric=cosine;hyperbolic_readout=1;jk_mode=max;learnable_curvature=1;lr=0.001;num_layers=4;proj_dim=256;readout_clip=0.0;readout_scale=1;scorer_hidden=128;tau_quantile=0.1;weight_decay=5e-05,128,cosine,max,0.001,4,256,128,0.1,5e-05,82.2,144.79,0.09975,0.0,4.0,,,,,,,,1,1,0.0,1,
glue|bert-base-uncased|mrpc_wide|B|t17|s6|confirm,glue,bert-base-uncased,mrpc_wide,mrpc,B,confirm,17,6,f1,curvature=4.0;gat_hidden_dim=128;graph_metric=cosine;hyperbolic_readout=1;jk_mode=max;learnable_curvature=1;lr=0.001;num_layers=4;proj_dim=256;readout_clip=0.0;readout_scale=1;scorer_hidden=128;tau_quantile=0.1;weight_decay=5e-05,128,cosine,max,0.001,4,256,128,0.1,5e-05,81.67,149.67,0.09987,0.0,4.0,,,,,,,,1,1,0.0,1,
glue|bert-base-uncased|mrpc_wide|B|t17|s7|confirm,glue,bert-base-uncased,mrpc_wide,mrpc,B,confirm,17,7,f1,curvature=4.0;gat_hidden_dim=128;graph_metric=cosine;hyperbolic_readout=1;jk_mode=max;learnable_curvature=1;lr=0.001;num_layers=4;proj_dim=256;readout_clip=0.0;readout_scale=1;scorer_hidden=128;tau_quantile=0.1;weight_decay=5e-05,128,cosine,max,0.001,4,256,128,0.1,5e-05,81.72,136.86,0.09996,0.0,4.0,,,,,,,,1,1,0.0,1,
glue|bert-base-uncased|mrpc_wide|B|t17|s8|confirm,glue,bert-base-uncased,mrpc_wide,mrpc,B,confirm,17,8,f1,curvature=4.0;gat_hidden_dim=128;graph_metric=cosine;hyperbolic_readout=1;jk_mode=max;learnable_curvature=1;lr=0.001;num_layers=4;proj_dim=256;readout_clip=0.0;readout_scale=1;scorer_hidden=128;tau_quantile=0.1;weight_decay=5e-05,128,cosine,max,0.001,4,256,128,0.1,5e-05,81.52,153.23,0.09992,0.0,4.0,,,,,,,,1,1,0.0,1,
glue|bert-base-uncased|mrpc_wide|B|t17|s9|confirm,glue,bert-base-uncased,mrpc_wide,mrpc,B,confirm,17,9,f1,curvature=4.0;gat_hidden_dim=128;graph_metric=cosine;hyperbolic_readout=1;jk_mode=max;learnable_curvature=1;lr=0.001;num_layers=4;proj_dim=256;readout_clip=0.0;readout_scale=1;scorer_hidden=128;tau_quantile=0.1;weight_decay=5e-05,128,cosine,max,0.001,4,256,128,0.1,5e-05,82.41,197.95,0.09983,0.0,4.0,,,,,,,,1,1,0.0,1,
glue|bert-base-uncased|mrpc_wide|B|t17|s10|confirm,glue,bert-base-uncased,mrpc_wide,mrpc,B,confirm,17,10,f1,curvature=4.0;gat_hidden_dim=128;graph_metric=cosine;hyperbolic_readout=1;jk_mode=max;learnable_curvature=1;lr=0.001;num_layers=4;proj_dim=256;readout_clip=0.0;readout_scale=1;scorer_hidden=128;tau_quantile=0.1;weight_decay=5e-05,128,cosine,max,0.001,4,256,128,0.1,5e-05,82.58,203.86,0.09985,0.0,4.0,,,,,,,,1,1,0.0,1,
glue|bert-base-uncased|mrpc_wide|B|t17|s11|confirm,glue,bert-base-uncased,mrpc_wide,mrpc,B,confirm,17,11,f1,curvature=4.0;gat_hidden_dim=128;graph_metric=cosine;hyperbolic_readout=1;jk_mode=max;learnable_curvature=1;lr=0.001;num_layers=4;proj_dim=256;readout_clip=0.0;readout_scale=1;scorer_hidden=128;tau_quantile=0.1;weight_decay=5e-05,128,cosine,max,0.001,4,256,128,0.1,5e-05,81.36,207.88,0.09988,0.0,4.0,,,,,,,,1,1,0.0,1,
glue|bert-base-uncased|mrpc_wide|B|t17|s12|confirm,glue,bert-base-uncased,mrpc_wide,mrpc,B,confirm,17,12,f1,curvature=4.0;gat_hidden_dim=128;graph_metric=cosine;hyperbolic_readout=1;jk_mode=max;learnable_curvature=1;lr=0.001;num_layers=4;proj_dim=256;readout_clip=0.0;readout_scale=1;scorer_hidden=128;tau_quantile=0.1;weight_decay=5e-05,128,cosine,max,0.001,4,256,128,0.1,5e-05,81.95,218.24,0.0998,0.0,4.0,,,,,,,,1,1,0.0,1,
glue|bert-base-uncased|mrpc_wide|B|t17|s13|confirm,glue,bert-base-uncased,mrpc_wide,mrpc,B,confirm,17,13,f1,curvature=4.0;gat_hidden_dim=128;graph_metric=cosine;hyperbolic_readout=1;jk_mode=max;learnable_curvature=1;lr=0.001;num_layers=4;proj_dim=256;readout_clip=0.0;readout_scale=1;scorer_hidden=128;tau_quantile=0.1;weight_decay=5e-05,128,cosine,max,0.001,4,256,128,0.1,5e-05,81.94,206.17,0.09986,0.0,4.0,,,,,,,,1,1,0.0,1,
glue|bert-base-uncased|mrpc_wide|B|t17|s14|confirm,glue,bert-base-uncased,mrpc_wide,mrpc,B,confirm,17,14,f1,curvature=4.0;gat_hidden_dim=128;graph_metric=cosine;hyperbolic_readout=1;jk_mode=max;learnable_curvature=1;lr=0.001;num_layers=4;proj_dim=256;readout_clip=0.0;readout_scale=1;scorer_hidden=128;tau_quantile=0.1;weight_decay=5e-05,128,cosine,max,0.001,4,256,128,0.1,5e-05,81.41,215.74,0.09991,0.0,4.0,,,,,,,,1,1,0.0,1,
glue|bert-base-uncased|mrpc_wide|B|t17|s15|confirm,glue,bert-base-uncased,mrpc_wide,mrpc,B,confirm,17,15,f1,curvature=4.0;gat_hidden_dim=128;graph_metric=cosine;hyperbolic_readout=1;jk_mode=max;learnable_curvature=1;lr=0.001;num_layers=4;proj_dim=256;readout_clip=0.0;readout_scale=1;scorer_hidden=128;tau_quantile=0.1;weight_decay=5e-05,128,cosine,max,0.001,4,256,128,0.1,5e-05,81.75,210.68,0.09983,0.0,4.0,,,,,,,,1,1,0.0,1,
glue|bert-base-uncased|mrpc_wide|BC|t5|s1|confirm,glue,bert-base-uncased,mrpc_wide,mrpc,BC,confirm,5,1,f1,curvature=0.25;gat_hidden_dim=128;gnn_input_clip=0.7;gnn_input_scale=0;graph_metric=cosine;hyp_gnn_type=gcn;hyperbolic_gnn=1;hyperbolic_readout=1;jk_mode=cat;learnable_curvature=1;lr=0.001;num_layers=4;proj_dim=128;readout_clip=0.3;readout_scale=0;scorer_hidden=128;tau_quantile=0.38;weight_decay=1e-05,128,cosine,cat,0.001,4,128,128,0.38,1e-05,82.23,280.47,0.3795,0.0,0.25,0.7,0,gcn,1,,,,1,1,0.3,0,
glue|bert-base-uncased|mrpc_wide|BC|t5|s2|confirm,glue,bert-base-uncased,mrpc_wide,mrpc,BC,confirm,5,2,f1,curvature=0.25;gat_hidden_dim=128;gnn_input_clip=0.7;gnn_input_scale=0;graph_metric=cosine;hyp_gnn_type=gcn;hyperbolic_gnn=1;hyperbolic_readout=1;jk_mode=cat;learnable_curvature=1;lr=0.001;num_layers=4;proj_dim=128;readout_clip=0.3;readout_scale=0;scorer_hidden=128;tau_quantile=0.38;weight_decay=1e-05,128,cosine,cat,0.001,4,128,128,0.38,1e-05,81.22,264.77,0.37949,0.0,0.25,0.7,0,gcn,1,,,,1,1,0.3,0,
glue|bert-base-uncased|mrpc_wide|BC|t5|s3|confirm,glue,bert-base-uncased,mrpc_wide,mrpc,BC,confirm,5,3,f1,curvature=0.25;gat_hidden_dim=128;gnn_input_clip=0.7;gnn_input_scale=0;graph_metric=cosine;hyp_gnn_type=gcn;hyperbolic_gnn=1;hyperbolic_readout=1;jk_mode=cat;learnable_curvature=1;lr=0.001;num_layers=4;proj_dim=128;readout_clip=0.3;readout_scale=0;scorer_hidden=128;tau_quantile=0.38;weight_decay=1e-05,128,cosine,cat,0.001,4,128,128,0.38,1e-05,81.13,279.43,0.37942,0.0,0.25,0.7,0,gcn,1,,,,1,1,0.3,0,
glue|bert-base-uncased|mrpc_wide|BC|t5|s4|confirm,glue,bert-base-uncased,mrpc_wide,mrpc,BC,confirm,5,4,f1,curvature=0.25;gat_hidden_dim=128;gnn_input_clip=0.7;gnn_input_scale=0;graph_metric=cosine;hyp_gnn_type=gcn;hyperbolic_gnn=1;hyperbolic_readout=1;jk_mode=cat;learnable_curvature=1;lr=0.001;num_layers=4;proj_dim=128;readout_clip=0.3;readout_scale=0;scorer_hidden=128;tau_quantile=0.38;weight_decay=1e-05,128,cosine,cat,0.001,4,128,128,0.38,1e-05,81.98,292.77,0.37934,0.0,0.25,0.7,0,gcn,1,,,,1,1,0.3,0,
glue|bert-base-uncased|mrpc_wide|BC|t5|s5|confirm,glue,bert-base-uncased,mrpc_wide,mrpc,BC,confirm,5,5,f1,curvature=0.25;gat_hidden_dim=128;gnn_input_clip=0.7;gnn_input_scale=0;graph_metric=cosine;hyp_gnn_type=gcn;hyperbolic_gnn=1;hyperbolic_readout=1;jk_mode=cat;learnable_curvature=1;lr=0.001;num_layers=4;proj_dim=128;readout_clip=0.3;readout_scale=0;scorer_hidden=128;tau_quantile=0.38;weight_decay=1e-05,128,cosine,cat,0.001,4,128,128,0.38,1e-05,81.48,289.45,0.37934,0.0,0.25,0.7,0,gcn,1,,,,1,1,0.3,0,
glue|bert-base-uncased|mrpc_wide|BC|t5|s6|confirm,glue,bert-base-uncased,mrpc_wide,mrpc,BC,confirm,5,6,f1,curvature=0.25;gat_hidden_dim=128;gnn_input_clip=0.7;gnn_input_scale=0;graph_metric=cosine;hyp_gnn_type=gcn;hyperbolic_gnn=1;hyperbolic_readout=1;jk_mode=cat;learnable_curvature=1;lr=0.001;num_layers=4;proj_dim=128;readout_clip=0.3;readout_scale=0;scorer_hidden=128;tau_quantile=0.38;weight_decay=1e-05,128,cosine,cat,0.001,4,128,128,0.38,1e-05,81.97,260.16,0.37946,0.0,0.25,0.7,0,gcn,1,,,,1,1,0.3,0,
glue|bert-base-uncased|mrpc_wide|BC|t5|s7|confirm,glue,bert-base-uncased,mrpc_wide,mrpc,BC,confirm,5,7,f1,curvature=0.25;gat_hidden_dim=128;gnn_input_clip=0.7;gnn_input_scale=0;graph_metric=cosine;hyp_gnn_type=gcn;hyperbolic_gnn=1;hyperbolic_readout=1;jk_mode=cat;learnable_curvature=1;lr=0.001;num_layers=4;proj_dim=128;readout_clip=0.3;readout_scale=0;scorer_hidden=128;tau_quantile=0.38;weight_decay=1e-05,128,cosine,cat,0.001,4,128,128,0.38,1e-05,81.9,281.0,0.3794,0.0,0.25,0.7,0,gcn,1,,,,1,1,0.3,0,
glue|bert-base-uncased|mrpc_wide|BC|t5|s8|confirm,glue,bert-base-uncased,mrpc_wide,mrpc,BC,confirm,5,8,f1,curvature=0.25;gat_hidden_dim=128;gnn_input_clip=0.7;gnn_input_scale=0;graph_metric=cosine;hyp_gnn_type=gcn;hyperbolic_gnn=1;hyperbolic_readout=1;jk_mode=cat;learnable_curvature=1;lr=0.001;num_layers=4;proj_dim=128;readout_clip=0.3;readout_scale=0;scorer_hidden=128;tau_quantile=0.38;weight_decay=1e-05,128,cosine,cat,0.001,4,128,128,0.38,1e-05,82.44,258.98,0.37943,0.0,0.25,0.7,0,gcn,1,,,,1,1,0.3,0,
glue|bert-base-uncased|mrpc_wide|BC|t5|s9|confirm,glue,bert-base-uncased,mrpc_wide,mrpc,BC,confirm,5,9,f1,curvature=0.25;gat_hidden_dim=128;gnn_input_clip=0.7;gnn_input_scale=0;graph_metric=cosine;hyp_gnn_type=gcn;hyperbolic_gnn=1;hyperbolic_readout=1;jk_mode=cat;learnable_curvature=1;lr=0.001;num_layers=4;proj_dim=128;readout_clip=0.3;readout_scale=0;scorer_hidden=128;tau_quantile=0.38;weight_decay=1e-05,128,cosine,cat,0.001,4,128,128,0.38,1e-05,81.66,267.17,0.37952,0.0,0.25,0.7,0,gcn,1,,,,1,1,0.3,0,
glue|bert-base-uncased|mrpc_wide|BC|t5|s10|confirm,glue,bert-base-uncased,mrpc_wide,mrpc,BC,confirm,5,10,f1,curvature=0.25;gat_hidden_dim=128;gnn_input_clip=0.7;gnn_input_scale=0;graph_metric=cosine;hyp_gnn_type=gcn;hyperbolic_gnn=1;hyperbolic_readout=1;jk_mode=cat;learnable_curvature=1;lr=0.001;num_layers=4;proj_dim=128;readout_clip=0.3;readout_scale=0;scorer_hidden=128;tau_quantile=0.38;weight_decay=1e-05,128,cosine,cat,0.001,4,128,128,0.38,1e-05,81.35,245.54,0.37942,0.0,0.25,0.7,0,gcn,1,,,,1,1,0.3,0,
glue|bert-base-uncased|mrpc_wide|BC|t5|s11|confirm,glue,bert-base-uncased,mrpc_wide,mrpc,BC,confirm,5,11,f1,curvature=0.25;gat_hidden_dim=128;gnn_input_clip=0.7;gnn_input_scale=0;graph_metric=cosine;hyp_gnn_type=gcn;hyperbolic_gnn=1;hyperbolic_readout=1;jk_mode=cat;learnable_curvature=1;lr=0.001;num_layers=4;proj_dim=128;readout_clip=0.3;readout_scale=0;scorer_hidden=128;tau_quantile=0.38;weight_decay=1e-05,128,cosine,cat,0.001,4,128,128,0.38,1e-05,81.63,233.5,0.37945,0.0,0.25,0.7,0,gcn,1,,,,1,1,0.3,0,
glue|bert-base-uncased|mrpc_wide|BC|t5|s12|confirm,glue,bert-base-uncased,mrpc_wide,mrpc,BC,confirm,5,12,f1,curvature=0.25;gat_hidden_dim=128;gnn_input_clip=0.7;gnn_input_scale=0;graph_metric=cosine;hyp_gnn_type=gcn;hyperbolic_gnn=1;hyperbolic_readout=1;jk_mode=cat;learnable_curvature=1;lr=0.001;num_layers=4;proj_dim=128;readout_clip=0.3;readout_scale=0;scorer_hidden=128;tau_quantile=0.38;weight_decay=1e-05,128,cosine,cat,0.001,4,128,128,0.38,1e-05,82.34,265.67,0.37943,0.0,0.25,0.7,0,gcn,1,,,,1,1,0.3,0,
glue|bert-base-uncased|mrpc_wide|BC|t5|s13|confirm,glue,bert-base-uncased,mrpc_wide,mrpc,BC,confirm,5,13,f1,curvature=0.25;gat_hidden_dim=128;gnn_input_clip=0.7;gnn_input_scale=0;graph_metric=cosine;hyp_gnn_type=gcn;hyperbolic_gnn=1;hyperbolic_readout=1;jk_mode=cat;learnable_curvature=1;lr=0.001;num_layers=4;proj_dim=128;readout_clip=0.3;readout_scale=0;scorer_hidden=128;tau_quantile=0.38;weight_decay=1e-05,128,cosine,cat,0.001,4,128,128,0.38,1e-05,81.8,220.58,0.37929,0.0,0.25,0.7,0,gcn,1,,,,1,1,0.3,0,
glue|bert-base-uncased|mrpc_wide|BC|t5|s14|confirm,glue,bert-base-uncased,mrpc_wide,mrpc,BC,confirm,5,14,f1,curvature=0.25;gat_hidden_dim=128;gnn_input_clip=0.7;gnn_input_scale=0;graph_metric=cosine;hyp_gnn_type=gcn;hyperbolic_gnn=1;hyperbolic_readout=1;jk_mode=cat;learnable_curvature=1;lr=0.001;num_layers=4;proj_dim=128;readout_clip=0.3;readout_scale=0;scorer_hidden=128;tau_quantile=0.38;weight_decay=1e-05,128,cosine,cat,0.001,4,128,128,0.38,1e-05,81.78,247.21,0.3795,0.0,0.25,0.7,0,gcn,1,,,,1,1,0.3,0,
glue|bert-base-uncased|mrpc_wide|BC|t5|s15|confirm,glue,bert-base-uncased,mrpc_wide,mrpc,BC,confirm,5,15,f1,curvature=0.25;gat_hidden_dim=128;gnn_input_clip=0.7;gnn_input_scale=0;graph_metric=cosine;hyp_gnn_type=gcn;hyperbolic_gnn=1;hyperbolic_readout=1;jk_mode=cat;learnable_curvature=1;lr=0.001;num_layers=4;proj_dim=128;readout_clip=0.3;readout_scale=0;scorer_hidden=128;tau_quantile=0.38;weight_decay=1e-05,128,cosine,cat,0.001,4,128,128,0.38,1e-05,82.53,236.11,0.3795,0.0,0.25,0.7,0,gcn,1,,,,1,1,0.3,0,
