run_key,target,model,setting,task,arm,stage,trial,seed,metric,detail,gat_hidden_dim,graph_metric,jk_mode,lr,num_layers,proj_dim,scorer_hidden,tau_quantile,weight_decay,score,elapsed_sec,mean_density,empty_frac,curvature,gnn_input_clip,gnn_input_scale,hyp_gnn_type,hyperbolic_gnn,tau,feature_mode,graph_curvature,hyperbolic_readout,learnable_curvature,readout_clip,readout_scale,rho_quantile
glue|bert-base-uncased|stsb_wide|baseline|t0|s42|tune,glue,bert-base-uncased,stsb_wide,stsb,baseline,tune,0,42,spearman,gat_hidden_dim=128;graph_metric=cosine;jk_mode=cat;lr=0.001;num_layers=4;proj_dim=256;scorer_hidden=256;tau_quantile=0.1;weight_decay=1e-05,128,cosine,cat,0.001,4,256,256,0.1,1e-05,80.19,199.36,0.20288,0.0,,,,,,,,,,,,,
glue|bert-base-uncased|stsb_wide|baseline|t1|s42|tune,glue,bert-base-uncased,stsb_wide,stsb,baseline,tune,1,42,spearman,gat_hidden_dim=256;graph_metric=cosine;jk_mode=cat;lr=2e-05;num_layers=4;proj_dim=128;scorer_hidden=256;tau_quantile=0.0125;weight_decay=1e-05,256,cosine,cat,2e-05,4,128,256,0.0125,1e-05,80.91,199.99,0.11239,0.0,,,,,,,,,,,,,
glue|bert-base-uncased|stsb_wide|baseline|t2|s42|tune,glue,bert-base-uncased,stsb_wide,stsb,baseline,tune,2,42,spearman,gat_hidden_dim=128;graph_metric=cosine;jk_mode=max;lr=0.0002;num_layers=4;proj_dim=256;scorer_hidden=256;tau_quantile=0.2;weight_decay=0.0,128,cosine,max,0.0002,4,256,256,0.2,0.0,74.09,199.9,0.29835,0.0,,,,,,,,,,,,,
glue|bert-base-uncased|stsb_wide|baseline|t3|s42|tune,glue,bert-base-uncased,stsb_wide,stsb,baseline,tune,3,42,spearman,gat_hidden_dim=128;graph_metric=cosine;jk_mode=cat;lr=2e-05;num_layers=4;proj_dim=128;scorer_hidden=128;tau_quantile=0.15;weight_decay=0.0,128,cosine,cat,2e-05,4,128,128,0.15,0.0,80.58,196.76,0.24985,0.0,,,,,,,,,,,,,
glue|bert-base-uncased|stsb_wide|baseline|t4|s42|tune,glue,bert-base-uncased,stsb_wide,stsb,baseline,tune,4,42,spearman,gat_hidden_dim=256;graph_metric=cosine;jk_mode=cat;lr=0.0002;num_layers=2;proj_dim=256;scorer_hidden=256;tau_quantile=0.1;weight_decay=1e-05,256,cosine,cat,0.0002,2,256,256,0.1,1e-05,82.59,194.98,0.2009,0.0,,,,,,,,,,,,,
glue|bert-base-uncased|stsb_wide|baseline|t5|s42|tune,glue,bert-base-uncased,stsb_wide,stsb,baseline,tune,5,42,spearman,gat_hidden_dim=64;graph_metric=cosine;jk_mode=max;lr=0.0002;num_layers=2;proj_dim=128;scorer_hidden=128;tau_quantile=0.2;weight_decay=0.0,64,cosine,max,0.0002,2,128,128,0.2,0.0,66.89,195.94,0.2966,0.0,,,,,,,,,,,,,
glue|bert-base-uncased|stsb_wide|baseline|t6|s42|tune,glue,bert-base-uncased,stsb_wide,stsb,baseline,tune,6,42,spearman,gat_hidden_dim=256;graph_metric=cosine;jk_mode=cat;lr=0.0002;num_layers=4;proj_dim=128;scorer_hidden=128;tau_quantile=0.15;weight_decay=0.0,256,cosine,cat,0.0002,4,128,128,0.15,0.0,81.68,197.75,0.24926,0.0,,,,,,,,,,,,,
glue|bert-base-uncased|stsb_wide|baseline|t7|s42|tune,glue,bert-base-uncased,stsb_wide,stsb,baseline,tune,7,42,spearman,gat_hidden_dim=256;graph_metric=cosine;jk_mode=max;lr=0.001;num_layers=2;proj_dim=128;scorer_hidden=128;tau_quantile=0.15;weight_decay=0.0,256,cosine,max,0.001,2,128,128,0.15,0.0,74.81,192.13,0.24674,0.0,,,,,,,,,,,,,
glue|bert-base-uncased|stsb_wide|baseline|t8|s42|tune,glue,bert-base-uncased,stsb_wide,stsb,baseline,tune,8,42,spearman,gat_hidden_dim=64;graph_metric=cosine;jk_mode=cat;lr=2e-05;num_layers=2;proj_dim=128;scorer_hidden=256;tau_quantile=0.15;weight_decay=5e-05,64,cosine,cat,2e-05,2,128,256,0.15,5e-05,79.8,194.91,0.24603,0.0,,,,,,,,,,,,,
glue|bert-base-uncased|stsb_wide|baseline|t9|s42|tune,glue,bert-base-uncased,stsb_wide,stsb,baseline,tune,9,42,spearman,gat_hidden_dim=128;graph_metric=cosine;jk_mode=cat;lr=2e-05;num_layers=2;proj_dim=512;scorer_hidden=256;tau_quantile=0.05;weight_decay=1e-05,128,cosine,cat,2e-05,2,512,256,0.05,1e-05,80.52,197.73,0.15031,0.0,,,,,,,,,,,,,
glue|bert-base-uncased|stsb_wide|baseline|t10|s42|tune,glue,bert-base-uncased,stsb_wide,stsb,baseline,tune,10,42,spearman,gat_hidden_dim=128;graph_metric=cosine;jk_mode=cat;lr=0.001;num_layers=2;proj_dim=256;scorer_hidden=256;tau_quantile=0.15;weight_decay=5e-05,128,cosine,cat,0.001,2,256,256,0.15,5e-05,79.06,195.29,0.24931,0.0,,,,,,,,,,,,,
glue|bert-base-uncased|stsb_wide|baseline|t11|s42|tune,glue,bert-base-uncased,stsb_wide,stsb,baseline,tune,11,42,spearman,gat_hidden_dim=64;graph_metric=cosine;jk_mode=max;lr=0.001;num_layers=2;proj_dim=128;scorer_hidden=128;tau_quantile=0.1;weight_decay=5e-05,64,cosine,max,0.001,2,128,128,0.1,5e-05,69.98,192.72,0.20363,0.0,,,,,,,,,,,,,
glue|bert-base-uncased|stsb_wide|baseline|t12|s42|tune,glue,bert-base-uncased,stsb_wide,stsb,baseline,tune,12,42,spearman,gat_hidden_dim=128;graph_metric=cosine;jk_mode=max;lr=0.0002;num_layers=2;proj_dim=512;scorer_hidden=256;tau_quantile=0.0125;weight_decay=0.0,128,cosine,max,0.0002,2,512,256,0.0125,0.0,75.55,192.76,0.11171,0.0,,,,,,,,,,,,,
glue|bert-base-uncased|stsb_wide|baseline|t13|s42|tune,glue,bert-base-uncased,stsb_wide,stsb,baseline,tune,13,42,spearman,gat_hidden_dim=256;graph_metric=cosine;jk_mode=max;lr=2e-05;num_layers=2;proj_dim=512;scorer_hidden=256;tau_quantile=0.05;weight_decay=5e-05,256,cosine,max,2e-05,2,512,256,0.05,5e-05,71.15,188.71,0.14716,0.0,,,,,,,,,,,,,
glue|bert-base-uncased|stsb_wide|baseline|t14|s42|tune,glue,bert-base-uncased,stsb_wide,stsb,baseline,tune,14,42,spearman,gat_hidden_dim=256;graph_metric=cosine;jk_mode=max;lr=0.001;num_layers=2;proj_dim=128;scorer_hidden=128;tau_quantile=0.28;weight_decay=5e-05,256,cosine,max,0.001,2,128,128,0.28,5e-05,73.77,197.74,0.37623,0.0,,,,,,,,,,,,,
glue|bert-base-uncased|stsb_wide|baseline|t15|s42|tune,glue,bert-base-uncased,stsb_wide,stsb,baseline,tune,15,42,spearman,gat_hidden_dim=256;graph_metric=cosine;jk_mode=max;lr=2e-05;num_layers=4;proj_dim=512;scorer_hidden=256;tau_quantile=0.2;weight_decay=0.0,256,cosine,max,2e-05,4,512,256,0.2,0.0,70.05,198.21,0.29336,0.0,,,,,,,,,,,,,
glue|bert-base-uncased|stsb_wide|baseline|t16|s42|tune,glue,bert-base-uncased,stsb_wide,stsb,baseline,tune,16,42,spearman,gat_hidden_dim=256;graph_metric=cosine;jk_mode=max;lr=2e-05;num_layers=4;proj_dim=128;scorer_hidden=128;tau_quantile=0.2;weight_decay=5e-05,256,cosine,max,2e-05,4,128,128,0.2,5e-05,70.05,198.55,0.29336,0.0,,,,,,,,,,,,,
glue|bert-base-uncased|stsb_wide|baseline|t17|s42|tune,glue,bert-base-uncased,stsb_wide,stsb,baseline,tune,17,42,spearman,gat_hidden_dim=64;graph_metric=cosine;jk_mode=cat;lr=0.0002;num_layers=4;proj_dim=256;scorer_hidden=128;tau_quantile=0.2;weight_decay=0.0,64,cosine,cat,0.0002,4,256,128,0.2,0.0,82.95,200.8,0.29504,0.0,,,,,,,,,,,,,
glue|bert-base-uncased|stsb_wide|baseline|t18|s42|tune,glue,bert-base-uncased,stsb_wide,stsb,baseline,tune,18,42,spearman,gat_hidden_dim=128;graph_metric=cosine;jk_mode=cat;lr=2e-05;num_layers=2;proj_dim=512;scorer_hidden=256;tau_quantile=0.025;weight_decay=1e-05,128,cosine,cat,2e-05,2,512,256,0.025,1e-05,80.54,199.53,0.12854,0.0,,,,,,,,,,,,,
glue|bert-base-uncased|stsb_wide|baseline|t19|s42|tune,glue,bert-base-uncased,stsb_wide,stsb,baseline,tune,19,42,spearman,gat_hidden_dim=128;graph_metric=cosine;jk_mode=max;lr=0.0002;num_layers=4;proj_dim=512;scorer_hidden=256;tau_quantile=0.1;weight_decay=0.0,128,cosine,max,0.0002,4,512,256,0.1,0.0,74.72,200.18,0.20362,0.0,,,,,,,,,,,,,
glue|bert-base-uncased|stsb_wide|baseline|t20|s42|tune,glue,bert-base-uncased,stsb_wide,stsb,baseline,tune,20,42,spearman,gat_hidden_dim=256;graph_metric=cosine;jk_mode=cat;lr=0.0002;num_layers=4;proj_dim=256;scorer_hidden=128;tau_quantile=0.2;weight_decay=5e-05,256,cosine,cat,0.0002,4,256,128,0.2,5e-05,81.92,200.43,0.29664,0.0,,,,,,,,,,,,,
glue|bert-base-uncased|stsb_wide|baseline|t21|s42|tune,glue,bert-base-uncased,stsb_wide,stsb,baseline,tune,21,42,spearman,gat_hidden_dim=128;graph_metric=cosine;jk_mode=max;lr=0.001;num_layers=2;proj_dim=256;scorer_hidden=128;tau_quantile=0.1;weight_decay=1e-05,128,cosine,max,0.001,2,256,128,0.1,1e-05,73.53,195.25,0.20042,0.0,,,,,,,,,,,,,
glue|bert-base-uncased|stsb_wide|baseline|t22|s42|tune,glue,bert-base-uncased,stsb_wide,stsb,baseline,tune,22,42,spearman,gat_hidden_dim=128;graph_metric=cosine;jk_mode=max;lr=0.0002;num_layers=4;proj_dim=512;scorer_hidden=128;tau_quantile=0.05;weight_decay=1e-05,128,cosine,max,0.0002,4,512,128,0.05,1e-05,75.36,203.67,0.15259,0.0,,,,,,,,,,,,,
glue|bert-base-uncased|stsb_wide|baseline|t23|s42|tune,glue,bert-base-uncased,stsb_wide,stsb,baseline,tune,23,42,spearman,gat_hidden_dim=256;graph_metric=cosine;jk_mode=cat;lr=0.0002;num_layers=2;proj_dim=128;scorer_hidden=128;tau_quantile=0.15;weight_decay=1e-05,256,cosine,cat,0.0002,2,128,128,0.15,1e-05,82.35,196.35,0.24943,0.0,,,,,,,,,,,,,
glue|bert-base-uncased|stsb_wide|baseline|t24|s42|tune,glue,bert-base-uncased,stsb_wide,stsb,baseline,tune,24,42,spearman,gat_hidden_dim=128;graph_metric=cosine;jk_mode=max;lr=0.001;num_layers=2;proj_dim=256;scorer_hidden=256;tau_quantile=0.38;weight_decay=1e-05,128,cosine,max,0.001,2,256,256,0.38,1e-05,73.04,193.53,0.47378,0.0,,,,,,,,,,,,,
glue|bert-base-uncased|stsb_wide|baseline|t25|s42|tune,glue,bert-base-uncased,stsb_wide,stsb,baseline,tune,25,42,spearman,gat_hidden_dim=128;graph_metric=cosine;jk_mode=cat;lr=2e-05;num_layers=2;proj_dim=256;scorer_hidden=128;tau_quantile=0.15;weight_decay=1e-05,128,cosine,cat,2e-05,2,256,128,0.15,1e-05,80.48,195.72,0.24931,0.0,,,,,,,,,,,,,
glue|bert-base-uncased|stsb_wide|baseline|t26|s42|tune,glue,bert-base-uncased,stsb_wide,stsb,baseline,tune,26,42,spearman,gat_hidden_dim=128;graph_metric=cosine;jk_mode=max;lr=2e-05;num_layers=4;proj_dim=512;scorer_hidden=256;tau_quantile=0.025;weight_decay=5e-05,128,cosine,max,2e-05,4,512,256,0.025,5e-05,65.75,199.02,0.13012,0.0,,,,,,,,,,,,,
glue|bert-base-uncased|stsb_wide|baseline|t27|s42|tune,glue,bert-base-uncased,stsb_wide,stsb,baseline,tune,27,42,spearman,gat_hidden_dim=128;graph_metric=cosine;jk_mode=cat;lr=2e-05;num_layers=2;proj_dim=512;scorer_hidden=256;tau_quantile=0.0125;weight_decay=1e-05,128,cosine,cat,2e-05,2,512,256,0.0125,1e-05,80.55,192.02,0.11191,0.0,,,,,,,,,,,,,
glue|bert-base-uncased|stsb_wide|baseline|t28|s42|tune,glue,bert-base-uncased,stsb_wide,stsb,baseline,tune,28,42,spearman,gat_hidden_dim=128;graph_metric=cosine;jk_mode=cat;lr=2e-05;num_layers=4;proj_dim=512;scorer_hidden=256;tau_quantile=0.0375;weight_decay=1e-05,128,cosine,cat,2e-05,4,512,256,0.0375,1e-05,80.58,200.69,0.13813,0.0,,,,,,,,,,,,,
glue|bert-base-uncased|stsb_wide|baseline|t29|s42|tune,glue,bert-base-uncased,stsb_wide,stsb,baseline,tune,29,42,spearman,gat_hidden_dim=256;graph_metric=cosine;jk_mode=cat;lr=2e-05;num_layers=2;proj_dim=256;scorer_hidden=128;tau_quantile=0.38;weight_decay=0.0,256,cosine,cat,2e-05,2,256,128,0.38,0.0,80.38,195.49,0.47632,0.0,,,,,,,,,,,,,
glue|bert-base-uncased|stsb_wide|baseline|t30|s42|tune,glue,bert-base-uncased,stsb_wide,stsb,baseline,tune,30,42,spearman,gat_hidden_dim=64;graph_metric=cosine;jk_mode=max;lr=0.0002;num_layers=2;proj_dim=256;scorer_hidden=128;tau_quantile=0.1;weight_decay=1e-05,64,cosine,max,0.0002,2,256,128,0.1,1e-05,67.71,193.08,0.20363,0.0,,,,,,,,,,,,,
glue|bert-base-uncased|stsb_wide|baseline|t31|s42|tune,glue,bert-base-uncased,stsb_wide,stsb,baseline,tune,31,42,spearman,gat_hidden_dim=64;graph_metric=cosine;jk_mode=max;lr=0.0002;num_layers=4;proj_dim=256;scorer_hidden=128;tau_quantile=0.38;weight_decay=1e-05,64,cosine,max,0.0002,4,256,128,0.38,1e-05,68.44,199.21,0.47325,0.0,,,,,,,,,,,,,
glue|bert-base-uncased|stsb_wide|baseline|t32|s42|tune,glue,bert-base-uncased,stsb_wide,stsb,baseline,tune,32,42,spearman,gat_hidden_dim=128;graph_metric=cosine;jk_mode=max;lr=0.0002;num_layers=2;proj_dim=256;scorer_hidden=256;tau_quantile=0.025;weight_decay=0.0,128,cosine,max,0.0002,2,256,256,0.025,0.0,75.37,194.4,0.12706,0.0,,,,,,,,,,,,,
glue|bert-base-uncased|stsb_wide|baseline|t33|s42|tune,glue,bert-base-uncased,stsb_wide,stsb,baseline,tune,33,42,spearman,gat_hidden_dim=256;graph_metric=cosine;jk_mode=max;lr=0.0002;num_layers=2;proj_dim=512;scorer_hidden=256;tau_quantile=0.15;weight_decay=1e-05,256,cosine,max,0.0002,2,512,256,0.15,1e-05,78.46,198.53,0.24674,0.0,,,,,,,,,,,,,
glue|bert-base-uncased|stsb_wide|baseline|t34|s42|tune,glue,bert-base-uncased,stsb_wide,stsb,baseline,tune,34,42,spearman,gat_hidden_dim=64;graph_metric=cosine;jk_mode=cat;lr=0.001;num_layers=2;proj_dim=128;scorer_hidden=256;tau_quantile=0.075;weight_decay=5e-05,64,cosine,cat,0.001,2,128,256,0.075,5e-05,79.73,193.25,0.17482,0.0,,,,,,,,,,,,,
glue|bert-base-uncased|stsb_wide|baseline|t35|s42|tune,glue,bert-base-uncased,stsb_wide,stsb,baseline,tune,35,42,spearman,gat_hidden_dim=64;graph_metric=cosine;jk_mode=max;lr=0.001;num_layers=4;proj_dim=128;scorer_hidden=128;tau_quantile=0.0375;weight_decay=0.0,64,cosine,max,0.001,4,128,128,0.0375,0.0,68.06,200.09,0.135,0.0,,,,,,,,,,,,,
glue|bert-base-uncased|stsb_wide|baseline|t36|s42|tune,glue,bert-base-uncased,stsb_wide,stsb,baseline,tune,36,42,spearman,gat_hidden_dim=128;graph_metric=cosine;jk_mode=max;lr=0.0002;num_layers=2;proj_dim=512;scorer_hidden=128;tau_quantile=0.0125;weight_decay=1e-05,128,cosine,max,0.0002,2,512,128,0.0125,1e-05,75.57,194.55,0.11171,0.0,,,,,,,,,,,,,
glue|bert-base-uncased|stsb_wide|baseline|t37|s42|tune,glue,bert-base-uncased,stsb_wide,stsb,baseline,tune,37,42,spearman,gat_hidden_dim=256;graph_metric=cosine;jk_mode=max;lr=0.001;num_layers=2;proj_dim=512;scorer_hidden=128;tau_quantile=0.0125;weight_decay=1e-05,256,cosine,max,0.001,2,512,128,0.0125,1e-05,75.85,191.29,0.10945,0.0,,,,,,,,,,,,,
glue|bert-base-uncased|stsb_wide|baseline|t38|s42|tune,glue,bert-base-uncased,stsb_wide,stsb,baseline,tune,38,42,spearman,gat_hidden_dim=128;graph_metric=cosine;jk_mode=max;lr=0.001;num_layers=4;proj_dim=256;scorer_hidden=128;tau_quantile=0.025;weight_decay=0.0,128,cosine,max,0.001,4,256,128,0.025,0.0,74.01,202.69,0.13012,0.0,,,,,,,,,,,,,
glue|bert-base-uncased|stsb_wide|baseline|t39|s42|tune,glue,bert-base-uncased,stsb_wide,stsb,baseline,tune,39,42,spearman,gat_hidden_dim=256;graph_metric=cosine;jk_mode=max;lr=0.001;num_layers=2;proj_dim=256;scorer_hidden=256;tau_quantile=0.38;weight_decay=0.0,256,cosine,max,0.001,2,256,256,0.38,0.0,74.47,192.12,0.47217,0.0,,,,,,,,,,,,,
glue|bert-base-uncased|stsb_wide|C|t0|s42|tune,glue,bert-base-uncased,stsb_wide,stsb,C,tune,0,42,spearman,curvature=0.25;gat_hidden_dim=64;gnn_input_clip=0.0;gnn_input_scale=1;graph_metric=cosine;hyp_gnn_type=gcn;hyperbolic_gnn=1;jk_mode=max;lr=2e-05;num_layers=4;proj_dim=512;scorer_hidden=256;tau_quantile=0.1;weight_decay=5e-05,64,cosine,max,2e-05,4,512,256,0.1,5e-05,48.92,238.0,0.20128,0.0,0.25,0.0,1,gcn,1,,,,,,,,
glue|bert-base-uncased|stsb_wide|C|t1|s42|tune,glue,bert-base-uncased,stsb_wide,stsb,C,tune,1,42,spearman,curvature=4.0;gat_hidden_dim=256;gnn_input_clip=0.0;gnn_input_scale=1;graph_metric=cosine;hyp_gnn_type=gat;hyperbolic_gnn=1;jk_mode=cat;lr=0.0002;num_layers=4;proj_dim=128;scorer_hidden=128;tau_quantile=0.05;weight_decay=0.0,256,cosine,cat,0.0002,4,128,128,0.05,0.0,82.94,236.6,0.14668,0.0,4.0,0.0,1,gat,1,,,,,,,,
glue|bert-base-uncased|stsb_wide|C|t2|s42|tune,glue,bert-base-uncased,stsb_wide,stsb,C,tune,2,42,spearman,curvature=4.0;gat_hidden_dim=256;gnn_input_clip=0.7;gnn_input_scale=1;graph_metric=cosine;hyp_gnn_type=gcn;hyperbolic_gnn=1;jk_mode=cat;lr=0.001;num_layers=4;proj_dim=256;scorer_hidden=256;tau_quantile=0.05;weight_decay=5e-05,256,cosine,cat,0.001,4,256,256,0.05,5e-05,78.68,244.3,0.14603,0.0,4.0,0.7,1,gcn,1,,,,,,,,
glue|bert-base-uncased|stsb_wide|C|t3|s42|tune,glue,bert-base-uncased,stsb_wide,stsb,C,tune,3,42,spearman,curvature=4.0;gat_hidden_dim=128;gnn_input_clip=1.0;gnn_input_scale=0;graph_metric=cosine;hyp_gnn_type=gcn;hyperbolic_gnn=1;jk_mode=max;lr=0.001;num_layers=4;proj_dim=128;scorer_hidden=256;tau_quantile=0.38;weight_decay=0.0,128,cosine,max,0.001,4,128,256,0.38,0.0,72.13,237.14,0.47746,0.0,4.0,1.0,0,gcn,1,,,,,,,,
glue|bert-base-uncased|stsb_wide|C|t4|s42|tune,glue,bert-base-uncased,stsb_wide,stsb,C,tune,4,42,spearman,curvature=0.25;gat_hidden_dim=64;gnn_input_clip=1.0;gnn_input_scale=1;graph_metric=cosine;hyp_gnn_type=gcn;hyperbolic_gnn=1;jk_mode=max;lr=0.001;num_layers=2;proj_dim=128;scorer_hidden=128;tau_quantile=0.38;weight_decay=5e-05,64,cosine,max,0.001,2,128,128,0.38,5e-05,68.66,221.1,0.47114,0.0,0.25,1.0,1,gcn,1,,,,,,,,
glue|bert-base-uncased|stsb_wide|C|t5|s42|tune,glue,bert-base-uncased,stsb_wide,stsb,C,tune,5,42,spearman,curvature=4.0;gat_hidden_dim=64;gnn_input_clip=0.7;gnn_input_scale=1;graph_metric=cosine;hyp_gnn_type=gat;hyperbolic_gnn=1;jk_mode=cat;lr=0.0002;num_layers=4;proj_dim=256;scorer_hidden=128;tau_quantile=0.05;weight_decay=0.0,64,cosine,cat,0.0002,4,256,128,0.05,0.0,82.38,237.19,0.14526,0.0,4.0,0.7,1,gat,1,,,,,,,,
glue|bert-base-uncased|stsb_wide|C|t6|s42|tune,glue,bert-base-uncased,stsb_wide,stsb,C,tune,6,42,spearman,curvature=0.25;gat_hidden_dim=128;gnn_input_clip=0.7;gnn_input_scale=1;graph_metric=cosine;hyp_gnn_type=gat;hyperbolic_gnn=1;jk_mode=max;lr=2e-05;num_layers=2;proj_dim=512;scorer_hidden=128;tau_quantile=0.38;weight_decay=0.0,128,cosine,max,2e-05,2,512,128,0.38,0.0,53.93,216.97,0.47569,0.0,0.25,0.7,1,gat,1,,,,,,,,
glue|bert-base-uncased|stsb_wide|C|t7|s42|tune,glue,bert-base-uncased,stsb_wide,stsb,C,tune,7,42,spearman,curvature=4.0;gat_hidden_dim=64;gnn_input_clip=0.0;gnn_input_scale=1;graph_metric=cosine;hyp_gnn_type=gat;hyperbolic_gnn=1;jk_mode=cat;lr=2e-05;num_layers=4;proj_dim=512;scorer_hidden=128;tau_quantile=0.05;weight_decay=0.0,64,cosine,cat,2e-05,4,512,128,0.05,0.0,80.08,238.45,0.14526,0.0,4.0,0.0,1,gat,1,,,,,,,,
glue|bert-base-uncased|stsb_wide|C|t8|s42|tune,glue,bert-base-uncased,stsb_wide,stsb,C,tune,8,42,spearman,curvature=0.25;gat_hidden_dim=64;gnn_input_clip=1.0;gnn_input_scale=1;graph_metric=cosine;hyp_gnn_type=gat;hyperbolic_gnn=1;jk_mode=max;lr=0.001;num_layers=2;proj_dim=256;scorer_hidden=128;tau_quantile=0.1;weight_decay=0.0,64,cosine,max,0.001,2,256,128,0.1,0.0,69.24,216.95,0.19792,0.0,0.25,1.0,1,gat,1,,,,,,,,
glue|bert-base-uncased|stsb_wide|C|t9|s42|tune,glue,bert-base-uncased,stsb_wide,stsb,C,tune,9,42,spearman,curvature=1.0;gat_hidden_dim=128;gnn_input_clip=0.3;gnn_input_scale=1;graph_metric=cosine;hyp_gnn_type=gat;hyperbolic_gnn=1;jk_mode=max;lr=0.0002;num_layers=4;proj_dim=256;scorer_hidden=256;tau_quantile=0.1;weight_decay=0.0,128,cosine,max,0.0002,4,256,256,0.1,0.0,65.96,237.26,0.20099,0.0,1.0,0.3,1,gat,1,,,,,,,,
glue|bert-base-uncased|stsb_wide|C|t10|s42|tune,glue,bert-base-uncased,stsb_wide,stsb,C,tune,10,42,spearman,curvature=4.0;gat_hidden_dim=256;gnn_input_clip=0.3;gnn_input_scale=1;graph_metric=cosine;hyp_gnn_type=gcn;hyperbolic_gnn=1;jk_mode=cat;lr=2e-05;num_layers=2;proj_dim=512;scorer_hidden=128;tau_quantile=0.025;weight_decay=1e-05,256,cosine,cat,2e-05,2,512,128,0.025,1e-05,80.26,224.33,0.12778,0.0,4.0,0.3,1,gcn,1,,,,,,,,
glue|bert-base-uncased|stsb_wide|C|t11|s42|tune,glue,bert-base-uncased,stsb_wide,stsb,C,tune,11,42,spearman,curvature=1.0;gat_hidden_dim=128;gnn_input_clip=0.3;gnn_input_scale=1;graph_metric=cosine;hyp_gnn_type=gcn;hyperbolic_gnn=1;jk_mode=max;lr=2e-05;num_layers=2;proj_dim=128;scorer_hidden=128;tau_quantile=0.1;weight_decay=1e-05,128,cosine,max,2e-05,2,128,128,0.1,1e-05,52.69,221.9,0.20009,0.0,1.0,0.3,1,gcn,1,,,,,,,,
glue|bert-base-uncased|stsb_wide|C|t12|s42|tune,glue,bert-base-uncased,stsb_wide,stsb,C,tune,12,42,spearman,curvature=4.0;gat_hidden_dim=64;gnn_input_clip=1.0;gnn_input_scale=1;graph_metric=cosine;hyp_gnn_type=gcn;hyperbolic_gnn=1;jk_mode=cat;lr=0.0002;num_layers=2;proj_dim=256;scorer_hidden=128;tau_quantile=0.05;weight_decay=0.0,64,cosine,cat,0.0002,2,256,128,0.05,0.0,82.78,224.16,0.14975,0.0,4.0,1.0,1,gcn,1,,,,,,,,
glue|bert-base-uncased|stsb_wide|C|t13|s42|tune,glue,bert-base-uncased,stsb_wide,stsb,C,tune,13,42,spearman,curvature=4.0;gat_hidden_dim=64;gnn_input_clip=1.0;gnn_input_scale=1;graph_metric=cosine;hyp_gnn_type=gcn;hyperbolic_gnn=1;jk_mode=max;lr=2e-05;num_layers=2;proj_dim=512;scorer_hidden=256;tau_quantile=0.025;weight_decay=1e-05,64,cosine,max,2e-05,2,512,256,0.025,1e-05,50.2,222.61,0.12369,0.0,4.0,1.0,1,gcn,1,,,,,,,,
glue|bert-base-uncased|stsb_wide|C|t14|s42|tune,glue,bert-base-uncased,stsb_wide,stsb,C,tune,14,42,spearman,curvature=0.25;gat_hidden_dim=256;gnn_input_clip=1.0;gnn_input_scale=0;graph_metric=cosine;hyp_gnn_type=gcn;hyperbolic_gnn=1;jk_mode=cat;lr=0.001;num_layers=2;proj_dim=128;scorer_hidden=256;tau_quantile=0.38;weight_decay=0.0,256,cosine,cat,0.001,2,128,256,0.38,0.0,78.8,222.16,0.47488,0.0,0.25,1.0,0,gcn,1,,,,,,,,
glue|bert-base-uncased|stsb_wide|C|t15|s42|tune,glue,bert-base-uncased,stsb_wide,stsb,C,tune,15,42,spearman,curvature=4.0;gat_hidden_dim=128;gnn_input_clip=0.0;gnn_input_scale=0;graph_metric=cosine;hyp_gnn_type=gat;hyperbolic_gnn=1;jk_mode=cat;lr=0.0002;num_layers=2;proj_dim=128;scorer_hidden=128;tau_quantile=0.2;weight_decay=1e-05,128,cosine,cat,0.0002,2,128,128,0.2,1e-05,83.27,219.05,0.29174,0.0,4.0,0.0,0,gat,1,,,,,,,,
glue|bert-base-uncased|stsb_wide|C|t16|s42|tune,glue,bert-base-uncased,stsb_wide,stsb,C,tune,16,42,spearman,curvature=1.0;gat_hidden_dim=256;gnn_input_clip=0.7;gnn_input_scale=1;graph_metric=cosine;hyp_gnn_type=gcn;hyperbolic_gnn=1;jk_mode=cat;lr=2e-05;num_layers=4;proj_dim=512;scorer_hidden=128;tau_quantile=0.05;weight_decay=1e-05,256,cosine,cat,2e-05,4,512,128,0.05,1e-05,80.89,252.75,0.14603,0.0,1.0,0.7,1,gcn,1,,,,,,,,
glue|bert-base-uncased|stsb_wide|C|t17|s42|tune,glue,bert-base-uncased,stsb_wide,stsb,C,tune,17,42,spearman,curvature=0.25;gat_hidden_dim=128;gnn_input_clip=0.3;gnn_input_scale=1;graph_metric=cosine;hyp_gnn_type=gat;hyperbolic_gnn=1;jk_mode=cat;lr=0.0002;num_layers=2;proj_dim=128;scorer_hidden=256;tau_quantile=0.1;weight_decay=1e-05,128,cosine,cat,0.0002,2,128,256,0.1,1e-05,83.25,216.48,0.19653,0.0,0.25,0.3,1,gat,1,,,,,,,,
glue|bert-base-uncased|stsb_wide|C|t18|s42|tune,glue,bert-base-uncased,stsb_wide,stsb,C,tune,18,42,spearman,curvature=1.0;gat_hidden_dim=256;gnn_input_clip=1.0;gnn_input_scale=0;graph_metric=cosine;hyp_gnn_type=gcn;hyperbolic_gnn=1;jk_mode=cat;lr=2e-05;num_layers=2;proj_dim=512;scorer_hidden=128;tau_quantile=0.38;weight_decay=5e-05,256,cosine,cat,2e-05,2,512,128,0.38,5e-05,80.31,222.82,0.47488,0.0,1.0,1.0,0,gcn,1,,,,,,,,
glue|bert-base-uncased|stsb_wide|C|t19|s42|tune,glue,bert-base-uncased,stsb_wide,stsb,C,tune,19,42,spearman,curvature=4.0;gat_hidden_dim=256;gnn_input_clip=0.0;gnn_input_scale=0;graph_metric=cosine;hyp_gnn_type=gcn;hyperbolic_gnn=1;jk_mode=max;lr=2e-05;num_layers=2;proj_dim=256;scorer_hidden=128;tau_quantile=0.38;weight_decay=5e-05,256,cosine,max,2e-05,2,256,128,0.38,5e-05,68.37,221.95,0.47407,0.0,4.0,0.0,0,gcn,1,,,,,,,,
glue|bert-base-uncased|stsb_wide|C|t20|s42|tune,glue,bert-base-uncased,stsb_wide,stsb,C,tune,20,42,spearman,curvature=1.0;gat_hidden_dim=256;gnn_input_clip=0.0;gnn_input_scale=0;graph_metric=cosine;hyp_gnn_type=gcn;hyperbolic_gnn=1;jk_mode=cat;lr=0.001;num_layers=4;proj_dim=256;scorer_hidden=256;tau_quantile=0.2;weight_decay=1e-05,256,cosine,cat,0.001,4,256,256,0.2,1e-05,79.5,239.22,0.29245,0.0,1.0,0.0,0,gcn,1,,,,,,,,
glue|bert-base-uncased|stsb_wide|C|t21|s42|tune,glue,bert-base-uncased,stsb_wide,stsb,C,tune,21,42,spearman,curvature=1.0;gat_hidden_dim=128;gnn_input_clip=0.7;gnn_input_scale=0;graph_metric=cosine;hyp_gnn_type=gcn;hyperbolic_gnn=1;jk_mode=max;lr=2e-05;num_layers=2;proj_dim=512;scorer_hidden=256;tau_quantile=0.1;weight_decay=0.0,128,cosine,max,2e-05,2,512,256,0.1,0.0,53.21,221.44,0.20009,0.0,1.0,0.7,0,gcn,1,,,,,,,,
glue|bert-base-uncased|stsb_wide|C|t22|s42|tune,glue,bert-base-uncased,stsb_wide,stsb,C,tune,22,42,spearman,curvature=0.25;gat_hidden_dim=256;gnn_input_clip=0.3;gnn_input_scale=0;graph_metric=cosine;hyp_gnn_type=gcn;hyperbolic_gnn=1;jk_mode=cat;lr=0.0002;num_layers=4;proj_dim=512;scorer_hidden=256;tau_quantile=0.1;weight_decay=0.0,256,cosine,cat,0.0002,4,512,256,0.1,0.0,82.69,246.57,0.19692,0.0,0.25,0.3,0,gcn,1,,,,,,,,
glue|bert-base-uncased|stsb_wide|C|t23|s42|tune,glue,bert-base-uncased,stsb_wide,stsb,C,tune,23,42,spearman,curvature=4.0;gat_hidden_dim=256;gnn_input_clip=0.0;gnn_input_scale=0;graph_metric=cosine;hyp_gnn_type=gcn;hyperbolic_gnn=1;jk_mode=cat;lr=0.001;num_layers=2;proj_dim=256;scorer_hidden=256;tau_quantile=0.2;weight_decay=1e-05,256,cosine,cat,0.001,2,256,256,0.2,1e-05,79.02,218.15,0.29599,0.0,4.0,0.0,0,gcn,1,,,,,,,,
glue|bert-base-uncased|stsb_wide|C|t24|s42|tune,glue,bert-base-uncased,stsb_wide,stsb,C,tune,24,42,spearman,curvature=4.0;gat_hidden_dim=64;gnn_input_clip=0.7;gnn_input_scale=1;graph_metric=cosine;hyp_gnn_type=gcn;hyperbolic_gnn=1;jk_mode=max;lr=2e-05;num_layers=2;proj_dim=512;scorer_hidden=256;tau_quantile=0.05;weight_decay=1e-05,64,cosine,max,2e-05,2,512,256,0.05,1e-05,50.16,222.18,0.14599,0.0,4.0,0.7,1,gcn,1,,,,,,,,
glue|bert-base-uncased|stsb_wide|C|t25|s42|tune,glue,bert-base-uncased,stsb_wide,stsb,C,tune,25,42,spearman,curvature=4.0;gat_hidden_dim=64;gnn_input_clip=0.7;gnn_input_scale=1;graph_metric=cosine;hyp_gnn_type=gcn;hyperbolic_gnn=1;jk_mode=max;lr=0.001;num_layers=2;proj_dim=256;scorer_hidden=256;tau_quantile=0.2;weight_decay=1e-05,64,cosine,max,0.001,2,256,256,0.2,1e-05,69.41,222.14,0.29195,0.0,4.0,0.7,1,gcn,1,,,,,,,,
glue|bert-base-uncased|stsb_wide|C|t26|s42|tune,glue,bert-base-uncased,stsb_wide,stsb,C,tune,26,42,spearman,curvature=1.0;gat_hidden_dim=64;gnn_input_clip=0.3;gnn_input_scale=1;graph_metric=cosine;hyp_gnn_type=gat;hyperbolic_gnn=1;jk_mode=cat;lr=0.001;num_layers=4;proj_dim=512;scorer_hidden=128;tau_quantile=0.025;weight_decay=1e-05,64,cosine,cat,0.001,4,512,128,0.025,1e-05,79.15,238.62,0.12228,0.0,1.0,0.3,1,gat,1,,,,,,,,
glue|bert-base-uncased|stsb_wide|C|t27|s42|tune,glue,bert-base-uncased,stsb_wide,stsb,C,tune,27,42,spearman,curvature=1.0;gat_hidden_dim=256;gnn_input_clip=0.7;gnn_input_scale=0;graph_metric=cosine;hyp_gnn_type=gat;hyperbolic_gnn=1;jk_mode=cat;lr=0.001;num_layers=2;proj_dim=256;scorer_hidden=128;tau_quantile=0.38;weight_decay=0.0,256,cosine,cat,0.001,2,256,128,0.38,0.0,79.81,220.7,0.48045,0.0,1.0,0.7,0,gat,1,,,,,,,,
glue|bert-base-uncased|stsb_wide|C|t28|s42|tune,glue,bert-base-uncased,stsb_wide,stsb,C,tune,28,42,spearman,curvature=4.0;gat_hidden_dim=128;gnn_input_clip=0.7;gnn_input_scale=0;graph_metric=cosine;hyp_gnn_type=gat;hyperbolic_gnn=1;jk_mode=max;lr=2e-05;num_layers=2;proj_dim=256;scorer_hidden=256;tau_quantile=0.1;weight_decay=0.0,128,cosine,max,2e-05,2,256,256,0.1,0.0,53.82,216.86,0.20162,0.0,4.0,0.7,0,gat,1,,,,,,,,
glue|bert-base-uncased|stsb_wide|C|t29|s42|tune,glue,bert-base-uncased,stsb_wide,stsb,C,tune,29,42,spearman,curvature=0.25;gat_hidden_dim=64;gnn_input_clip=0.3;gnn_input_scale=1;graph_metric=cosine;hyp_gnn_type=gat;hyperbolic_gnn=1;jk_mode=max;lr=0.001;num_layers=2;proj_dim=256;scorer_hidden=256;tau_quantile=0.025;weight_decay=1e-05,64,cosine,max,0.001,2,256,256,0.025,1e-05,62.54,220.7,0.12398,0.0,0.25,0.3,1,gat,1,,,,,,,,
glue|bert-base-uncased|stsb_wide|C|t30|s42|tune,glue,bert-base-uncased,stsb_wide,stsb,C,tune,30,42,spearman,curvature=0.25;gat_hidden_dim=128;gnn_input_clip=1.0;gnn_input_scale=1;graph_metric=cosine;hyp_gnn_type=gcn;hyperbolic_gnn=1;jk_mode=max;lr=0.0002;num_layers=4;proj_dim=128;scorer_hidden=256;tau_quantile=0.1;weight_decay=5e-05,128,cosine,max,0.0002,4,128,256,0.1,5e-05,73.03,246.98,0.20423,0.0,0.25,1.0,1,gcn,1,,,,,,,,
glue|bert-base-uncased|stsb_wide|C|t31|s42|tune,glue,bert-base-uncased,stsb_wide,stsb,C,tune,31,42,spearman,curvature=1.0;gat_hidden_dim=64;gnn_input_clip=0.3;gnn_input_scale=1;graph_metric=cosine;hyp_gnn_type=gat;hyperbolic_gnn=1;jk_mode=max;lr=0.0002;num_layers=2;proj_dim=512;scorer_hidden=256;tau_quantile=0.05;weight_decay=0.0,64,cosine,max,0.0002,2,512,256,0.05,0.0,55.33,219.12,0.14626,0.0,1.0,0.3,1,gat,1,,,,,,,,
glue|bert-base-uncased|stsb_wide|C|t32|s42|tune,glue,bert-base-uncased,stsb_wide,stsb,C,tune,32,42,spearman,curvature=0.25;gat_hidden_dim=128;gnn_input_clip=0.7;gnn_input_scale=1;graph_metric=cosine;hyp_gnn_type=gcn;hyperbolic_gnn=1;jk_mode=max;lr=2e-05;num_layers=2;proj_dim=256;scorer_hidden=256;tau_quantile=0.38;weight_decay=1e-05,128,cosine,max,2e-05,2,256,256,0.38,1e-05,53.73,222.8,0.47318,0.0,0.25,0.7,1,gcn,1,,,,,,,,
glue|bert-base-uncased|stsb_wide|C|t33|s42|tune,glue,bert-base-uncased,stsb_wide,stsb,C,tune,33,42,spearman,curvature=4.0;gat_hidden_dim=128;gnn_input_clip=0.0;gnn_input_scale=0;graph_metric=cosine;hyp_gnn_type=gat;hyperbolic_gnn=1;jk_mode=cat;lr=0.001;num_layers=2;proj_dim=128;scorer_hidden=256;tau_quantile=0.025;weight_decay=5e-05,128,cosine,cat,0.001,2,128,256,0.025,5e-05,79.81,217.12,0.12271,0.0,4.0,0.0,0,gat,1,,,,,,,,
glue|bert-base-uncased|stsb_wide|C|t34|s42|tune,glue,bert-base-uncased,stsb_wide,stsb,C,tune,34,42,spearman,curvature=4.0;gat_hidden_dim=128;gnn_input_clip=1.0;gnn_input_scale=1;graph_metric=cosine;hyp_gnn_type=gat;hyperbolic_gnn=1;jk_mode=max;lr=2e-05;num_layers=4;proj_dim=256;scorer_hidden=128;tau_quantile=0.38;weight_decay=0.0,128,cosine,max,2e-05,4,256,128,0.38,0.0,57.35,237.58,0.4753,0.0,4.0,1.0,1,gat,1,,,,,,,,
glue|bert-base-uncased|stsb_wide|C|t35|s42|tune,glue,bert-base-uncased,stsb_wide,stsb,C,tune,35,42,spearman,curvature=4.0;gat_hidden_dim=128;gnn_input_clip=0.3;gnn_input_scale=0;graph_metric=cosine;hyp_gnn_type=gcn;hyperbolic_gnn=1;jk_mode=cat;lr=0.0002;num_layers=2;proj_dim=512;scorer_hidden=128;tau_quantile=0.05;weight_decay=1e-05,128,cosine,cat,0.0002,2,512,128,0.05,1e-05,82.33,220.2,0.14818,0.0,4.0,0.3,0,gcn,1,,,,,,,,
glue|bert-base-uncased|stsb_wide|C|t36|s42|tune,glue,bert-base-uncased,stsb_wide,stsb,C,tune,36,42,spearman,curvature=4.0;gat_hidden_dim=128;gnn_input_clip=1.0;gnn_input_scale=1;graph_metric=cosine;hyp_gnn_type=gat;hyperbolic_gnn=1;jk_mode=max;lr=0.0002;num_layers=4;proj_dim=512;scorer_hidden=128;tau_quantile=0.38;weight_decay=5e-05,128,cosine,max,0.0002,4,512,128,0.38,5e-05,70.56,238.9,0.4753,0.0,4.0,1.0,1,gat,1,,,,,,,,
glue|bert-base-uncased|stsb_wide|C|t37|s42|tune,glue,bert-base-uncased,stsb_wide,stsb,C,tune,37,42,spearman,curvature=1.0;gat_hidden_dim=64;gnn_input_clip=0.7;gnn_input_scale=0;graph_metric=cosine;hyp_gnn_type=gcn;hyperbolic_gnn=1;jk_mode=cat;lr=0.001;num_layers=4;proj_dim=128;scorer_hidden=128;tau_quantile=0.1;weight_decay=0.0,64,cosine,cat,0.001,4,128,128,0.1,0.0,80.72,246.23,0.20009,0.0,1.0,0.7,0,gcn,1,,,,,,,,
glue|bert-base-uncased|stsb_wide|C|t38|s42|tune,glue,bert-base-uncased,stsb_wide,stsb,C,tune,38,42,spearman,curvature=4.0;gat_hidden_dim=128;gnn_input_clip=1.0;gnn_input_scale=1;graph_metric=cosine;hyp_gnn_type=gat;hyperbolic_gnn=1;jk_mode=max;lr=0.0002;num_layers=4;proj_dim=512;scorer_hidden=256;tau_quantile=0.025;weight_decay=0.0,128,cosine,max,0.0002,4,512,256,0.025,0.0,71.85,237.98,0.12797,0.0,4.0,1.0,1,gat,1,,,,,,,,
glue|bert-base-uncased|stsb_wide|C|t39|s42|tune,glue,bert-base-uncased,stsb_wide,stsb,C,tune,39,42,spearman,curvature=4.0;gat_hidden_dim=64;gnn_input_clip=0.0;gnn_input_scale=0;graph_metric=cosine;hyp_gnn_type=gat;hyperbolic_gnn=1;jk_mode=cat;lr=0.001;num_layers=2;proj_dim=512;scorer_hidden=256;tau_quantile=0.025;weight_decay=0.0,64,cosine,cat,0.001,2,512,256,0.025,0.0,80.74,218.54,0.12665,0.0,4.0,0.0,0,gat,1,,,,,,,,
glue|bert-base-uncased|stsb_wide|ABC|t0|s42|tune,glue,bert-base-uncased,stsb_wide,stsb,ABC,tune,0,42,spearman,curvature=4.0;feature_mode=unit;gat_hidden_dim=256;gnn_input_clip=0.7;gnn_input_scale=1;graph_curvature=4.0;graph_metric=poincare;hyp_gnn_type=gat;hyperbolic_gnn=1;hyperbolic_readout=1;jk_mode=cat;learnable_curvature=1;lr=2e-05;num_layers=2;proj_dim=512;readout_clip=0.0;readout_scale=0;rho_quantile=0.05;scorer_hidden=128;weight_decay=0.0,256,poincare,cat,2e-05,2,512,128,,0.0,55.88,273.75,0.15564,0.0,4.0,0.7,1,gat,1,,,,,,,,
glue|bert-base-uncased|stsb_wide|ABC|t1|s42|tune,glue,bert-base-uncased,stsb_wide,stsb,ABC,tune,1,42,spearman,curvature=0.25;feature_mode=center_unit;gat_hidden_dim=128;gnn_input_clip=0.3;gnn_input_scale=0;graph_curvature=9.0;graph_metric=poincare;hyp_gnn_type=gcn;hyperbolic_gnn=1;hyperbolic_readout=1;jk_mode=max;learnable_curvature=1;lr=0.0002;num_layers=4;proj_dim=512;readout_clip=1.0;readout_scale=0;rho_quantile=0.05;scorer_hidden=256;weight_decay=0.0,128,poincare,max,0.0002,4,512,256,,0.0,65.66,315.36,0.15231,0.0,0.25,0.3,0,gcn,1,,,,,,,,
glue|bert-base-uncased|stsb_wide|ABC|t2|s42|tune,glue,bert-base-uncased,stsb_wide,stsb,ABC,tune,2,42,spearman,curvature=0.25;feature_mode=center_unit;gat_hidden_dim=64;gnn_input_clip=0.3;gnn_input_scale=1;graph_curvature=1.0;graph_metric=poincare;hyp_gnn_type=gcn;hyperbolic_gnn=1;hyperbolic_readout=1;jk_mode=cat;learnable_curvature=0;lr=0.001;num_layers=2;proj_dim=128;readout_clip=0.7;readout_scale=0;rho_quantile=0.2;scorer_hidden=256;weight_decay=5e-05,64,poincare,cat,0.001,2,128,256,,5e-05,79.57,268.87,0.29563,0.0,0.25,0.3,1,gcn,1,,,,,,,,
glue|bert-base-uncased|stsb_wide|ABC|t3|s42|tune,glue,bert-base-uncased,stsb_wide,stsb,ABC,tune,3,42,spearman,curvature=4.0;feature_mode=unit;gat_hidden_dim=128;gnn_input_clip=1.0;gnn_input_scale=0;graph_curvature=9.0;graph_metric=poincare;hyp_gnn_type=gat;hyperbolic_gnn=1;hyperbolic_readout=1;jk_mode=max;learnable_curvature=0;lr=0.0002;num_layers=4;proj_dim=512;readout_clip=0.3;readout_scale=1;rho_quantile=0.05;scorer_hidden=256;weight_decay=5e-05,128,poincare,max,0.0002,4,512,256,,5e-05,45.52,282.64,0.14928,0.0,4.0,1.0,0,gat,1,,,,,,,,
glue|bert-base-uncased|stsb_wide|ABC|t4|s42|tune,glue,bert-base-uncased,stsb_wide,stsb,ABC,tune,4,42,spearman,curvature=1.0;feature_mode=center;gat_hidden_dim=64;gnn_input_clip=1.0;gnn_input_scale=0;graph_curvature=4.0;graph_metric=poincare;hyp_gnn_type=gcn;hyperbolic_gnn=1;hyperbolic_readout=1;jk_mode=cat;learnable_curvature=0;lr=2e-05;num_layers=4;proj_dim=512;readout_clip=0.0;readout_scale=1;rho_quantile=0.05;scorer_hidden=256;weight_decay=1e-05,64,poincare,cat,2e-05,4,512,256,,1e-05,70.87,288.37,0.14835,0.0,1.0,1.0,0,gcn,1,,,,,,,,
glue|bert-base-uncased|stsb_wide|ABC|t5|s42|tune,glue,bert-base-uncased,stsb_wide,stsb,ABC,tune,5,42,spearman,curvature=4.0;feature_mode=center;gat_hidden_dim=64;gnn_input_clip=0.3;gnn_input_scale=1;graph_curvature=2.25;graph_metric=poincare;hyp_gnn_type=gcn;hyperbolic_gnn=1;hyperbolic_readout=1;jk_mode=max;learnable_curvature=1;lr=0.0002;num_layers=2;proj_dim=512;readout_clip=0.7;readout_scale=0;rho_quantile=0.2;scorer_hidden=256;weight_decay=5e-05,64,poincare,max,0.0002,2,512,256,,5e-05,54.56,274.51,0.2897,0.0,4.0,0.3,1,gcn,1,,,,,,,,
glue|bert-base-uncased|stsb_wide|ABC|t6|s42|tune,glue,bert-base-uncased,stsb_wide,stsb,ABC,tune,6,42,spearman,curvature=4.0;feature_mode=center_unit;gat_hidden_dim=64;gnn_input_clip=0.3;gnn_input_scale=1;graph_curvature=4.0;graph_metric=poincare;hyp_gnn_type=gcn;hyperbolic_gnn=1;hyperbolic_readout=1;jk_mode=max;learnable_curvature=0;lr=0.0002;num_layers=4;proj_dim=256;readout_clip=0.3;readout_scale=1;rho_quantile=0.025;scorer_hidden=128;weight_decay=5e-05,64,poincare,max,0.0002,4,256,128,,5e-05,50.14,293.3,0.12695,0.0,4.0,0.3,1,gcn,1,,,,,,,,
glue|bert-base-uncased|stsb_wide|ABC|t7|s42|tune,glue,bert-base-uncased,stsb_wide,stsb,ABC,tune,7,42,spearman,curvature=4.0;feature_mode=center_unit;gat_hidden_dim=128;gnn_input_clip=0.0;gnn_input_scale=1;graph_curvature=9.0;graph_metric=poincare;hyp_gnn_type=gcn;hyperbolic_gnn=1;hyperbolic_readout=1;jk_mode=cat;learnable_curvature=0;lr=0.0002;num_layers=2;proj_dim=128;readout_clip=0.3;readout_scale=0;rho_quantile=0.1;scorer_hidden=256;weight_decay=0.0,128,poincare,cat,0.0002,2,128,256,,0.0,77.87,272.21,0.19885,0.0,4.0,0.0,1,gcn,1,,,,,,,,
glue|bert-base-uncased|stsb_wide|ABC|t8|s42|tune,glue,bert-base-uncased,stsb_wide,stsb,ABC,tune,8,42,spearman,curvature=1.0;feature_mode=center_unit;gat_hidden_dim=64;gnn_input_clip=0.7;gnn_input_scale=0;graph_curvature=0.25;graph_metric=poincare;hyp_gnn_type=gcn;hyperbolic_gnn=1;hyperbolic_readout=1;jk_mode=cat;learnable_curvature=0;lr=2e-05;num_layers=2;proj_dim=512;readout_clip=0.3;readout_scale=1;rho_quantile=0.38;scorer_hidden=128;weight_decay=0.0,64,poincare,cat,2e-05,2,512,128,,0.0,63.64,267.19,0.47413,0.0,1.0,0.7,0,gcn,1,,,,,,,,
glue|bert-base-uncased|stsb_wide|ABC|t9|s42|tune,glue,bert-base-uncased,stsb_wide,stsb,ABC,tune,9,42,spearman,curvature=1.0;feature_mode=center_unit;gat_hidden_dim=256;gnn_input_clip=0.7;gnn_input_scale=1;graph_curvature=4.0;graph_metric=poincare;hyp_gnn_type=gat;hyperbolic_gnn=1;hyperbolic_readout=1;jk_mode=cat;learnable_curvature=1;lr=2e-05;num_layers=4;proj_dim=512;readout_clip=0.3;readout_scale=0;rho_quantile=0.2;scorer_hidden=256;weight_decay=5e-05,256,poincare,cat,2e-05,4,512,256,,5e-05,67.56,298.02,0.29242,0.0,1.0,0.7,1,gat,1,,,,,,,,
glue|bert-base-uncased|stsb_wide|ABC|t10|s42|tune,glue,bert-base-uncased,stsb_wide,stsb,ABC,tune,10,42,spearman,curvature=4.0;feature_mode=center;gat_hidden_dim=256;gnn_input_clip=0.0;gnn_input_scale=1;graph_curvature=4.0;graph_metric=poincare;hyp_gnn_type=gat;hyperbolic_gnn=1;hyperbolic_readout=1;jk_mode=cat;learnable_curvature=1;lr=0.0002;num_layers=4;proj_dim=512;readout_clip=0.7;readout_scale=1;rho_quantile=0.38;scorer_hidden=256;weight_decay=0.0,256,poincare,cat,0.0002,4,512,256,,0.0,79.73,296.75,0.46858,0.0,4.0,0.0,1,gat,1,,,,,,,,
glue|bert-base-uncased|stsb_wide|ABC|t11|s42|tune,glue,bert-base-uncased,stsb_wide,stsb,ABC,tune,11,42,spearman,curvature=4.0;feature_mode=cls_root_unit;gat_hidden_dim=256;gnn_input_clip=0.7;gnn_input_scale=1;graph_curvature=9.0;graph_metric=poincare;hyp_gnn_type=gcn;hyperbolic_gnn=1;hyperbolic_readout=1;jk_mode=max;learnable_curvature=1;lr=0.0002;num_layers=2;proj_dim=512;readout_clip=0.0;readout_scale=1;rho_quantile=0.38;scorer_hidden=128;weight_decay=5e-05,256,poincare,max,0.0002,2,512,128,,5e-05,45.85,275.4,0.47285,0.0,4.0,0.7,1,gcn,1,,,,,,,,
glue|bert-base-uncased|stsb_wide|ABC|t12|s42|tune,glue,bert-base-uncased,stsb_wide,stsb,ABC,tune,12,42,spearman,curvature=0.25;feature_mode=center;gat_hidden_dim=64;gnn_input_clip=0.7;gnn_input_scale=0;graph_curvature=0.25;graph_metric=poincare;hyp_gnn_type=gat;hyperbolic_gnn=1;hyperbolic_readout=1;jk_mode=cat;learnable_curvature=1;lr=2e-05;num_layers=2;proj_dim=256;readout_clip=0.0;readout_scale=0;rho_quantile=0.025;scorer_hidden=128;weight_decay=0.0,64,poincare,cat,2e-05,2,256,128,,0.0,77.55,266.18,0.12626,0.0,0.25,0.7,0,gat,1,,,,,,,,
glue|bert-base-uncased|stsb_wide|ABC|t13|s42|tune,glue,bert-base-uncased,stsb_wide,stsb,ABC,tune,13,42,spearman,curvature=1.0;feature_mode=center;gat_hidden_dim=128;gnn_input_clip=1.0;gnn_input_scale=0;graph_curvature=1.0;graph_metric=poincare;hyp_gnn_type=gat;hyperbolic_gnn=1;hyperbolic_readout=1;jk_mode=max;learnable_curvature=0;lr=0.001;num_layers=2;proj_dim=128;readout_clip=0.7;readout_scale=0;rho_quantile=0.38;scorer_hidden=256;weight_decay=5e-05,128,poincare,max,0.001,2,128,256,,5e-05,73.43,259.97,0.47238,0.0,1.0,1.0,0,gat,1,,,,,,,,
glue|bert-base-uncased|stsb_wide|ABC|t14|s42|tune,glue,bert-base-uncased,stsb_wide,stsb,ABC,tune,14,42,spearman,curvature=1.0;feature_mode=center_unit;gat_hidden_dim=64;gnn_input_clip=1.0;gnn_input_scale=1;graph_curvature=0.25;graph_metric=poincare;hyp_gnn_type=gcn;hyperbolic_gnn=1;hyperbolic_readout=1;jk_mode=cat;learnable_curvature=0;lr=0.0002;num_layers=2;proj_dim=512;readout_clip=0.3;readout_scale=0;rho_quantile=0.2;scorer_hidden=128;weight_decay=1e-05,64,poincare,cat,0.0002,2,512,128,,1e-05,78.5,263.93,0.29563,0.0,1.0,1.0,1,gcn,1,,,,,,,,
glue|bert-base-uncased|stsb_wide|ABC|t15|s42|tune,glue,bert-base-uncased,stsb_wide,stsb,ABC,tune,15,42,spearman,curvature=1.0;feature_mode=unit;gat_hidden_dim=128;gnn_input_clip=0.0;gnn_input_scale=0;graph_curvature=0.25;graph_metric=poincare;hyp_gnn_type=gcn;hyperbolic_gnn=1;hyperbolic_readout=1;jk_mode=max;learnable_curvature=1;lr=2e-05;num_layers=2;proj_dim=256;readout_clip=0.7;readout_scale=0;rho_quantile=0.38;scorer_hidden=256;weight_decay=1e-05,128,poincare,max,2e-05,2,256,256,,1e-05,58.26,272.65,0.47219,0.0,1.0,0.0,0,gcn,1,,,,,,,,
glue|bert-base-uncased|stsb_wide|ABC|t16|s42|tune,glue,bert-base-uncased,stsb_wide,stsb,ABC,tune,16,42,spearman,curvature=0.25;feature_mode=center;gat_hidden_dim=256;gnn_input_clip=0.7;gnn_input_scale=1;graph_curvature=1.0;graph_metric=poincare;hyp_gnn_type=gcn;hyperbolic_gnn=1;hyperbolic_readout=1;jk_mode=max;learnable_curvature=1;lr=0.001;num_layers=4;proj_dim=128;readout_clip=0.7;readout_scale=0;rho_quantile=0.1;scorer_hidden=256;weight_decay=0.0,256,poincare,max,0.001,4,128,256,,0.0,76.1,303.39,0.2021,0.0,0.25,0.7,1,gcn,1,,,,,,,,
glue|bert-base-uncased|stsb_wide|ABC|t17|s42|tune,glue,bert-base-uncased,stsb_wide,stsb,ABC,tune,17,42,spearman,curvature=4.0;feature_mode=center;gat_hidden_dim=128;gnn_input_clip=0.7;gnn_input_scale=1;graph_curvature=9.0;graph_metric=poincare;hyp_gnn_type=gcn;hyperbolic_gnn=1;hyperbolic_readout=1;jk_mode=max;learnable_curvature=1;lr=0.001;num_layers=2;proj_dim=256;readout_clip=0.7;readout_scale=1;rho_quantile=0.2;scorer_hidden=128;weight_decay=0.0,128,poincare,max,0.001,2,256,128,,0.0,61.53,269.2,0.29301,0.0,4.0,0.7,1,gcn,1,,,,,,,,
glue|bert-base-uncased|stsb_wide|ABC|t18|s42|tune,glue,bert-base-uncased,stsb_wide,stsb,ABC,tune,18,42,spearman,curvature=4.0;feature_mode=cls_root_unit;gat_hidden_dim=256;gnn_input_clip=0.3;gnn_input_scale=0;graph_curvature=4.0;graph_metric=poincare;hyp_gnn_type=gcn;hyperbolic_gnn=1;hyperbolic_readout=1;jk_mode=max;learnable_curvature=0;lr=2e-05;num_layers=2;proj_dim=256;readout_clip=0.7;readout_scale=0;rho_quantile=0.025;scorer_hidden=128;weight_decay=0.0,256,poincare,max,2e-05,2,256,128,,0.0,51.19,262.78,0.12692,0.0,4.0,0.3,0,gcn,1,,,,,,,,
glue|bert-base-uncased|stsb_wide|ABC|t19|s42|tune,glue,bert-base-uncased,stsb_wide,stsb,ABC,tune,19,42,spearman,curvature=0.25;feature_mode=center_unit;gat_hidden_dim=256;gnn_input_clip=0.0;gnn_input_scale=0;graph_curvature=9.0;graph_metric=poincare;hyp_gnn_type=gcn;hyperbolic_gnn=1;hyperbolic_readout=1;jk_mode=max;learnable_curvature=0;lr=0.0002;num_layers=2;proj_dim=128;readout_clip=0.0;readout_scale=1;rho_quantile=0.2;scorer_hidden=256;weight_decay=5e-05,256,poincare,max,0.0002,2,128,256,,5e-05,75.97,262.69,0.29526,0.0,0.25,0.0,0,gcn,1,,,,,,,,
glue|bert-base-uncased|stsb_wide|ABC|t20|s42|tune,glue,bert-base-uncased,stsb_wide,stsb,ABC,tune,20,42,spearman,curvature=1.0;feature_mode=unit;gat_hidden_dim=128;gnn_input_clip=1.0;gnn_input_scale=0;graph_curvature=0.25;graph_metric=poincare;hyp_gnn_type=gat;hyperbolic_gnn=1;hyperbolic_readout=1;jk_mode=max;learnable_curvature=1;lr=0.001;num_layers=2;proj_dim=128;readout_clip=0.0;readout_scale=0;rho_quantile=0.05;scorer_hidden=128;weight_decay=5e-05,128,poincare,max,0.001,2,128,128,,5e-05,74.11,265.82,0.15012,0.0,1.0,1.0,0,gat,1,,,,,,,,
glue|bert-base-uncased|stsb_wide|ABC|t21|s42|tune,glue,bert-base-uncased,stsb_wide,stsb,ABC,tune,21,42,spearman,curvature=0.25;feature_mode=center;gat_hidden_dim=128;gnn_input_clip=0.0;gnn_input_scale=0;graph_curvature=9.0;graph_metric=poincare;hyp_gnn_type=gcn;hyperbolic_gnn=1;hyperbolic_readout=1;jk_mode=cat;learnable_curvature=1;lr=0.001;num_layers=4;proj_dim=256;readout_clip=0.3;readout_scale=1;rho_quantile=0.1;scorer_hidden=128;weight_decay=1e-05,128,poincare,cat,0.001,4,256,128,,1e-05,79.88,301.88,0.19799,0.0,0.25,0.0,0,gcn,1,,,,,,,,
glue|bert-base-uncased|stsb_wide|ABC|t22|s42|tune,glue,bert-base-uncased,stsb_wide,stsb,ABC,tune,22,42,spearman,curvature=4.0;feature_mode=cls_root_unit;gat_hidden_dim=256;gnn_input_clip=1.0;gnn_input_scale=1;graph_curvature=1.0;graph_metric=poincare;hyp_gnn_type=gat;hyperbolic_gnn=1;hyperbolic_readout=1;jk_mode=cat;learnable_curvature=1;lr=0.001;num_layers=2;proj_dim=512;readout_clip=1.0;readout_scale=0;rho_quantile=0.05;scorer_hidden=128;weight_decay=5e-05,256,poincare,cat,0.001,2,512,128,,5e-05,76.22,271.33,0.15564,0.0,4.0,1.0,1,gat,1,,,,,,,,
glue|bert-base-uncased|stsb_wide|ABC|t23|s42|tune,glue,bert-base-uncased,stsb_wide,stsb,ABC,tune,23,42,spearman,curvature=4.0;feature_mode=cls_root_unit;gat_hidden_dim=64;gnn_input_clip=0.7;gnn_input_scale=1;graph_curvature=1.0;graph_metric=poincare;hyp_gnn_type=gat;hyperbolic_gnn=1;hyperbolic_readout=1;jk_mode=cat;learnable_curvature=0;lr=2e-05;num_layers=2;proj_dim=512;readout_clip=0.7;readout_scale=1;rho_quantile=0.025;scorer_hidden=256;weight_decay=5e-05,64,poincare,cat,2e-05,2,512,256,,5e-05,49.0,258.72,0.12626,0.0,4.0,0.7,1,gat,1,,,,,,,,
glue|bert-base-uncased|stsb_wide|ABC|t24|s42|tune,glue,bert-base-uncased,stsb_wide,stsb,ABC,tune,24,42,spearman,curvature=0.25;feature_mode=cls_root_unit;gat_hidden_dim=128;gnn_input_clip=0.7;gnn_input_scale=0;graph_curvature=2.25;graph_metric=poincare;hyp_gnn_type=gat;hyperbolic_gnn=1;hyperbolic_readout=1;jk_mode=max;learnable_curvature=1;lr=0.0002;num_layers=2;proj_dim=512;readout_clip=1.0;readout_scale=1;rho_quantile=0.05;scorer_hidden=128;weight_decay=0.0,128,poincare,max,0.0002,2,512,128,,0.0,35.24,269.4,0.15012,0.0,0.25,0.7,0,gat,1,,,,,,,,
glue|bert-base-uncased|stsb_wide|ABC|t25|s42|tune,glue,bert-base-uncased,stsb_wide,stsb,ABC,tune,25,42,spearman,curvature=0.25;feature_mode=unit;gat_hidden_dim=256;gnn_input_clip=0.3;gnn_input_scale=0;graph_curvature=0.25;graph_metric=poincare;hyp_gnn_type=gat;hyperbolic_gnn=1;hyperbolic_readout=1;jk_mode=max;learnable_curvature=0;lr=0.001;num_layers=4;proj_dim=256;readout_clip=0.7;readout_scale=1;rho_quantile=0.2;scorer_hidden=128;weight_decay=5e-05,256,poincare,max,0.001,4,256,128,,5e-05,22.76,283.18,0.29532,0.0,0.25,0.3,0,gat,1,,,,,,,,
glue|bert-base-uncased|stsb_wide|ABC|t26|s42|tune,glue,bert-base-uncased,stsb_wide,stsb,ABC,tune,26,42,spearman,curvature=1.0;feature_mode=unit;gat_hidden_dim=64;gnn_input_clip=0.3;gnn_input_scale=0;graph_curvature=0.25;graph_metric=poincare;hyp_gnn_type=gcn;hyperbolic_gnn=1;hyperbolic_readout=1;jk_mode=max;learnable_curvature=0;lr=0.001;num_layers=2;proj_dim=256;readout_clip=0.3;readout_scale=0;rho_quantile=0.1;scorer_hidden=256;weight_decay=5e-05,64,poincare,max,0.001,2,256,256,,5e-05,62.54,261.76,0.19668,0.0,1.0,0.3,0,gcn,1,,,,,,,,
glue|bert-base-uncased|stsb_wide|ABC|t27|s42|tune,glue,bert-base-uncased,stsb_wide,stsb,ABC,tune,27,42,spearman,curvature=4.0;feature_mode=unit;gat_hidden_dim=128;gnn_input_clip=1.0;gnn_input_scale=0;graph_curvature=0.25;graph_metric=poincare;hyp_gnn_type=gat;hyperbolic_gnn=1;hyperbolic_readout=1;jk_mode=cat;learnable_curvature=0;lr=2e-05;num_layers=2;proj_dim=256;readout_clip=0.7;readout_scale=0;rho_quantile=0.025;scorer_hidden=256;weight_decay=5e-05,128,poincare,cat,2e-05,2,256,256,,5e-05,51.5,254.86,0.12225,0.0,4.0,1.0,0,gat,1,,,,,,,,
glue|bert-base-uncased|stsb_wide|ABC|t28|s42|tune,glue,bert-base-uncased,stsb_wide,stsb,ABC,tune,28,42,spearman,curvature=1.0;feature_mode=center_unit;gat_hidden_dim=128;gnn_input_clip=1.0;gnn_input_scale=1;graph_curvature=4.0;graph_metric=poincare;hyp_gnn_type=gcn;hyperbolic_gnn=1;hyperbolic_readout=1;jk_mode=max;learnable_curvature=0;lr=0.001;num_layers=2;proj_dim=256;readout_clip=0.7;readout_scale=1;rho_quantile=0.38;scorer_hidden=256;weight_decay=0.0,128,poincare,max,0.001,2,256,256,,0.0,59.52,263.28,0.47219,0.0,1.0,1.0,1,gcn,1,,,,,,,,
glue|bert-base-uncased|stsb_wide|ABC|t29|s42|tune,glue,bert-base-uncased,stsb_wide,stsb,ABC,tune,29,42,spearman,curvature=1.0;feature_mode=unit;gat_hidden_dim=64;gnn_input_clip=0.0;gnn_input_scale=1;graph_curvature=0.25;graph_metric=poincare;hyp_gnn_type=gcn;hyperbolic_gnn=1;hyperbolic_readout=1;jk_mode=max;learnable_curvature=1;lr=0.0002;num_layers=4;proj_dim=256;readout_clip=0.7;readout_scale=1;rho_quantile=0.025;scorer_hidden=256;weight_decay=1e-05,64,poincare,max,0.0002,4,256,256,,1e-05,35.55,302.48,0.12695,0.0,1.0,0.0,1,gcn,1,,,,,,,,
glue|bert-base-uncased|stsb_wide|ABC|t30|s42|tune,glue,bert-base-uncased,stsb_wide,stsb,ABC,tune,30,42,spearman,curvature=4.0;feature_mode=center;gat_hidden_dim=64;gnn_input_clip=0.0;gnn_input_scale=1;graph_curvature=1.0;graph_metric=poincare;hyp_gnn_type=gcn;hyperbolic_gnn=1;hyperbolic_readout=1;jk_mode=max;learnable_curvature=0;lr=0.0002;num_layers=4;proj_dim=256;readout_clip=0.3;readout_scale=1;rho_quantile=0.1;scorer_hidden=128;weight_decay=1e-05,64,poincare,max,0.0002,4,256,128,,1e-05,40.44,285.62,0.20038,0.0,4.0,0.0,1,gcn,1,,,,,,,,
glue|bert-base-uncased|stsb_wide|ABC|t31|s42|tune,glue,bert-base-uncased,stsb_wide,stsb,ABC,tune,31,42,spearman,curvature=1.0;feature_mode=center;gat_hidden_dim=128;gnn_input_clip=0.7;gnn_input_scale=0;graph_curvature=4.0;graph_metric=poincare;hyp_gnn_type=gcn;hyperbolic_gnn=1;hyperbolic_readout=1;jk_mode=cat;learnable_curvature=1;lr=0.001;num_layers=4;proj_dim=256;readout_clip=0.0;readout_scale=1;rho_quantile=0.025;scorer_hidden=256;weight_decay=1e-05,128,poincare,cat,0.001,4,256,256,,1e-05,79.73,302.33,0.12452,0.0,1.0,0.7,0,gcn,1,,,,,,,,
glue|bert-base-uncased|stsb_wide|ABC|t32|s42|tune,glue,bert-base-uncased,stsb_wide,stsb,ABC,tune,32,42,spearman,curvature=1.0;feature_mode=unit;gat_hidden_dim=256;gnn_input_clip=0.0;gnn_input_scale=0;graph_curvature=0.25;graph_metric=poincare;hyp_gnn_type=gat;hyperbolic_gnn=1;hyperbolic_readout=1;jk_mode=cat;learnable_curvature=1;lr=0.001;num_layers=2;proj_dim=256;readout_clip=1.0;readout_scale=1;rho_quantile=0.05;scorer_hidden=128;weight_decay=5e-05,256,poincare,cat,0.001,2,256,128,,5e-05,79.13,269.09,0.15564,0.0,1.0,0.0,0,gat,1,,,,,,,,
glue|bert-base-uncased|stsb_wide|ABC|t33|s42|tune,glue,bert-base-uncased,stsb_wide,stsb,ABC,tune,33,42,spearman,curvature=4.0;feature_mode=center_unit;gat_hidden_dim=64;gnn_input_clip=0.7;gnn_input_scale=1;graph_curvature=4.0;graph_metric=poincare;hyp_gnn_type=gat;hyperbolic_gnn=1;hyperbolic_readout=1;jk_mode=cat;learnable_curvature=0;lr=0.001;num_layers=2;proj_dim=512;readout_clip=0.3;readout_scale=0;rho_quantile=0.2;scorer_hidden=128;weight_decay=0.0,64,poincare,cat,0.001,2,512,128,,0.0,75.6,258.2,0.29484,0.0,4.0,0.7,1,gat,1,,,,,,,,
glue|bert-base-uncased|stsb_wide|ABC|t34|s42|tune,glue,bert-base-uncased,stsb_wide,stsb,ABC,tune,34,42,spearman,curvature=0.25;feature_mode=center;gat_hidden_dim=256;gnn_input_clip=0.3;gnn_input_scale=0;graph_curvature=1.0;graph_metric=poincare;hyp_gnn_type=gat;hyperbolic_gnn=1;hyperbolic_readout=1;jk_mode=cat;learnable_curvature=0;lr=0.0002;num_layers=2;proj_dim=128;readout_clip=1.0;readout_scale=0;rho_quantile=0.05;scorer_hidden=128;weight_decay=5e-05,256,poincare,cat,0.0002,2,128,128,,5e-05,82.03,260.42,0.15551,0.0,0.25,0.3,0,gat,1,,,,,,,,
glue|bert-base-uncased|stsb_wide|ABC|t35|s42|tune,glue,bert-base-uncased,stsb_wide,stsb,ABC,tune,35,42,spearman,curvature=4.0;feature_mode=center;gat_hidden_dim=256;gnn_input_clip=0.0;gnn_input_scale=0;graph_curvature=2.25;graph_metric=poincare;hyp_gnn_type=gat;hyperbolic_gnn=1;hyperbolic_readout=1;jk_mode=max;learnable_curvature=1;lr=2e-05;num_layers=2;proj_dim=256;readout_clip=0.0;readout_scale=0;rho_quantile=0.05;scorer_hidden=256;weight_decay=0.0,256,poincare,max,2e-05,2,256,256,,0.0,62.7,264.19,0.15121,0.0,4.0,0.0,0,gat,1,,,,,,,,
glue|bert-base-uncased|stsb_wide|ABC|t36|s42|tune,glue,bert-base-uncased,stsb_wide,stsb,ABC,tune,36,42,spearman,curvature=4.0;feature_mode=center;gat_hidden_dim=64;gnn_input_clip=0.7;gnn_input_scale=1;graph_curvature=2.25;graph_metric=poincare;hyp_gnn_type=gcn;hyperbolic_gnn=1;hyperbolic_readout=1;jk_mode=cat;learnable_curvature=1;lr=0.0002;num_layers=2;proj_dim=256;readout_clip=0.3;readout_scale=1;rho_quantile=0.1;scorer_hidden=128;weight_decay=5e-05,64,poincare,cat,0.0002,2,256,128,,5e-05,77.31,269.59,0.19884,0.0,4.0,0.7,1,gcn,1,,,,,,,,
glue|bert-base-uncased|stsb_wide|ABC|t37|s42|tune,glue,bert-base-uncased,stsb_wide,stsb,ABC,tune,37,42,spearman,curvature=4.0;feature_mode=cls_root_unit;gat_hidden_dim=128;gnn_input_clip=0.3;gnn_input_scale=1;graph_curvature=9.0;graph_metric=poincare;hyp_gnn_type=gat;hyperbolic_gnn=1;hyperbolic_readout=1;jk_mode=cat;learnable_curvature=1;lr=0.0002;num_layers=4;proj_dim=256;readout_clip=1.0;readout_scale=0;rho_quantile=0.38;scorer_hidden=256;weight_decay=1e-05,128,poincare,cat,0.0002,4,256,256,,1e-05,79.22,296.47,0.47222,0.0,4.0,0.3,1,gat,1,,,,,,,,
glue|bert-base-uncased|stsb_wide|ABC|t38|s42|tune,glue,bert-base-uncased,stsb_wide,stsb,ABC,tune,38,42,spearman,curvature=0.25;feature_mode=center_unit;gat_hidden_dim=128;gnn_input_clip=0.7;gnn_input_scale=1;graph_curvature=4.0;graph_metric=poincare;hyp_gnn_type=gat;hyperbolic_gnn=1;hyperbolic_readout=1;jk_mode=cat;learnable_curvature=0;lr=0.001;num_layers=2;proj_dim=128;readout_clip=0.0;readout_scale=0;rho_quantile=0.1;scorer_hidden=256;weight_decay=1e-05,128,poincare,cat,0.001,2,128,256,,1e-05,79.79,258.34,0.19571,0.0,0.25,0.7,1,gat,1,,,,,,,,
glue|bert-base-uncased|stsb_wide|ABC|t39|s42|tune,glue,bert-base-uncased,stsb_wide,stsb,ABC,tune,39,42,spearman,curvature=4.0;feature_mode=cls_root_unit;gat_hidden_dim=128;gnn_input_clip=0.3;gnn_input_scale=0;graph_curvature=1.0;graph_metric=poincare;hyp_gnn_type=gat;hyperbolic_gnn=1;hyperbolic_readout=1;jk_mode=max;learnable_curvature=1;lr=0.0002;num_layers=2;proj_dim=128;readout_clip=0.0;readout_scale=0;rho_quantile=0.05;scorer_hidden=128;weight_decay=0.0,128,poincare,max,0.0002,2,128,128,,0.0,67.32,268.46,0.15012,0.0,4.0,0.3,0,gat,1,,,,,,,,
glue|bert-base-uncased|stsb_wide|ABC|t34|s1|confirm,glue,bert-base-uncased,stsb_wide,stsb,ABC,confirm,34,1,spearman,curvature=0.25;feature_mode=center;gat_hidden_dim=256;gnn_input_clip=0.3;gnn_input_scale=0;graph_curvature=1.0;graph_metric=poincare;hyp_gnn_type=gat;hyperbolic_gnn=1;hyperbolic_readout=1;jk_mode=cat;learnable_curvature=0;lr=0.0002;num_layers=2;proj_dim=128;readout_clip=1.0;readout_scale=0;rho_quantile=0.05;scorer_hidden=128;weight_decay=5e-05,256,poincare,cat,0.0002,2,128,128,,5e-05,81.95,257.19,0.15103,0.0,0.25,0.3,0,gat,1,,,,,,,,
glue|bert-base-uncased|stsb_wide|ABC|t34|s2|confirm,glue,bert-base-uncased,stsb_wide,stsb,ABC,confirm,34,2,spearman,curvature=0.25;feature_mode=center;gat_hidden_dim=256;gnn_input_clip=0.3;gnn_input_scale=0;graph_curvature=1.0;graph_metric=poincare;hyp_gnn_type=gat;hyperbolic_gnn=1;hyperbolic_readout=1;jk_mode=cat;learnable_curvature=0;lr=0.0002;num_layers=2;proj_dim=128;readout_clip=1.0;readout_scale=0;rho_quantile=0.05;scorer_hidden=128;weight_decay=5e-05,256,poincare,cat,0.0002,2,128,128,,5e-05,82.1,255.36,0.14764,0.0,0.25,0.3,0,gat,1,,,,,,,,
glue|bert-base-uncased|stsb_wide|ABC|t34|s3|confirm,glue,bert-base-uncased,stsb_wide,stsb,ABC,confirm,34,3,spearman,curvature=0.25;feature_mode=center;gat_hidden_dim=256;gnn_input_clip=0.3;gnn_input_scale=0;graph_curvature=1.0;graph_metric=poincare;hyp_gnn_type=gat;hyperbolic_gnn=1;hyperbolic_readout=1;jk_mode=cat;learnable_curvature=0;lr=0.0002;num_layers=2;proj_dim=128;readout_clip=1.0;readout_scale=0;rho_quantile=0.05;scorer_hidden=128;weight_decay=5e-05,256,poincare,cat,0.0002,2,128,128,,5e-05,82.43,251.83,0.14693,0.0,0.25,0.3,0,gat,1,,,,,,,,
glue|bert-base-uncased|stsb_wide|ABC|t34|s4|confirm,glue,bert-base-uncased,stsb_wide,stsb,ABC,confirm,34,4,spearman,curvature=0.25;feature_mode=center;gat_hidden_dim=256;gnn_input_clip=0.3;gnn_input_scale=0;graph_curvature=1.0;graph_metric=poincare;hyp_gnn_type=gat;hyperbolic_gnn=1;hyperbolic_readout=1;jk_mode=cat;learnable_curvature=0;lr=0.0002;num_layers=2;proj_dim=128;readout_clip=1.0;readout_scale=0;rho_quantile=0.05;scorer_hidden=128;weight_decay=5e-05,256,poincare,cat,0.0002,2,128,128,,5e-05,81.63,256.52,0.14939,0.0,0.25,0.3,0,gat,1,,,,,,,,
glue|bert-base-uncased|stsb_wide|ABC|t34|s5|confirm,glue,bert-base-uncased,stsb_wide,stsb,ABC,confirm,34,5,spearman,curvature=0.25;feature_mode=center;gat_hidden_dim=256;gnn_input_clip=0.3;gnn_input_scale=0;graph_curvature=1.0;graph_metric=poincare;hyp_gnn_type=gat;hyperbolic_gnn=1;hyperbolic_readout=1;jk_mode=cat;learnable_curvature=0;lr=0.0002;num_layers=2;proj_dim=128;readout_clip=1.0;readout_scale=0;rho_quantile=0.05;scorer_hidden=128;weight_decay=5e-05,256,poincare,cat,0.0002,2,128,128,,5e-05,81.57,257.08,0.14672,0.0,0.25,0.3,0,gat,1,,,,,,,,
glue|bert-base-uncased|stsb_wide|ABC|t34|s6|confirm,glue,bert-base-uncased,stsb_wide,stsb,ABC,confirm,34,6,spearman,curvature=0.25;feature_mode=center;gat_hidden_dim=256;gnn_input_clip=0.3;gnn_input_scale=0;graph_curvature=1.0;graph_metric=poincare;hyp_gnn_type=gat;hyperbolic_gnn=1;hyperbolic_readout=1;jk_mode=cat;learnable_curvature=0;lr=0.0002;num_layers=2;proj_dim=128;readout_clip=1.0;readout_scale=0;rho_quantile=0.05;scorer_hidden=128;weight_decay=5e-05,256,poincare,cat,0.0002,2,128,128,,5e-05,81.8,256.09,0.1454,0.0,0.25,0.3,0,gat,1,,,,,,,,
glue|bert-base-uncased|stsb_wide|ABC|t34|s7|confirm,glue,bert-base-uncased,stsb_wide,stsb,ABC,confirm,34,7,spearman,curvature=0.25;feature_mode=center;gat_hidden_dim=256;gnn_input_clip=0.3;gnn_input_scale=0;graph_curvature=1.0;graph_metric=poincare;hyp_gnn_type=gat;hyperbolic_gnn=1;hyperbolic_readout=1;jk_mode=cat;learnable_curvature=0;lr=0.0002;num_layers=2;proj_dim=128;readout_clip=1.0;readout_scale=0;rho_quantile=0.05;scorer_hidden=128;weight_decay=5e-05,256,poincare,cat,0.0002,2,128,128,,5e-05,82.04,256.33,0.14984,0.0,0.25,0.3,0,gat,1,,,,,,,,
glue|bert-base-uncased|stsb_wide|ABC|t34|s8|confirm,glue,bert-base-uncased,stsb_wide,stsb,ABC,confirm,34,8,spearman,curvature=0.25;feature_mode=center;gat_hidden_dim=256;gnn_input_clip=0.3;gnn_input_scale=0;graph_curvature=1.0;graph_metric=poincare;hyp_gnn_type=gat;hyperbolic_gnn=1;hyperbolic_readout=1;jk_mode=cat;learnable_curvature=0;lr=0.0002;num_layers=2;proj_dim=128;readout_clip=1.0;readout_scale=0;rho_quantile=0.05;scorer_hidden=128;weight_decay=5e-05,256,poincare,cat,0.0002,2,128,128,,5e-05,81.73,258.16,0.14599,0.0,0.25,0.3,0,gat,1,,,,,,,,
glue|bert-base-uncased|stsb_wide|ABC|t34|s9|confirm,glue,bert-base-uncased,stsb_wide,stsb,ABC,confirm,34,9,spearman,curvature=0.25;feature_mode=center;gat_hidden_dim=256;gnn_input_clip=0.3;gnn_input_scale=0;graph_curvature=1.0;graph_metric=poincare;hyp_gnn_type=gat;hyperbolic_gnn=1;hyperbolic_readout=1;jk_mode=cat;learnable_curvature=0;lr=0.0002;num_layers=2;proj_dim=128;readout_clip=1.0;readout_scale=0;rho_quantile=0.05;scorer_hidden=128;weight_decay=5e-05,256,poincare,cat,0.0002,2,128,128,,5e-05,81.27,263.66,0.15062,0.0,0.25,0.3,0,gat,1,,,,,,,,
glue|bert-base-uncased|stsb_wide|ABC|t34|s10|confirm,glue,bert-base-uncased,stsb_wide,stsb,ABC,confirm,34,10,spearman,curvature=0.25;feature_mode=center;gat_hidden_dim=256;gnn_input_clip=0.3;gnn_input_scale=0;graph_curvature=1.0;graph_metric=poincare;hyp_gnn_type=gat;hyperbolic_gnn=1;hyperbolic_readout=1;jk_mode=cat;learnable_curvature=0;lr=0.0002;num_layers=2;proj_dim=128;readout_clip=1.0;readout_scale=0;rho_quantile=0.05;scorer_hidden=128;weight_decay=5e-05,256,poincare,cat,0.0002,2,128,128,,5e-05,81.72,257.41,0.14937,0.0,0.25,0.3,0,gat,1,,,,,,,,
glue|bert-base-uncased|stsb_wide|ABC|t34|s11|confirm,glue,bert-base-uncased,stsb_wide,stsb,ABC,confirm,34,11,spearman,curvature=0.25;feature_mode=center;gat_hidden_dim=256;gnn_input_clip=0.3;gnn_input_scale=0;graph_curvature=1.0;graph_metric=poincare;hyp_gnn_type=gat;hyperbolic_gnn=1;hyperbolic_readout=1;jk_mode=cat;learnable_curvature=0;lr=0.0002;num_layers=2;proj_dim=128;readout_clip=1.0;readout_scale=0;rho_quantile=0.05;scorer_hidden=128;weight_decay=5e-05,256,poincare,cat,0.0002,2,128,128,,5e-05,81.4,258.82,0.1506,0.0,0.25,0.3,0,gat,1,,,,,,,,
glue|bert-base-uncased|stsb_wide|ABC|t34|s12|confirm,glue,bert-base-uncased,stsb_wide,stsb,ABC,confirm,34,12,spearman,curvature=0.25;feature_mode=center;gat_hidden_dim=256;gnn_input_clip=0.3;gnn_input_scale=0;graph_curvature=1.0;graph_metric=poincare;hyp_gnn_type=gat;hyperbolic_gnn=1;hyperbolic_readout=1;jk_mode=cat;learnable_curvature=0;lr=0.0002;num_layers=2;proj_dim=128;readout_clip=1.0;readout_scale=0;rho_quantile=0.05;scorer_hidden=128;weight_decay=5e-05,256,poincare,cat,0.0002,2,128,128,,5e-05,81.11,256.67,0.14408,0.0,0.25,0.3,0,gat,1,,,,,,,,
glue|bert-base-uncased|stsb_wide|ABC|t34|s13|confirm,glue,bert-base-uncased,stsb_wide,stsb,ABC,confirm,34,13,spearman,curvature=0.25;feature_mode=center;gat_hidden_dim=256;gnn_input_clip=0.3;gnn_input_scale=0;graph_curvature=1.0;graph_metric=poincare;hyp_gnn_type=gat;hyperbolic_gnn=1;hyperbolic_readout=1;jk_mode=cat;learnable_curvature=0;lr=0.0002;num_layers=2;proj_dim=128;readout_clip=1.0;readout_scale=0;rho_quantile=0.05;scorer_hidden=128;weight_decay=5e-05,256,poincare,cat,0.0002,2,128,128,,5e-05,81.53,255.5,0.14734,0.0,0.25,0.3,0,gat,1,,,,,,,,
glue|bert-base-uncased|stsb_wide|ABC|t34|s14|confirm,glue,bert-base-uncased,stsb_wide,stsb,ABC,confirm,34,14,spearman,curvature=0.25;feature_mode=center;gat_hidden_dim=256;gnn_input_clip=0.3;gnn_input_scale=0;graph_curvature=1.0;graph_metric=poincare;hyp_gnn_type=gat;hyperbolic_gnn=1;hyperbolic_readout=1;jk_mode=cat;learnable_curvature=0;lr=0.0002;num_layers=2;proj_dim=128;readout_clip=1.0;readout_scale=0;rho_quantile=0.05;scorer_hidden=128;weight_decay=5e-05,256,poincare,cat,0.0002,2,128,128,,5e-05,81.39,259.73,0.14951,0.0,0.25,0.3,0,gat,1,,,,,,,,
glue|bert-base-uncased|stsb_wide|ABC|t34|s15|confirm,glue,bert-base-uncased,stsb_wide,stsb,ABC,confirm,34,15,spearman,curvature=0.25;feature_mode=center;gat_hidden_dim=256;gnn_input_clip=0.3;gnn_input_scale=0;graph_curvature=1.0;graph_metric=poincare;hyp_gnn_type=gat;hyperbolic_gnn=1;hyperbolic_readout=1;jk_mode=cat;learnable_curvature=0;lr=0.0002;num_layers=2;proj_dim=128;readout_clip=1.0;readout_scale=0;rho_quantile=0.05;scorer_hidden=128;weight_decay=5e-05,256,poincare,cat,0.0002,2,128,128,,5e-05,81.77,257.13,0.15101,0.0,0.25,0.3,0,gat,1,,,,,,,,
glue|bert-base-uncased|stsb_wide|C|t15|s1|confirm,glue,bert-base-uncased,stsb_wide,stsb,C,confirm,15,1,spearman,curvature=4.0;gat_hidden_dim=128;gnn_input_clip=0.0;gnn_input_scale=0;graph_metric=cosine;hyp_gnn_type=gat;hyperbolic_gnn=1;jk_mode=cat;lr=0.0002;num_layers=2;proj_dim=128;scorer_hidden=128;tau_quantile=0.2;weight_decay=1e-05,128,cosine,cat,0.0002,2,128,128,0.2,1e-05,82.62,212.24,0.29555,0.0,4.0,0.0,0,gat,1,,,,,,,,
glue|bert-base-uncased|stsb_wide|C|t15|s2|confirm,glue,bert-base-uncased,stsb_wide,stsb,C,confirm,15,2,spearman,curvature=4.0;gat_hidden_dim=128;gnn_input_clip=0.0;gnn_input_scale=0;graph_metric=cosine;hyp_gnn_type=gat;hyperbolic_gnn=1;jk_mode=cat;lr=0.0002;num_layers=2;proj_dim=128;scorer_hidden=128;tau_quantile=0.2;weight_decay=1e-05,128,cosine,cat,0.0002,2,128,128,0.2,1e-05,82.45,212.46,0.29396,0.0,4.0,0.0,0,gat,1,,,,,,,,
glue|bert-base-uncased|stsb_wide|C|t15|s3|confirm,glue,bert-base-uncased,stsb_wide,stsb,C,confirm,15,3,spearman,curvature=4.0;gat_hidden_dim=128;gnn_input_clip=0.0;gnn_input_scale=0;graph_metric=cosine;hyp_gnn_type=gat;hyperbolic_gnn=1;jk_mode=cat;lr=0.0002;num_layers=2;proj_dim=128;scorer_hidden=128;tau_quantile=0.2;weight_decay=1e-05,128,cosine,cat,0.0002,2,128,128,0.2,1e-05,83.35,212.53,0.29319,0.0,4.0,0.0,0,gat,1,,,,,,,,
glue|bert-base-uncased|stsb_wide|C|t15|s4|confirm,glue,bert-base-uncased,stsb_wide,stsb,C,confirm,15,4,spearman,curvature=4.0;gat_hidden_dim=128;gnn_input_clip=0.0;gnn_input_scale=0;graph_metric=cosine;hyp_gnn_type=gat;hyperbolic_gnn=1;jk_mode=cat;lr=0.0002;num_layers=2;proj_dim=128;scorer_hidden=128;tau_quantile=0.2;weight_decay=1e-05,128,cosine,cat,0.0002,2,128,128,0.2,1e-05,82.6,211.7,0.29383,0.0,4.0,0.0,0,gat,1,,,,,,,,
glue|bert-base-uncased|stsb_wide|C|t15|s5|confirm,glue,bert-base-uncased,stsb_wide,stsb,C,confirm,15,5,spearman,curvature=4.0;gat_hidden_dim=128;gnn_input_clip=0.0;gnn_input_scale=0;graph_metric=cosine;hyp_gnn_type=gat;hyperbolic_gnn=1;jk_mode=cat;lr=0.0002;num_layers=2;proj_dim=128;scorer_hidden=128;tau_quantile=0.2;weight_decay=1e-05,128,cosine,cat,0.0002,2,128,128,0.2,1e-05,82.17,211.31,0.29134,0.0,4.0,0.0,0,gat,1,,,,,,,,
glue|bert-base-uncased|stsb_wide|C|t15|s6|confirm,glue,bert-base-uncased,stsb_wide,stsb,C,confirm,15,6,spearman,curvature=4.0;gat_hidden_dim=128;gnn_input_clip=0.0;gnn_input_scale=0;graph_metric=cosine;hyp_gnn_type=gat;hyperbolic_gnn=1;jk_mode=cat;lr=0.0002;num_layers=2;proj_dim=128;scorer_hidden=128;tau_quantile=0.2;weight_decay=1e-05,128,cosine,cat,0.0002,2,128,128,0.2,1e-05,82.61,212.97,0.29555,0.0,4.0,0.0,0,gat,1,,,,,,,,
glue|bert-base-uncased|stsb_wide|C|t15|s7|confirm,glue,bert-base-uncased,stsb_wide,stsb,C,confirm,15,7,spearman,curvature=4.0;gat_hidden_dim=128;gnn_input_clip=0.0;gnn_input_scale=0;graph_metric=cosine;hyp_gnn_type=gat;hyperbolic_gnn=1;jk_mode=cat;lr=0.0002;num_layers=2;proj_dim=128;scorer_hidden=128;tau_quantile=0.2;weight_decay=1e-05,128,cosine,cat,0.0002,2,128,128,0.2,1e-05,82.61,212.07,0.29178,0.0,4.0,0.0,0,gat,1,,,,,,,,
glue|bert-base-uncased|stsb_wide|C|t15|s8|confirm,glue,bert-base-uncased,stsb_wide,stsb,C,confirm,15,8,spearman,curvature=4.0;gat_hidden_dim=128;gnn_input_clip=0.0;gnn_input_scale=0;graph_metric=cosine;hyp_gnn_type=gat;hyperbolic_gnn=1;jk_mode=cat;lr=0.0002;num_layers=2;proj_dim=128;scorer_hidden=128;tau_quantile=0.2;weight_decay=1e-05,128,cosine,cat,0.0002,2,128,128,0.2,1e-05,83.15,213.43,0.29376,0.0,4.0,0.0,0,gat,1,,,,,,,,
glue|bert-base-uncased|stsb_wide|C|t15|s9|confirm,glue,bert-base-uncased,stsb_wide,stsb,C,confirm,15,9,spearman,curvature=4.0;gat_hidden_dim=128;gnn_input_clip=0.0;gnn_input_scale=0;graph_metric=cosine;hyp_gnn_type=gat;hyperbolic_gnn=1;jk_mode=cat;lr=0.0002;num_layers=2;proj_dim=128;scorer_hidden=128;tau_quantile=0.2;weight_decay=1e-05,128,cosine,cat,0.0002,2,128,128,0.2,1e-05,82.52,212.53,0.29584,0.0,4.0,0.0,0,gat,1,,,,,,,,
glue|bert-base-uncased|stsb_wide|C|t15|s10|confirm,glue,bert-base-uncased,stsb_wide,stsb,C,confirm,15,10,spearman,curvature=4.0;gat_hidden_dim=128;gnn_input_clip=0.0;gnn_input_scale=0;graph_metric=cosine;hyp_gnn_type=gat;hyperbolic_gnn=1;jk_mode=cat;lr=0.0002;num_layers=2;proj_dim=128;scorer_hidden=128;tau_quantile=0.2;weight_decay=1e-05,128,cosine,cat,0.0002,2,128,128,0.2,1e-05,83.01,211.39,0.2978,0.0,4.0,0.0,0,gat,1,,,,,,,,
glue|bert-base-uncased|stsb_wide|C|t15|s11|confirm,glue,bert-base-uncased,stsb_wide,stsb,C,confirm,15,11,spearman,curvature=4.0;gat_hidden_dim=128;gnn_input_clip=0.0;gnn_input_scale=0;graph_metric=cosine;hyp_gnn_type=gat;hyperbolic_gnn=1;jk_mode=cat;lr=0.0002;num_layers=2;proj_dim=128;scorer_hidden=128;tau_quantile=0.2;weight_decay=1e-05,128,cosine,cat,0.0002,2,128,128,0.2,1e-05,82.72,213.31,0.29491,0.0,4.0,0.0,0,gat,1,,,,,,,,
glue|bert-base-uncased|stsb_wide|C|t15|s12|confirm,glue,bert-base-uncased,stsb_wide,stsb,C,confirm,15,12,spearman,curvature=4.0;gat_hidden_dim=128;gnn_input_clip=0.0;gnn_input_scale=0;graph_metric=cosine;hyp_gnn_type=gat;hyperbolic_gnn=1;jk_mode=cat;lr=0.0002;num_layers=2;proj_dim=128;scorer_hidden=128;tau_quantile=0.2;weight_decay=1e-05,128,cosine,cat,0.0002,2,128,128,0.2,1e-05,82.86,213.87,0.29239,0.0,4.0,0.0,0,gat,1,,,,,,,,
glue|bert-base-uncased|stsb_wide|C|t15|s13|confirm,glue,bert-base-uncased,stsb_wide,stsb,C,confirm,15,13,spearman,curvature=4.0;gat_hidden_dim=128;gnn_input_clip=0.0;gnn_input_scale=0;graph_metric=cosine;hyp_gnn_type=gat;hyperbolic_gnn=1;jk_mode=cat;lr=0.0002;num_layers=2;proj_dim=128;scorer_hidden=128;tau_quantile=0.2;weight_decay=1e-05,128,cosine,cat,0.0002,2,128,128,0.2,1e-05,82.64,211.78,0.29222,0.0,4.0,0.0,0,gat,1,,,,,,,,
glue|bert-base-uncased|stsb_wide|C|t15|s14|confirm,glue,bert-base-uncased,stsb_wide,stsb,C,confirm,15,14,spearman,curvature=4.0;gat_hidden_dim=128;gnn_input_clip=0.0;gnn_input_scale=0;graph_metric=cosine;hyp_gnn_type=gat;hyperbolic_gnn=1;jk_mode=cat;lr=0.0002;num_layers=2;proj_dim=128;scorer_hidden=128;tau_quantile=0.2;weight_decay=1e-05,128,cosine,cat,0.0002,2,128,128,0.2,1e-05,83.09,212.3,0.2956,0.0,4.0,0.0,0,gat,1,,,,,,,,
glue|bert-base-uncased|stsb_wide|C|t15|s15|confirm,glue,bert-base-uncased,stsb_wide,stsb,C,confirm,15,15,spearman,curvature=4.0;gat_hidden_dim=128;gnn_input_clip=0.0;gnn_input_scale=0;graph_metric=cosine;hyp_gnn_type=gat;hyperbolic_gnn=1;jk_mode=cat;lr=0.0002;num_layers=2;proj_dim=128;scorer_hidden=128;tau_quantile=0.2;weight_decay=1e-05,128,cosine,cat,0.0002,2,128,128,0.2,1e-05,82.52,216.27,0.29345,0.0,4.0,0.0,0,gat,1,,,,,,,,
glue|bert-base-uncased|stsb_wide|baseline|t17|s1|confirm,glue,bert-base-uncased,stsb_wide,stsb,baseline,confirm,17,1,spearman,gat_hidden_dim=64;graph_metric=cosine;jk_mode=cat;lr=0.0002;num_layers=4;proj_dim=256;scorer_hidden=128;tau_quantile=0.2;weight_decay=0.0,64,cosine,cat,0.0002,4,256,128,0.2,0.0,82.37,201.32,0.29106,0.0,,,,,,,,,,,,,
glue|bert-base-uncased|stsb_wide|baseline|t17|s2|confirm,glue,bert-base-uncased,stsb_wide,stsb,baseline,confirm,17,2,spearman,gat_hidden_dim=64;graph_metric=cosine;jk_mode=cat;lr=0.0002;num_layers=4;proj_dim=256;scorer_hidden=128;tau_quantile=0.2;weight_decay=0.0,64,cosine,cat,0.0002,4,256,128,0.2,0.0,82.09,203.84,0.29531,0.0,,,,,,,,,,,,,
glue|bert-base-uncased|stsb_wide|baseline|t17|s3|confirm,glue,bert-base-uncased,stsb_wide,stsb,baseline,confirm,17,3,spearman,gat_hidden_dim=64;graph_metric=cosine;jk_mode=cat;lr=0.0002;num_layers=4;proj_dim=256;scorer_hidden=128;tau_quantile=0.2;weight_decay=0.0,64,cosine,cat,0.0002,4,256,128,0.2,0.0,83.11,204.75,0.29638,0.0,,,,,,,,,,,,,
glue|bert-base-uncased|stsb_wide|baseline|t17|s4|confirm,glue,bert-base-uncased,stsb_wide,stsb,baseline,confirm,17,4,spearman,gat_hidden_dim=64;graph_metric=cosine;jk_mode=cat;lr=0.0002;num_layers=4;proj_dim=256;scorer_hidden=128;tau_quantile=0.2;weight_decay=0.0,64,cosine,cat,0.0002,4,256,128,0.2,0.0,82.59,200.11,0.29295,0.0,,,,,,,,,,,,,
glue|bert-base-uncased|stsb_wide|baseline|t17|s5|confirm,glue,bert-base-uncased,stsb_wide,stsb,baseline,confirm,17,5,spearman,gat_hidden_dim=64;graph_metric=cosine;jk_mode=cat;lr=0.0002;num_layers=4;proj_dim=256;scorer_hidden=128;tau_quantile=0.2;weight_decay=0.0,64,cosine,cat,0.0002,4,256,128,0.2,0.0,82.89,198.93,0.29238,0.0,,,,,,,,,,,,,
glue|bert-base-uncased|stsb_wide|baseline|t17|s6|confirm,glue,bert-base-uncased,stsb_wide,stsb,baseline,confirm,17,6,spearman,gat_hidden_dim=64;graph_metric=cosine;jk_mode=cat;lr=0.0002;num_layers=4;proj_dim=256;scorer_hidden=128;tau_quantile=0.2;weight_decay=0.0,64,cosine,cat,0.0002,4,256,128,0.2,0.0,82.52,202.9,0.29737,0.0,,,,,,,,,,,,,
glue|bert-base-uncased|stsb_wide|baseline|t17|s7|confirm,glue,bert-base-uncased,stsb_wide,stsb,baseline,confirm,17,7,spearman,gat_hidden_dim=64;graph_metric=cosine;jk_mode=cat;lr=0.0002;num_layers=4;proj_dim=256;scorer_hidden=128;tau_quantile=0.2;weight_decay=0.0,64,cosine,cat,0.0002,4,256,128,0.2,0.0,82.5,203.92,0.29504,0.0,,,,,,,,,,,,,
glue|bert-base-uncased|stsb_wide|baseline|t17|s8|confirm,glue,bert-base-uncased,stsb_wide,stsb,baseline,confirm,17,8,spearman,gat_hidden_dim=64;graph_metric=cosine;jk_mode=cat;lr=0.0002;num_layers=4;proj_dim=256;scorer_hidden=128;tau_quantile=0.2;weight_decay=0.0,64,cosine,cat,0.0002,4,256,128,0.2,0.0,82.29,201.08,0.29659,0.0,,,,,,,,,,,,,
glue|bert-base-uncased|stsb_wide|baseline|t17|s9|confirm,glue,bert-base-uncased,stsb_wide,stsb,baseline,confirm,17,9,spearman,gat_hidden_dim=64;graph_metric=cosine;jk_mode=cat;lr=0.0002;num_layers=4;proj_dim=256;scorer_hidden=128;tau_quantile=0.2;weight_decay=0.0,64,cosine,cat,0.0002,4,256,128,0.2,0.0,82.36,202.18,0.2969,0.0,,,,,,,,,,,,,
glue|bert-base-uncased|stsb_wide|baseline|t17|s10|confirm,glue,bert-base-uncased,stsb_wide,stsb,baseline,confirm,17,10,spearman,gat_hidden_dim=64;graph_metric=cosine;jk_mode=cat;lr=0.0002;num_layers=4;proj_dim=256;scorer_hidden=128;tau_quantile=0.2;weight_decay=0.0,64,cosine,cat,0.0002,4,256,128,0.2,0.0,81.96,202.58,0.29612,0.0,,,,,,,,,,,,,
glue|bert-base-uncased|stsb_wide|baseline|t17|s11|confirm,glue,bert-base-uncased,stsb_wide,stsb,baseline,confirm,17,11,spearman,gat_hidden_dim=64;graph_metric=cosine;jk_mode=cat;lr=0.0002;num_layers=4;proj_dim=256;scorer_hidden=128;tau_quantile=0.2;weight_decay=0.0,64,cosine,cat,0.0002,4,256,128,0.2,0.0,82.91,200.52,0.29459,0.0,,,,,,,,,,,,,
glue|bert-base-uncased|stsb_wide|baseline|t17|s12|confirm,glue,bert-base-uncased,stsb_wide,stsb,baseline,confirm,17,12,spearman,gat_hidden_dim=64;graph_metric=cosine;jk_mode=cat;lr=0.0002;num_layers=4;proj_dim=256;scorer_hidden=128;tau_quantile=0.2;weight_decay=0.0,64,cosine,cat,0.0002,4,256,128,0.2,0.0,82.88,203.05,0.29607,0.0,,,,,,,,,,,,,
glue|bert-base-uncased|stsb_wide|baseline|t17|s13|confirm,glue,bert-base-uncased,stsb_wide,stsb,baseline,confirm,17,13,spearman,gat_hidden_dim=64;graph_metric=cosine;jk_mode=cat;lr=0.0002;num_layers=4;proj_dim=256;scorer_hidden=128;tau_quantile=0.2;weight_decay=0.0,64,cosine,cat,0.0002,4,256,128,0.2,0.0,82.35,200.97,0.29391,0.0,,,,,,,,,,,,,
glue|bert-base-uncased|stsb_wide|baseline|t17|s14|confirm,glue,bert-base-uncased,stsb_wide,stsb,baseline,confirm,17,14,spearman,gat_hidden_dim=64;graph_metric=cosine;jk_mode=cat;lr=0.0002;num_layers=4;proj_dim=256;scorer_hidden=128;tau_quantile=0.2;weight_decay=0.0,64,cosine,cat,0.0002,4,256,128,0.2,0.0,82.86,201.41,0.29764,0.0,,,,,,,,,,,,,
glue|bert-base-uncased|stsb_wide|baseline|t17|s15|confirm,glue,bert-base-uncased,stsb_wide,stsb,baseline,confirm,17,15,spearman,gat_hidden_dim=64;graph_metric=cosine;jk_mode=cat;lr=0.0002;num_layers=4;proj_dim=256;scorer_hidden=128;tau_quantile=0.2;weight_decay=0.0,64,cosine,cat,0.0002,4,256,128,0.2,0.0,82.31,200.28,0.29414,0.0,,,,,,,,,,,,,
glue|bert-base-uncased|stsb_wide|no_graph|t0|s42|tune,glue,bert-base-uncased,stsb_wide,stsb,no_graph,tune,0,42,spearman,gat_hidden_dim=64;graph_metric=cosine;jk_mode=max;lr=0.001;num_layers=4;proj_dim=128;scorer_hidden=128;tau=0.999;weight_decay=5e-05,64,cosine,max,0.001,4,128,128,,5e-05,70.83,188.17,0.09818,0.0,,,,,,0.999,,,,,,,
glue|bert-base-uncased|stsb_wide|no_graph|t1|s42|tune,glue,bert-base-uncased,stsb_wide,stsb,no_graph,tune,1,42,spearman,gat_hidden_dim=256;graph_metric=cosine;jk_mode=cat;lr=0.001;num_layers=2;proj_dim=128;scorer_hidden=128;tau=0.999;weight_decay=5e-05,256,cosine,cat,0.001,2,128,128,,5e-05,79.46,187.12,0.10106,0.0,,,,,,0.999,,,,,,,
glue|bert-base-uncased|stsb_wide|no_graph|t2|s42|tune,glue,bert-base-uncased,stsb_wide,stsb,no_graph,tune,2,42,spearman,gat_hidden_dim=64;graph_metric=cosine;jk_mode=max;lr=0.0002;num_layers=2;proj_dim=512;scorer_hidden=128;tau=0.999;weight_decay=0.0,64,cosine,max,0.0002,2,512,128,,0.0,69.5,184.37,0.1014,0.0,,,,,,0.999,,,,,,,
glue|bert-base-uncased|stsb_wide|no_graph|t3|s42|tune,glue,bert-base-uncased,stsb_wide,stsb,no_graph,tune,3,42,spearman,gat_hidden_dim=128;graph_metric=cosine;jk_mode=max;lr=0.0002;num_layers=4;proj_dim=128;scorer_hidden=256;tau=0.999;weight_decay=1e-05,128,cosine,max,0.0002,4,128,256,,1e-05,76.16,182.61,0.10258,0.0,,,,,,0.999,,,,,,,
glue|bert-base-uncased|stsb_wide|no_graph|t4|s42|tune,glue,bert-base-uncased,stsb_wide,stsb,no_graph,tune,4,42,spearman,gat_hidden_dim=128;graph_metric=cosine;jk_mode=max;lr=0.001;num_layers=4;proj_dim=256;scorer_hidden=128;tau=0.999;weight_decay=5e-05,128,cosine,max,0.001,4,256,128,,5e-05,73.77,183.91,0.10258,0.0,,,,,,0.999,,,,,,,
glue|bert-base-uncased|stsb_wide|no_graph|t5|s42|tune,glue,bert-base-uncased,stsb_wide,stsb,no_graph,tune,5,42,spearman,gat_hidden_dim=128;graph_metric=cosine;jk_mode=cat;lr=0.001;num_layers=4;proj_dim=256;scorer_hidden=256;tau=0.999;weight_decay=0.0,128,cosine,cat,0.001,4,256,256,,0.0,80.03,184.52,0.10169,0.0,,,,,,0.999,,,,,,,
glue|bert-base-uncased|stsb_wide|no_graph|t6|s42|tune,glue,bert-base-uncased,stsb_wide,stsb,no_graph,tune,6,42,spearman,gat_hidden_dim=256;graph_metric=cosine;jk_mode=cat;lr=2e-05;num_layers=2;proj_dim=128;scorer_hidden=256;tau=0.999;weight_decay=5e-05,256,cosine,cat,2e-05,2,128,256,,5e-05,80.73,183.69,0.10106,0.0,,,,,,0.999,,,,,,,
glue|bert-base-uncased|stsb_wide|no_graph|t7|s42|tune,glue,bert-base-uncased,stsb_wide,stsb,no_graph,tune,7,42,spearman,gat_hidden_dim=256;graph_metric=cosine;jk_mode=cat;lr=0.001;num_layers=2;proj_dim=128;scorer_hidden=128;tau=0.999;weight_decay=0.0,256,cosine,cat,0.001,2,128,128,,0.0,79.02,182.81,0.10106,0.0,,,,,,0.999,,,,,,,
glue|bert-base-uncased|stsb_wide|no_graph|t8|s42|tune,glue,bert-base-uncased,stsb_wide,stsb,no_graph,tune,8,42,spearman,gat_hidden_dim=64;graph_metric=cosine;jk_mode=max;lr=0.001;num_layers=4;proj_dim=128;scorer_hidden=128;tau=0.999;weight_decay=0.0,64,cosine,max,0.001,4,128,128,,0.0,70.59,188.83,0.09818,0.0,,,,,,0.999,,,,,,,
glue|bert-base-uncased|stsb_wide|no_graph|t9|s42|tune,glue,bert-base-uncased,stsb_wide,stsb,no_graph,tune,9,42,spearman,gat_hidden_dim=64;graph_metric=cosine;jk_mode=cat;lr=2e-05;num_layers=4;proj_dim=128;scorer_hidden=256;tau=0.999;weight_decay=0.0,64,cosine,cat,2e-05,4,128,256,,0.0,80.34,190.99,0.0987,0.0,,,,,,0.999,,,,,,,
glue|bert-base-uncased|stsb_wide|no_graph|t10|s42|tune,glue,bert-base-uncased,stsb_wide,stsb,no_graph,tune,10,42,spearman,gat_hidden_dim=64;graph_metric=cosine;jk_mode=max;lr=2e-05;num_layers=2;proj_dim=128;scorer_hidden=128;tau=0.999;weight_decay=1e-05,64,cosine,max,2e-05,2,128,128,,1e-05,59.17,182.49,0.1014,0.0,,,,,,0.999,,,,,,,
glue|bert-base-uncased|stsb_wide|no_graph|t11|s42|tune,glue,bert-base-uncased,stsb_wide,stsb,no_graph,tune,11,42,spearman,gat_hidden_dim=128;graph_metric=cosine;jk_mode=cat;lr=0.0002;num_layers=4;proj_dim=256;scorer_hidden=128;tau=0.999;weight_decay=5e-05,128,cosine,cat,0.0002,4,256,128,,5e-05,82.18,187.22,0.10169,0.0,,,,,,0.999,,,,,,,
glue|bert-base-uncased|stsb_wide|no_graph|t12|s42|tune,glue,bert-base-uncased,stsb_wide,stsb,no_graph,tune,12,42,spearman,gat_hidden_dim=64;graph_metric=cosine;jk_mode=cat;lr=0.0002;num_layers=2;proj_dim=128;scorer_hidden=256;tau=0.999;weight_decay=0.0,64,cosine,cat,0.0002,2,128,256,,0.0,82.22,180.61,0.098,0.0,,,,,,0.999,,,,,,,
glue|bert-base-uncased|stsb_wide|no_graph|t13|s42|tune,glue,bert-base-uncased,stsb_wide,stsb,no_graph,tune,13,42,spearman,gat_hidden_dim=128;graph_metric=cosine;jk_mode=cat;lr=2e-05;num_layers=4;proj_dim=512;scorer_hidden=128;tau=0.999;weight_decay=0.0,128,cosine,cat,2e-05,4,512,128,,0.0,80.59,187.85,0.10169,0.0,,,,,,0.999,,,,,,,
glue|bert-base-uncased|stsb_wide|no_graph|t14|s42|tune,glue,bert-base-uncased,stsb_wide,stsb,no_graph,tune,14,42,spearman,gat_hidden_dim=128;graph_metric=cosine;jk_mode=cat;lr=2e-05;num_layers=2;proj_dim=256;scorer_hidden=256;tau=0.999;weight_decay=1e-05,128,cosine,cat,2e-05,2,256,256,,1e-05,80.55,185.91,0.10088,0.0,,,,,,0.999,,,,,,,
glue|bert-base-uncased|stsb_wide|no_graph|t15|s42|tune,glue,bert-base-uncased,stsb_wide,stsb,no_graph,tune,15,42,spearman,gat_hidden_dim=128;graph_metric=cosine;jk_mode=max;lr=0.001;num_layers=4;proj_dim=256;scorer_hidden=128;tau=0.999;weight_decay=1e-05,128,cosine,max,0.001,4,256,128,,1e-05,73.91,187.98,0.10258,0.0,,,,,,0.999,,,,,,,
glue|bert-base-uncased|stsb_wide|no_graph|t16|s42|tune,glue,bert-base-uncased,stsb_wide,stsb,no_graph,tune,16,42,spearman,gat_hidden_dim=256;graph_metric=cosine;jk_mode=cat;lr=0.0002;num_layers=4;proj_dim=256;scorer_hidden=256;tau=0.999;weight_decay=5e-05,256,cosine,cat,0.0002,4,256,256,,5e-05,81.68,187.97,0.10063,0.0,,,,,,0.999,,,,,,,
glue|bert-base-uncased|stsb_wide|no_graph|t17|s42|tune,glue,bert-base-uncased,stsb_wide,stsb,no_graph,tune,17,42,spearman,gat_hidden_dim=64;graph_metric=cosine;jk_mode=cat;lr=0.0002;num_layers=4;proj_dim=512;scorer_hidden=256;tau=0.999;weight_decay=0.0,64,cosine,cat,0.0002,4,512,256,,0.0,82.72,187.85,0.0987,0.0,,,,,,0.999,,,,,,,
glue|bert-base-uncased|stsb_wide|no_graph|t18|s42|tune,glue,bert-base-uncased,stsb_wide,stsb,no_graph,tune,18,42,spearman,gat_hidden_dim=64;graph_metric=cosine;jk_mode=cat;lr=0.001;num_layers=4;proj_dim=128;scorer_hidden=256;tau=0.999;weight_decay=1e-05,64,cosine,cat,0.001,4,128,256,,1e-05,79.59,188.05,0.0987,0.0,,,,,,0.999,,,,,,,
glue|bert-base-uncased|stsb_wide|no_graph|t19|s42|tune,glue,bert-base-uncased,stsb_wide,stsb,no_graph,tune,19,42,spearman,gat_hidden_dim=256;graph_metric=cosine;jk_mode=cat;lr=2e-05;num_layers=4;proj_dim=128;scorer_hidden=256;tau=0.999;weight_decay=5e-05,256,cosine,cat,2e-05,4,128,256,,5e-05,80.97,187.74,0.10063,0.0,,,,,,0.999,,,,,,,
glue|bert-base-uncased|stsb_wide|no_graph|t20|s42|tune,glue,bert-base-uncased,stsb_wide,stsb,no_graph,tune,20,42,spearman,gat_hidden_dim=128;graph_metric=cosine;jk_mode=cat;lr=0.001;num_layers=2;proj_dim=128;scorer_hidden=256;tau=0.999;weight_decay=0.0,128,cosine,cat,0.001,2,128,256,,0.0,78.29,184.22,0.10088,0.0,,,,,,0.999,,,,,,,
glue|bert-base-uncased|stsb_wide|no_graph|t21|s42|tune,glue,bert-base-uncased,stsb_wide,stsb,no_graph,tune,21,42,spearman,gat_hidden_dim=64;graph_metric=cosine;jk_mode=cat;lr=0.001;num_layers=2;proj_dim=256;scorer_hidden=128;tau=0.999;weight_decay=0.0,64,cosine,cat,0.001,2,256,128,,0.0,79.9,184.3,0.098,0.0,,,,,,0.999,,,,,,,
glue|bert-base-uncased|stsb_wide|no_graph|t22|s42|tune,glue,bert-base-uncased,stsb_wide,stsb,no_graph,tune,22,42,spearman,gat_hidden_dim=128;graph_metric=cosine;jk_mode=max;lr=2e-05;num_layers=4;proj_dim=128;scorer_hidden=128;tau=0.999;weight_decay=1e-05,128,cosine,max,2e-05,4,128,128,,1e-05,66.11,186.46,0.10258,0.0,,,,,,0.999,,,,,,,
glue|bert-base-uncased|stsb_wide|no_graph|t23|s42|tune,glue,bert-base-uncased,stsb_wide,stsb,no_graph,tune,23,42,spearman,gat_hidden_dim=256;graph_metric=cosine;jk_mode=cat;lr=0.001;num_layers=2;proj_dim=128;scorer_hidden=256;tau=0.999;weight_decay=0.0,256,cosine,cat,0.001,2,128,256,,0.0,79.13,181.04,0.10106,0.0,,,,,,0.999,,,,,,,
glue|bert-base-uncased|stsb_wide|no_graph|t24|s42|tune,glue,bert-base-uncased,stsb_wide,stsb,no_graph,tune,24,42,spearman,gat_hidden_dim=128;graph_metric=cosine;jk_mode=max;lr=0.001;num_layers=4;proj_dim=256;scorer_hidden=256;tau=0.999;weight_decay=5e-05,128,cosine,max,0.001,4,256,256,,5e-05,75.16,185.26,0.10258,0.0,,,,,,0.999,,,,,,,
glue|bert-base-uncased|stsb_wide|no_graph|t25|s42|tune,glue,bert-base-uncased,stsb_wide,stsb,no_graph,tune,25,42,spearman,gat_hidden_dim=128;graph_metric=cosine;jk_mode=max;lr=2e-05;num_layers=2;proj_dim=128;scorer_hidden=256;tau=0.999;weight_decay=5e-05,128,cosine,max,2e-05,2,128,256,,5e-05,64.67,180.48,0.09937,0.0,,,,,,0.999,,,,,,,
glue|bert-base-uncased|stsb_wide|no_graph|t26|s42|tune,glue,bert-base-uncased,stsb_wide,stsb,no_graph,tune,26,42,spearman,gat_hidden_dim=64;graph_metric=cosine;jk_mode=max;lr=0.001;num_layers=2;proj_dim=128;scorer_hidden=256;tau=0.999;weight_decay=0.0,64,cosine,max,0.001,2,128,256,,0.0,72.14,182.94,0.1014,0.0,,,,,,0.999,,,,,,,
glue|bert-base-uncased|stsb_wide|no_graph|t27|s42|tune,glue,bert-base-uncased,stsb_wide,stsb,no_graph,tune,27,42,spearman,gat_hidden_dim=64;graph_metric=cosine;jk_mode=cat;lr=0.0002;num_layers=2;proj_dim=128;scorer_hidden=128;tau=0.999;weight_decay=1e-05,64,cosine,cat,0.0002,2,128,128,,1e-05,82.22,184.42,0.098,0.0,,,,,,0.999,,,,,,,
glue|bert-base-uncased|stsb_wide|no_graph|t28|s42|tune,glue,bert-base-uncased,stsb_wide,stsb,no_graph,tune,28,42,spearman,gat_hidden_dim=256;graph_metric=cosine;jk_mode=max;lr=0.0002;num_layers=2;proj_dim=128;scorer_hidden=256;tau=0.999;weight_decay=1e-05,256,cosine,max,0.0002,2,128,256,,1e-05,79.43,183.7,0.09797,0.0,,,,,,0.999,,,,,,,
glue|bert-base-uncased|stsb_wide|no_graph|t29|s42|tune,glue,bert-base-uncased,stsb_wide,stsb,no_graph,tune,29,42,spearman,gat_hidden_dim=64;graph_metric=cosine;jk_mode=cat;lr=0.0002;num_layers=2;proj_dim=256;scorer_hidden=256;tau=0.999;weight_decay=0.0,64,cosine,cat,0.0002,2,256,256,,0.0,82.22,182.19,0.098,0.0,,,,,,0.999,,,,,,,
glue|bert-base-uncased|stsb_wide|no_graph|t30|s42|tune,glue,bert-base-uncased,stsb_wide,stsb,no_graph,tune,30,42,spearman,gat_hidden_dim=128;graph_metric=cosine;jk_mode=max;lr=2e-05;num_layers=4;proj_dim=512;scorer_hidden=256;tau=0.999;weight_decay=5e-05,128,cosine,max,2e-05,4,512,256,,5e-05,66.1,189.87,0.10258,0.0,,,,,,0.999,,,,,,,
glue|bert-base-uncased|stsb_wide|no_graph|t31|s42|tune,glue,bert-base-uncased,stsb_wide,stsb,no_graph,tune,31,42,spearman,gat_hidden_dim=256;graph_metric=cosine;jk_mode=max;lr=0.001;num_layers=4;proj_dim=128;scorer_hidden=256;tau=0.999;weight_decay=1e-05,256,cosine,max,0.001,4,128,256,,1e-05,76.82,184.96,0.09721,0.0,,,,,,0.999,,,,,,,
glue|bert-base-uncased|stsb_wide|no_graph|t32|s42|tune,glue,bert-base-uncased,stsb_wide,stsb,no_graph,tune,32,42,spearman,gat_hidden_dim=256;graph_metric=cosine;jk_mode=max;lr=0.0002;num_layers=4;proj_dim=512;scorer_hidden=256;tau=0.999;weight_decay=1e-05,256,cosine,max,0.0002,4,512,256,,1e-05,79.25,188.44,0.09721,0.0,,,,,,0.999,,,,,,,
glue|bert-base-uncased|stsb_wide|no_graph|t33|s42|tune,glue,bert-base-uncased,stsb_wide,stsb,no_graph,tune,33,42,spearman,gat_hidden_dim=128;graph_metric=cosine;jk_mode=cat;lr=2e-05;num_layers=4;proj_dim=256;scorer_hidden=128;tau=0.999;weight_decay=0.0,128,cosine,cat,2e-05,4,256,128,,0.0,80.59,186.57,0.10169,0.0,,,,,,0.999,,,,,,,
glue|bert-base-uncased|stsb_wide|no_graph|t34|s42|tune,glue,bert-base-uncased,stsb_wide,stsb,no_graph,tune,34,42,spearman,gat_hidden_dim=64;graph_metric=cosine;jk_mode=max;lr=0.001;num_layers=2;proj_dim=256;scorer_hidden=256;tau=0.999;weight_decay=5e-05,64,cosine,max,0.001,2,256,256,,5e-05,71.73,184.21,0.1014,0.0,,,,,,0.999,,,,,,,
glue|bert-base-uncased|stsb_wide|no_graph|t35|s42|tune,glue,bert-base-uncased,stsb_wide,stsb,no_graph,tune,35,42,spearman,gat_hidden_dim=256;graph_metric=cosine;jk_mode=max;lr=0.001;num_layers=4;proj_dim=256;scorer_hidden=256;tau=0.999;weight_decay=0.0,256,cosine,max,0.001,4,256,256,,0.0,77.07,186.87,0.09721,0.0,,,,,,0.999,,,,,,,
glue|bert-base-uncased|stsb_wide|no_graph|t36|s42|tune,glue,bert-base-uncased,stsb_wide,stsb,no_graph,tune,36,42,spearman,gat_hidden_dim=128;graph_metric=cosine;jk_mode=cat;lr=2e-05;num_layers=4;proj_dim=512;scorer_hidden=128;tau=0.999;weight_decay=1e-05,128,cosine,cat,2e-05,4,512,128,,1e-05,80.59,191.93,0.10169,0.0,,,,,,0.999,,,,,,,
glue|bert-base-uncased|stsb_wide|no_graph|t37|s42|tune,glue,bert-base-uncased,stsb_wide,stsb,no_graph,tune,37,42,spearman,gat_hidden_dim=256;graph_metric=cosine;jk_mode=cat;lr=0.0002;num_layers=4;proj_dim=512;scorer_hidden=256;tau=0.999;weight_decay=1e-05,256,cosine,cat,0.0002,4,512,256,,1e-05,81.66,189.47,0.10063,0.0,,,,,,0.999,,,,,,,
glue|bert-base-uncased|stsb_wide|no_graph|t38|s42|tune,glue,bert-base-uncased,stsb_wide,stsb,no_graph,tune,38,42,spearman,gat_hidden_dim=64;graph_metric=cosine;jk_mode=max;lr=0.001;num_layers=4;proj_dim=128;scorer_hidden=256;tau=0.999;weight_decay=5e-05,64,cosine,max,0.001,4,128,256,,5e-05,70.83,186.43,0.09818,0.0,,,,,,0.999,,,,,,,
glue|bert-base-uncased|stsb_wide|no_graph|t39|s42|tune,glue,bert-base-uncased,stsb_wide,stsb,no_graph,tune,39,42,spearman,gat_hidden_dim=64;graph_metric=cosine;jk_mode=cat;lr=0.001;num_layers=2;proj_dim=512;scorer_hidden=256;tau=0.999;weight_decay=0.0,64,cosine,cat,0.001,2,512,256,,0.0,79.89,182.11,0.098,0.0,,,,,,0.999,,,,,,,
glue|bert-base-uncased|stsb_wide|AB|t0|s42|tune,glue,bert-base-uncased,stsb_wide,stsb,AB,tune,0,42,spearman,curvature=4.0;feature_mode=unit;gat_hidden_dim=128;graph_curvature=4.0;graph_metric=poincare;hyperbolic_readout=1;jk_mode=max;learnable_curvature=1;lr=0.0002;num_layers=4;proj_dim=128;readout_clip=0.0;readout_scale=0;rho_quantile=0.025;scorer_hidden=128;weight_decay=1e-05,128,poincare,max,0.0002,4,128,128,,1e-05,71.73,244.89,0.12976,0.0,4.0,,,,,,unit,4.0,1,1,0.0,0,0.025
glue|bert-base-uncased|stsb_wide|AB|t1|s42|tune,glue,bert-base-uncased,stsb_wide,stsb,AB,tune,1,42,spearman,curvature=0.25;feature_mode=cls_root_unit;gat_hidden_dim=64;graph_curvature=2.25;graph_metric=poincare;hyperbolic_readout=1;jk_mode=max;learnable_curvature=1;lr=2e-05;num_layers=2;proj_dim=256;readout_clip=0.3;readout_scale=0;rho_quantile=0.025;scorer_hidden=128;weight_decay=0.0,64,poincare,max,2e-05,2,256,128,,0.0,50.85,239.07,0.12864,0.0,0.25,,,,,,cls_root_unit,2.25,1,1,0.3,0,0.025
glue|bert-base-uncased|stsb_wide|AB|t2|s42|tune,glue,bert-base-uncased,stsb_wide,stsb,AB,tune,2,42,spearman,curvature=1.0;feature_mode=center_unit;gat_hidden_dim=128;graph_curvature=4.0;graph_metric=poincare;hyperbolic_readout=1;jk_mode=max;learnable_curvature=1;lr=2e-05;num_layers=2;proj_dim=128;readout_clip=0.0;readout_scale=1;rho_quantile=0.1;scorer_hidden=256;weight_decay=1e-05,128,poincare,max,2e-05,2,128,256,,1e-05,52.33,240.57,0.19951,0.0,1.0,,,,,,center_unit,4.0,1,1,0.0,1,0.1
glue|bert-base-uncased|stsb_wide|AB|t3|s42|tune,glue,bert-base-uncased,stsb_wide,stsb,AB,tune,3,42,spearman,curvature=1.0;feature_mode=cls_root_unit;gat_hidden_dim=128;graph_curvature=4.0;graph_metric=poincare;hyperbolic_readout=1;jk_mode=max;learnable_curvature=0;lr=0.0002;num_layers=2;proj_dim=512;readout_clip=0.7;readout_scale=0;rho_quantile=0.38;scorer_hidden=256;weight_decay=0.0,128,poincare,max,0.0002,2,512,256,,0.0,72.76,244.32,0.47278,0.0,1.0,,,,,,cls_root_unit,4.0,1,0,0.7,0,0.38
glue|bert-base-uncased|stsb_wide|AB|t4|s42|tune,glue,bert-base-uncased,stsb_wide,stsb,AB,tune,4,42,spearman,curvature=1.0;feature_mode=cls_root_unit;gat_hidden_dim=128;graph_curvature=9.0;graph_metric=poincare;hyperbolic_readout=1;jk_mode=max;learnable_curvature=1;lr=0.001;num_layers=2;proj_dim=128;readout_clip=0.0;readout_scale=1;rho_quantile=0.05;scorer_hidden=256;weight_decay=0.0,128,poincare,max,0.001,2,128,256,,0.0,74.35,240.74,0.1391,0.0,1.0,,,,,,cls_root_unit,9.0,1,1,0.0,1,0.05
glue|bert-base-uncased|stsb_wide|AB|t5|s42|tune,glue,bert-base-uncased,stsb_wide,stsb,AB,tune,5,42,spearman,curvature=4.0;feature_mode=cls_root_unit;gat_hidden_dim=256;graph_curvature=4.0;graph_metric=poincare;hyperbolic_readout=1;jk_mode=cat;learnable_curvature=1;lr=0.001;num_layers=2;proj_dim=256;readout_clip=0.0;readout_scale=1;rho_quantile=0.38;scorer_hidden=128;weight_decay=0.0,256,poincare,cat,0.001,2,256,128,,0.0,77.91,239.09,0.47531,0.0,4.0,,,,,,cls_root_unit,4.0,1,1,0.0,1,0.38
glue|bert-base-uncased|stsb_wide|AB|t6|s42|tune,glue,bert-base-uncased,stsb_wide,stsb,AB,tune,6,42,spearman,curvature=1.0;feature_mode=unit;gat_hidden_dim=64;graph_curvature=2.25;graph_metric=poincare;hyperbolic_readout=1;jk_mode=cat;learnable_curvature=0;lr=0.0002;num_layers=4;proj_dim=256;readout_clip=1.0;readout_scale=0;rho_quantile=0.1;scorer_hidden=256;weight_decay=5e-05,64,poincare,cat,0.0002,4,256,256,,5e-05,81.59,246.83,0.19867,0.0,1.0,,,,,,unit,2.25,1,0,1.0,0,0.1
glue|bert-base-uncased|stsb_wide|AB|t7|s42|tune,glue,bert-base-uncased,stsb_wide,stsb,AB,tune,7,42,spearman,curvature=1.0;feature_mode=center;gat_hidden_dim=128;graph_curvature=1.0;graph_metric=poincare;hyperbolic_readout=1;jk_mode=cat;learnable_curvature=1;lr=0.001;num_layers=2;proj_dim=128;readout_clip=0.3;readout_scale=1;rho_quantile=0.05;scorer_hidden=256;weight_decay=5e-05,128,poincare,cat,0.001,2,128,256,,5e-05,76.27,237.24,0.14997,0.0,1.0,,,,,,center,1.0,1,1,0.3,1,0.05
glue|bert-base-uncased|stsb_wide|AB|t8|s42|tune,glue,bert-base-uncased,stsb_wide,stsb,AB,tune,8,42,spearman,curvature=4.0;feature_mode=cls_root_unit;gat_hidden_dim=64;graph_curvature=9.0;graph_metric=poincare;hyperbolic_readout=1;jk_mode=max;learnable_curvature=0;lr=0.0002;num_layers=4;proj_dim=512;readout_clip=0.7;readout_scale=1;rho_quantile=0.2;scorer_hidden=256;weight_decay=1e-05,64,poincare,max,0.0002,4,512,256,,1e-05,49.18,245.33,0.27046,0.0,4.0,,,,,,cls_root_unit,9.0,1,0,0.7,1,0.2
glue|bert-base-uncased|stsb_wide|AB|t9|s42|tune,glue,bert-base-uncased,stsb_wide,stsb,AB,tune,9,42,spearman,curvature=4.0;feature_mode=center_unit;gat_hidden_dim=256;graph_curvature=0.25;graph_metric=poincare;hyperbolic_readout=1;jk_mode=max;learnable_curvature=1;lr=2e-05;num_layers=4;proj_dim=512;readout_clip=0.7;readout_scale=1;rho_quantile=0.2;scorer_hidden=128;weight_decay=1e-05,256,poincare,max,2e-05,4,512,128,,1e-05,65.19,248.53,0.29299,0.0,4.0,,,,,,center_unit,0.25,1,1,0.7,1,0.2
glue|bert-base-uncased|stsb_wide|AB|t10|s42|tune,glue,bert-base-uncased,stsb_wide,stsb,AB,tune,10,42,spearman,curvature=1.0;feature_mode=center;gat_hidden_dim=128;graph_curvature=2.25;graph_metric=poincare;hyperbolic_readout=1;jk_mode=max;learnable_curvature=0;lr=2e-05;num_layers=4;proj_dim=128;readout_clip=1.0;readout_scale=0;rho_quantile=0.2;scorer_hidden=256;weight_decay=0.0,128,poincare,max,2e-05,4,128,256,,0.0,62.51,243.69,0.29593,0.0,1.0,,,,,,center,2.25,1,0,1.0,0,0.2
glue|bert-base-uncased|stsb_wide|AB|t11|s42|tune,glue,bert-base-uncased,stsb_wide,stsb,AB,tune,11,42,spearman,curvature=4.0;feature_mode=center;gat_hidden_dim=64;graph_curvature=9.0;graph_metric=poincare;hyperbolic_readout=1;jk_mode=max;learnable_curvature=1;lr=0.001;num_layers=2;proj_dim=512;readout_clip=0.3;readout_scale=0;rho_quantile=0.38;scorer_hidden=128;weight_decay=1e-05,64,poincare,max,0.001,2,512,128,,1e-05,68.47,242.34,0.47004,0.0,4.0,,,,,,center,9.0,1,1,0.3,0,0.38
glue|bert-base-uncased|stsb_wide|AB|t12|s42|tune,glue,bert-base-uncased,stsb_wide,stsb,AB,tune,12,42,spearman,curvature=4.0;feature_mode=unit;gat_hidden_dim=64;graph_curvature=1.0;graph_metric=poincare;hyperbolic_readout=1;jk_mode=cat;learnable_curvature=1;lr=0.0002;num_layers=4;proj_dim=256;readout_clip=1.0;readout_scale=0;rho_quantile=0.38;scorer_hidden=256;weight_decay=1e-05,64,poincare,cat,0.0002,4,256,256,,1e-05,79.82,249.4,0.47304,0.0,4.0,,,,,,unit,1.0,1,1,1.0,0,0.38
glue|bert-base-uncased|stsb_wide|AB|t13|s42|tune,glue,bert-base-uncased,stsb_wide,stsb,AB,tune,13,42,spearman,curvature=0.25;feature_mode=center;gat_hidden_dim=128;graph_curvature=4.0;graph_metric=poincare;hyperbolic_readout=1;jk_mode=cat;learnable_curvature=0;lr=0.0002;num_layers=4;proj_dim=256;readout_clip=0.7;readout_scale=1;rho_quantile=0.2;scorer_hidden=128;weight_decay=5e-05,128,poincare,cat,0.0002,4,256,128,,5e-05,81.34,248.05,0.29616,0.0,0.25,,,,,,center,4.0,1,0,0.7,1,0.2
glue|bert-base-uncased|stsb_wide|AB|t14|s42|tune,glue,bert-base-uncased,stsb_wide,stsb,AB,tune,14,42,spearman,curvature=4.0;feature_mode=cls_root_unit;gat_hidden_dim=256;graph_curvature=1.0;graph_metric=poincare;hyperbolic_readout=1;jk_mode=max;learnable_curvature=0;lr=0.0002;num_layers=4;proj_dim=512;readout_clip=1.0;readout_scale=0;rho_quantile=0.05;scorer_hidden=128;weight_decay=5e-05,256,poincare,max,0.0002,4,512,128,,5e-05,75.08,249.48,0.14657,0.0,4.0,,,,,,cls_root_unit,1.0,1,0,1.0,0,0.05
glue|bert-base-uncased|stsb_wide|AB|t15|s42|tune,glue,bert-base-uncased,stsb_wide,stsb,AB,tune,15,42,spearman,curvature=4.0;feature_mode=center;gat_hidden_dim=256;graph_curvature=4.0;graph_metric=poincare;hyperbolic_readout=1;jk_mode=max;learnable_curvature=1;lr=0.0002;num_layers=4;proj_dim=256;readout_clip=1.0;readout_scale=1;rho_quantile=0.1;scorer_hidden=256;weight_decay=0.0,256,poincare,max,0.0002,4,256,256,,0.0,75.98,249.09,0.19666,0.0,4.0,,,,,,center,4.0,1,1,1.0,1,0.1
glue|bert-base-uncased|stsb_wide|AB|t16|s42|tune,glue,bert-base-uncased,stsb_wide,stsb,AB,tune,16,42,spearman,curvature=0.25;feature_mode=center_unit;gat_hidden_dim=64;graph_curvature=1.0;graph_metric=poincare;hyperbolic_readout=1;jk_mode=cat;learnable_curvature=1;lr=2e-05;num_layers=2;proj_dim=512;readout_clip=0.0;readout_scale=0;rho_quantile=0.2;scorer_hidden=256;weight_decay=1e-05,64,poincare,cat,2e-05,2,512,256,,1e-05,78.18,244.79,0.29325,0.0,0.25,,,,,,center_unit,1.0,1,1,0.0,0,0.2
glue|bert-base-uncased|stsb_wide|AB|t17|s42|tune,glue,bert-base-uncased,stsb_wide,stsb,AB,tune,17,42,spearman,curvature=0.25;feature_mode=center;gat_hidden_dim=64;graph_curvature=1.0;graph_metric=poincare;hyperbolic_readout=1;jk_mode=cat;learnable_curvature=1;lr=0.0002;num_layers=2;proj_dim=128;readout_clip=1.0;readout_scale=0;rho_quantile=0.38;scorer_hidden=256;weight_decay=0.0,64,poincare,cat,0.0002,2,128,256,,0.0,81.5,244.17,0.46974,0.0,0.25,,,,,,center,1.0,1,1,1.0,0,0.38
glue|bert-base-uncased|stsb_wide|AB|t18|s42|tune,glue,bert-base-uncased,stsb_wide,stsb,AB,tune,18,42,spearman,curvature=4.0;feature_mode=center;gat_hidden_dim=256;graph_curvature=0.25;graph_metric=poincare;hyperbolic_readout=1;jk_mode=cat;learnable_curvature=0;lr=0.0002;num_layers=2;proj_dim=512;readout_clip=0.7;readout_scale=1;rho_quantile=0.2;scorer_hidden=256;weight_decay=1e-05,256,poincare,cat,0.0002,2,512,256,,1e-05,79.2,245.76,0.29622,0.0,4.0,,,,,,center,0.25,1,0,0.7,1,0.2
glue|bert-base-uncased|stsb_wide|AB|t19|s42|tune,glue,bert-base-uncased,stsb_wide,stsb,AB,tune,19,42,spearman,curvature=1.0;feature_mode=center_unit;gat_hidden_dim=128;graph_curvature=0.25;graph_metric=poincare;hyperbolic_readout=1;jk_mode=cat;learnable_curvature=0;lr=0.001;num_layers=4;proj_dim=256;readout_clip=1.0;readout_scale=1;rho_quantile=0.1;scorer_hidden=256;weight_decay=1e-05,128,poincare,cat,0.001,4,256,256,,1e-05,77.62,247.1,0.20216,0.0,1.0,,,,,,center_unit,0.25,1,0,1.0,1,0.1
glue|bert-base-uncased|stsb_wide|AB|t20|s42|tune,glue,bert-base-uncased,stsb_wide,stsb,AB,tune,20,42,spearman,curvature=1.0;feature_mode=unit;gat_hidden_dim=256;graph_curvature=2.25;graph_metric=poincare;hyperbolic_readout=1;jk_mode=max;learnable_curvature=0;lr=0.001;num_layers=2;proj_dim=128;readout_clip=0.7;readout_scale=1;rho_quantile=0.2;scorer_hidden=128;weight_decay=1e-05,256,poincare,max,0.001,2,128,128,,1e-05,74.0,243.31,0.2928,0.0,1.0,,,,,,unit,2.25,1,0,0.7,1,0.2
glue|bert-base-uncased|stsb_wide|AB|t21|s42|tune,glue,bert-base-uncased,stsb_wide,stsb,AB,tune,21,42,spearman,curvature=4.0;feature_mode=cls_root_unit;gat_hidden_dim=128;graph_curvature=1.0;graph_metric=poincare;hyperbolic_readout=1;jk_mode=max;learnable_curvature=0;lr=0.0002;num_layers=2;proj_dim=128;readout_clip=0.0;readout_scale=0;rho_quantile=0.2;scorer_hidden=256;weight_decay=5e-05,128,poincare,max,0.0002,2,128,256,,5e-05,58.22,242.58,0.29461,0.0,4.0,,,,,,cls_root_unit,1.0,1,0,0.0,0,0.2
glue|bert-base-uncased|stsb_wide|AB|t22|s42|tune,glue,bert-base-uncased,stsb_wide,stsb,AB,tune,22,42,spearman,curvature=4.0;feature_mode=cls_root_unit;gat_hidden_dim=256;graph_curvature=2.25;graph_metric=poincare;hyperbolic_readout=1;jk_mode=cat;learnable_curvature=0;lr=2e-05;num_layers=4;proj_dim=512;readout_clip=0.7;readout_scale=0;rho_quantile=0.1;scorer_hidden=256;weight_decay=5e-05,256,poincare,cat,2e-05,4,512,256,,5e-05,73.78,248.37,0.20127,0.0,4.0,,,,,,cls_root_unit,2.25,1,0,0.7,0,0.1
glue|bert-base-uncased|stsb_wide|AB|t23|s42|tune,glue,bert-base-uncased,stsb_wide,stsb,AB,tune,23,42,spearman,curvature=4.0;feature_mode=cls_root_unit;gat_hidden_dim=128;graph_curvature=4.0;graph_metric=poincare;hyperbolic_readout=1;jk_mode=cat;learnable_curvature=0;lr=2e-05;num_layers=4;proj_dim=256;readout_clip=0.0;readout_scale=1;rho_quantile=0.025;scorer_hidden=128;weight_decay=5e-05,128,poincare,cat,2e-05,4,256,128,,5e-05,63.38,250.96,0.1286,0.0,4.0,,,,,,cls_root_unit,4.0,1,0,0.0,1,0.025
glue|bert-base-uncased|stsb_wide|AB|t24|s42|tune,glue,bert-base-uncased,stsb_wide,stsb,AB,tune,24,42,spearman,curvature=1.0;feature_mode=unit;gat_hidden_dim=64;graph_curvature=1.0;graph_metric=poincare;hyperbolic_readout=1;jk_mode=cat;learnable_curvature=1;lr=2e-05;num_layers=4;proj_dim=256;readout_clip=0.0;readout_scale=1;rho_quantile=0.025;scorer_hidden=128;weight_decay=0.0,64,poincare,cat,2e-05,4,256,128,,0.0,75.19,246.55,0.12496,0.0,1.0,,,,,,unit,1.0,1,1,0.0,1,0.025
glue|bert-base-uncased|stsb_wide|AB|t25|s42|tune,glue,bert-base-uncased,stsb_wide,stsb,AB,tune,25,42,spearman,curvature=0.25;feature_mode=cls_root_unit;gat_hidden_dim=128;graph_curvature=9.0;graph_metric=poincare;hyperbolic_readout=1;jk_mode=max;learnable_curvature=1;lr=0.001;num_layers=4;proj_dim=128;readout_clip=0.3;readout_scale=0;rho_quantile=0.05;scorer_hidden=256;weight_decay=5e-05,128,poincare,max,0.001,4,128,256,,5e-05,67.86,249.89,0.14025,0.0,0.25,,,,,,cls_root_unit,9.0,1,1,0.3,0,0.05
glue|bert-base-uncased|stsb_wide|AB|t26|s42|tune,glue,bert-base-uncased,stsb_wide,stsb,AB,tune,26,42,spearman,curvature=1.0;feature_mode=cls_root_unit;gat_hidden_dim=256;graph_curvature=2.25;graph_metric=poincare;hyperbolic_readout=1;jk_mode=cat;learnable_curvature=1;lr=0.001;num_layers=4;proj_dim=512;readout_clip=0.3;readout_scale=1;rho_quantile=0.05;scorer_hidden=256;weight_decay=0.0,256,poincare,cat,0.001,4,512,256,,0.0,70.87,250.95,0.15011,0.0,1.0,,,,,,cls_root_unit,2.25,1,1,0.3,1,0.05
glue|bert-base-uncased|stsb_wide|AB|t27|s42|tune,glue,bert-base-uncased,stsb_wide,stsb,AB,tune,27,42,spearman,curvature=0.25;feature_mode=cls_root_unit;gat_hidden_dim=256;graph_curvature=9.0;graph_metric=poincare;hyperbolic_readout=1;jk_mode=max;learnable_curvature=1;lr=0.0002;num_layers=2;proj_dim=128;readout_clip=0.7;readout_scale=0;rho_quantile=0.2;scorer_hidden=128;weight_decay=5e-05,256,poincare,max,0.0002,2,128,128,,5e-05,77.45,245.68,0.26901,0.0,0.25,,,,,,cls_root_unit,9.0,1,1,0.7,0,0.2
glue|bert-base-uncased|stsb_wide|AB|t28|s42|tune,glue,bert-base-uncased,stsb_wide,stsb,AB,tune,28,42,spearman,curvature=4.0;feature_mode=unit;gat_hidden_dim=128;graph_curvature=9.0;graph_metric=poincare;hyperbolic_readout=1;jk_mode=cat;learnable_curvature=0;lr=0.0002;num_layers=4;proj_dim=128;readout_clip=0.7;readout_scale=0;rho_quantile=0.05;scorer_hidden=256;weight_decay=0.0,128,poincare,cat,0.0002,4,128,256,,0.0,79.48,249.66,0.1505,0.0,4.0,,,,,,unit,9.0,1,0,0.7,0,0.05
glue|bert-base-uncased|stsb_wide|AB|t29|s42|tune,glue,bert-base-uncased,stsb_wide,stsb,AB,tune,29,42,spearman,curvature=0.25;feature_mode=cls_root_unit;gat_hidden_dim=128;graph_curvature=2.25;graph_metric=poincare;hyperbolic_readout=1;jk_mode=cat;learnable_curvature=1;lr=0.001;num_layers=4;proj_dim=128;readout_clip=0.0;readout_scale=0;rho_quantile=0.2;scorer_hidden=128;weight_decay=1e-05,128,poincare,cat,0.001,4,128,128,,1e-05,79.55,253.2,0.29694,0.0,0.25,,,,,,cls_root_unit,2.25,1,1,0.0,0,0.2
glue|bert-base-uncased|stsb_wide|AB|t30|s42|tune,glue,bert-base-uncased,stsb_wide,stsb,AB,tune,30,42,spearman,curvature=0.25;feature_mode=center;gat_hidden_dim=256;graph_curvature=4.0;graph_metric=poincare;hyperbolic_readout=1;jk_mode=max;learnable_curvature=1;lr=0.0002;num_layers=2;proj_dim=512;readout_clip=0.7;readout_scale=1;rho_quantile=0.2;scorer_hidden=128;weight_decay=5e-05,256,poincare,max,0.0002,2,512,128,,5e-05,77.84,245.51,0.29237,0.0,0.25,,,,,,center,4.0,1,1,0.7,1,0.2
glue|bert-base-uncased|stsb_wide|AB|t31|s42|tune,glue,bert-base-uncased,stsb_wide,stsb,AB,tune,31,42,spearman,curvature=0.25;feature_mode=center_unit;gat_hidden_dim=128;graph_curvature=1.0;graph_metric=poincare;hyperbolic_readout=1;jk_mode=cat;learnable_curvature=0;lr=0.001;num_layers=4;proj_dim=256;readout_clip=0.3;readout_scale=1;rho_quantile=0.025;scorer_hidden=256;weight_decay=1e-05,128,poincare,cat,0.001,4,256,256,,1e-05,77.75,252.96,0.12858,0.0,0.25,,,,,,center_unit,1.0,1,0,0.3,1,0.025
glue|bert-base-uncased|stsb_wide|AB|t32|s42|tune,glue,bert-base-uncased,stsb_wide,stsb,AB,tune,32,42,spearman,curvature=4.0;feature_mode=cls_root_unit;gat_hidden_dim=256;graph_curvature=9.0;graph_metric=poincare;hyperbolic_readout=1;jk_mode=cat;learnable_curvature=1;lr=0.0002;num_layers=2;proj_dim=512;readout_clip=0.7;readout_scale=0;rho_quantile=0.05;scorer_hidden=128;weight_decay=5e-05,256,poincare,cat,0.0002,2,512,128,,5e-05,80.06,247.18,0.14061,0.0,4.0,,,,,,cls_root_unit,9.0,1,1,0.7,0,0.05
glue|bert-base-uncased|stsb_wide|AB|t33|s42|tune,glue,bert-base-uncased,stsb_wide,stsb,AB,tune,33,42,spearman,curvature=0.25;feature_mode=cls_root_unit;gat_hidden_dim=128;graph_curvature=4.0;graph_metric=poincare;hyperbolic_readout=1;jk_mode=max;learnable_curvature=0;lr=0.0002;num_layers=4;proj_dim=512;readout_clip=0.0;readout_scale=0;rho_quantile=0.025;scorer_hidden=128;weight_decay=0.0,128,poincare,max,0.0002,4,512,128,,0.0,74.75,247.23,0.12976,0.0,0.25,,,,,,cls_root_unit,4.0,1,0,0.0,0,0.025
glue|bert-base-uncased|stsb_wide|AB|t34|s42|tune,glue,bert-base-uncased,stsb_wide,stsb,AB,tune,34,42,spearman,curvature=4.0;feature_mode=center;gat_hidden_dim=128;graph_curvature=9.0;graph_metric=poincare;hyperbolic_readout=1;jk_mode=max;learnable_curvature=1;lr=0.001;num_layers=2;proj_dim=128;readout_clip=1.0;readout_scale=1;rho_quantile=0.05;scorer_hidden=128;weight_decay=5e-05,128,poincare,max,0.001,2,128,128,,5e-05,72.92,243.42,0.14809,0.0,4.0,,,,,,center,9.0,1,1,1.0,1,0.05
glue|bert-base-uncased|stsb_wide|AB|t35|s42|tune,glue,bert-base-uncased,stsb_wide,stsb,AB,tune,35,42,spearman,curvature=1.0;feature_mode=center;gat_hidden_dim=64;graph_curvature=1.0;graph_metric=poincare;hyperbolic_readout=1;jk_mode=cat;learnable_curvature=1;lr=0.0002;num_layers=2;proj_dim=256;readout_clip=0.0;readout_scale=0;rho_quantile=0.025;scorer_hidden=256;weight_decay=1e-05,64,poincare,cat,0.0002,2,256,256,,1e-05,80.83,239.54,0.12501,0.0,1.0,,,,,,center,1.0,1,1,0.0,0,0.025
glue|bert-base-uncased|stsb_wide|AB|t36|s42|tune,glue,bert-base-uncased,stsb_wide,stsb,AB,tune,36,42,spearman,curvature=4.0;feature_mode=center;gat_hidden_dim=64;graph_curvature=1.0;graph_metric=poincare;hyperbolic_readout=1;jk_mode=cat;learnable_curvature=1;lr=2e-05;num_layers=4;proj_dim=512;readout_clip=0.0;readout_scale=1;rho_quantile=0.2;scorer_hidden=128;weight_decay=1e-05,64,poincare,cat,2e-05,4,512,128,,1e-05,63.59,248.27,0.29356,0.0,4.0,,,,,,center,1.0,1,1,0.0,1,0.2
glue|bert-base-uncased|stsb_wide|AB|t37|s42|tune,glue,bert-base-uncased,stsb_wide,stsb,AB,tune,37,42,spearman,curvature=0.25;feature_mode=cls_root_unit;gat_hidden_dim=64;graph_curvature=4.0;graph_metric=poincare;hyperbolic_readout=1;jk_mode=max;learnable_curvature=1;lr=0.0002;num_layers=2;proj_dim=128;readout_clip=0.0;readout_scale=1;rho_quantile=0.1;scorer_hidden=128;weight_decay=0.0,64,poincare,max,0.0002,2,128,128,,0.0,63.83,245.57,0.20291,0.0,0.25,,,,,,cls_root_unit,4.0,1,1,0.0,1,0.1
glue|bert-base-uncased|stsb_wide|AB|t38|s42|tune,glue,bert-base-uncased,stsb_wide,stsb,AB,tune,38,42,spearman,curvature=0.25;feature_mode=cls_root_unit;gat_hidden_dim=256;graph_curvature=4.0;graph_metric=poincare;hyperbolic_readout=1;jk_mode=cat;learnable_curvature=0;lr=0.0002;num_layers=2;proj_dim=128;readout_clip=0.0;readout_scale=1;rho_quantile=0.1;scorer_hidden=256;weight_decay=0.0,256,poincare,cat,0.0002,2,128,256,,0.0,81.65,247.19,0.20028,0.0,0.25,,,,,,cls_root_unit,4.0,1,0,0.0,1,0.1
glue|bert-base-uncased|stsb_wide|AB|t39|s42|tune,glue,bert-base-uncased,stsb_wide,stsb,AB,tune,39,42,spearman,curvature=4.0;feature_mode=center;gat_hidden_dim=256;graph_curvature=1.0;graph_metric=poincare;hyperbolic_readout=1;jk_mode=cat;learnable_curvature=1;lr=0.0002;num_layers=2;proj_dim=128;readout_clip=0.0;readout_scale=1;rho_quantile=0.05;scorer_hidden=256;weight_decay=0.0,256,poincare,cat,0.0002,2,128,256,,0.0,79.4,244.4,0.15063,0.0,4.0,,,,,,center,1.0,1,1,0.0,1,0.05
glue|bert-base-uncased|stsb_wide|AB|t38|s1|confirm,glue,bert-base-uncased,stsb_wide,stsb,AB,confirm,38,1,spearman,curvature=0.25;feature_mode=cls_root_unit;gat_hidden_dim=256;graph_curvature=4.0;graph_metric=poincare;hyperbolic_readout=1;jk_mode=cat;learnable_curvature=0;lr=0.0002;num_layers=2;proj_dim=128;readout_clip=0.0;readout_scale=1;rho_quantile=0.1;scorer_hidden=256;weight_decay=0.0,256,poincare,cat,0.0002,2,128,256,,0.0,82.24,247.11,0.20052,0.0,0.25,,,,,,cls_root_unit,4.0,1,0,0.0,1,0.1
glue|bert-base-uncased|stsb_wide|AB|t38|s2|confirm,glue,bert-base-uncased,stsb_wide,stsb,AB,confirm,38,2,spearman,curvature=0.25;feature_mode=cls_root_unit;gat_hidden_dim=256;graph_curvature=4.0;graph_metric=poincare;hyperbolic_readout=1;jk_mode=cat;learnable_curvature=0;lr=0.0002;num_layers=2;proj_dim=128;readout_clip=0.0;readout_scale=1;rho_quantile=0.1;scorer_hidden=256;weight_decay=0.0,256,poincare,cat,0.0002,2,128,256,,0.0,80.72,243.88,0.19641,0.0,0.25,,,,,,cls_root_unit,4.0,1,0,0.0,1,0.1
glue|bert-base-uncased|stsb_wide|AB|t38|s3|confirm,glue,bert-base-uncased,stsb_wide,stsb,AB,confirm,38,3,spearman,curvature=0.25;feature_mode=cls_root_unit;gat_hidden_dim=256;graph_curvature=4.0;graph_metric=poincare;hyperbolic_readout=1;jk_mode=cat;learnable_curvature=0;lr=0.0002;num_layers=2;proj_dim=128;readout_clip=0.0;readout_scale=1;rho_quantile=0.1;scorer_hidden=256;weight_decay=0.0,256,poincare,cat,0.0002,2,128,256,,0.0,81.1,245.58,0.19881,0.0,0.25,,,,,,cls_root_unit,4.0,1,0,0.0,1,0.1
glue|bert-base-uncased|stsb_wide|AB|t38|s4|confirm,glue,bert-base-uncased,stsb_wide,stsb,AB,confirm,38,4,spearman,curvature=0.25;feature_mode=cls_root_unit;gat_hidden_dim=256;graph_curvature=4.0;graph_metric=poincare;hyperbolic_readout=1;jk_mode=cat;learnable_curvature=0;lr=0.0002;num_layers=2;proj_dim=128;readout_clip=0.0;readout_scale=1;rho_quantile=0.1;scorer_hidden=256;weight_decay=0.0,256,poincare,cat,0.0002,2,128,256,,0.0,81.9,246.03,0.2001,0.0,0.25,,,,,,cls_root_unit,4.0,1,0,0.0,1,0.1
glue|bert-base-uncased|stsb_wide|AB|t38|s5|confirm,glue,bert-base-uncased,stsb_wide,stsb,AB,confirm,38,5,spearman,curvature=0.25;feature_mode=cls_root_unit;gat_hidden_dim=256;graph_curvature=4.0;graph_metric=poincare;hyperbolic_readout=1;jk_mode=cat;learnable_curvature=0;lr=0.0002;num_layers=2;proj_dim=128;readout_clip=0.0;readout_scale=1;rho_quantile=0.1;scorer_hidden=256;weight_decay=0.0,256,poincare,cat,0.0002,2,128,256,,0.0,82.02,242.7,0.19783,0.0,0.25,,,,,,cls_root_unit,4.0,1,0,0.0,1,0.1
glue|bert-base-uncased|stsb_wide|AB|t38|s6|confirm,glue,bert-base-uncased,stsb_wide,stsb,AB,confirm,38,6,spearman,curvature=0.25;feature_mode=cls_root_unit;gat_hidden_dim=256;graph_curvature=4.0;graph_metric=poincare;hyperbolic_readout=1;jk_mode=cat;learnable_curvature=0;lr=0.0002;num_layers=2;proj_dim=128;readout_clip=0.0;readout_scale=1;rho_quantile=0.1;scorer_hidden=256;weight_decay=0.0,256,poincare,cat,0.0002,2,128,256,,0.0,82.39,247.07,0.19686,0.0,0.25,,,,,,cls_root_unit,4.0,1,0,0.0,1,0.1
glue|bert-base-uncased|stsb_wide|AB|t38|s7|confirm,glue,bert-base-uncased,stsb_wide,stsb,AB,confirm,38,7,spearman,curvature=0.25;feature_mode=cls_root_unit;gat_hidden_dim=256;graph_curvature=4.0;graph_metric=poincare;hyperbolic_readout=1;jk_mode=cat;learnable_curvature=0;lr=0.0002;num_layers=2;proj_dim=128;readout_clip=0.0;readout_scale=1;rho_quantile=0.1;scorer_hidden=256;weight_decay=0.0,256,poincare,cat,0.0002,2,128,256,,0.0,81.81,246.99,0.19767,0.0,0.25,,,,,,cls_root_unit,4.0,1,0,0.0,1,0.1
glue|bert-base-uncased|stsb_wide|AB|t38|s8|confirm,glue,bert-base-uncased,stsb_wide,stsb,AB,confirm,38,8,spearman,curvature=0.25;feature_mode=cls_root_unit;gat_hidden_dim=256;graph_curvature=4.0;graph_metric=poincare;hyperbolic_readout=1;jk_mode=cat;learnable_curvature=0;lr=0.0002;num_layers=2;proj_dim=128;readout_clip=0.0;readout_scale=1;rho_quantile=0.1;scorer_hidden=256;weight_decay=0.0,256,poincare,cat,0.0002,2,128,256,,0.0,81.85,243.55,0.19808,0.0,0.25,,,,,,cls_root_unit,4.0,1,0,0.0,1,0.1
glue|bert-base-uncased|stsb_wide|AB|t38|s9|confirm,glue,bert-base-uncased,stsb_wide,stsb,AB,confirm,38,9,spearman,curvature=0.25;feature_mode=cls_root_unit;gat_hidden_dim=256;graph_curvature=4.0;graph_metric=poincare;hyperbolic_readout=1;jk_mode=cat;learnable_curvature=0;lr=0.0002;num_layers=2;proj_dim=128;readout_clip=0.0;readout_scale=1;rho_quantile=0.1;scorer_hidden=256;weight_decay=0.0,256,poincare,cat,0.0002,2,128,256,,0.0,82.23,246.28,0.20073,0.0,0.25,,,,,,cls_root_unit,4.0,1,0,0.0,1,0.1
glue|bert-base-uncased|stsb_wide|AB|t38|s10|confirm,glue,bert-base-uncased,stsb_wide,stsb,AB,confirm,38,10,spearman,curvature=0.25;feature_mode=cls_root_unit;gat_hidden_dim=256;graph_curvature=4.0;graph_metric=poincare;hyperbolic_readout=1;jk_mode=cat;learnable_curvature=0;lr=0.0002;num_layers=2;proj_dim=128;readout_clip=0.0;readout_scale=1;rho_quantile=0.1;scorer_hidden=256;weight_decay=0.0,256,poincare,cat,0.0002,2,128,256,,0.0,81.12,245.0,0.20318,0.0,0.25,,,,,,cls_root_unit,4.0,1,0,0.0,1,0.1
glue|bert-base-uncased|stsb_wide|AB|t38|s11|confirm,glue,bert-base-uncased,stsb_wide,stsb,AB,confirm,38,11,spearman,curvature=0.25;feature_mode=cls_root_unit;gat_hidden_dim=256;graph_curvature=4.0;graph_metric=poincare;hyperbolic_readout=1;jk_mode=cat;learnable_curvature=0;lr=0.0002;num_layers=2;proj_dim=128;readout_clip=0.0;readout_scale=1;rho_quantile=0.1;scorer_hidden=256;weight_decay=0.0,256,poincare,cat,0.0002,2,128,256,,0.0,81.97,246.68,0.20001,0.0,0.25,,,,,,cls_root_unit,4.0,1,0,0.0,1,0.1
glue|bert-base-uncased|stsb_wide|AB|t38|s12|confirm,glue,bert-base-uncased,stsb_wide,stsb,AB,confirm,38,12,spearman,curvature=0.25;feature_mode=cls_root_unit;gat_hidden_dim=256;graph_curvature=4.0;graph_metric=poincare;hyperbolic_readout=1;jk_mode=cat;learnable_curvature=0;lr=0.0002;num_layers=2;proj_dim=128;readout_clip=0.0;readout_scale=1;rho_quantile=0.1;scorer_hidden=256;weight_decay=0.0,256,poincare,cat,0.0002,2,128,256,,0.0,81.93,247.08,0.20083,0.0,0.25,,,,,,cls_root_unit,4.0,1,0,0.0,1,0.1
glue|bert-base-uncased|stsb_wide|AB|t38|s13|confirm,glue,bert-base-uncased,stsb_wide,stsb,AB,confirm,38,13,spearman,curvature=0.25;feature_mode=cls_root_unit;gat_hidden_dim=256;graph_curvature=4.0;graph_metric=poincare;hyperbolic_readout=1;jk_mode=cat;learnable_curvature=0;lr=0.0002;num_layers=2;proj_dim=128;readout_clip=0.0;readout_scale=1;rho_quantile=0.1;scorer_hidden=256;weight_decay=0.0,256,poincare,cat,0.0002,2,128,256,,0.0,81.94,244.67,0.20213,0.0,0.25,,,,,,cls_root_unit,4.0,1,0,0.0,1,0.1
glue|bert-base-uncased|stsb_wide|AB|t38|s14|confirm,glue,bert-base-uncased,stsb_wide,stsb,AB,confirm,38,14,spearman,curvature=0.25;feature_mode=cls_root_unit;gat_hidden_dim=256;graph_curvature=4.0;graph_metric=poincare;hyperbolic_readout=1;jk_mode=cat;learnable_curvature=0;lr=0.0002;num_layers=2;proj_dim=128;readout_clip=0.0;readout_scale=1;rho_quantile=0.1;scorer_hidden=256;weight_decay=0.0,256,poincare,cat,0.0002,2,128,256,,0.0,81.74,242.64,0.20066,0.0,0.25,,,,,,cls_root_unit,4.0,1,0,0.0,1,0.1
glue|bert-base-uncased|stsb_wide|AB|t38|s15|confirm,glue,bert-base-uncased,stsb_wide,stsb,AB,confirm,38,15,spearman,curvature=0.25;feature_mode=cls_root_unit;gat_hidden_dim=256;graph_curvature=4.0;graph_metric=poincare;hyperbolic_readout=1;jk_mode=cat;learnable_curvature=0;lr=0.0002;num_layers=2;proj_dim=128;readout_clip=0.0;readout_scale=1;rho_quantile=0.1;scorer_hidden=256;weight_decay=0.0,256,poincare,cat,0.0002,2,128,256,,0.0,81.83,243.44,0.20087,0.0,0.25,,,,,,cls_root_unit,4.0,1,0,0.0,1,0.1
glue|bert-base-uncased|stsb_wide|no_graph|t17|s1|confirm,glue,bert-base-uncased,stsb_wide,stsb,no_graph,confirm,17,1,spearman,gat_hidden_dim=64;graph_metric=cosine;jk_mode=cat;lr=0.0002;num_layers=4;proj_dim=512;scorer_hidden=256;tau=0.999;weight_decay=0.0,64,cosine,cat,0.0002,4,512,256,,0.0,82.39,191.38,0.09516,0.0,,,,,,0.999,,,,,,,
glue|bert-base-uncased|stsb_wide|no_graph|t17|s2|confirm,glue,bert-base-uncased,stsb_wide,stsb,no_graph,confirm,17,2,spearman,gat_hidden_dim=64;graph_metric=cosine;jk_mode=cat;lr=0.0002;num_layers=4;proj_dim=512;scorer_hidden=256;tau=0.999;weight_decay=0.0,64,cosine,cat,0.0002,4,512,256,,0.0,82.0,191.15,0.09911,0.0,,,,,,0.999,,,,,,,
glue|bert-base-uncased|stsb_wide|no_graph|t17|s3|confirm,glue,bert-base-uncased,stsb_wide,stsb,no_graph,confirm,17,3,spearman,gat_hidden_dim=64;graph_metric=cosine;jk_mode=cat;lr=0.0002;num_layers=4;proj_dim=512;scorer_hidden=256;tau=0.999;weight_decay=0.0,64,cosine,cat,0.0002,4,512,256,,0.0,82.92,188.38,0.10089,0.0,,,,,,0.999,,,,,,,
glue|bert-base-uncased|stsb_wide|no_graph|t17|s4|confirm,glue,bert-base-uncased,stsb_wide,stsb,no_graph,confirm,17,4,spearman,gat_hidden_dim=64;graph_metric=cosine;jk_mode=cat;lr=0.0002;num_layers=4;proj_dim=512;scorer_hidden=256;tau=0.999;weight_decay=0.0,64,cosine,cat,0.0002,4,512,256,,0.0,82.55,191.07,0.09685,0.0,,,,,,0.999,,,,,,,
glue|bert-base-uncased|stsb_wide|no_graph|t17|s5|confirm,glue,bert-base-uncased,stsb_wide,stsb,no_graph,confirm,17,5,spearman,gat_hidden_dim=64;graph_metric=cosine;jk_mode=cat;lr=0.0002;num_layers=4;proj_dim=512;scorer_hidden=256;tau=0.999;weight_decay=0.0,64,cosine,cat,0.0002,4,512,256,,0.0,82.76,188.99,0.09614,0.0,,,,,,0.999,,,,,,,
glue|bert-base-uncased|stsb_wide|no_graph|t17|s6|confirm,glue,bert-base-uncased,stsb_wide,stsb,no_graph,confirm,17,6,spearman,gat_hidden_dim=64;graph_metric=cosine;jk_mode=cat;lr=0.0002;num_layers=4;proj_dim=512;scorer_hidden=256;tau=0.999;weight_decay=0.0,64,cosine,cat,0.0002,4,512,256,,0.0,82.31,188.83,0.10162,0.0,,,,,,0.999,,,,,,,
glue|bert-base-uncased|stsb_wide|no_graph|t17|s7|confirm,glue,bert-base-uncased,stsb_wide,stsb,no_graph,confirm,17,7,spearman,gat_hidden_dim=64;graph_metric=cosine;jk_mode=cat;lr=0.0002;num_layers=4;proj_dim=512;scorer_hidden=256;tau=0.999;weight_decay=0.0,64,cosine,cat,0.0002,4,512,256,,0.0,82.4,191.5,0.09884,0.0,,,,,,0.999,,,,,,,
glue|bert-base-uncased|stsb_wide|no_graph|t17|s8|confirm,glue,bert-base-uncased,stsb_wide,stsb,no_graph,confirm,17,8,spearman,gat_hidden_dim=64;graph_metric=cosine;jk_mode=cat;lr=0.0002;num_layers=4;proj_dim=512;scorer_hidden=256;tau=0.999;weight_decay=0.0,64,cosine,cat,0.0002,4,512,256,,0.0,82.84,187.67,0.10093,0.0,,,,,,0.999,,,,,,,
glue|bert-base-uncased|stsb_wide|no_graph|t17|s9|confirm,glue,bert-base-uncased,stsb_wide,stsb,no_graph,confirm,17,9,spearman,gat_hidden_dim=64;graph_metric=cosine;jk_mode=cat;lr=0.0002;num_layers=4;proj_dim=512;scorer_hidden=256;tau=0.999;weight_decay=0.0,64,cosine,cat,0.0002,4,512,256,,0.0,82.54,189.24,0.10109,0.0,,,,,,0.999,,,,,,,
glue|bert-base-uncased|stsb_wide|no_graph|t17|s10|confirm,glue,bert-base-uncased,stsb_wide,stsb,no_graph,confirm,17,10,spearman,gat_hidden_dim=64;graph_metric=cosine;jk_mode=cat;lr=0.0002;num_layers=4;proj_dim=512;scorer_hidden=256;tau=0.999;weight_decay=0.0,64,cosine,cat,0.0002,4,512,256,,0.0,82.05,191.56,0.10017,0.0,,,,,,0.999,,,,,,,
glue|bert-base-uncased|stsb_wide|no_graph|t17|s11|confirm,glue,bert-base-uncased,stsb_wide,stsb,no_graph,confirm,17,11,spearman,gat_hidden_dim=64;graph_metric=cosine;jk_mode=cat;lr=0.0002;num_layers=4;proj_dim=512;scorer_hidden=256;tau=0.999;weight_decay=0.0,64,cosine,cat,0.0002,4,512,256,,0.0,83.14,191.57,0.09831,0.0,,,,,,0.999,,,,,,,
glue|bert-base-uncased|stsb_wide|no_graph|t17|s12|confirm,glue,bert-base-uncased,stsb_wide,stsb,no_graph,confirm,17,12,spearman,gat_hidden_dim=64;graph_metric=cosine;jk_mode=cat;lr=0.0002;num_layers=4;proj_dim=512;scorer_hidden=256;tau=0.999;weight_decay=0.0,64,cosine,cat,0.0002,4,512,256,,0.0,82.77,191.11,0.10022,0.0,,,,,,0.999,,,,,,,
glue|bert-base-uncased|stsb_wide|no_graph|t17|s13|confirm,glue,bert-base-uncased,stsb_wide,stsb,no_graph,confirm,17,13,spearman,gat_hidden_dim=64;graph_metric=cosine;jk_mode=cat;lr=0.0002;num_layers=4;proj_dim=512;scorer_hidden=256;tau=0.999;weight_decay=0.0,64,cosine,cat,0.0002,4,512,256,,0.0,82.34,188.53,0.09792,0.0,,,,,,0.999,,,,,,,
glue|bert-base-uncased|stsb_wide|no_graph|t17|s14|confirm,glue,bert-base-uncased,stsb_wide,stsb,no_graph,confirm,17,14,spearman,gat_hidden_dim=64;graph_metric=cosine;jk_mode=cat;lr=0.0002;num_layers=4;proj_dim=512;scorer_hidden=256;tau=0.999;weight_decay=0.0,64,cosine,cat,0.0002,4,512,256,,0.0,83.03,188.93,0.1018,0.0,,,,,,0.999,,,,,,,
glue|bert-base-uncased|stsb_wide|no_graph|t17|s15|confirm,glue,bert-base-uncased,stsb_wide,stsb,no_graph,confirm,17,15,spearman,gat_hidden_dim=64;graph_metric=cosine;jk_mode=cat;lr=0.0002;num_layers=4;proj_dim=512;scorer_hidden=256;tau=0.999;weight_decay=0.0,64,cosine,cat,0.0002,4,512,256,,0.0,82.48,192.08,0.09815,0.0,,,,,,0.999,,,,,,,
glue|bert-base-uncased|stsb_wide|A|t0|s42|tune,glue,bert-base-uncased,stsb_wide,stsb,A,tune,0,42,spearman,feature_mode=unit;gat_hidden_dim=256;graph_curvature=2.25;graph_metric=poincare;jk_mode=max;lr=0.001;num_layers=2;proj_dim=512;rho_quantile=0.05;scorer_hidden=256;weight_decay=0.0,256,poincare,max,0.001,2,512,256,,0.0,74.73,230.94,0.1466,0.0,,,,,,,unit,2.25,,,,,0.05
glue|bert-base-uncased|stsb_wide|A|t1|s42|tune,glue,bert-base-uncased,stsb_wide,stsb,A,tune,1,42,spearman,feature_mode=center;gat_hidden_dim=128;graph_curvature=9.0;graph_metric=poincare;jk_mode=cat;lr=2e-05;num_layers=2;proj_dim=128;rho_quantile=0.38;scorer_hidden=128;weight_decay=0.0,128,poincare,cat,2e-05,2,128,128,,0.0,80.27,232.09,0.47001,0.0,,,,,,,center,9.0,,,,,0.38
glue|bert-base-uncased|stsb_wide|A|t2|s42|tune,glue,bert-base-uncased,stsb_wide,stsb,A,tune,2,42,spearman,feature_mode=unit;gat_hidden_dim=128;graph_curvature=4.0;graph_metric=poincare;jk_mode=cat;lr=2e-05;num_layers=4;proj_dim=512;rho_quantile=0.05;scorer_hidden=256;weight_decay=0.0,128,poincare,cat,2e-05,4,512,256,,0.0,80.49,237.88,0.15052,0.0,,,,,,,unit,4.0,,,,,0.05
glue|bert-base-uncased|stsb_wide|A|t3|s42|tune,glue,bert-base-uncased,stsb_wide,stsb,A,tune,3,42,spearman,feature_mode=cls_root_unit;gat_hidden_dim=256;graph_curvature=9.0;graph_metric=poincare;jk_mode=cat;lr=0.001;num_layers=2;proj_dim=512;rho_quantile=0.2;scorer_hidden=256;weight_decay=1e-05,256,poincare,cat,0.001,2,512,256,,1e-05,78.86,234.25,0.2709,0.0,,,,,,,cls_root_unit,9.0,,,,,0.2
glue|bert-base-uncased|stsb_wide|A|t4|s42|tune,glue,bert-base-uncased,stsb_wide,stsb,A,tune,4,42,spearman,feature_mode=center_unit;gat_hidden_dim=256;graph_curvature=9.0;graph_metric=poincare;jk_mode=cat;lr=0.001;num_layers=2;proj_dim=512;rho_quantile=0.38;scorer_hidden=128;weight_decay=0.0,256,poincare,cat,0.001,2,512,128,,0.0,79.77,237.69,0.47506,0.0,,,,,,,center_unit,9.0,,,,,0.38
glue|bert-base-uncased|stsb_wide|A|t5|s42|tune,glue,bert-base-uncased,stsb_wide,stsb,A,tune,5,42,spearman,feature_mode=unit;gat_hidden_dim=64;graph_curvature=4.0;graph_metric=poincare;jk_mode=cat;lr=0.0002;num_layers=2;proj_dim=512;rho_quantile=0.025;scorer_hidden=128;weight_decay=1e-05,64,poincare,cat,0.0002,2,512,128,,1e-05,82.2,233.37,0.1251,0.0,,,,,,,unit,4.0,,,,,0.025
glue|bert-base-uncased|stsb_wide|A|t6|s42|tune,glue,bert-base-uncased,stsb_wide,stsb,A,tune,6,42,spearman,feature_mode=center_unit;gat_hidden_dim=256;graph_curvature=1.0;graph_metric=poincare;jk_mode=max;lr=0.0002;num_layers=2;proj_dim=256;rho_quantile=0.025;scorer_hidden=256;weight_decay=0.0,256,poincare,max,0.0002,2,256,256,,0.0,79.33,239.09,0.12515,0.0,,,,,,,center_unit,1.0,,,,,0.025
glue|bert-base-uncased|stsb_wide|A|t7|s42|tune,glue,bert-base-uncased,stsb_wide,stsb,A,tune,7,42,spearman,feature_mode=center_unit;gat_hidden_dim=256;graph_curvature=2.25;graph_metric=poincare;jk_mode=cat;lr=0.0002;num_layers=4;proj_dim=128;rho_quantile=0.025;scorer_hidden=128;weight_decay=0.0,256,poincare,cat,0.0002,4,128,128,,0.0,81.65,239.01,0.1276,0.0,,,,,,,center_unit,2.25,,,,,0.025
glue|bert-base-uncased|stsb_wide|A|t8|s42|tune,glue,bert-base-uncased,stsb_wide,stsb,A,tune,8,42,spearman,feature_mode=center_unit;gat_hidden_dim=64;graph_curvature=1.0;graph_metric=poincare;jk_mode=cat;lr=2e-05;num_layers=2;proj_dim=256;rho_quantile=0.1;scorer_hidden=128;weight_decay=0.0,64,poincare,cat,2e-05,2,256,128,,0.0,79.81,234.53,0.199,0.0,,,,,,,center_unit,1.0,,,,,0.1
glue|bert-base-uncased|stsb_wide|A|t9|s42|tune,glue,bert-base-uncased,stsb_wide,stsb,A,tune,9,42,spearman,feature_mode=center;gat_hidden_dim=64;graph_curvature=2.25;graph_metric=poincare;jk_mode=max;lr=0.001;num_layers=4;proj_dim=128;rho_quantile=0.025;scorer_hidden=256;weight_decay=0.0,64,poincare,max,0.001,4,128,256,,0.0,71.03,238.92,0.12476,0.0,,,,,,,center,2.25,,,,,0.025
glue|bert-base-uncased|stsb_wide|A|t10|s42|tune,glue,bert-base-uncased,stsb_wide,stsb,A,tune,10,42,spearman,feature_mode=cls_root_unit;gat_hidden_dim=64;graph_curvature=0.25;graph_metric=poincare;jk_mode=cat;lr=0.001;num_layers=2;proj_dim=512;rho_quantile=0.1;scorer_hidden=256;weight_decay=5e-05,64,poincare,cat,0.001,2,512,256,,5e-05,79.97,232.4,0.199,0.0,,,,,,,cls_root_unit,0.25,,,,,0.1
glue|bert-base-uncased|stsb_wide|A|t11|s42|tune,glue,bert-base-uncased,stsb_wide,stsb,A,tune,11,42,spearman,feature_mode=center;gat_hidden_dim=64;graph_curvature=2.25;graph_metric=poincare;jk_mode=cat;lr=0.001;num_layers=4;proj_dim=512;rho_quantile=0.2;scorer_hidden=256;weight_decay=1e-05,64,poincare,cat,0.001,4,512,256,,1e-05,79.85,240.06,0.29302,0.0,,,,,,,center,2.25,,,,,0.2
glue|bert-base-uncased|stsb_wide|A|t12|s42|tune,glue,bert-base-uncased,stsb_wide,stsb,A,tune,12,42,spearman,feature_mode=center;gat_hidden_dim=128;graph_curvature=1.0;graph_metric=poincare;jk_mode=cat;lr=0.0002;num_layers=4;proj_dim=256;rho_quantile=0.38;scorer_hidden=256;weight_decay=1e-05,128,poincare,cat,0.0002,4,256,256,,1e-05,82.57,238.3,0.47302,0.0,,,,,,,center,1.0,,,,,0.38
glue|bert-base-uncased|stsb_wide|A|t13|s42|tune,glue,bert-base-uncased,stsb_wide,stsb,A,tune,13,42,spearman,feature_mode=unit;gat_hidden_dim=64;graph_curvature=0.25;graph_metric=poincare;jk_mode=cat;lr=0.0002;num_layers=2;proj_dim=128;rho_quantile=0.2;scorer_hidden=256;weight_decay=1e-05,64,poincare,cat,0.0002,2,128,256,,1e-05,81.95,234.22,0.29325,0.0,,,,,,,unit,0.25,,,,,0.2
glue|bert-base-uncased|stsb_wide|A|t14|s42|tune,glue,bert-base-uncased,stsb_wide,stsb,A,tune,14,42,spearman,feature_mode=center;gat_hidden_dim=256;graph_curvature=0.25;graph_metric=poincare;jk_mode=cat;lr=0.001;num_layers=2;proj_dim=256;rho_quantile=0.2;scorer_hidden=128;weight_decay=0.0,256,poincare,cat,0.001,2,256,128,,0.0,79.74,229.73,0.29622,0.0,,,,,,,center,0.25,,,,,0.2
glue|bert-base-uncased|stsb_wide|A|t15|s42|tune,glue,bert-base-uncased,stsb_wide,stsb,A,tune,15,42,spearman,feature_mode=cls_root_unit;gat_hidden_dim=64;graph_curvature=4.0;graph_metric=poincare;jk_mode=cat;lr=0.0002;num_layers=2;proj_dim=128;rho_quantile=0.1;scorer_hidden=128;weight_decay=0.0,64,poincare,cat,0.0002,2,128,128,,0.0,82.01,233.75,0.199,0.0,,,,,,,cls_root_unit,4.0,,,,,0.1
glue|bert-base-uncased|stsb_wide|A|t16|s42|tune,glue,bert-base-uncased,stsb_wide,stsb,A,tune,16,42,spearman,feature_mode=cls_root_unit;gat_hidden_dim=128;graph_curvature=4.0;graph_metric=poincare;jk_mode=cat;lr=2e-05;num_layers=2;proj_dim=512;rho_quantile=0.2;scorer_hidden=128;weight_decay=0.0,128,poincare,cat,2e-05,2,512,128,,0.0,80.39,232.68,0.29585,0.0,,,,,,,cls_root_unit,4.0,,,,,0.2
glue|bert-base-uncased|stsb_wide|A|t17|s42|tune,glue,bert-base-uncased,stsb_wide,stsb,A,tune,17,42,spearman,feature_mode=cls_root_unit;gat_hidden_dim=64;graph_curvature=2.25;graph_metric=poincare;jk_mode=cat;lr=2e-05;num_layers=2;proj_dim=256;rho_quantile=0.2;scorer_hidden=256;weight_decay=0.0,64,poincare,cat,2e-05,2,256,256,,0.0,79.67,237.3,0.29325,0.0,,,,,,,cls_root_unit,2.25,,,,,0.2
glue|bert-base-uncased|stsb_wide|A|t18|s42|tune,glue,bert-base-uncased,stsb_wide,stsb,A,tune,18,42,spearman,feature_mode=center_unit;gat_hidden_dim=256;graph_curvature=1.0;graph_metric=poincare;jk_mode=cat;lr=2e-05;num_layers=2;proj_dim=256;rho_quantile=0.38;scorer_hidden=128;weight_decay=0.0,256,poincare,cat,2e-05,2,256,128,,0.0,80.47,236.27,0.47531,0.0,,,,,,,center_unit,1.0,,,,,0.38
glue|bert-base-uncased|stsb_wide|A|t19|s42|tune,glue,bert-base-uncased,stsb_wide,stsb,A,tune,19,42,spearman,feature_mode=center;gat_hidden_dim=64;graph_curvature=1.0;graph_metric=poincare;jk_mode=cat;lr=0.001;num_layers=4;proj_dim=128;rho_quantile=0.38;scorer_hidden=256;weight_decay=0.0,64,poincare,cat,0.001,4,128,256,,0.0,79.93,237.34,0.47159,0.0,,,,,,,center,1.0,,,,,0.38
glue|bert-base-uncased|stsb_wide|A|t20|s42|tune,glue,bert-base-uncased,stsb_wide,stsb,A,tune,20,42,spearman,feature_mode=center;gat_hidden_dim=128;graph_curvature=9.0;graph_metric=poincare;jk_mode=max;lr=0.001;num_layers=4;proj_dim=256;rho_quantile=0.2;scorer_hidden=128;weight_decay=0.0,128,poincare,max,0.001,4,256,128,,0.0,73.39,239.52,0.29593,0.0,,,,,,,center,9.0,,,,,0.2
glue|bert-base-uncased|stsb_wide|A|t21|s42|tune,glue,bert-base-uncased,stsb_wide,stsb,A,tune,21,42,spearman,feature_mode=center_unit;gat_hidden_dim=64;graph_curvature=2.25;graph_metric=poincare;jk_mode=cat;lr=0.0002;num_layers=2;proj_dim=256;rho_quantile=0.025;scorer_hidden=128;weight_decay=5e-05,64,poincare,cat,0.0002,2,256,128,,5e-05,82.14,235.97,0.1251,0.0,,,,,,,center_unit,2.25,,,,,0.025
glue|bert-base-uncased|stsb_wide|A|t22|s42|tune,glue,bert-base-uncased,stsb_wide,stsb,A,tune,22,42,spearman,feature_mode=cls_root_unit;gat_hidden_dim=256;graph_curvature=0.25;graph_metric=poincare;jk_mode=max;lr=0.0002;num_layers=4;proj_dim=128;rho_quantile=0.025;scorer_hidden=128;weight_decay=1e-05,256,poincare,max,0.0002,4,128,128,,1e-05,78.85,245.34,0.12356,0.0,,,,,,,cls_root_unit,0.25,,,,,0.025
glue|bert-base-uncased|stsb_wide|A|t23|s42|tune,glue,bert-base-uncased,stsb_wide,stsb,A,tune,23,42,spearman,feature_mode=unit;gat_hidden_dim=128;graph_curvature=2.25;graph_metric=poincare;jk_mode=cat;lr=0.001;num_layers=4;proj_dim=256;rho_quantile=0.38;scorer_hidden=128;weight_decay=0.0,128,poincare,cat,0.001,4,256,128,,0.0,80.36,242.25,0.47466,0.0,,,,,,,unit,2.25,,,,,0.38
glue|bert-base-uncased|stsb_wide|A|t24|s42|tune,glue,bert-base-uncased,stsb_wide,stsb,A,tune,24,42,spearman,feature_mode=center;gat_hidden_dim=64;graph_curvature=2.25;graph_metric=poincare;jk_mode=max;lr=0.001;num_layers=4;proj_dim=512;rho_quantile=0.38;scorer_hidden=128;weight_decay=1e-05,64,poincare,max,0.001,4,512,128,,1e-05,70.52,236.68,0.46894,0.0,,,,,,,center,2.25,,,,,0.38
glue|bert-base-uncased|stsb_wide|A|t25|s42|tune,glue,bert-base-uncased,stsb_wide,stsb,A,tune,25,42,spearman,feature_mode=cls_root_unit;gat_hidden_dim=256;graph_curvature=9.0;graph_metric=poincare;jk_mode=max;lr=0.001;num_layers=2;proj_dim=512;rho_quantile=0.38;scorer_hidden=256;weight_decay=5e-05,256,poincare,max,0.001,2,512,256,,5e-05,73.36,236.31,0.47071,0.0,,,,,,,cls_root_unit,9.0,,,,,0.38
glue|bert-base-uncased|stsb_wide|A|t26|s42|tune,glue,bert-base-uncased,stsb_wide,stsb,A,tune,26,42,spearman,feature_mode=cls_root_unit;gat_hidden_dim=64;graph_curvature=1.0;graph_metric=poincare;jk_mode=max;lr=0.0002;num_layers=4;proj_dim=128;rho_quantile=0.05;scorer_hidden=128;weight_decay=0.0,64,poincare,max,0.0002,4,128,128,,0.0,70.21,240.02,0.14742,0.0,,,,,,,cls_root_unit,1.0,,,,,0.05
glue|bert-base-uncased|stsb_wide|A|t27|s42|tune,glue,bert-base-uncased,stsb_wide,stsb,A,tune,27,42,spearman,feature_mode=center;gat_hidden_dim=64;graph_curvature=1.0;graph_metric=poincare;jk_mode=max;lr=0.001;num_layers=4;proj_dim=128;rho_quantile=0.025;scorer_hidden=128;weight_decay=1e-05,64,poincare,max,0.001,4,128,128,,1e-05,69.94,238.7,0.12484,0.0,,,,,,,center,1.0,,,,,0.025
glue|bert-base-uncased|stsb_wide|A|t28|s42|tune,glue,bert-base-uncased,stsb_wide,stsb,A,tune,28,42,spearman,feature_mode=unit;gat_hidden_dim=256;graph_curvature=4.0;graph_metric=poincare;jk_mode=cat;lr=0.001;num_layers=4;proj_dim=128;rho_quantile=0.38;scorer_hidden=128;weight_decay=5e-05,256,poincare,cat,0.001,4,128,128,,5e-05,76.73,240.61,0.47397,0.0,,,,,,,unit,4.0,,,,,0.38
glue|bert-base-uncased|stsb_wide|A|t29|s42|tune,glue,bert-base-uncased,stsb_wide,stsb,A,tune,29,42,spearman,feature_mode=center;gat_hidden_dim=64;graph_curvature=2.25;graph_metric=poincare;jk_mode=cat;lr=0.0002;num_layers=4;proj_dim=256;rho_quantile=0.025;scorer_hidden=256;weight_decay=5e-05,64,poincare,cat,0.0002,4,256,256,,5e-05,82.64,241.19,0.12483,0.0,,,,,,,center,2.25,,,,,0.025
glue|bert-base-uncased|stsb_wide|A|t30|s42|tune,glue,bert-base-uncased,stsb_wide,stsb,A,tune,30,42,spearman,feature_mode=center;gat_hidden_dim=64;graph_curvature=0.25;graph_metric=poincare;jk_mode=cat;lr=0.0002;num_layers=2;proj_dim=512;rho_quantile=0.38;scorer_hidden=128;weight_decay=1e-05,64,poincare,cat,0.0002,2,512,128,,1e-05,82.19,230.6,0.46953,0.0,,,,,,,center,0.25,,,,,0.38
glue|bert-base-uncased|stsb_wide|A|t31|s42|tune,glue,bert-base-uncased,stsb_wide,stsb,A,tune,31,42,spearman,feature_mode=center;gat_hidden_dim=128;graph_curvature=4.0;graph_metric=poincare;jk_mode=max;lr=0.0002;num_layers=4;proj_dim=128;rho_quantile=0.025;scorer_hidden=256;weight_decay=5e-05,128,poincare,max,0.0002,4,128,256,,5e-05,75.7,241.62,0.12962,0.0,,,,,,,center,4.0,,,,,0.025
glue|bert-base-uncased|stsb_wide|A|t32|s42|tune,glue,bert-base-uncased,stsb_wide,stsb,A,tune,32,42,spearman,feature_mode=center_unit;gat_hidden_dim=64;graph_curvature=9.0;graph_metric=poincare;jk_mode=max;lr=0.0002;num_layers=4;proj_dim=512;rho_quantile=0.05;scorer_hidden=128;weight_decay=0.0,64,poincare,max,0.0002,4,512,128,,0.0,71.09,238.19,0.14742,0.0,,,,,,,center_unit,9.0,,,,,0.05
glue|bert-base-uncased|stsb_wide|A|t33|s42|tune,glue,bert-base-uncased,stsb_wide,stsb,A,tune,33,42,spearman,feature_mode=center_unit;gat_hidden_dim=64;graph_curvature=1.0;graph_metric=poincare;jk_mode=cat;lr=0.0002;num_layers=4;proj_dim=256;rho_quantile=0.1;scorer_hidden=256;weight_decay=1e-05,64,poincare,cat,0.0002,4,256,256,,1e-05,82.9,244.56,0.19867,0.0,,,,,,,center_unit,1.0,,,,,0.1
glue|bert-base-uncased|stsb_wide|A|t34|s42|tune,glue,bert-base-uncased,stsb_wide,stsb,A,tune,34,42,spearman,feature_mode=unit;gat_hidden_dim=128;graph_curvature=0.25;graph_metric=poincare;jk_mode=cat;lr=2e-05;num_layers=4;proj_dim=128;rho_quantile=0.38;scorer_hidden=128;weight_decay=5e-05,128,poincare,cat,2e-05,4,128,128,,5e-05,80.35,245.29,0.47466,0.0,,,,,,,unit,0.25,,,,,0.38
glue|bert-base-uncased|stsb_wide|A|t35|s42|tune,glue,bert-base-uncased,stsb_wide,stsb,A,tune,35,42,spearman,feature_mode=unit;gat_hidden_dim=256;graph_curvature=0.25;graph_metric=poincare;jk_mode=cat;lr=2e-05;num_layers=4;proj_dim=128;rho_quantile=0.2;scorer_hidden=128;weight_decay=1e-05,256,poincare,cat,2e-05,4,128,128,,1e-05,80.57,243.25,0.29631,0.0,,,,,,,unit,0.25,,,,,0.2
glue|bert-base-uncased|stsb_wide|A|t36|s42|tune,glue,bert-base-uncased,stsb_wide,stsb,A,tune,36,42,spearman,feature_mode=center_unit;gat_hidden_dim=256;graph_curvature=4.0;graph_metric=poincare;jk_mode=max;lr=0.001;num_layers=2;proj_dim=512;rho_quantile=0.2;scorer_hidden=128;weight_decay=5e-05,256,poincare,max,0.001,2,512,128,,5e-05,75.57,238.74,0.2928,0.0,,,,,,,center_unit,4.0,,,,,0.2
glue|bert-base-uncased|stsb_wide|A|t37|s42|tune,glue,bert-base-uncased,stsb_wide,stsb,A,tune,37,42,spearman,feature_mode=center;gat_hidden_dim=64;graph_curvature=9.0;graph_metric=poincare;jk_mode=cat;lr=0.001;num_layers=4;proj_dim=256;rho_quantile=0.2;scorer_hidden=128;weight_decay=0.0,64,poincare,cat,0.001,4,256,128,,0.0,80.0,243.12,0.29302,0.0,,,,,,,center,9.0,,,,,0.2
glue|bert-base-uncased|stsb_wide|A|t38|s42|tune,glue,bert-base-uncased,stsb_wide,stsb,A,tune,38,42,spearman,feature_mode=center;gat_hidden_dim=256;graph_curvature=9.0;graph_metric=poincare;jk_mode=cat;lr=0.001;num_layers=4;proj_dim=128;rho_quantile=0.2;scorer_hidden=256;weight_decay=1e-05,256,poincare,cat,0.001,4,128,256,,1e-05,77.76,243.08,0.29443,0.0,,,,,,,center,9.0,,,,,0.2
glue|bert-base-uncased|stsb_wide|A|t39|s42|tune,glue,bert-base-uncased,stsb_wide,stsb,A,tune,39,42,spearman,feature_mode=center_unit;gat_hidden_dim=128;graph_curvature=1.0;graph_metric=poincare;jk_mode=max;lr=0.0002;num_layers=2;proj_dim=256;rho_quantile=0.025;scorer_hidden=256;weight_decay=5e-05,128,poincare,max,0.0002,2,256,256,,5e-05,75.57,235.47,0.12664,0.0,,,,,,,center_unit,1.0,,,,,0.025
glue|bert-base-uncased|stsb_wide|AC|t0|s42|tune,glue,bert-base-uncased,stsb_wide,stsb,AC,tune,0,42,spearman,curvature=4.0;feature_mode=center_unit;gat_hidden_dim=256;gnn_input_clip=0.7;gnn_input_scale=1;graph_curvature=4.0;graph_metric=poincare;hyp_gnn_type=gat;hyperbolic_gnn=1;jk_mode=cat;lr=0.001;num_layers=4;proj_dim=256;rho_quantile=0.2;scorer_hidden=128;weight_decay=1e-05,256,poincare,cat,0.001,4,256,128,,1e-05,79.93,285.33,0.29242,0.0,4.0,0.7,1,gat,1,,center_unit,4.0,,,,,0.2
glue|bert-base-uncased|stsb_wide|AC|t1|s42|tune,glue,bert-base-uncased,stsb_wide,stsb,AC,tune,1,42,spearman,curvature=4.0;feature_mode=unit;gat_hidden_dim=128;gnn_input_clip=0.0;gnn_input_scale=0;graph_curvature=1.0;graph_metric=poincare;hyp_gnn_type=gat;hyperbolic_gnn=1;jk_mode=cat;lr=2e-05;num_layers=2;proj_dim=512;rho_quantile=0.1;scorer_hidden=128;weight_decay=5e-05,128,poincare,cat,2e-05,2,512,128,,5e-05,80.09,254.96,0.19571,0.0,4.0,0.0,0,gat,1,,unit,1.0,,,,,0.1
glue|bert-base-uncased|stsb_wide|AC|t2|s42|tune,glue,bert-base-uncased,stsb_wide,stsb,AC,tune,2,42,spearman,curvature=0.25;feature_mode=unit;gat_hidden_dim=64;gnn_input_clip=1.0;gnn_input_scale=1;graph_curvature=1.0;graph_metric=poincare;hyp_gnn_type=gcn;hyperbolic_gnn=1;jk_mode=max;lr=0.001;num_layers=2;proj_dim=512;rho_quantile=0.05;scorer_hidden=128;weight_decay=1e-05,64,poincare,max,0.001,2,512,128,,1e-05,70.68,265.17,0.14544,0.0,0.25,1.0,1,gcn,1,,unit,1.0,,,,,0.05
glue|bert-base-uncased|stsb_wide|AC|t3|s42|tune,glue,bert-base-uncased,stsb_wide,stsb,AC,tune,3,42,spearman,curvature=1.0;feature_mode=center;gat_hidden_dim=128;gnn_input_clip=0.3;gnn_input_scale=0;graph_curvature=4.0;graph_metric=poincare;hyp_gnn_type=gcn;hyperbolic_gnn=1;jk_mode=max;lr=2e-05;num_layers=2;proj_dim=512;rho_quantile=0.025;scorer_hidden=256;weight_decay=5e-05,128,poincare,max,2e-05,2,512,256,,5e-05,53.13,262.38,0.12559,0.0,1.0,0.3,0,gcn,1,,center,4.0,,,,,0.025
glue|bert-base-uncased|stsb_wide|AC|t4|s42|tune,glue,bert-base-uncased,stsb_wide,stsb,AC,tune,4,42,spearman,curvature=0.25;feature_mode=cls_root_unit;gat_hidden_dim=64;gnn_input_clip=1.0;gnn_input_scale=0;graph_curvature=4.0;graph_metric=poincare;hyp_gnn_type=gcn;hyperbolic_gnn=1;jk_mode=cat;lr=2e-05;num_layers=4;proj_dim=128;rho_quantile=0.1;scorer_hidden=128;weight_decay=5e-05,64,poincare,cat,2e-05,4,128,128,,5e-05,79.77,289.39,0.19932,0.0,0.25,1.0,0,gcn,1,,cls_root_unit,4.0,,,,,0.1
glue|bert-base-uncased|stsb_wide|AC|t5|s42|tune,glue,bert-base-uncased,stsb_wide,stsb,AC,tune,5,42,spearman,curvature=4.0;feature_mode=cls_root_unit;gat_hidden_dim=64;gnn_input_clip=0.3;gnn_input_scale=1;graph_curvature=1.0;graph_metric=poincare;hyp_gnn_type=gat;hyperbolic_gnn=1;jk_mode=cat;lr=2e-05;num_layers=2;proj_dim=128;rho_quantile=0.2;scorer_hidden=128;weight_decay=5e-05,64,poincare,cat,2e-05,2,128,128,,5e-05,79.41,256.24,0.29484,0.0,4.0,0.3,1,gat,1,,cls_root_unit,1.0,,,,,0.2
glue|bert-base-uncased|stsb_wide|AC|t6|s42|tune,glue,bert-base-uncased,stsb_wide,stsb,AC,tune,6,42,spearman,curvature=0.25;feature_mode=center;gat_hidden_dim=256;gnn_input_clip=1.0;gnn_input_scale=0;graph_curvature=2.25;graph_metric=poincare;hyp_gnn_type=gat;hyperbolic_gnn=1;jk_mode=cat;lr=0.001;num_layers=4;proj_dim=128;rho_quantile=0.38;scorer_hidden=128;weight_decay=5e-05,256,poincare,cat,0.001,4,128,128,,5e-05,79.85,277.7,0.46749,0.0,0.25,1.0,0,gat,1,,center,2.25,,,,,0.38
glue|bert-base-uncased|stsb_wide|AC|t7|s42|tune,glue,bert-base-uncased,stsb_wide,stsb,AC,tune,7,42,spearman,curvature=4.0;feature_mode=cls_root_unit;gat_hidden_dim=64;gnn_input_clip=0.0;gnn_input_scale=1;graph_curvature=0.25;graph_metric=poincare;hyp_gnn_type=gcn;hyperbolic_gnn=1;jk_mode=cat;lr=0.001;num_layers=4;proj_dim=128;rho_quantile=0.025;scorer_hidden=128;weight_decay=1e-05,64,poincare,cat,0.001,4,128,128,,1e-05,80.7,288.88,0.12626,0.0,4.0,0.0,1,gcn,1,,cls_root_unit,0.25,,,,,0.025
glue|bert-base-uncased|stsb_wide|AC|t8|s42|tune,glue,bert-base-uncased,stsb_wide,stsb,AC,tune,8,42,spearman,curvature=0.25;feature_mode=center_unit;gat_hidden_dim=256;gnn_input_clip=0.3;gnn_input_scale=0;graph_curvature=1.0;graph_metric=poincare;hyp_gnn_type=gcn;hyperbolic_gnn=1;jk_mode=cat;lr=0.0002;num_layers=2;proj_dim=128;rho_quantile=0.05;scorer_hidden=256;weight_decay=1e-05,256,poincare,cat,0.0002,2,128,256,,1e-05,82.88,261.07,0.14928,0.0,0.25,0.3,0,gcn,1,,center_unit,1.0,,,,,0.05
glue|bert-base-uncased|stsb_wide|AC|t9|s42|tune,glue,bert-base-uncased,stsb_wide,stsb,AC,tune,9,42,spearman,curvature=0.25;feature_mode=unit;gat_hidden_dim=256;gnn_input_clip=0.7;gnn_input_scale=0;graph_curvature=2.25;graph_metric=poincare;hyp_gnn_type=gat;hyperbolic_gnn=1;jk_mode=max;lr=0.001;num_layers=4;proj_dim=256;rho_quantile=0.38;scorer_hidden=256;weight_decay=1e-05,256,poincare,max,0.001,4,256,256,,1e-05,76.32,284.04,0.47335,0.0,0.25,0.7,0,gat,1,,unit,2.25,,,,,0.38
glue|bert-base-uncased|stsb_wide|AC|t10|s42|tune,glue,bert-base-uncased,stsb_wide,stsb,AC,tune,10,42,spearman,curvature=0.25;feature_mode=unit;gat_hidden_dim=256;gnn_input_clip=0.0;gnn_input_scale=1;graph_curvature=9.0;graph_metric=poincare;hyp_gnn_type=gat;hyperbolic_gnn=1;jk_mode=max;lr=2e-05;num_layers=2;proj_dim=256;rho_quantile=0.025;scorer_hidden=256;weight_decay=1e-05,256,poincare,max,2e-05,2,256,256,,1e-05,67.5,260.53,0.12961,0.0,0.25,0.0,1,gat,1,,unit,9.0,,,,,0.025
glue|bert-base-uncased|stsb_wide|AC|t11|s42|tune,glue,bert-base-uncased,stsb_wide,stsb,AC,tune,11,42,spearman,curvature=0.25;feature_mode=center;gat_hidden_dim=64;gnn_input_clip=1.0;gnn_input_scale=1;graph_curvature=4.0;graph_metric=poincare;hyp_gnn_type=gat;hyperbolic_gnn=1;jk_mode=cat;lr=0.0002;num_layers=2;proj_dim=512;rho_quantile=0.025;scorer_hidden=256;weight_decay=1e-05,64,poincare,cat,0.0002,2,512,256,,1e-05,82.76,254.61,0.12617,0.0,0.25,1.0,1,gat,1,,center,4.0,,,,,0.025
glue|bert-base-uncased|stsb_wide|AC|t12|s42|tune,glue,bert-base-uncased,stsb_wide,stsb,AC,tune,12,42,spearman,curvature=4.0;feature_mode=unit;gat_hidden_dim=64;gnn_input_clip=1.0;gnn_input_scale=0;graph_curvature=2.25;graph_metric=poincare;hyp_gnn_type=gcn;hyperbolic_gnn=1;jk_mode=cat;lr=0.001;num_layers=4;proj_dim=512;rho_quantile=0.025;scorer_hidden=128;weight_decay=5e-05,64,poincare,cat,0.001,4,512,128,,5e-05,80.52,287.92,0.12626,0.0,4.0,1.0,0,gcn,1,,unit,2.25,,,,,0.025
glue|bert-base-uncased|stsb_wide|AC|t13|s42|tune,glue,bert-base-uncased,stsb_wide,stsb,AC,tune,13,42,spearman,curvature=1.0;feature_mode=center;gat_hidden_dim=256;gnn_input_clip=0.7;gnn_input_scale=1;graph_curvature=4.0;graph_metric=poincare;hyp_gnn_type=gcn;hyperbolic_gnn=1;jk_mode=cat;lr=0.0002;num_layers=4;proj_dim=512;rho_quantile=0.025;scorer_hidden=128;weight_decay=5e-05,256,poincare,cat,0.0002,4,512,128,,5e-05,82.69,294.46,0.1222,0.0,1.0,0.7,1,gcn,1,,center,4.0,,,,,0.025
glue|bert-base-uncased|stsb_wide|AC|t14|s42|tune,glue,bert-base-uncased,stsb_wide,stsb,AC,tune,14,42,spearman,curvature=4.0;feature_mode=center_unit;gat_hidden_dim=64;gnn_input_clip=0.7;gnn_input_scale=0;graph_curvature=2.25;graph_metric=poincare;hyp_gnn_type=gat;hyperbolic_gnn=1;jk_mode=cat;lr=2e-05;num_layers=2;proj_dim=128;rho_quantile=0.2;scorer_hidden=256;weight_decay=0.0,64,poincare,cat,2e-05,2,128,256,,0.0,79.43,257.31,0.29484,0.0,4.0,0.7,0,gat,1,,center_unit,2.25,,,,,0.2
glue|bert-base-uncased|stsb_wide|AC|t15|s42|tune,glue,bert-base-uncased,stsb_wide,stsb,AC,tune,15,42,spearman,curvature=4.0;feature_mode=unit;gat_hidden_dim=128;gnn_input_clip=0.3;gnn_input_scale=1;graph_curvature=1.0;graph_metric=poincare;hyp_gnn_type=gat;hyperbolic_gnn=1;jk_mode=max;lr=0.001;num_layers=2;proj_dim=256;rho_quantile=0.38;scorer_hidden=128;weight_decay=5e-05,128,poincare,max,0.001,2,256,128,,5e-05,67.48,257.44,0.4746,0.0,4.0,0.3,1,gat,1,,unit,1.0,,,,,0.38
glue|bert-base-uncased|stsb_wide|AC|t16|s42|tune,glue,bert-base-uncased,stsb_wide,stsb,AC,tune,16,42,spearman,curvature=0.25;feature_mode=center_unit;gat_hidden_dim=64;gnn_input_clip=0.7;gnn_input_scale=0;graph_curvature=4.0;graph_metric=poincare;hyp_gnn_type=gcn;hyperbolic_gnn=1;jk_mode=max;lr=0.001;num_layers=4;proj_dim=256;rho_quantile=0.025;scorer_hidden=256;weight_decay=0.0,64,poincare,max,0.001,4,256,256,,0.0,69.7,292.05,0.12695,0.0,0.25,0.7,0,gcn,1,,center_unit,4.0,,,,,0.025
glue|bert-base-uncased|stsb_wide|AC|t17|s42|tune,glue,bert-base-uncased,stsb_wide,stsb,AC,tune,17,42,spearman,curvature=1.0;feature_mode=cls_root_unit;gat_hidden_dim=256;gnn_input_clip=0.3;gnn_input_scale=0;graph_curvature=4.0;graph_metric=poincare;hyp_gnn_type=gcn;hyperbolic_gnn=1;jk_mode=cat;lr=0.0002;num_layers=4;proj_dim=256;rho_quantile=0.025;scorer_hidden=256;weight_decay=5e-05,256,poincare,cat,0.0002,4,256,256,,5e-05,82.68,292.93,0.12233,0.0,1.0,0.3,0,gcn,1,,cls_root_unit,4.0,,,,,0.025
glue|bert-base-uncased|stsb_wide|AC|t18|s42|tune,glue,bert-base-uncased,stsb_wide,stsb,AC,tune,18,42,spearman,curvature=1.0;feature_mode=unit;gat_hidden_dim=64;gnn_input_clip=0.7;gnn_input_scale=0;graph_curvature=1.0;graph_metric=poincare;hyp_gnn_type=gcn;hyperbolic_gnn=1;jk_mode=cat;lr=0.0002;num_layers=4;proj_dim=256;rho_quantile=0.38;scorer_hidden=128;weight_decay=5e-05,64,poincare,cat,0.0002,4,256,128,,5e-05,82.83,288.86,0.47298,0.0,1.0,0.7,0,gcn,1,,unit,1.0,,,,,0.38
glue|bert-base-uncased|stsb_wide|AC|t19|s42|tune,glue,bert-base-uncased,stsb_wide,stsb,AC,tune,19,42,spearman,curvature=4.0;feature_mode=center_unit;gat_hidden_dim=64;gnn_input_clip=0.0;gnn_input_scale=0;graph_curvature=4.0;graph_metric=poincare;hyp_gnn_type=gat;hyperbolic_gnn=1;jk_mode=max;lr=0.001;num_layers=2;proj_dim=128;rho_quantile=0.38;scorer_hidden=256;weight_decay=5e-05,64,poincare,max,0.001,2,128,256,,5e-05,69.75,258.9,0.46985,0.0,4.0,0.0,0,gat,1,,center_unit,4.0,,,,,0.38
glue|bert-base-uncased|stsb_wide|AC|t20|s42|tune,glue,bert-base-uncased,stsb_wide,stsb,AC,tune,20,42,spearman,curvature=0.25;feature_mode=center;gat_hidden_dim=64;gnn_input_clip=0.3;gnn_input_scale=0;graph_curvature=2.25;graph_metric=poincare;hyp_gnn_type=gat;hyperbolic_gnn=1;jk_mode=max;lr=0.0002;num_layers=4;proj_dim=256;rho_quantile=0.1;scorer_hidden=256;weight_decay=0.0,64,poincare,max,0.0002,4,256,256,,0.0,49.72,278.95,0.2,0.0,0.25,0.3,0,gat,1,,center,2.25,,,,,0.1
glue|bert-base-uncased|stsb_wide|AC|t21|s42|tune,glue,bert-base-uncased,stsb_wide,stsb,AC,tune,21,42,spearman,curvature=0.25;feature_mode=center;gat_hidden_dim=256;gnn_input_clip=0.0;gnn_input_scale=1;graph_curvature=9.0;graph_metric=poincare;hyp_gnn_type=gat;hyperbolic_gnn=1;jk_mode=max;lr=0.0002;num_layers=2;proj_dim=128;rho_quantile=0.1;scorer_hidden=128;weight_decay=1e-05,256,poincare,max,0.0002,2,128,128,,1e-05,76.99,258.74,0.20168,0.0,0.25,0.0,1,gat,1,,center,9.0,,,,,0.1
glue|bert-base-uncased|stsb_wide|AC|t22|s42|tune,glue,bert-base-uncased,stsb_wide,stsb,AC,tune,22,42,spearman,curvature=4.0;feature_mode=cls_root_unit;gat_hidden_dim=256;gnn_input_clip=0.0;gnn_input_scale=1;graph_curvature=9.0;graph_metric=poincare;hyp_gnn_type=gcn;hyperbolic_gnn=1;jk_mode=cat;lr=0.001;num_layers=2;proj_dim=256;rho_quantile=0.1;scorer_hidden=256;weight_decay=1e-05,256,poincare,cat,0.001,2,256,256,,1e-05,78.99,263.37,0.17322,0.0,4.0,0.0,1,gcn,1,,cls_root_unit,9.0,,,,,0.1
glue|bert-base-uncased|stsb_wide|AC|t23|s42|tune,glue,bert-base-uncased,stsb_wide,stsb,AC,tune,23,42,spearman,curvature=0.25;feature_mode=cls_root_unit;gat_hidden_dim=64;gnn_input_clip=0.0;gnn_input_scale=0;graph_curvature=0.25;graph_metric=poincare;hyp_gnn_type=gat;hyperbolic_gnn=1;jk_mode=cat;lr=0.0002;num_layers=4;proj_dim=512;rho_quantile=0.05;scorer_hidden=128;weight_decay=1e-05,64,poincare,cat,0.0002,4,512,128,,1e-05,82.4,281.96,0.14493,0.0,0.25,0.0,0,gat,1,,cls_root_unit,0.25,,,,,0.05
glue|bert-base-uncased|stsb_wide|AC|t24|s42|tune,glue,bert-base-uncased,stsb_wide,stsb,AC,tune,24,42,spearman,curvature=4.0;feature_mode=center;gat_hidden_dim=64;gnn_input_clip=1.0;gnn_input_scale=1;graph_curvature=0.25;graph_metric=poincare;hyp_gnn_type=gcn;hyperbolic_gnn=1;jk_mode=cat;lr=0.0002;num_layers=2;proj_dim=512;rho_quantile=0.1;scorer_hidden=256;weight_decay=5e-05,64,poincare,cat,0.0002,2,512,256,,5e-05,82.79,260.22,0.19894,0.0,4.0,1.0,1,gcn,1,,center,0.25,,,,,0.1
glue|bert-base-uncased|stsb_wide|AC|t25|s42|tune,glue,bert-base-uncased,stsb_wide,stsb,AC,tune,25,42,spearman,curvature=1.0;feature_mode=cls_root_unit;gat_hidden_dim=64;gnn_input_clip=0.0;gnn_input_scale=0;graph_curvature=4.0;graph_metric=poincare;hyp_gnn_type=gat;hyperbolic_gnn=1;jk_mode=max;lr=2e-05;num_layers=2;proj_dim=128;rho_quantile=0.025;scorer_hidden=256;weight_decay=5e-05,64,poincare,max,2e-05,2,128,256,,5e-05,54.09,257.71,0.12368,0.0,1.0,0.0,0,gat,1,,cls_root_unit,4.0,,,,,0.025
glue|bert-base-uncased|stsb_wide|AC|t26|s42|tune,glue,bert-base-uncased,stsb_wide,stsb,AC,tune,26,42,spearman,curvature=0.25;feature_mode=center;gat_hidden_dim=128;gnn_input_clip=0.7;gnn_input_scale=0;graph_curvature=2.25;graph_metric=poincare;hyp_gnn_type=gcn;hyperbolic_gnn=1;jk_mode=cat;lr=0.001;num_layers=4;proj_dim=256;rho_quantile=0.025;scorer_hidden=256;weight_decay=5e-05,128,poincare,cat,0.001,4,256,256,,5e-05,80.1,290.98,0.12442,0.0,0.25,0.7,0,gcn,1,,center,2.25,,,,,0.025
glue|bert-base-uncased|stsb_wide|AC|t27|s42|tune,glue,bert-base-uncased,stsb_wide,stsb,AC,tune,27,42,spearman,curvature=1.0;feature_mode=unit;gat_hidden_dim=64;gnn_input_clip=0.0;gnn_input_scale=1;graph_curvature=2.25;graph_metric=poincare;hyp_gnn_type=gat;hyperbolic_gnn=1;jk_mode=cat;lr=0.0002;num_layers=2;proj_dim=256;rho_quantile=0.2;scorer_hidden=128;weight_decay=0.0,64,poincare,cat,0.0002,2,256,128,,0.0,82.77,260.89,0.29484,0.0,1.0,0.0,1,gat,1,,unit,2.25,,,,,0.2
glue|bert-base-uncased|stsb_wide|AC|t28|s42|tune,glue,bert-base-uncased,stsb_wide,stsb,AC,tune,28,42,spearman,curvature=1.0;feature_mode=cls_root_unit;gat_hidden_dim=64;gnn_input_clip=0.3;gnn_input_scale=1;graph_curvature=4.0;graph_metric=poincare;hyp_gnn_type=gat;hyperbolic_gnn=1;jk_mode=cat;lr=2e-05;num_layers=2;proj_dim=128;rho_quantile=0.38;scorer_hidden=128;weight_decay=5e-05,64,poincare,cat,2e-05,2,128,128,,5e-05,79.41,262.83,0.47287,0.0,1.0,0.3,1,gat,1,,cls_root_unit,4.0,,,,,0.38
glue|bert-base-uncased|stsb_wide|AC|t29|s42|tune,glue,bert-base-uncased,stsb_wide,stsb,AC,tune,29,42,spearman,curvature=4.0;feature_mode=unit;gat_hidden_dim=128;gnn_input_clip=1.0;gnn_input_scale=1;graph_curvature=0.25;graph_metric=poincare;hyp_gnn_type=gcn;hyperbolic_gnn=1;jk_mode=cat;lr=0.0002;num_layers=4;proj_dim=512;rho_quantile=0.2;scorer_hidden=256;weight_decay=5e-05,128,poincare,cat,0.0002,4,512,256,,5e-05,83.16,292.48,0.29337,0.0,4.0,1.0,1,gcn,1,,unit,0.25,,,,,0.2
glue|bert-base-uncased|stsb_wide|AC|t30|s42|tune,glue,bert-base-uncased,stsb_wide,stsb,AC,tune,30,42,spearman,curvature=1.0;feature_mode=cls_root_unit;gat_hidden_dim=256;gnn_input_clip=1.0;gnn_input_scale=1;graph_curvature=9.0;graph_metric=poincare;hyp_gnn_type=gcn;hyperbolic_gnn=1;jk_mode=max;lr=0.001;num_layers=2;proj_dim=512;rho_quantile=0.05;scorer_hidden=256;weight_decay=1e-05,256,poincare,max,0.001,2,512,256,,1e-05,76.94,264.58,0.13881,0.0,1.0,1.0,1,gcn,1,,cls_root_unit,9.0,,,,,0.05
glue|bert-base-uncased|stsb_wide|AC|t31|s42|tune,glue,bert-base-uncased,stsb_wide,stsb,AC,tune,31,42,spearman,curvature=1.0;feature_mode=cls_root_unit;gat_hidden_dim=256;gnn_input_clip=0.7;gnn_input_scale=0;graph_curvature=9.0;graph_metric=poincare;hyp_gnn_type=gat;hyperbolic_gnn=1;jk_mode=max;lr=0.0002;num_layers=2;proj_dim=256;rho_quantile=0.025;scorer_hidden=128;weight_decay=5e-05,256,poincare,max,0.0002,2,256,128,,5e-05,75.63,259.64,0.12923,0.0,1.0,0.7,0,gat,1,,cls_root_unit,9.0,,,,,0.025
glue|bert-base-uncased|stsb_wide|AC|t32|s42|tune,glue,bert-base-uncased,stsb_wide,stsb,AC,tune,32,42,spearman,curvature=0.25;feature_mode=center_unit;gat_hidden_dim=64;gnn_input_clip=0.3;gnn_input_scale=0;graph_curvature=0.25;graph_metric=poincare;hyp_gnn_type=gcn;hyperbolic_gnn=1;jk_mode=max;lr=0.0002;num_layers=2;proj_dim=256;rho_quantile=0.2;scorer_hidden=256;weight_decay=0.0,64,poincare,max,0.0002,2,256,256,,0.0,53.45,263.26,0.2916,0.0,0.25,0.3,0,gcn,1,,center_unit,0.25,,,,,0.2
glue|bert-base-uncased|stsb_wide|AC|t33|s42|tune,glue,bert-base-uncased,stsb_wide,stsb,AC,tune,33,42,spearman,curvature=1.0;feature_mode=cls_root_unit;gat_hidden_dim=64;gnn_input_clip=0.3;gnn_input_scale=1;graph_curvature=0.25;graph_metric=poincare;hyp_gnn_type=gcn;hyperbolic_gnn=1;jk_mode=cat;lr=0.0002;num_layers=2;proj_dim=256;rho_quantile=0.025;scorer_hidden=256;weight_decay=1e-05,64,poincare,cat,0.0002,2,256,256,,1e-05,82.8,263.7,0.12604,0.0,1.0,0.3,1,gcn,1,,cls_root_unit,0.25,,,,,0.025
glue|bert-base-uncased|stsb_wide|AC|t34|s42|tune,glue,bert-base-uncased,stsb_wide,stsb,AC,tune,34,42,spearman,curvature=0.25;feature_mode=cls_root_unit;gat_hidden_dim=64;gnn_input_clip=0.0;gnn_input_scale=1;graph_curvature=9.0;graph_metric=poincare;hyp_gnn_type=gat;hyperbolic_gnn=1;jk_mode=cat;lr=0.001;num_layers=4;proj_dim=128;rho_quantile=0.38;scorer_hidden=128;weight_decay=0.0,64,poincare,cat,0.001,4,128,128,,0.0,79.29,281.37,0.46858,0.0,0.25,0.0,1,gat,1,,cls_root_unit,9.0,,,,,0.38
glue|bert-base-uncased|stsb_wide|AC|t35|s42|tune,glue,bert-base-uncased,stsb_wide,stsb,AC,tune,35,42,spearman,curvature=4.0;feature_mode=cls_root_unit;gat_hidden_dim=64;gnn_input_clip=0.0;gnn_input_scale=1;graph_curvature=0.25;graph_metric=poincare;hyp_gnn_type=gat;hyperbolic_gnn=1;jk_mode=cat;lr=0.0002;num_layers=2;proj_dim=256;rho_quantile=0.38;scorer_hidden=128;weight_decay=5e-05,64,poincare,cat,0.0002,2,256,128,,5e-05,82.75,265.71,0.47287,0.0,4.0,0.0,1,gat,1,,cls_root_unit,0.25,,,,,0.38
glue|bert-base-uncased|stsb_wide|AC|t36|s42|tune,glue,bert-base-uncased,stsb_wide,stsb,AC,tune,36,42,spearman,curvature=4.0;feature_mode=unit;gat_hidden_dim=128;gnn_input_clip=0.3;gnn_input_scale=0;graph_curvature=2.25;graph_metric=poincare;hyp_gnn_type=gat;hyperbolic_gnn=1;jk_mode=cat;lr=0.0002;num_layers=4;proj_dim=128;rho_quantile=0.2;scorer_hidden=256;weight_decay=5e-05,128,poincare,cat,0.0002,4,128,256,,5e-05,82.54,282.65,0.29431,0.0,4.0,0.3,0,gat,1,,unit,2.25,,,,,0.2
glue|bert-base-uncased|stsb_wide|AC|t37|s42|tune,glue,bert-base-uncased,stsb_wide,stsb,AC,tune,37,42,spearman,curvature=1.0;feature_mode=center;gat_hidden_dim=256;gnn_input_clip=0.3;gnn_input_scale=0;graph_curvature=2.25;graph_metric=poincare;hyp_gnn_type=gat;hyperbolic_gnn=1;jk_mode=cat;lr=0.0002;num_layers=2;proj_dim=512;rho_quantile=0.2;scorer_hidden=128;weight_decay=0.0,256,poincare,cat,0.0002,2,512,128,,0.0,83.01,260.03,0.30012,0.0,1.0,0.3,0,gat,1,,center,2.25,,,,,0.2
glue|bert-base-uncased|stsb_wide|AC|t38|s42|tune,glue,bert-base-uncased,stsb_wide,stsb,AC,tune,38,42,spearman,curvature=1.0;feature_mode=center;gat_hidden_dim=64;gnn_input_clip=0.0;gnn_input_scale=0;graph_curvature=4.0;graph_metric=poincare;hyp_gnn_type=gat;hyperbolic_gnn=1;jk_mode=max;lr=2e-05;num_layers=4;proj_dim=128;rho_quantile=0.38;scorer_hidden=128;weight_decay=1e-05,64,poincare,max,2e-05,4,128,128,,1e-05,53.06,281.81,0.47233,0.0,1.0,0.0,0,gat,1,,center,4.0,,,,,0.38
glue|bert-base-uncased|stsb_wide|AC|t39|s42|tune,glue,bert-base-uncased,stsb_wide,stsb,AC,tune,39,42,spearman,curvature=1.0;feature_mode=center;gat_hidden_dim=256;gnn_input_clip=1.0;gnn_input_scale=1;graph_curvature=9.0;graph_metric=poincare;hyp_gnn_type=gat;hyperbolic_gnn=1;jk_mode=cat;lr=2e-05;num_layers=2;proj_dim=128;rho_quantile=0.38;scorer_hidden=128;weight_decay=5e-05,256,poincare,cat,2e-05,2,128,128,,5e-05,80.36,254.62,0.47561,0.0,1.0,1.0,1,gat,1,,center,9.0,,,,,0.38
glue|bert-base-uncased|stsb_wide|A|t33|s1|confirm,glue,bert-base-uncased,stsb_wide,stsb,A,confirm,33,1,spearman,feature_mode=center_unit;gat_hidden_dim=64;graph_curvature=1.0;graph_metric=poincare;jk_mode=cat;lr=0.0002;num_layers=4;proj_dim=256;rho_quantile=0.1;scorer_hidden=256;weight_decay=1e-05,64,poincare,cat,0.0002,4,256,256,,1e-05,82.43,242.75,0.19541,0.0,,,,,,,center_unit,1.0,,,,,0.1
glue|bert-base-uncased|stsb_wide|A|t33|s2|confirm,glue,bert-base-uncased,stsb_wide,stsb,A,confirm,33,2,spearman,feature_mode=center_unit;gat_hidden_dim=64;graph_curvature=1.0;graph_metric=poincare;jk_mode=cat;lr=0.0002;num_layers=4;proj_dim=256;rho_quantile=0.1;scorer_hidden=256;weight_decay=1e-05,64,poincare,cat,0.0002,4,256,256,,1e-05,82.15,244.15,0.19944,0.0,,,,,,,center_unit,1.0,,,,,0.1
glue|bert-base-uncased|stsb_wide|A|t33|s3|confirm,glue,bert-base-uncased,stsb_wide,stsb,A,confirm,33,3,spearman,feature_mode=center_unit;gat_hidden_dim=64;graph_curvature=1.0;graph_metric=poincare;jk_mode=cat;lr=0.0002;num_layers=4;proj_dim=256;rho_quantile=0.1;scorer_hidden=256;weight_decay=1e-05,64,poincare,cat,0.0002,4,256,256,,1e-05,82.95,244.43,0.20082,0.0,,,,,,,center_unit,1.0,,,,,0.1
glue|bert-base-uncased|stsb_wide|A|t33|s4|confirm,glue,bert-base-uncased,stsb_wide,stsb,A,confirm,33,4,spearman,feature_mode=center_unit;gat_hidden_dim=64;graph_curvature=1.0;graph_metric=poincare;jk_mode=cat;lr=0.0002;num_layers=4;proj_dim=256;rho_quantile=0.1;scorer_hidden=256;weight_decay=1e-05,64,poincare,cat,0.0002,4,256,256,,1e-05,82.68,242.8,0.19717,0.0,,,,,,,center_unit,1.0,,,,,0.1
glue|bert-base-uncased|stsb_wide|A|t33|s5|confirm,glue,bert-base-uncased,stsb_wide,stsb,A,confirm,33,5,spearman,feature_mode=center_unit;gat_hidden_dim=64;graph_curvature=1.0;graph_metric=poincare;jk_mode=cat;lr=0.0002;num_layers=4;proj_dim=256;rho_quantile=0.1;scorer_hidden=256;weight_decay=1e-05,64,poincare,cat,0.0002,4,256,256,,1e-05,82.7,240.46,0.19582,0.0,,,,,,,center_unit,1.0,,,,,0.1
glue|bert-base-uncased|stsb_wide|A|t33|s6|confirm,glue,bert-base-uncased,stsb_wide,stsb,A,confirm,33,6,spearman,feature_mode=center_unit;gat_hidden_dim=64;graph_curvature=1.0;graph_metric=poincare;jk_mode=cat;lr=0.0002;num_layers=4;proj_dim=256;rho_quantile=0.1;scorer_hidden=256;weight_decay=1e-05,64,poincare,cat,0.0002,4,256,256,,1e-05,82.52,242.63,0.20219,0.0,,,,,,,center_unit,1.0,,,,,0.1
glue|bert-base-uncased|stsb_wide|A|t33|s7|confirm,glue,bert-base-uncased,stsb_wide,stsb,A,confirm,33,7,spearman,feature_mode=center_unit;gat_hidden_dim=64;graph_curvature=1.0;graph_metric=poincare;jk_mode=cat;lr=0.0002;num_layers=4;proj_dim=256;rho_quantile=0.1;scorer_hidden=256;weight_decay=1e-05,64,poincare,cat,0.0002,4,256,256,,1e-05,82.49,242.69,0.19922,0.0,,,,,,,center_unit,1.0,,,,,0.1
glue|bert-base-uncased|stsb_wide|A|t33|s8|confirm,glue,bert-base-uncased,stsb_wide,stsb,A,confirm,33,8,spearman,feature_mode=center_unit;gat_hidden_dim=64;graph_curvature=1.0;graph_metric=poincare;jk_mode=cat;lr=0.0002;num_layers=4;proj_dim=256;rho_quantile=0.1;scorer_hidden=256;weight_decay=1e-05,64,poincare,cat,0.0002,4,256,256,,1e-05,82.68,245.07,0.20132,0.0,,,,,,,center_unit,1.0,,,,,0.1
glue|bert-base-uncased|stsb_wide|A|t33|s9|confirm,glue,bert-base-uncased,stsb_wide,stsb,A,confirm,33,9,spearman,feature_mode=center_unit;gat_hidden_dim=64;graph_curvature=1.0;graph_metric=poincare;jk_mode=cat;lr=0.0002;num_layers=4;proj_dim=256;rho_quantile=0.1;scorer_hidden=256;weight_decay=1e-05,64,poincare,cat,0.0002,4,256,256,,1e-05,82.53,242.21,0.20177,0.0,,,,,,,center_unit,1.0,,,,,0.1
glue|bert-base-uncased|stsb_wide|A|t33|s10|confirm,glue,bert-base-uncased,stsb_wide,stsb,A,confirm,33,10,spearman,feature_mode=center_unit;gat_hidden_dim=64;graph_curvature=1.0;graph_metric=poincare;jk_mode=cat;lr=0.0002;num_layers=4;proj_dim=256;rho_quantile=0.1;scorer_hidden=256;weight_decay=1e-05,64,poincare,cat,0.0002,4,256,256,,1e-05,81.86,241.63,0.19989,0.0,,,,,,,center_unit,1.0,,,,,0.1
glue|bert-base-uncased|stsb_wide|A|t33|s11|confirm,glue,bert-base-uncased,stsb_wide,stsb,A,confirm,33,11,spearman,feature_mode=center_unit;gat_hidden_dim=64;graph_curvature=1.0;graph_metric=poincare;jk_mode=cat;lr=0.0002;num_layers=4;proj_dim=256;rho_quantile=0.1;scorer_hidden=256;weight_decay=1e-05,64,poincare,cat,0.0002,4,256,256,,1e-05,83.07,243.01,0.19801,0.0,,,,,,,center_unit,1.0,,,,,0.1
glue|bert-base-uncased|stsb_wide|A|t33|s12|confirm,glue,bert-base-uncased,stsb_wide,stsb,A,confirm,33,12,spearman,feature_mode=center_unit;gat_hidden_dim=64;graph_curvature=1.0;graph_metric=poincare;jk_mode=cat;lr=0.0002;num_layers=4;proj_dim=256;rho_quantile=0.1;scorer_hidden=256;weight_decay=1e-05,64,poincare,cat,0.0002,4,256,256,,1e-05,82.66,245.05,0.20159,0.0,,,,,,,center_unit,1.0,,,,,0.1
glue|bert-base-uncased|stsb_wide|A|t33|s13|confirm,glue,bert-base-uncased,stsb_wide,stsb,A,confirm,33,13,spearman,feature_mode=center_unit;gat_hidden_dim=64;graph_curvature=1.0;graph_metric=poincare;jk_mode=cat;lr=0.0002;num_layers=4;proj_dim=256;rho_quantile=0.1;scorer_hidden=256;weight_decay=1e-05,64,poincare,cat,0.0002,4,256,256,,1e-05,82.42,242.59,0.19847,0.0,,,,,,,center_unit,1.0,,,,,0.1
glue|bert-base-uncased|stsb_wide|A|t33|s14|confirm,glue,bert-base-uncased,stsb_wide,stsb,A,confirm,33,14,spearman,feature_mode=center_unit;gat_hidden_dim=64;graph_curvature=1.0;graph_metric=poincare;jk_mode=cat;lr=0.0002;num_layers=4;proj_dim=256;rho_quantile=0.1;scorer_hidden=256;weight_decay=1e-05,64,poincare,cat,0.0002,4,256,256,,1e-05,82.94,240.37,0.20147,0.0,,,,,,,center_unit,1.0,,,,,0.1
glue|bert-base-uncased|stsb_wide|A|t33|s15|confirm,glue,bert-base-uncased,stsb_wide,stsb,A,confirm,33,15,spearman,feature_mode=center_unit;gat_hidden_dim=64;graph_curvature=1.0;graph_metric=poincare;jk_mode=cat;lr=0.0002;num_layers=4;proj_dim=256;rho_quantile=0.1;scorer_hidden=256;weight_decay=1e-05,64,poincare,cat,0.0002,4,256,256,,1e-05,82.33,243.18,0.19846,0.0,,,,,,,center_unit,1.0,,,,,0.1
glue|bert-base-uncased|stsb_wide|AC|t29|s1|confirm,glue,bert-base-uncased,stsb_wide,stsb,AC,confirm,29,1,spearman,curvature=4.0;feature_mode=unit;gat_hidden_dim=128;gnn_input_clip=1.0;gnn_input_scale=1;graph_curvature=0.25;graph_metric=poincare;hyp_gnn_type=gcn;hyperbolic_gnn=1;jk_mode=cat;lr=0.0002;num_layers=4;proj_dim=512;rho_quantile=0.2;scorer_hidden=256;weight_decay=5e-05,128,poincare,cat,0.0002,4,512,256,,5e-05,82.91,283.72,0.29302,0.0,4.0,1.0,1,gcn,1,,unit,0.25,,,,,0.2
glue|bert-base-uncased|stsb_wide|AC|t29|s2|confirm,glue,bert-base-uncased,stsb_wide,stsb,AC,confirm,29,2,spearman,curvature=4.0;feature_mode=unit;gat_hidden_dim=128;gnn_input_clip=1.0;gnn_input_scale=1;graph_curvature=0.25;graph_metric=poincare;hyp_gnn_type=gcn;hyperbolic_gnn=1;jk_mode=cat;lr=0.0002;num_layers=4;proj_dim=512;rho_quantile=0.2;scorer_hidden=256;weight_decay=5e-05,128,poincare,cat,0.0002,4,512,256,,5e-05,82.9,284.49,0.29446,0.0,4.0,1.0,1,gcn,1,,unit,0.25,,,,,0.2
glue|bert-base-uncased|stsb_wide|AC|t29|s3|confirm,glue,bert-base-uncased,stsb_wide,stsb,AC,confirm,29,3,spearman,curvature=4.0;feature_mode=unit;gat_hidden_dim=128;gnn_input_clip=1.0;gnn_input_scale=1;graph_curvature=0.25;graph_metric=poincare;hyp_gnn_type=gcn;hyperbolic_gnn=1;jk_mode=cat;lr=0.0002;num_layers=4;proj_dim=512;rho_quantile=0.2;scorer_hidden=256;weight_decay=5e-05,128,poincare,cat,0.0002,4,512,256,,5e-05,82.71,281.28,0.2938,0.0,4.0,1.0,1,gcn,1,,unit,0.25,,,,,0.2
glue|bert-base-uncased|stsb_wide|AC|t29|s4|confirm,glue,bert-base-uncased,stsb_wide,stsb,AC,confirm,29,4,spearman,curvature=4.0;feature_mode=unit;gat_hidden_dim=128;gnn_input_clip=1.0;gnn_input_scale=1;graph_curvature=0.25;graph_metric=poincare;hyp_gnn_type=gcn;hyperbolic_gnn=1;jk_mode=cat;lr=0.0002;num_layers=4;proj_dim=512;rho_quantile=0.2;scorer_hidden=256;weight_decay=5e-05,128,poincare,cat,0.0002,4,512,256,,5e-05,83.08,288.0,0.29342,0.0,4.0,1.0,1,gcn,1,,unit,0.25,,,,,0.2
glue|bert-base-uncased|stsb_wide|AC|t29|s5|confirm,glue,bert-base-uncased,stsb_wide,stsb,AC,confirm,29,5,spearman,curvature=4.0;feature_mode=unit;gat_hidden_dim=128;gnn_input_clip=1.0;gnn_input_scale=1;graph_curvature=0.25;graph_metric=poincare;hyp_gnn_type=gcn;hyperbolic_gnn=1;jk_mode=cat;lr=0.0002;num_layers=4;proj_dim=512;rho_quantile=0.2;scorer_hidden=256;weight_decay=5e-05,128,poincare,cat,0.0002,4,512,256,,5e-05,82.7,285.46,0.30023,0.0,4.0,1.0,1,gcn,1,,unit,0.25,,,,,0.2
glue|bert-base-uncased|stsb_wide|AC|t29|s6|confirm,glue,bert-base-uncased,stsb_wide,stsb,AC,confirm,29,6,spearman,curvature=4.0;feature_mode=unit;gat_hidden_dim=128;gnn_input_clip=1.0;gnn_input_scale=1;graph_curvature=0.25;graph_metric=poincare;hyp_gnn_type=gcn;hyperbolic_gnn=1;jk_mode=cat;lr=0.0002;num_layers=4;proj_dim=512;rho_quantile=0.2;scorer_hidden=256;weight_decay=5e-05,128,poincare,cat,0.0002,4,512,256,,5e-05,82.78,286.23,0.29234,0.0,4.0,1.0,1,gcn,1,,unit,0.25,,,,,0.2
glue|bert-base-uncased|stsb_wide|AC|t29|s7|confirm,glue,bert-base-uncased,stsb_wide,stsb,AC,confirm,29,7,spearman,curvature=4.0;feature_mode=unit;gat_hidden_dim=128;gnn_input_clip=1.0;gnn_input_scale=1;graph_curvature=0.25;graph_metric=poincare;hyp_gnn_type=gcn;hyperbolic_gnn=1;jk_mode=cat;lr=0.0002;num_layers=4;proj_dim=512;rho_quantile=0.2;scorer_hidden=256;weight_decay=5e-05,128,poincare,cat,0.0002,4,512,256,,5e-05,82.75,282.88,0.29808,0.0,4.0,1.0,1,gcn,1,,unit,0.25,,,,,0.2
glue|bert-base-uncased|stsb_wide|AC|t29|s8|confirm,glue,bert-base-uncased,stsb_wide,stsb,AC,confirm,29,8,spearman,curvature=4.0;feature_mode=unit;gat_hidden_dim=128;gnn_input_clip=1.0;gnn_input_scale=1;graph_curvature=0.25;graph_metric=poincare;hyp_gnn_type=gcn;hyperbolic_gnn=1;jk_mode=cat;lr=0.0002;num_layers=4;proj_dim=512;rho_quantile=0.2;scorer_hidden=256;weight_decay=5e-05,128,poincare,cat,0.0002,4,512,256,,5e-05,82.36,280.74,0.29572,0.0,4.0,1.0,1,gcn,1,,unit,0.25,,,,,0.2
glue|bert-base-uncased|stsb_wide|AC|t29|s9|confirm,glue,bert-base-uncased,stsb_wide,stsb,AC,confirm,29,9,spearman,curvature=4.0;feature_mode=unit;gat_hidden_dim=128;gnn_input_clip=1.0;gnn_input_scale=1;graph_curvature=0.25;graph_metric=poincare;hyp_gnn_type=gcn;hyperbolic_gnn=1;jk_mode=cat;lr=0.0002;num_layers=4;proj_dim=512;rho_quantile=0.2;scorer_hidden=256;weight_decay=5e-05,128,poincare,cat,0.0002,4,512,256,,5e-05,82.81,285.52,0.29452,0.0,4.0,1.0,1,gcn,1,,unit,0.25,,,,,0.2
glue|bert-base-uncased|stsb_wide|AC|t29|s10|confirm,glue,bert-base-uncased,stsb_wide,stsb,AC,confirm,29,10,spearman,curvature=4.0;feature_mode=unit;gat_hidden_dim=128;gnn_input_clip=1.0;gnn_input_scale=1;graph_curvature=0.25;graph_metric=poincare;hyp_gnn_type=gcn;hyperbolic_gnn=1;jk_mode=cat;lr=0.0002;num_layers=4;proj_dim=512;rho_quantile=0.2;scorer_hidden=256;weight_decay=5e-05,128,poincare,cat,0.0002,4,512,256,,5e-05,82.52,285.79,0.29295,0.0,4.0,1.0,1,gcn,1,,unit,0.25,,,,,0.2
glue|bert-base-uncased|stsb_wide|AC|t29|s11|confirm,glue,bert-base-uncased,stsb_wide,stsb,AC,confirm,29,11,spearman,curvature=4.0;feature_mode=unit;gat_hidden_dim=128;gnn_input_clip=1.0;gnn_input_scale=1;graph_curvature=0.25;graph_metric=poincare;hyp_gnn_type=gcn;hyperbolic_gnn=1;jk_mode=cat;lr=0.0002;num_layers=4;proj_dim=512;rho_quantile=0.2;scorer_hidden=256;weight_decay=5e-05,128,poincare,cat,0.0002,4,512,256,,5e-05,82.7,286.67,0.29327,0.0,4.0,1.0,1,gcn,1,,unit,0.25,,,,,0.2
glue|bert-base-uncased|stsb_wide|AC|t29|s12|confirm,glue,bert-base-uncased,stsb_wide,stsb,AC,confirm,29,12,spearman,curvature=4.0;feature_mode=unit;gat_hidden_dim=128;gnn_input_clip=1.0;gnn_input_scale=1;graph_curvature=0.25;graph_metric=poincare;hyp_gnn_type=gcn;hyperbolic_gnn=1;jk_mode=cat;lr=0.0002;num_layers=4;proj_dim=512;rho_quantile=0.2;scorer_hidden=256;weight_decay=5e-05,128,poincare,cat,0.0002,4,512,256,,5e-05,83.01,282.96,0.29466,0.0,4.0,1.0,1,gcn,1,,unit,0.25,,,,,0.2
glue|bert-base-uncased|stsb_wide|AC|t29|s13|confirm,glue,bert-base-uncased,stsb_wide,stsb,AC,confirm,29,13,spearman,curvature=4.0;feature_mode=unit;gat_hidden_dim=128;gnn_input_clip=1.0;gnn_input_scale=1;graph_curvature=0.25;graph_metric=poincare;hyp_gnn_type=gcn;hyperbolic_gnn=1;jk_mode=cat;lr=0.0002;num_layers=4;proj_dim=512;rho_quantile=0.2;scorer_hidden=256;weight_decay=5e-05,128,poincare,cat,0.0002,4,512,256,,5e-05,82.67,289.54,0.2941,0.0,4.0,1.0,1,gcn,1,,unit,0.25,,,,,0.2
glue|bert-base-uncased|stsb_wide|AC|t29|s14|confirm,glue,bert-base-uncased,stsb_wide,stsb,AC,confirm,29,14,spearman,curvature=4.0;feature_mode=unit;gat_hidden_dim=128;gnn_input_clip=1.0;gnn_input_scale=1;graph_curvature=0.25;graph_metric=poincare;hyp_gnn_type=gcn;hyperbolic_gnn=1;jk_mode=cat;lr=0.0002;num_layers=4;proj_dim=512;rho_quantile=0.2;scorer_hidden=256;weight_decay=5e-05,128,poincare,cat,0.0002,4,512,256,,5e-05,82.6,284.97,0.29767,0.0,4.0,1.0,1,gcn,1,,unit,0.25,,,,,0.2
glue|bert-base-uncased|stsb_wide|AC|t29|s15|confirm,glue,bert-base-uncased,stsb_wide,stsb,AC,confirm,29,15,spearman,curvature=4.0;feature_mode=unit;gat_hidden_dim=128;gnn_input_clip=1.0;gnn_input_scale=1;graph_curvature=0.25;graph_metric=poincare;hyp_gnn_type=gcn;hyperbolic_gnn=1;jk_mode=cat;lr=0.0002;num_layers=4;proj_dim=512;rho_quantile=0.2;scorer_hidden=256;weight_decay=5e-05,128,poincare,cat,0.0002,4,512,256,,5e-05,83.07,282.97,0.2932,0.0,4.0,1.0,1,gcn,1,,unit,0.25,,,,,0.2
glue|bert-base-uncased|stsb_wide|B|t0|s42|tune,glue,bert-base-uncased,stsb_wide,stsb,B,tune,0,42,spearman,curvature=1.0;gat_hidden_dim=64;graph_metric=cosine;hyperbolic_readout=1;jk_mode=max;learnable_curvature=0;lr=0.001;num_layers=2;proj_dim=512;readout_clip=0.0;readout_scale=0;scorer_hidden=128;tau_quantile=0.2;weight_decay=0.0,64,cosine,max,0.001,2,512,128,0.2,0.0,68.05,199.54,0.2966,0.0,1.0,,,,,,,,1,0,0.0,0,
glue|bert-base-uncased|stsb_wide|B|t1|s42|tune,glue,bert-base-uncased,stsb_wide,stsb,B,tune,1,42,spearman,curvature=1.0;gat_hidden_dim=128;graph_metric=cosine;hyperbolic_readout=1;jk_mode=cat;learnable_curvature=0;lr=0.001;num_layers=4;proj_dim=256;readout_clip=0.3;readout_scale=1;scorer_hidden=256;tau_quantile=0.2;weight_decay=0.0,128,cosine,cat,0.001,4,256,256,0.2,0.0,76.81,197.96,0.29713,0.0,1.0,,,,,,,,1,0,0.3,1,
glue|bert-base-uncased|stsb_wide|B|t2|s42|tune,glue,bert-base-uncased,stsb_wide,stsb,B,tune,2,42,spearman,curvature=0.25;gat_hidden_dim=64;graph_metric=cosine;hyperbolic_readout=1;jk_mode=max;learnable_curvature=1;lr=0.0002;num_layers=4;proj_dim=256;readout_clip=0.0;readout_scale=1;scorer_hidden=256;tau_quantile=0.05;weight_decay=0.0,64,cosine,max,0.0002,4,256,256,0.05,0.0,70.07,198.86,0.14807,0.0,0.25,,,,,,,,1,1,0.0,1,
glue|bert-base-uncased|stsb_wide|B|t3|s42|tune,glue,bert-base-uncased,stsb_wide,stsb,B,tune,3,42,spearman,curvature=0.25;gat_hidden_dim=256;graph_metric=cosine;hyperbolic_readout=1;jk_mode=max;learnable_curvature=1;lr=0.0002;num_layers=2;proj_dim=128;readout_clip=0.7;readout_scale=1;scorer_hidden=128;tau_quantile=0.1;weight_decay=0.0,256,cosine,max,0.0002,2,128,128,0.1,0.0,77.38,195.06,0.19953,0.0,0.25,,,,,,,,1,1,0.7,1,
glue|bert-base-uncased|stsb_wide|B|t4|s42|tune,glue,bert-base-uncased,stsb_wide,stsb,B,tune,4,42,spearman,curvature=0.25;gat_hidden_dim=128;graph_metric=cosine;hyperbolic_readout=1;jk_mode=max;learnable_curvature=1;lr=2e-05;num_layers=4;proj_dim=128;readout_clip=1.0;readout_scale=1;scorer_hidden=128;tau_quantile=0.38;weight_decay=5e-05,128,cosine,max,2e-05,4,128,128,0.38,5e-05,56.93,201.75,0.47663,0.0,0.25,,,,,,,,1,1,1.0,1,
glue|bert-base-uncased|stsb_wide|B|t5|s42|tune,glue,bert-base-uncased,stsb_wide,stsb,B,tune,5,42,spearman,curvature=1.0;gat_hidden_dim=128;graph_metric=cosine;hyperbolic_readout=1;jk_mode=max;learnable_curvature=1;lr=0.0002;num_layers=4;proj_dim=512;readout_clip=0.7;readout_scale=1;scorer_hidden=128;tau_quantile=0.1;weight_decay=0.0,128,cosine,max,0.0002,4,512,128,0.1,0.0,74.37,201.46,0.20362,0.0,1.0,,,,,,,,1,1,0.7,1,
glue|bert-base-uncased|stsb_wide|B|t6|s42|tune,glue,bert-base-uncased,stsb_wide,stsb,B,tune,6,42,spearman,curvature=4.0;gat_hidden_dim=64;graph_metric=cosine;hyperbolic_readout=1;jk_mode=max;learnable_curvature=1;lr=0.001;num_layers=2;proj_dim=512;readout_clip=0.3;readout_scale=0;scorer_hidden=128;tau_quantile=0.1;weight_decay=5e-05,64,cosine,max,0.001,2,512,128,0.1,5e-05,66.82,195.14,0.20363,0.0,4.0,,,,,,,,1,1,0.3,0,
glue|bert-base-uncased|stsb_wide|B|t7|s42|tune,glue,bert-base-uncased,stsb_wide,stsb,B,tune,7,42,spearman,curvature=1.0;gat_hidden_dim=128;graph_metric=cosine;hyperbolic_readout=1;jk_mode=cat;learnable_curvature=0;lr=2e-05;num_layers=2;proj_dim=256;readout_clip=0.7;readout_scale=0;scorer_hidden=256;tau_quantile=0.1;weight_decay=1e-05,128,cosine,cat,2e-05,2,256,256,0.1,1e-05,74.61,195.52,0.20276,0.0,1.0,,,,,,,,1,0,0.7,0,
glue|bert-base-uncased|stsb_wide|B|t8|s42|tune,glue,bert-base-uncased,stsb_wide,stsb,B,tune,8,42,spearman,curvature=4.0;gat_hidden_dim=256;graph_metric=cosine;hyperbolic_readout=1;jk_mode=cat;learnable_curvature=1;lr=2e-05;num_layers=4;proj_dim=256;readout_clip=0.0;readout_scale=0;scorer_hidden=128;tau_quantile=0.1;weight_decay=0.0,256,cosine,cat,2e-05,4,256,128,0.1,0.0,73.16,204.4,0.20196,0.0,4.0,,,,,,,,1,1,0.0,0,
glue|bert-base-uncased|stsb_wide|B|t9|s42|tune,glue,bert-base-uncased,stsb_wide,stsb,B,tune,9,42,spearman,curvature=0.25;gat_hidden_dim=256;graph_metric=cosine;hyperbolic_readout=1;jk_mode=max;learnable_curvature=0;lr=2e-05;num_layers=4;proj_dim=512;readout_clip=1.0;readout_scale=1;scorer_hidden=128;tau_quantile=0.38;weight_decay=0.0,256,cosine,max,2e-05,4,512,128,0.38,0.0,68.28,200.7,0.47204,0.0,0.25,,,,,,,,1,0,1.0,1,
glue|bert-base-uncased|stsb_wide|B|t10|s42|tune,glue,bert-base-uncased,stsb_wide,stsb,B,tune,10,42,spearman,curvature=0.25;gat_hidden_dim=256;graph_metric=cosine;hyperbolic_readout=1;jk_mode=max;learnable_curvature=0;lr=0.0002;num_layers=4;proj_dim=128;readout_clip=1.0;readout_scale=1;scorer_hidden=256;tau_quantile=0.05;weight_decay=5e-05,256,cosine,max,0.0002,4,128,256,0.05,5e-05,78.33,203.26,0.14718,0.0,0.25,,,,,,,,1,0,1.0,1,
glue|bert-base-uncased|stsb_wide|B|t11|s42|tune,glue,bert-base-uncased,stsb_wide,stsb,B,tune,11,42,spearman,curvature=1.0;gat_hidden_dim=64;graph_metric=cosine;hyperbolic_readout=1;jk_mode=max;learnable_curvature=0;lr=0.001;num_layers=2;proj_dim=256;readout_clip=1.0;readout_scale=1;scorer_hidden=256;tau_quantile=0.2;weight_decay=5e-05,64,cosine,max,0.001,2,256,256,0.2,5e-05,68.76,196.88,0.2966,0.0,1.0,,,,,,,,1,0,1.0,1,
glue|bert-base-uncased|stsb_wide|B|t12|s42|tune,glue,bert-base-uncased,stsb_wide,stsb,B,tune,12,42,spearman,curvature=0.25;gat_hidden_dim=256;graph_metric=cosine;hyperbolic_readout=1;jk_mode=cat;learnable_curvature=0;lr=2e-05;num_layers=2;proj_dim=128;readout_clip=0.0;readout_scale=0;scorer_hidden=128;tau_quantile=0.025;weight_decay=1e-05,256,cosine,cat,2e-05,2,128,128,0.025,1e-05,80.07,198.25,0.1281,0.0,0.25,,,,,,,,1,0,0.0,0,
glue|bert-base-uncased|stsb_wide|B|t13|s42|tune,glue,bert-base-uncased,stsb_wide,stsb,B,tune,13,42,spearman,curvature=1.0;gat_hidden_dim=128;graph_metric=cosine;hyperbolic_readout=1;jk_mode=cat;learnable_curvature=1;lr=0.001;num_layers=4;proj_dim=128;readout_clip=0.0;readout_scale=1;scorer_hidden=256;tau_quantile=0.38;weight_decay=5e-05,128,cosine,cat,0.001,4,128,256,0.38,5e-05,78.47,202.18,0.47588,0.0,1.0,,,,,,,,1,1,0.0,1,
glue|bert-base-uncased|stsb_wide|B|t14|s42|tune,glue,bert-base-uncased,stsb_wide,stsb,B,tune,14,42,spearman,curvature=4.0;gat_hidden_dim=256;graph_metric=cosine;hyperbolic_readout=1;jk_mode=max;learnable_curvature=0;lr=0.0002;num_layers=2;proj_dim=256;readout_clip=1.0;readout_scale=1;scorer_hidden=128;tau_quantile=0.05;weight_decay=0.0,256,cosine,max,0.0002,2,256,128,0.05,0.0,75.86,196.4,0.14716,0.0,4.0,,,,,,,,1,0,1.0,1,
glue|bert-base-uncased|stsb_wide|B|t15|s42|tune,glue,bert-base-uncased,stsb_wide,stsb,B,tune,15,42,spearman,curvature=0.25;gat_hidden_dim=64;graph_metric=cosine;hyperbolic_readout=1;jk_mode=cat;learnable_curvature=1;lr=0.0002;num_layers=4;proj_dim=128;readout_clip=0.7;readout_scale=1;scorer_hidden=256;tau_quantile=0.38;weight_decay=1e-05,64,cosine,cat,0.0002,4,128,256,0.38,1e-05,82.08,203.44,0.47401,0.0,0.25,,,,,,,,1,1,0.7,1,
glue|bert-base-uncased|stsb_wide|B|t16|s42|tune,glue,bert-base-uncased,stsb_wide,stsb,B,tune,16,42,spearman,curvature=4.0;gat_hidden_dim=256;graph_metric=cosine;hyperbolic_readout=1;jk_mode=max;learnable_curvature=0;lr=0.001;num_layers=4;proj_dim=512;readout_clip=0.0;readout_scale=0;scorer_hidden=256;tau_quantile=0.1;weight_decay=0.0,256,cosine,max,0.001,4,512,256,0.1,0.0,73.62,200.9,0.1977,0.0,4.0,,,,,,,,1,0,0.0,0,
glue|bert-base-uncased|stsb_wide|B|t17|s42|tune,glue,bert-base-uncased,stsb_wide,stsb,B,tune,17,42,spearman,curvature=4.0;gat_hidden_dim=64;graph_metric=cosine;hyperbolic_readout=1;jk_mode=max;learnable_curvature=0;lr=0.001;num_layers=2;proj_dim=256;readout_clip=1.0;readout_scale=1;scorer_hidden=256;tau_quantile=0.38;weight_decay=1e-05,64,cosine,max,0.001,2,256,256,0.38,1e-05,66.9,197.4,0.47514,0.0,4.0,,,,,,,,1,0,1.0,1,
glue|bert-base-uncased|stsb_wide|B|t18|s42|tune,glue,bert-base-uncased,stsb_wide,stsb,B,tune,18,42,spearman,curvature=0.25;gat_hidden_dim=256;graph_metric=cosine;hyperbolic_readout=1;jk_mode=cat;learnable_curvature=0;lr=0.0002;num_layers=4;proj_dim=256;readout_clip=1.0;readout_scale=0;scorer_hidden=256;tau_quantile=0.05;weight_decay=1e-05,256,cosine,cat,0.0002,4,256,256,0.05,1e-05,81.13,199.13,0.15049,0.0,0.25,,,,,,,,1,0,1.0,0,
glue|bert-base-uncased|stsb_wide|B|t19|s42|tune,glue,bert-base-uncased,stsb_wide,stsb,B,tune,19,42,spearman,curvature=1.0;gat_hidden_dim=256;graph_metric=cosine;hyperbolic_readout=1;jk_mode=cat;learnable_curvature=1;lr=0.001;num_layers=4;proj_dim=256;readout_clip=0.3;readout_scale=1;scorer_hidden=128;tau_quantile=0.1;weight_decay=5e-05,256,cosine,cat,0.001,4,256,128,0.1,5e-05,73.32,204.23,0.20196,0.0,1.0,,,,,,,,1,1,0.3,1,
glue|bert-base-uncased|stsb_wide|B|t20|s42|tune,glue,bert-base-uncased,stsb_wide,stsb,B,tune,20,42,spearman,curvature=4.0;gat_hidden_dim=64;graph_metric=cosine;hyperbolic_readout=1;jk_mode=cat;learnable_curvature=0;lr=0.0002;num_layers=2;proj_dim=512;readout_clip=0.0;readout_scale=1;scorer_hidden=256;tau_quantile=0.2;weight_decay=1e-05,64,cosine,cat,0.0002,2,512,256,0.2,1e-05,78.56,198.44,0.29364,0.0,4.0,,,,,,,,1,0,0.0,1,
glue|bert-base-uncased|stsb_wide|B|t21|s42|tune,glue,bert-base-uncased,stsb_wide,stsb,B,tune,21,42,spearman,curvature=0.25;gat_hidden_dim=256;graph_metric=cosine;hyperbolic_readout=1;jk_mode=cat;learnable_curvature=0;lr=0.0002;num_layers=4;proj_dim=256;readout_clip=0.3;readout_scale=0;scorer_hidden=128;tau_quantile=0.025;weight_decay=0.0,256,cosine,cat,0.0002,4,256,128,0.025,0.0,78.33,198.64,0.12784,0.0,0.25,,,,,,,,1,0,0.3,0,
glue|bert-base-uncased|stsb_wide|B|t22|s42|tune,glue,bert-base-uncased,stsb_wide,stsb,B,tune,22,42,spearman,curvature=1.0;gat_hidden_dim=128;graph_metric=cosine;hyperbolic_readout=1;jk_mode=max;learnable_curvature=0;lr=0.0002;num_layers=4;proj_dim=512;readout_clip=0.0;readout_scale=1;scorer_hidden=128;tau_quantile=0.38;weight_decay=0.0,128,cosine,max,0.0002,4,512,128,0.38,0.0,73.25,198.83,0.47663,0.0,1.0,,,,,,,,1,0,0.0,1,
glue|bert-base-uncased|stsb_wide|B|t23|s42|tune,glue,bert-base-uncased,stsb_wide,stsb,B,tune,23,42,spearman,curvature=4.0;gat_hidden_dim=256;graph_metric=cosine;hyperbolic_readout=1;jk_mode=max;learnable_curvature=1;lr=2e-05;num_layers=2;proj_dim=512;readout_clip=0.7;readout_scale=0;scorer_hidden=128;tau_quantile=0.1;weight_decay=1e-05,256,cosine,max,2e-05,2,512,128,0.1,1e-05,62.48,196.53,0.19953,0.0,4.0,,,,,,,,1,1,0.7,0,
glue|bert-base-uncased|stsb_wide|B|t24|s42|tune,glue,bert-base-uncased,stsb_wide,stsb,B,tune,24,42,spearman,curvature=1.0;gat_hidden_dim=256;graph_metric=cosine;hyperbolic_readout=1;jk_mode=max;learnable_curvature=0;lr=0.001;num_layers=2;proj_dim=256;readout_clip=0.7;readout_scale=0;scorer_hidden=128;tau_quantile=0.2;weight_decay=5e-05,256,cosine,max,0.001,2,256,128,0.2,5e-05,72.14,197.41,0.29331,0.0,1.0,,,,,,,,1,0,0.7,0,
glue|bert-base-uncased|stsb_wide|B|t25|s42|tune,glue,bert-base-uncased,stsb_wide,stsb,B,tune,25,42,spearman,curvature=0.25;gat_hidden_dim=256;graph_metric=cosine;hyperbolic_readout=1;jk_mode=max;learnable_curvature=0;lr=0.001;num_layers=2;proj_dim=256;readout_clip=0.3;readout_scale=0;scorer_hidden=256;tau_quantile=0.05;weight_decay=1e-05,256,cosine,max,0.001,2,256,256,0.05,1e-05,71.74,196.87,0.14716,0.0,0.25,,,,,,,,1,0,0.3,0,
glue|bert-base-uncased|stsb_wide|B|t26|s42|tune,glue,bert-base-uncased,stsb_wide,stsb,B,tune,26,42,spearman,curvature=0.25;gat_hidden_dim=128;graph_metric=cosine;hyperbolic_readout=1;jk_mode=cat;learnable_curvature=1;lr=0.0002;num_layers=2;proj_dim=128;readout_clip=0.7;readout_scale=0;scorer_hidden=256;tau_quantile=0.025;weight_decay=5e-05,128,cosine,cat,0.0002,2,128,256,0.025,5e-05,81.49,197.08,0.12854,0.0,0.25,,,,,,,,1,1,0.7,0,
glue|bert-base-uncased|stsb_wide|B|t27|s42|tune,glue,bert-base-uncased,stsb_wide,stsb,B,tune,27,42,spearman,curvature=4.0;gat_hidden_dim=128;graph_metric=cosine;hyperbolic_readout=1;jk_mode=max;learnable_curvature=1;lr=0.001;num_layers=4;proj_dim=512;readout_clip=0.7;readout_scale=0;scorer_hidden=256;tau_quantile=0.025;weight_decay=0.0,128,cosine,max,0.001,4,512,256,0.025,0.0,70.67,203.85,0.13012,0.0,4.0,,,,,,,,1,1,0.7,0,
glue|bert-base-uncased|stsb_wide|B|t28|s42|tune,glue,bert-base-uncased,stsb_wide,stsb,B,tune,28,42,spearman,curvature=4.0;gat_hidden_dim=64;graph_metric=cosine;hyperbolic_readout=1;jk_mode=cat;learnable_curvature=0;lr=2e-05;num_layers=4;proj_dim=512;readout_clip=0.7;readout_scale=1;scorer_hidden=128;tau_quantile=0.025;weight_decay=0.0,64,cosine,cat,2e-05,4,512,128,0.025,0.0,64.58,201.14,0.12567,0.0,4.0,,,,,,,,1,0,0.7,1,
glue|bert-base-uncased|stsb_wide|B|t29|s42|tune,glue,bert-base-uncased,stsb_wide,stsb,B,tune,29,42,spearman,curvature=4.0;gat_hidden_dim=64;graph_metric=cosine;hyperbolic_readout=1;jk_mode=max;learnable_curvature=0;lr=2e-05;num_layers=2;proj_dim=128;readout_clip=0.0;readout_scale=0;scorer_hidden=256;tau_quantile=0.025;weight_decay=5e-05,64,cosine,max,2e-05,2,128,256,0.025,5e-05,53.04,196.3,0.12899,0.0,4.0,,,,,,,,1,0,0.0,0,
glue|bert-base-uncased|stsb_wide|B|t30|s42|tune,glue,bert-base-uncased,stsb_wide,stsb,B,tune,30,42,spearman,curvature=4.0;gat_hidden_dim=128;graph_metric=cosine;hyperbolic_readout=1;jk_mode=max;learnable_curvature=1;lr=0.0002;num_layers=2;proj_dim=256;readout_clip=0.0;readout_scale=1;scorer_hidden=128;tau_quantile=0.2;weight_decay=0.0,128,cosine,max,0.0002,2,256,128,0.2,0.0,67.22,195.77,0.29532,0.0,4.0,,,,,,,,1,1,0.0,1,
glue|bert-base-uncased|stsb_wide|B|t31|s42|tune,glue,bert-base-uncased,stsb_wide,stsb,B,tune,31,42,spearman,curvature=1.0;gat_hidden_dim=64;graph_metric=cosine;hyperbolic_readout=1;jk_mode=max;learnable_curvature=1;lr=0.001;num_layers=2;proj_dim=128;readout_clip=0.0;readout_scale=1;scorer_hidden=128;tau_quantile=0.2;weight_decay=1e-05,64,cosine,max,0.001,2,128,128,0.2,1e-05,67.64,200.13,0.2966,0.0,1.0,,,,,,,,1,1,0.0,1,
glue|bert-base-uncased|stsb_wide|B|t32|s42|tune,glue,bert-base-uncased,stsb_wide,stsb,B,tune,32,42,spearman,curvature=0.25;gat_hidden_dim=256;graph_metric=cosine;hyperbolic_readout=1;jk_mode=max;learnable_curvature=1;lr=2e-05;num_layers=4;proj_dim=512;readout_clip=0.3;readout_scale=1;scorer_hidden=128;tau_quantile=0.38;weight_decay=5e-05,256,cosine,max,2e-05,4,512,128,0.38,5e-05,61.91,204.99,0.47204,0.0,0.25,,,,,,,,1,1,0.3,1,
glue|bert-base-uncased|stsb_wide|B|t33|s42|tune,glue,bert-base-uncased,stsb_wide,stsb,B,tune,33,42,spearman,curvature=1.0;gat_hidden_dim=256;graph_metric=cosine;hyperbolic_readout=1;jk_mode=cat;learnable_curvature=1;lr=0.001;num_layers=2;proj_dim=512;readout_clip=0.3;readout_scale=0;scorer_hidden=128;tau_quantile=0.2;weight_decay=0.0,256,cosine,cat,0.001,2,512,128,0.2,0.0,74.74,197.43,0.29717,0.0,1.0,,,,,,,,1,1,0.3,0,
glue|bert-base-uncased|stsb_wide|B|t34|s42|tune,glue,bert-base-uncased,stsb_wide,stsb,B,tune,34,42,spearman,curvature=1.0;gat_hidden_dim=128;graph_metric=cosine;hyperbolic_readout=1;jk_mode=cat;learnable_curvature=1;lr=0.001;num_layers=4;proj_dim=128;readout_clip=0.0;readout_scale=1;scorer_hidden=128;tau_quantile=0.1;weight_decay=0.0,128,cosine,cat,0.001,4,128,128,0.1,0.0,78.43,204.54,0.20288,0.0,1.0,,,,,,,,1,1,0.0,1,
glue|bert-base-uncased|stsb_wide|B|t35|s42|tune,glue,bert-base-uncased,stsb_wide,stsb,B,tune,35,42,spearman,curvature=0.25;gat_hidden_dim=128;graph_metric=cosine;hyperbolic_readout=1;jk_mode=max;learnable_curvature=0;lr=0.0002;num_layers=2;proj_dim=256;readout_clip=0.0;readout_scale=0;scorer_hidden=256;tau_quantile=0.2;weight_decay=5e-05,128,cosine,max,0.0002,2,256,256,0.2,5e-05,72.86,195.59,0.29532,0.0,0.25,,,,,,,,1,0,0.0,0,
glue|bert-base-uncased|stsb_wide|B|t36|s42|tune,glue,bert-base-uncased,stsb_wide,stsb,B,tune,36,42,spearman,curvature=4.0;gat_hidden_dim=64;graph_metric=cosine;hyperbolic_readout=1;jk_mode=cat;learnable_curvature=1;lr=0.001;num_layers=4;proj_dim=128;readout_clip=0.7;readout_scale=1;scorer_hidden=128;tau_quantile=0.1;weight_decay=5e-05,64,cosine,cat,0.001,4,128,128,0.1,5e-05,77.75,200.13,0.19956,0.0,4.0,,,,,,,,1,1,0.7,1,
glue|bert-base-uncased|stsb_wide|B|t37|s42|tune,glue,bert-base-uncased,stsb_wide,stsb,B,tune,37,42,spearman,curvature=1.0;gat_hidden_dim=256;graph_metric=cosine;hyperbolic_readout=1;jk_mode=max;learnable_curvature=1;lr=0.0002;num_layers=4;proj_dim=128;readout_clip=0.3;readout_scale=1;scorer_hidden=128;tau_quantile=0.025;weight_decay=1e-05,256,cosine,max,0.0002,4,128,128,0.025,1e-05,75.86,204.77,0.12389,0.0,1.0,,,,,,,,1,1,0.3,1,
glue|bert-base-uncased|stsb_wide|B|t38|s42|tune,glue,bert-base-uncased,stsb_wide,stsb,B,tune,38,42,spearman,curvature=4.0;gat_hidden_dim=128;graph_metric=cosine;hyperbolic_readout=1;jk_mode=max;learnable_curvature=0;lr=0.001;num_layers=4;proj_dim=128;readout_clip=1.0;readout_scale=1;scorer_hidden=256;tau_quantile=0.1;weight_decay=5e-05,128,cosine,max,0.001,4,128,256,0.1,5e-05,67.88,203.49,0.20362,0.0,4.0,,,,,,,,1,0,1.0,1,
glue|bert-base-uncased|stsb_wide|B|t39|s42|tune,glue,bert-base-uncased,stsb_wide,stsb,B,tune,39,42,spearman,curvature=4.0;gat_hidden_dim=128;graph_metric=cosine;hyperbolic_readout=1;jk_mode=max;learnable_curvature=0;lr=0.0002;num_layers=4;proj_dim=512;readout_clip=0.3;readout_scale=1;scorer_hidden=128;tau_quantile=0.38;weight_decay=1e-05,128,cosine,max,0.0002,4,512,128,0.38,1e-05,70.74,203.53,0.47663,0.0,4.0,,,,,,,,1,0,0.3,1,
glue|bert-base-uncased|stsb_wide|BC|t0|s42|tune,glue,bert-base-uncased,stsb_wide,stsb,BC,tune,0,42,spearman,curvature=4.0;gat_hidden_dim=256;gnn_input_clip=1.0;gnn_input_scale=0;graph_metric=cosine;hyp_gnn_type=gat;hyperbolic_gnn=1;hyperbolic_readout=1;jk_mode=max;learnable_curvature=0;lr=0.0002;num_layers=2;proj_dim=256;readout_clip=1.0;readout_scale=0;scorer_hidden=128;tau_quantile=0.38;weight_decay=5e-05,256,cosine,max,0.0002,2,256,128,0.38,5e-05,74.52,217.45,0.47749,0.0,4.0,1.0,0,gat,1,,,,1,0,1.0,0,
glue|bert-base-uncased|stsb_wide|BC|t1|s42|tune,glue,bert-base-uncased,stsb_wide,stsb,BC,tune,1,42,spearman,curvature=0.25;gat_hidden_dim=128;gnn_input_clip=0.0;gnn_input_scale=1;graph_metric=cosine;hyp_gnn_type=gat;hyperbolic_gnn=1;hyperbolic_readout=1;jk_mode=cat;learnable_curvature=1;lr=0.0002;num_layers=4;proj_dim=256;readout_clip=1.0;readout_scale=1;scorer_hidden=128;tau_quantile=0.1;weight_decay=5e-05,128,cosine,cat,0.0002,4,256,128,0.1,5e-05,81.8,249.57,0.2003,0.0,0.25,0.0,1,gat,1,,,,1,1,1.0,1,
glue|bert-base-uncased|stsb_wide|BC|t2|s42|tune,glue,bert-base-uncased,stsb_wide,stsb,BC,tune,2,42,spearman,curvature=0.25;gat_hidden_dim=64;gnn_input_clip=1.0;gnn_input_scale=0;graph_metric=cosine;hyp_gnn_type=gat;hyperbolic_gnn=1;hyperbolic_readout=1;jk_mode=max;learnable_curvature=1;lr=0.0002;num_layers=2;proj_dim=512;readout_clip=0.3;readout_scale=0;scorer_hidden=256;tau_quantile=0.2;weight_decay=1e-05,64,cosine,max,0.0002,2,512,256,0.2,1e-05,63.89,226.97,0.2927,0.0,0.25,1.0,0,gat,1,,,,1,1,0.3,0,
glue|bert-base-uncased|stsb_wide|BC|t3|s42|tune,glue,bert-base-uncased,stsb_wide,stsb,BC,tune,3,42,spearman,curvature=0.25;gat_hidden_dim=128;gnn_input_clip=1.0;gnn_input_scale=0;graph_metric=cosine;hyp_gnn_type=gat;hyperbolic_gnn=1;hyperbolic_readout=1;jk_mode=max;learnable_curvature=0;lr=2e-05;num_layers=4;proj_dim=512;readout_clip=0.3;readout_scale=0;scorer_hidden=256;tau_quantile=0.05;weight_decay=5e-05,128,cosine,max,2e-05,4,512,256,0.05,5e-05,54.58,233.99,0.14981,0.0,0.25,1.0,0,gat,1,,,,1,0,0.3,0,
glue|bert-base-uncased|stsb_wide|BC|t4|s42|tune,glue,bert-base-uncased,stsb_wide,stsb,BC,tune,4,42,spearman,curvature=0.25;gat_hidden_dim=256;gnn_input_clip=0.7;gnn_input_scale=1;graph_metric=cosine;hyp_gnn_type=gcn;hyperbolic_gnn=1;hyperbolic_readout=1;jk_mode=max;learnable_curvature=0;lr=2e-05;num_layers=4;proj_dim=512;readout_clip=1.0;readout_scale=1;scorer_hidden=256;tau_quantile=0.05;weight_decay=5e-05,256,cosine,max,2e-05,4,512,256,0.05,5e-05,58.09,247.99,0.15125,0.0,0.25,0.7,1,gcn,1,,,,1,0,1.0,1,
glue|bert-base-uncased|stsb_wide|BC|t5|s42|tune,glue,bert-base-uncased,stsb_wide,stsb,BC,tune,5,42,spearman,curvature=1.0;gat_hidden_dim=128;gnn_input_clip=0.7;gnn_input_scale=0;graph_metric=cosine;hyp_gnn_type=gat;hyperbolic_gnn=1;hyperbolic_readout=1;jk_mode=max;learnable_curvature=0;lr=0.001;num_layers=2;proj_dim=256;readout_clip=0.7;readout_scale=1;scorer_hidden=128;tau_quantile=0.38;weight_decay=0.0,128,cosine,max,0.001,2,256,128,0.38,0.0,55.91,218.88,0.47569,0.0,1.0,0.7,0,gat,1,,,,1,0,0.7,1,
glue|bert-base-uncased|stsb_wide|BC|t6|s42|tune,glue,bert-base-uncased,stsb_wide,stsb,BC,tune,6,42,spearman,curvature=4.0;gat_hidden_dim=128;gnn_input_clip=0.3;gnn_input_scale=0;graph_metric=cosine;hyp_gnn_type=gcn;hyperbolic_gnn=1;hyperbolic_readout=1;jk_mode=cat;learnable_curvature=0;lr=2e-05;num_layers=4;proj_dim=128;readout_clip=0.3;readout_scale=0;scorer_hidden=128;tau_quantile=0.2;weight_decay=1e-05,128,cosine,cat,2e-05,4,128,128,0.2,1e-05,52.4,245.8,0.29387,0.0,4.0,0.3,0,gcn,1,,,,1,0,0.3,0,
glue|bert-base-uncased|stsb_wide|BC|t7|s42|tune,glue,bert-base-uncased,stsb_wide,stsb,BC,tune,7,42,spearman,curvature=1.0;gat_hidden_dim=256;gnn_input_clip=1.0;gnn_input_scale=1;graph_metric=cosine;hyp_gnn_type=gcn;hyperbolic_gnn=1;hyperbolic_readout=1;jk_mode=max;learnable_curvature=0;lr=0.0002;num_layers=4;proj_dim=512;readout_clip=1.0;readout_scale=0;scorer_hidden=256;tau_quantile=0.1;weight_decay=0.0,256,cosine,max,0.0002,4,512,256,0.1,0.0,77.05,245.81,0.20332,0.0,1.0,1.0,1,gcn,1,,,,1,0,1.0,0,
glue|bert-base-uncased|stsb_wide|BC|t8|s42|tune,glue,bert-base-uncased,stsb_wide,stsb,BC,tune,8,42,spearman,curvature=1.0;gat_hidden_dim=64;gnn_input_clip=0.0;gnn_input_scale=0;graph_metric=cosine;hyp_gnn_type=gat;hyperbolic_gnn=1;hyperbolic_readout=1;jk_mode=cat;learnable_curvature=0;lr=0.0002;num_layers=4;proj_dim=512;readout_clip=1.0;readout_scale=1;scorer_hidden=128;tau_quantile=0.1;weight_decay=0.0,64,cosine,cat,0.0002,4,512,128,0.1,0.0,81.46,239.16,0.19632,0.0,1.0,0.0,0,gat,1,,,,1,0,1.0,1,
glue|bert-base-uncased|stsb_wide|BC|t9|s42|tune,glue,bert-base-uncased,stsb_wide,stsb,BC,tune,9,42,spearman,curvature=1.0;gat_hidden_dim=128;gnn_input_clip=0.3;gnn_input_scale=0;graph_metric=cosine;hyp_gnn_type=gat;hyperbolic_gnn=1;hyperbolic_readout=1;jk_mode=cat;learnable_curvature=0;lr=2e-05;num_layers=4;proj_dim=512;readout_clip=0.7;readout_scale=1;scorer_hidden=256;tau_quantile=0.2;weight_decay=1e-05,128,cosine,cat,2e-05,4,512,256,0.2,1e-05,72.49,243.51,0.2952,0.0,1.0,0.3,0,gat,1,,,,1,0,0.7,1,
glue|bert-base-uncased|stsb_wide|BC|t10|s42|tune,glue,bert-base-uncased,stsb_wide,stsb,BC,tune,10,42,spearman,curvature=1.0;gat_hidden_dim=256;gnn_input_clip=0.0;gnn_input_scale=0;graph_metric=cosine;hyp_gnn_type=gat;hyperbolic_gnn=1;hyperbolic_readout=1;jk_mode=max;learnable_curvature=0;lr=0.0002;num_layers=4;proj_dim=256;readout_clip=0.3;readout_scale=0;scorer_hidden=256;tau_quantile=0.1;weight_decay=5e-05,256,cosine,max,0.0002,4,256,256,0.1,5e-05,75.66,244.31,0.20162,0.0,1.0,0.0,0,gat,1,,,,1,0,0.3,0,
glue|bert-base-uncased|stsb_wide|BC|t11|s42|tune,glue,bert-base-uncased,stsb_wide,stsb,BC,tune,11,42,spearman,curvature=4.0;gat_hidden_dim=128;gnn_input_clip=1.0;gnn_input_scale=0;graph_metric=cosine;hyp_gnn_type=gcn;hyperbolic_gnn=1;hyperbolic_readout=1;jk_mode=cat;learnable_curvature=0;lr=0.0002;num_layers=4;proj_dim=128;readout_clip=0.3;readout_scale=0;scorer_hidden=128;tau_quantile=0.05;weight_decay=1e-05,128,cosine,cat,0.0002,4,128,128,0.05,1e-05,78.05,250.02,0.14758,0.0,4.0,1.0,0,gcn,1,,,,1,0,0.3,0,
glue|bert-base-uncased|stsb_wide|BC|t12|s42|tune,glue,bert-base-uncased,stsb_wide,stsb,BC,tune,12,42,spearman,curvature=4.0;gat_hidden_dim=128;gnn_input_clip=0.7;gnn_input_scale=0;graph_metric=cosine;hyp_gnn_type=gcn;hyperbolic_gnn=1;hyperbolic_readout=1;jk_mode=max;learnable_curvature=0;lr=0.0002;num_layers=2;proj_dim=128;readout_clip=0.3;readout_scale=0;scorer_hidden=256;tau_quantile=0.05;weight_decay=0.0,128,cosine,max,0.0002,2,128,256,0.05,0.0,66.52,226.7,0.14913,0.0,4.0,0.7,0,gcn,1,,,,1,0,0.3,0,
glue|bert-base-uncased|stsb_wide|BC|t13|s42|tune,glue,bert-base-uncased,stsb_wide,stsb,BC,tune,13,42,spearman,curvature=1.0;gat_hidden_dim=64;gnn_input_clip=0.0;gnn_input_scale=0;graph_metric=cosine;hyp_gnn_type=gat;hyperbolic_gnn=1;hyperbolic_readout=1;jk_mode=cat;learnable_curvature=0;lr=2e-05;num_layers=2;proj_dim=512;readout_clip=0.0;readout_scale=0;scorer_hidden=256;tau_quantile=0.025;weight_decay=5e-05,64,cosine,cat,2e-05,2,512,256,0.025,5e-05,72.2,219.66,0.12665,0.0,1.0,0.0,0,gat,1,,,,1,0,0.0,0,
glue|bert-base-uncased|stsb_wide|BC|t14|s42|tune,glue,bert-base-uncased,stsb_wide,stsb,BC,tune,14,42,spearman,curvature=4.0;gat_hidden_dim=128;gnn_input_clip=1.0;gnn_input_scale=1;graph_metric=cosine;hyp_gnn_type=gat;hyperbolic_gnn=1;hyperbolic_readout=1;jk_mode=cat;learnable_curvature=1;lr=0.0002;num_layers=2;proj_dim=512;readout_clip=0.3;readout_scale=1;scorer_hidden=128;tau_quantile=0.05;weight_decay=0.0,128,cosine,cat,0.0002,2,512,128,0.05,0.0,77.67,231.02,0.14507,0.0,4.0,1.0,1,gat,1,,,,1,1,0.3,1,
glue|bert-base-uncased|stsb_wide|BC|t15|s42|tune,glue,bert-base-uncased,stsb_wide,stsb,BC,tune,15,42,spearman,curvature=4.0;gat_hidden_dim=64;gnn_input_clip=0.3;gnn_input_scale=0;graph_metric=cosine;hyp_gnn_type=gcn;hyperbolic_gnn=1;hyperbolic_readout=1;jk_mode=max;learnable_curvature=1;lr=0.001;num_layers=4;proj_dim=512;readout_clip=0.7;readout_scale=1;scorer_hidden=256;tau_quantile=0.38;weight_decay=5e-05,64,cosine,max,0.001,4,512,256,0.38,5e-05,21.29,260.67,0.47468,0.0,4.0,0.3,0,gcn,1,,,,1,1,0.7,1,
glue|bert-base-uncased|stsb_wide|BC|t16|s42|tune,glue,bert-base-uncased,stsb_wide,stsb,BC,tune,16,42,spearman,curvature=0.25;gat_hidden_dim=128;gnn_input_clip=1.0;gnn_input_scale=1;graph_metric=cosine;hyp_gnn_type=gcn;hyperbolic_gnn=1;hyperbolic_readout=1;jk_mode=cat;learnable_curvature=1;lr=0.0002;num_layers=4;proj_dim=128;readout_clip=0.3;readout_scale=0;scorer_hidden=128;tau_quantile=0.38;weight_decay=0.0,128,cosine,cat,0.0002,4,128,128,0.38,0.0,79.49,259.49,0.47206,0.0,0.25,1.0,1,gcn,1,,,,1,1,0.3,0,
glue|bert-base-uncased|stsb_wide|BC|t17|s42|tune,glue,bert-base-uncased,stsb_wide,stsb,BC,tune,17,42,spearman,curvature=4.0;gat_hidden_dim=128;gnn_input_clip=0.3;gnn_input_scale=0;graph_metric=cosine;hyp_gnn_type=gat;hyperbolic_gnn=1;hyperbolic_readout=1;jk_mode=max;learnable_curvature=0;lr=0.0002;num_layers=2;proj_dim=256;readout_clip=0.3;readout_scale=1;scorer_hidden=128;tau_quantile=0.1;weight_decay=1e-05,128,cosine,max,0.0002,2,256,128,0.1,1e-05,20.23,217.39,0.20162,0.0,4.0,0.3,0,gat,1,,,,1,0,0.3,1,
glue|bert-base-uncased|stsb_wide|BC|t18|s42|tune,glue,bert-base-uncased,stsb_wide,stsb,BC,tune,18,42,spearman,curvature=0.25;gat_hidden_dim=128;gnn_input_clip=0.3;gnn_input_scale=0;graph_metric=cosine;hyp_gnn_type=gat;hyperbolic_gnn=1;hyperbolic_readout=1;jk_mode=max;learnable_curvature=1;lr=2e-05;num_layers=2;proj_dim=128;readout_clip=1.0;readout_scale=0;scorer_hidden=128;tau_quantile=0.1;weight_decay=1e-05,128,cosine,max,2e-05,2,128,128,0.1,1e-05,53.15,225.39,0.20162,0.0,0.25,0.3,0,gat,1,,,,1,1,1.0,0,
glue|bert-base-uncased|stsb_wide|BC|t19|s42|tune,glue,bert-base-uncased,stsb_wide,stsb,BC,tune,19,42,spearman,curvature=0.25;gat_hidden_dim=256;gnn_input_clip=0.3;gnn_input_scale=1;graph_metric=cosine;hyp_gnn_type=gat;hyperbolic_gnn=1;hyperbolic_readout=1;jk_mode=cat;learnable_curvature=0;lr=0.0002;num_layers=2;proj_dim=512;readout_clip=0.3;readout_scale=1;scorer_hidden=128;tau_quantile=0.2;weight_decay=1e-05,256,cosine,cat,0.0002,2,512,128,0.2,1e-05,78.54,225.92,0.30193,0.0,0.25,0.3,1,gat,1,,,,1,0,0.3,1,
glue|bert-base-uncased|stsb_wide|BC|t20|s42|tune,glue,bert-base-uncased,stsb_wide,stsb,BC,tune,20,42,spearman,curvature=4.0;gat_hidden_dim=256;gnn_input_clip=0.7;gnn_input_scale=1;graph_metric=cosine;hyp_gnn_type=gcn;hyperbolic_gnn=1;hyperbolic_readout=1;jk_mode=max;learnable_curvature=1;lr=2e-05;num_layers=4;proj_dim=128;readout_clip=1.0;readout_scale=0;scorer_hidden=128;tau_quantile=0.2;weight_decay=0.0,256,cosine,max,2e-05,4,128,128,0.2,0.0,63.59,265.38,0.29693,0.0,4.0,0.7,1,gcn,1,,,,1,1,1.0,0,
glue|bert-base-uncased|stsb_wide|BC|t21|s42|tune,glue,bert-base-uncased,stsb_wide,stsb,BC,tune,21,42,spearman,curvature=4.0;gat_hidden_dim=128;gnn_input_clip=0.3;gnn_input_scale=0;graph_metric=cosine;hyp_gnn_type=gat;hyperbolic_gnn=1;hyperbolic_readout=1;jk_mode=max;learnable_curvature=0;lr=2e-05;num_layers=4;proj_dim=256;readout_clip=0.0;readout_scale=1;scorer_hidden=256;tau_quantile=0.2;weight_decay=5e-05,128,cosine,max,2e-05,4,256,256,0.2,5e-05,55.78,239.36,0.29624,0.0,4.0,0.3,0,gat,1,,,,1,0,0.0,1,
glue|bert-base-uncased|stsb_wide|BC|t22|s42|tune,glue,bert-base-uncased,stsb_wide,stsb,BC,tune,22,42,spearman,curvature=4.0;gat_hidden_dim=64;gnn_input_clip=0.7;gnn_input_scale=0;graph_metric=cosine;hyp_gnn_type=gat;hyperbolic_gnn=1;hyperbolic_readout=1;jk_mode=max;learnable_curvature=1;lr=0.001;num_layers=2;proj_dim=512;readout_clip=0.3;readout_scale=0;scorer_hidden=256;tau_quantile=0.1;weight_decay=0.0,64,cosine,max,0.001,2,512,256,0.1,0.0,67.96,225.73,0.19792,0.0,4.0,0.7,0,gat,1,,,,1,1,0.3,0,
glue|bert-base-uncased|stsb_wide|BC|t23|s42|tune,glue,bert-base-uncased,stsb_wide,stsb,BC,tune,23,42,spearman,curvature=1.0;gat_hidden_dim=128;gnn_input_clip=0.7;gnn_input_scale=1;graph_metric=cosine;hyp_gnn_type=gat;hyperbolic_gnn=1;hyperbolic_readout=1;jk_mode=max;learnable_curvature=0;lr=0.0002;num_layers=4;proj_dim=256;readout_clip=0.7;readout_scale=1;scorer_hidden=256;tau_quantile=0.05;weight_decay=5e-05,128,cosine,max,0.0002,4,256,256,0.05,5e-05,31.92,241.81,0.14981,0.0,1.0,0.7,1,gat,1,,,,1,0,0.7,1,
glue|bert-base-uncased|stsb_wide|BC|t24|s42|tune,glue,bert-base-uncased,stsb_wide,stsb,BC,tune,24,42,spearman,curvature=4.0;gat_hidden_dim=128;gnn_input_clip=0.3;gnn_input_scale=0;graph_metric=cosine;hyp_gnn_type=gcn;hyperbolic_gnn=1;hyperbolic_readout=1;jk_mode=max;learnable_curvature=1;lr=2e-05;num_layers=4;proj_dim=256;readout_clip=0.0;readout_scale=1;scorer_hidden=128;tau_quantile=0.38;weight_decay=5e-05,128,cosine,max,2e-05,4,256,128,0.38,5e-05,57.08,260.95,0.47746,0.0,4.0,0.3,0,gcn,1,,,,1,1,0.0,1,
glue|bert-base-uncased|stsb_wide|BC|t25|s42|tune,glue,bert-base-uncased,stsb_wide,stsb,BC,tune,25,42,spearman,curvature=0.25;gat_hidden_dim=256;gnn_input_clip=0.7;gnn_input_scale=0;graph_metric=cosine;hyp_gnn_type=gcn;hyperbolic_gnn=1;hyperbolic_readout=1;jk_mode=max;learnable_curvature=0;lr=0.0002;num_layers=4;proj_dim=128;readout_clip=0.3;readout_scale=0;scorer_hidden=128;tau_quantile=0.025;weight_decay=1e-05,256,cosine,max,0.0002,4,128,128,0.025,1e-05,75.63,251.22,0.12942,0.0,0.25,0.7,0,gcn,1,,,,1,0,0.3,0,
glue|bert-base-uncased|stsb_wide|BC|t26|s42|tune,glue,bert-base-uncased,stsb_wide,stsb,BC,tune,26,42,spearman,curvature=0.25;gat_hidden_dim=128;gnn_input_clip=0.0;gnn_input_scale=0;graph_metric=cosine;hyp_gnn_type=gcn;hyperbolic_gnn=1;hyperbolic_readout=1;jk_mode=cat;learnable_curvature=0;lr=0.0002;num_layers=2;proj_dim=512;readout_clip=0.7;readout_scale=0;scorer_hidden=256;tau_quantile=0.38;weight_decay=5e-05,128,cosine,cat,0.0002,2,512,256,0.38,5e-05,81.61,226.21,0.47288,0.0,0.25,0.0,0,gcn,1,,,,1,0,0.7,0,
glue|bert-base-uncased|stsb_wide|BC|t27|s42|tune,glue,bert-base-uncased,stsb_wide,stsb,BC,tune,27,42,spearman,curvature=4.0;gat_hidden_dim=64;gnn_input_clip=1.0;gnn_input_scale=0;graph_metric=cosine;hyp_gnn_type=gat;hyperbolic_gnn=1;hyperbolic_readout=1;jk_mode=max;learnable_curvature=1;lr=0.001;num_layers=2;proj_dim=512;readout_clip=0.0;readout_scale=0;scorer_hidden=128;tau_quantile=0.025;weight_decay=0.0,64,cosine,max,0.001,2,512,128,0.025,0.0,70.19,228.26,0.12398,0.0,4.0,1.0,0,gat,1,,,,1,1,0.0,0,
glue|bert-base-uncased|stsb_wide|BC|t28|s42|tune,glue,bert-base-uncased,stsb_wide,stsb,BC,tune,28,42,spearman,curvature=4.0;gat_hidden_dim=64;gnn_input_clip=1.0;gnn_input_scale=0;graph_metric=cosine;hyp_gnn_type=gcn;hyperbolic_gnn=1;hyperbolic_readout=1;jk_mode=max;learnable_curvature=0;lr=0.001;num_layers=2;proj_dim=512;readout_clip=0.7;readout_scale=0;scorer_hidden=256;tau_quantile=0.1;weight_decay=0.0,64,cosine,max,0.001,2,512,256,0.1,0.0,70.57,228.78,0.19735,0.0,4.0,1.0,0,gcn,1,,,,1,0,0.7,0,
glue|bert-base-uncased|stsb_wide|BC|t29|s42|tune,glue,bert-base-uncased,stsb_wide,stsb,BC,tune,29,42,spearman,curvature=1.0;gat_hidden_dim=128;gnn_input_clip=0.3;gnn_input_scale=0;graph_metric=cosine;hyp_gnn_type=gcn;hyperbolic_gnn=1;hyperbolic_readout=1;jk_mode=cat;learnable_curvature=0;lr=0.0002;num_layers=4;proj_dim=256;readout_clip=0.0;readout_scale=0;scorer_hidden=128;tau_quantile=0.05;weight_decay=0.0,128,cosine,cat,0.0002,4,256,128,0.05,0.0,81.98,250.2,0.14758,0.0,1.0,0.3,0,gcn,1,,,,1,0,0.0,0,
glue|bert-base-uncased|stsb_wide|BC|t30|s42|tune,glue,bert-base-uncased,stsb_wide,stsb,BC,tune,30,42,spearman,curvature=1.0;gat_hidden_dim=64;gnn_input_clip=1.0;gnn_input_scale=0;graph_metric=cosine;hyp_gnn_type=gat;hyperbolic_gnn=1;hyperbolic_readout=1;jk_mode=cat;learnable_curvature=0;lr=0.001;num_layers=4;proj_dim=128;readout_clip=1.0;readout_scale=0;scorer_hidden=256;tau_quantile=0.2;weight_decay=5e-05,64,cosine,cat,0.001,4,128,256,0.2,5e-05,78.39,241.04,0.29123,0.0,1.0,1.0,0,gat,1,,,,1,0,1.0,0,
glue|bert-base-uncased|stsb_wide|BC|t31|s42|tune,glue,bert-base-uncased,stsb_wide,stsb,BC,tune,31,42,spearman,curvature=0.25;gat_hidden_dim=256;gnn_input_clip=1.0;gnn_input_scale=0;graph_metric=cosine;hyp_gnn_type=gat;hyperbolic_gnn=1;hyperbolic_readout=1;jk_mode=max;learnable_curvature=0;lr=2e-05;num_layers=2;proj_dim=128;readout_clip=0.3;readout_scale=1;scorer_hidden=128;tau_quantile=0.025;weight_decay=5e-05,256,cosine,max,2e-05,2,128,128,0.025,5e-05,57.74,221.51,0.1302,0.0,0.25,1.0,0,gat,1,,,,1,0,0.3,1,
glue|bert-base-uncased|stsb_wide|BC|t32|s42|tune,glue,bert-base-uncased,stsb_wide,stsb,BC,tune,32,42,spearman,curvature=1.0;gat_hidden_dim=128;gnn_input_clip=0.3;gnn_input_scale=0;graph_metric=cosine;hyp_gnn_type=gat;hyperbolic_gnn=1;hyperbolic_readout=1;jk_mode=cat;learnable_curvature=0;lr=0.0002;num_layers=4;proj_dim=256;readout_clip=0.0;readout_scale=1;scorer_hidden=256;tau_quantile=0.025;weight_decay=1e-05,128,cosine,cat,0.0002,4,256,256,0.025,1e-05,81.1,240.66,0.1265,0.0,1.0,0.3,0,gat,1,,,,1,0,0.0,1,
glue|bert-base-uncased|stsb_wide|BC|t33|s42|tune,glue,bert-base-uncased,stsb_wide,stsb,BC,tune,33,42,spearman,curvature=4.0;gat_hidden_dim=256;gnn_input_clip=1.0;gnn_input_scale=1;graph_metric=cosine;hyp_gnn_type=gcn;hyperbolic_gnn=1;hyperbolic_readout=1;jk_mode=max;learnable_curvature=0;lr=2e-05;num_layers=2;proj_dim=256;readout_clip=0.0;readout_scale=0;scorer_hidden=128;tau_quantile=0.1;weight_decay=0.0,256,cosine,max,2e-05,2,256,128,0.1,0.0,62.38,227.04,0.20166,0.0,4.0,1.0,1,gcn,1,,,,1,0,0.0,0,
glue|bert-base-uncased|stsb_wide|BC|t34|s42|tune,glue,bert-base-uncased,stsb_wide,stsb,BC,tune,34,42,spearman,curvature=4.0;gat_hidden_dim=256;gnn_input_clip=0.3;gnn_input_scale=0;graph_metric=cosine;hyp_gnn_type=gat;hyperbolic_gnn=1;hyperbolic_readout=1;jk_mode=max;learnable_curvature=0;lr=0.001;num_layers=2;proj_dim=512;readout_clip=0.7;readout_scale=0;scorer_hidden=256;tau_quantile=0.2;weight_decay=5e-05,256,cosine,max,0.001,2,512,256,0.2,5e-05,71.37,226.77,0.29827,0.0,4.0,0.3,0,gat,1,,,,1,0,0.7,0,
glue|bert-base-uncased|stsb_wide|BC|t35|s42|tune,glue,bert-base-uncased,stsb_wide,stsb,BC,tune,35,42,spearman,curvature=1.0;gat_hidden_dim=64;gnn_input_clip=1.0;gnn_input_scale=0;graph_metric=cosine;hyp_gnn_type=gat;hyperbolic_gnn=1;hyperbolic_readout=1;jk_mode=cat;learnable_curvature=1;lr=0.0002;num_layers=2;proj_dim=256;readout_clip=0.0;readout_scale=0;scorer_hidden=256;tau_quantile=0.05;weight_decay=5e-05,64,cosine,cat,0.0002,2,256,256,0.05,5e-05,81.43,227.95,0.1488,0.0,1.0,1.0,0,gat,1,,,,1,1,0.0,0,
glue|bert-base-uncased|stsb_wide|BC|t36|s42|tune,glue,bert-base-uncased,stsb_wide,stsb,BC,tune,36,42,spearman,curvature=1.0;gat_hidden_dim=256;gnn_input_clip=0.0;gnn_input_scale=0;graph_metric=cosine;hyp_gnn_type=gcn;hyperbolic_gnn=1;hyperbolic_readout=1;jk_mode=cat;learnable_curvature=0;lr=0.0002;num_layers=2;proj_dim=128;readout_clip=0.3;readout_scale=1;scorer_hidden=256;tau_quantile=0.1;weight_decay=5e-05,256,cosine,cat,0.0002,2,128,256,0.1,5e-05,79.87,227.8,0.20118,0.0,1.0,0.0,0,gcn,1,,,,1,0,0.3,1,
glue|bert-base-uncased|stsb_wide|BC|t37|s42|tune,glue,bert-base-uncased,stsb_wide,stsb,BC,tune,37,42,spearman,curvature=4.0;gat_hidden_dim=256;gnn_input_clip=0.7;gnn_input_scale=0;graph_metric=cosine;hyp_gnn_type=gcn;hyperbolic_gnn=1;hyperbolic_readout=1;jk_mode=cat;learnable_curvature=1;lr=0.001;num_layers=2;proj_dim=256;readout_clip=0.7;readout_scale=0;scorer_hidden=128;tau_quantile=0.05;weight_decay=1e-05,256,cosine,cat,0.001,2,256,128,0.05,1e-05,78.26,239.53,0.1499,0.0,4.0,0.7,0,gcn,1,,,,1,1,0.7,0,
glue|bert-base-uncased|stsb_wide|BC|t38|s42|tune,glue,bert-base-uncased,stsb_wide,stsb,BC,tune,38,42,spearman,curvature=4.0;gat_hidden_dim=256;gnn_input_clip=0.0;gnn_input_scale=1;graph_metric=cosine;hyp_gnn_type=gcn;hyperbolic_gnn=1;hyperbolic_readout=1;jk_mode=max;learnable_curvature=0;lr=0.001;num_layers=4;proj_dim=512;readout_clip=1.0;readout_scale=1;scorer_hidden=256;tau_quantile=0.38;weight_decay=1e-05,256,cosine,max,0.001,4,512,256,0.38,1e-05,68.54,253.05,0.47538,0.0,4.0,0.0,1,gcn,1,,,,1,0,1.0,1,
glue|bert-base-uncased|stsb_wide|BC|t39|s42|tune,glue,bert-base-uncased,stsb_wide,stsb,BC,tune,39,42,spearman,curvature=4.0;gat_hidden_dim=256;gnn_input_clip=0.7;gnn_input_scale=1;graph_metric=cosine;hyp_gnn_type=gat;hyperbolic_gnn=1;hyperbolic_readout=1;jk_mode=max;learnable_curvature=0;lr=0.001;num_layers=4;proj_dim=512;readout_clip=0.7;readout_scale=1;scorer_hidden=128;tau_quantile=0.1;weight_decay=1e-05,256,cosine,max,0.001,4,512,128,0.1,1e-05,54.14,244.95,0.20162,0.0,4.0,0.7,1,gat,1,,,,1,0,0.7,1,
glue|bert-base-uncased|stsb_wide|B|t15|s1|confirm,glue,bert-base-uncased,stsb_wide,stsb,B,confirm,15,1,spearman,curvature=0.25;gat_hidden_dim=64;graph_metric=cosine;hyperbolic_readout=1;jk_mode=cat;learnable_curvature=1;lr=0.0002;num_layers=4;proj_dim=128;readout_clip=0.7;readout_scale=1;scorer_hidden=256;tau_quantile=0.38;weight_decay=1e-05,64,cosine,cat,0.0002,4,128,256,0.38,1e-05,81.24,208.46,0.46965,0.0,0.25,,,,,,,,1,1,0.7,1,
glue|bert-base-uncased|stsb_wide|B|t15|s2|confirm,glue,bert-base-uncased,stsb_wide,stsb,B,confirm,15,2,spearman,curvature=0.25;gat_hidden_dim=64;graph_metric=cosine;hyperbolic_readout=1;jk_mode=cat;learnable_curvature=1;lr=0.0002;num_layers=4;proj_dim=128;readout_clip=0.7;readout_scale=1;scorer_hidden=256;tau_quantile=0.38;weight_decay=1e-05,64,cosine,cat,0.0002,4,128,256,0.38,1e-05,80.57,209.75,0.47398,0.0,0.25,,,,,,,,1,1,0.7,1,
glue|bert-base-uncased|stsb_wide|B|t15|s3|confirm,glue,bert-base-uncased,stsb_wide,stsb,B,confirm,15,3,spearman,curvature=0.25;gat_hidden_dim=64;graph_metric=cosine;hyperbolic_readout=1;jk_mode=cat;learnable_curvature=1;lr=0.0002;num_layers=4;proj_dim=128;readout_clip=0.7;readout_scale=1;scorer_hidden=256;tau_quantile=0.38;weight_decay=1e-05,64,cosine,cat,0.0002,4,128,256,0.38,1e-05,81.96,209.39,0.47535,0.0,0.25,,,,,,,,1,1,0.7,1,
glue|bert-base-uncased|stsb_wide|B|t15|s4|confirm,glue,bert-base-uncased,stsb_wide,stsb,B,confirm,15,4,spearman,curvature=0.25;gat_hidden_dim=64;graph_metric=cosine;hyperbolic_readout=1;jk_mode=cat;learnable_curvature=1;lr=0.0002;num_layers=4;proj_dim=128;readout_clip=0.7;readout_scale=1;scorer_hidden=256;tau_quantile=0.38;weight_decay=1e-05,64,cosine,cat,0.0002,4,128,256,0.38,1e-05,81.63,210.56,0.47152,0.0,0.25,,,,,,,,1,1,0.7,1,
glue|bert-base-uncased|stsb_wide|B|t15|s5|confirm,glue,bert-base-uncased,stsb_wide,stsb,B,confirm,15,5,spearman,curvature=0.25;gat_hidden_dim=64;graph_metric=cosine;hyperbolic_readout=1;jk_mode=cat;learnable_curvature=1;lr=0.0002;num_layers=4;proj_dim=128;readout_clip=0.7;readout_scale=1;scorer_hidden=256;tau_quantile=0.38;weight_decay=1e-05,64,cosine,cat,0.0002,4,128,256,0.38,1e-05,81.6,208.48,0.47117,0.0,0.25,,,,,,,,1,1,0.7,1,
glue|bert-base-uncased|stsb_wide|B|t15|s6|confirm,glue,bert-base-uncased,stsb_wide,stsb,B,confirm,15,6,spearman,curvature=0.25;gat_hidden_dim=64;graph_metric=cosine;hyperbolic_readout=1;jk_mode=cat;learnable_curvature=1;lr=0.0002;num_layers=4;proj_dim=128;readout_clip=0.7;readout_scale=1;scorer_hidden=256;tau_quantile=0.38;weight_decay=1e-05,64,cosine,cat,0.0002,4,128,256,0.38,1e-05,81.32,208.11,0.4761,0.0,0.25,,,,,,,,1,1,0.7,1,
glue|bert-base-uncased|stsb_wide|B|t15|s7|confirm,glue,bert-base-uncased,stsb_wide,stsb,B,confirm,15,7,spearman,curvature=0.25;gat_hidden_dim=64;graph_metric=cosine;hyperbolic_readout=1;jk_mode=cat;learnable_curvature=1;lr=0.0002;num_layers=4;proj_dim=128;readout_clip=0.7;readout_scale=1;scorer_hidden=256;tau_quantile=0.38;weight_decay=1e-05,64,cosine,cat,0.0002,4,128,256,0.38,1e-05,81.51,211.0,0.47355,0.0,0.25,,,,,,,,1,1,0.7,1,
glue|bert-base-uncased|stsb_wide|B|t15|s8|confirm,glue,bert-base-uncased,stsb_wide,stsb,B,confirm,15,8,spearman,curvature=0.25;gat_hidden_dim=64;graph_metric=cosine;hyperbolic_readout=1;jk_mode=cat;learnable_curvature=1;lr=0.0002;num_layers=4;proj_dim=128;readout_clip=0.7;readout_scale=1;scorer_hidden=256;tau_quantile=0.38;weight_decay=1e-05,64,cosine,cat,0.0002,4,128,256,0.38,1e-05,81.55,208.3,0.47518,0.0,0.25,,,,,,,,1,1,0.7,1,
glue|bert-base-uncased|stsb_wide|B|t15|s9|confirm,glue,bert-base-uncased,stsb_wide,stsb,B,confirm,15,9,spearman,curvature=0.25;gat_hidden_dim=64;graph_metric=cosine;hyperbolic_readout=1;jk_mode=cat;learnable_curvature=1;lr=0.0002;num_layers=4;proj_dim=128;readout_clip=0.7;readout_scale=1;scorer_hidden=256;tau_quantile=0.38;weight_decay=1e-05,64,cosine,cat,0.0002,4,128,256,0.38,1e-05,81.36,208.02,0.47506,0.0,0.25,,,,,,,,1,1,0.7,1,
glue|bert-base-uncased|stsb_wide|B|t15|s10|confirm,glue,bert-base-uncased,stsb_wide,stsb,B,confirm,15,10,spearman,curvature=0.25;gat_hidden_dim=64;graph_metric=cosine;hyperbolic_readout=1;jk_mode=cat;learnable_curvature=1;lr=0.0002;num_layers=4;proj_dim=128;readout_clip=0.7;readout_scale=1;scorer_hidden=256;tau_quantile=0.38;weight_decay=1e-05,64,cosine,cat,0.0002,4,128,256,0.38,1e-05,81.17,208.29,0.47528,0.0,0.25,,,,,,,,1,1,0.7,1,
glue|bert-base-uncased|stsb_wide|B|t15|s11|confirm,glue,bert-base-uncased,stsb_wide,stsb,B,confirm,15,11,spearman,curvature=0.25;gat_hidden_dim=64;graph_metric=cosine;hyperbolic_readout=1;jk_mode=cat;learnable_curvature=1;lr=0.0002;num_layers=4;proj_dim=128;readout_clip=0.7;readout_scale=1;scorer_hidden=256;tau_quantile=0.38;weight_decay=1e-05,64,cosine,cat,0.0002,4,128,256,0.38,1e-05,81.4,210.93,0.47368,0.0,0.25,,,,,,,,1,1,0.7,1,
glue|bert-base-uncased|stsb_wide|B|t15|s12|confirm,glue,bert-base-uncased,stsb_wide,stsb,B,confirm,15,12,spearman,curvature=0.25;gat_hidden_dim=64;graph_metric=cosine;hyperbolic_readout=1;jk_mode=cat;learnable_curvature=1;lr=0.0002;num_layers=4;proj_dim=128;readout_clip=0.7;readout_scale=1;scorer_hidden=256;tau_quantile=0.38;weight_decay=1e-05,64,cosine,cat,0.0002,4,128,256,0.38,1e-05,81.87,208.36,0.47396,0.0,0.25,,,,,,,,1,1,0.7,1,
glue|bert-base-uncased|stsb_wide|B|t15|s13|confirm,glue,bert-base-uncased,stsb_wide,stsb,B,confirm,15,13,spearman,curvature=0.25;gat_hidden_dim=64;graph_metric=cosine;hyperbolic_readout=1;jk_mode=cat;learnable_curvature=1;lr=0.0002;num_layers=4;proj_dim=128;readout_clip=0.7;readout_scale=1;scorer_hidden=256;tau_quantile=0.38;weight_decay=1e-05,64,cosine,cat,0.0002,4,128,256,0.38,1e-05,81.29,209.01,0.47278,0.0,0.25,,,,,,,,1,1,0.7,1,
glue|bert-base-uncased|stsb_wide|B|t15|s14|confirm,glue,bert-base-uncased,stsb_wide,stsb,B,confirm,15,14,spearman,curvature=0.25;gat_hidden_dim=64;graph_metric=cosine;hyperbolic_readout=1;jk_mode=cat;learnable_curvature=1;lr=0.0002;num_layers=4;proj_dim=128;readout_clip=0.7;readout_scale=1;scorer_hidden=256;tau_quantile=0.38;weight_decay=1e-05,64,cosine,cat,0.0002,4,128,256,0.38,1e-05,82.01,207.46,0.47598,0.0,0.25,,,,,,,,1,1,0.7,1,
glue|bert-base-uncased|stsb_wide|B|t15|s15|confirm,glue,bert-base-uncased,stsb_wide,stsb,B,confirm,15,15,spearman,curvature=0.25;gat_hidden_dim=64;graph_metric=cosine;hyperbolic_readout=1;jk_mode=cat;learnable_curvature=1;lr=0.0002;num_layers=4;proj_dim=128;readout_clip=0.7;readout_scale=1;scorer_hidden=256;tau_quantile=0.38;weight_decay=1e-05,64,cosine,cat,0.0002,4,128,256,0.38,1e-05,81.54,206.85,0.47262,0.0,0.25,,,,,,,,1,1,0.7,1,
glue|bert-base-uncased|stsb_wide|BC|t29|s1|confirm,glue,bert-base-uncased,stsb_wide,stsb,BC,confirm,29,1,spearman,curvature=1.0;gat_hidden_dim=128;gnn_input_clip=0.3;gnn_input_scale=0;graph_metric=cosine;hyp_gnn_type=gcn;hyperbolic_gnn=1;hyperbolic_readout=1;jk_mode=cat;learnable_curvature=0;lr=0.0002;num_layers=4;proj_dim=256;readout_clip=0.0;readout_scale=0;scorer_hidden=128;tau_quantile=0.05;weight_decay=0.0,128,cosine,cat,0.0002,4,256,128,0.05,0.0,81.54,247.17,0.14712,0.0,1.0,0.3,0,gcn,1,,,,1,0,0.0,0,
glue|bert-base-uncased|stsb_wide|BC|t29|s2|confirm,glue,bert-base-uncased,stsb_wide,stsb,BC,confirm,29,2,spearman,curvature=1.0;gat_hidden_dim=128;gnn_input_clip=0.3;gnn_input_scale=0;graph_metric=cosine;hyp_gnn_type=gcn;hyperbolic_gnn=1;hyperbolic_readout=1;jk_mode=cat;learnable_curvature=0;lr=0.0002;num_layers=4;proj_dim=256;readout_clip=0.0;readout_scale=0;scorer_hidden=128;tau_quantile=0.05;weight_decay=0.0,128,cosine,cat,0.0002,4,256,128,0.05,0.0,81.65,243.94,0.14835,0.0,1.0,0.3,0,gcn,1,,,,1,0,0.0,0,
glue|bert-base-uncased|stsb_wide|BC|t29|s3|confirm,glue,bert-base-uncased,stsb_wide,stsb,BC,confirm,29,3,spearman,curvature=1.0;gat_hidden_dim=128;gnn_input_clip=0.3;gnn_input_scale=0;graph_metric=cosine;hyp_gnn_type=gcn;hyperbolic_gnn=1;hyperbolic_readout=1;jk_mode=cat;learnable_curvature=0;lr=0.0002;num_layers=4;proj_dim=256;readout_clip=0.0;readout_scale=0;scorer_hidden=128;tau_quantile=0.05;weight_decay=0.0,128,cosine,cat,0.0002,4,256,128,0.05,0.0,80.84,243.36,0.14835,0.0,1.0,0.3,0,gcn,1,,,,1,0,0.0,0,
glue|bert-base-uncased|stsb_wide|BC|t29|s4|confirm,glue,bert-base-uncased,stsb_wide,stsb,BC,confirm,29,4,spearman,curvature=1.0;gat_hidden_dim=128;gnn_input_clip=0.3;gnn_input_scale=0;graph_metric=cosine;hyp_gnn_type=gcn;hyperbolic_gnn=1;hyperbolic_readout=1;jk_mode=cat;learnable_curvature=0;lr=0.0002;num_layers=4;proj_dim=256;readout_clip=0.0;readout_scale=0;scorer_hidden=128;tau_quantile=0.05;weight_decay=0.0,128,cosine,cat,0.0002,4,256,128,0.05,0.0,81.74,248.37,0.14733,0.0,1.0,0.3,0,gcn,1,,,,1,0,0.0,0,
glue|bert-base-uncased|stsb_wide|BC|t29|s5|confirm,glue,bert-base-uncased,stsb_wide,stsb,BC,confirm,29,5,spearman,curvature=1.0;gat_hidden_dim=128;gnn_input_clip=0.3;gnn_input_scale=0;graph_metric=cosine;hyp_gnn_type=gcn;hyperbolic_gnn=1;hyperbolic_readout=1;jk_mode=cat;learnable_curvature=0;lr=0.0002;num_layers=4;proj_dim=256;readout_clip=0.0;readout_scale=0;scorer_hidden=128;tau_quantile=0.05;weight_decay=0.0,128,cosine,cat,0.0002,4,256,128,0.05,0.0,80.94,249.01,0.15541,0.0,1.0,0.3,0,gcn,1,,,,1,0,0.0,0,
glue|bert-base-uncased|stsb_wide|BC|t29|s6|confirm,glue,bert-base-uncased,stsb_wide,stsb,BC,confirm,29,6,spearman,curvature=1.0;gat_hidden_dim=128;gnn_input_clip=0.3;gnn_input_scale=0;graph_metric=cosine;hyp_gnn_type=gcn;hyperbolic_gnn=1;hyperbolic_readout=1;jk_mode=cat;learnable_curvature=0;lr=0.0002;num_layers=4;proj_dim=256;readout_clip=0.0;readout_scale=0;scorer_hidden=128;tau_quantile=0.05;weight_decay=0.0,128,cosine,cat,0.0002,4,256,128,0.05,0.0,81.43,241.68,0.1463,0.0,1.0,0.3,0,gcn,1,,,,1,0,0.0,0,
glue|bert-base-uncased|stsb_wide|BC|t29|s7|confirm,glue,bert-base-uncased,stsb_wide,stsb,BC,confirm,29,7,spearman,curvature=1.0;gat_hidden_dim=128;gnn_input_clip=0.3;gnn_input_scale=0;graph_metric=cosine;hyp_gnn_type=gcn;hyperbolic_gnn=1;hyperbolic_readout=1;jk_mode=cat;learnable_curvature=0;lr=0.0002;num_layers=4;proj_dim=256;readout_clip=0.0;readout_scale=0;scorer_hidden=128;tau_quantile=0.05;weight_decay=0.0,128,cosine,cat,0.0002,4,256,128,0.05,0.0,81.33,245.74,0.15182,0.0,1.0,0.3,0,gcn,1,,,,1,0,0.0,0,
glue|bert-base-uncased|stsb_wide|BC|t29|s8|confirm,glue,bert-base-uncased,stsb_wide,stsb,BC,confirm,29,8,spearman,curvature=1.0;gat_hidden_dim=128;gnn_input_clip=0.3;gnn_input_scale=0;graph_metric=cosine;hyp_gnn_type=gcn;hyperbolic_gnn=1;hyperbolic_readout=1;jk_mode=cat;learnable_curvature=0;lr=0.0002;num_layers=4;proj_dim=256;readout_clip=0.0;readout_scale=0;scorer_hidden=128;tau_quantile=0.05;weight_decay=0.0,128,cosine,cat,0.0002,4,256,128,0.05,0.0,80.95,243.6,0.15009,0.0,1.0,0.3,0,gcn,1,,,,1,0,0.0,0,
glue|bert-base-uncased|stsb_wide|BC|t29|s9|confirm,glue,bert-base-uncased,stsb_wide,stsb,BC,confirm,29,9,spearman,curvature=1.0;gat_hidden_dim=128;gnn_input_clip=0.3;gnn_input_scale=0;graph_metric=cosine;hyp_gnn_type=gcn;hyperbolic_gnn=1;hyperbolic_readout=1;jk_mode=cat;learnable_curvature=0;lr=0.0002;num_layers=4;proj_dim=256;readout_clip=0.0;readout_scale=0;scorer_hidden=128;tau_quantile=0.05;weight_decay=0.0,128,cosine,cat,0.0002,4,256,128,0.05,0.0,81.33,249.65,0.14873,0.0,1.0,0.3,0,gcn,1,,,,1,0,0.0,0,
glue|bert-base-uncased|stsb_wide|BC|t29|s10|confirm,glue,bert-base-uncased,stsb_wide,stsb,BC,confirm,29,10,spearman,curvature=1.0;gat_hidden_dim=128;gnn_input_clip=0.3;gnn_input_scale=0;graph_metric=cosine;hyp_gnn_type=gcn;hyperbolic_gnn=1;hyperbolic_readout=1;jk_mode=cat;learnable_curvature=0;lr=0.0002;num_layers=4;proj_dim=256;readout_clip=0.0;readout_scale=0;scorer_hidden=128;tau_quantile=0.05;weight_decay=0.0,128,cosine,cat,0.0002,4,256,128,0.05,0.0,81.6,243.2,0.14697,0.0,1.0,0.3,0,gcn,1,,,,1,0,0.0,0,
glue|bert-base-uncased|stsb_wide|BC|t29|s11|confirm,glue,bert-base-uncased,stsb_wide,stsb,BC,confirm,29,11,spearman,curvature=1.0;gat_hidden_dim=128;gnn_input_clip=0.3;gnn_input_scale=0;graph_metric=cosine;hyp_gnn_type=gcn;hyperbolic_gnn=1;hyperbolic_readout=1;jk_mode=cat;learnable_curvature=0;lr=0.0002;num_layers=4;proj_dim=256;readout_clip=0.0;readout_scale=0;scorer_hidden=128;tau_quantile=0.05;weight_decay=0.0,128,cosine,cat,0.0002,4,256,128,0.05,0.0,81.31,243.61,0.14687,0.0,1.0,0.3,0,gcn,1,,,,1,0,0.0,0,
glue|bert-base-uncased|stsb_wide|BC|t29|s12|confirm,glue,bert-base-uncased,stsb_wide,stsb,BC,confirm,29,12,spearman,curvature=1.0;gat_hidden_dim=128;gnn_input_clip=0.3;gnn_input_scale=0;graph_metric=cosine;hyp_gnn_type=gcn;hyperbolic_gnn=1;hyperbolic_readout=1;jk_mode=cat;learnable_curvature=0;lr=0.0002;num_layers=4;proj_dim=256;readout_clip=0.0;readout_scale=0;scorer_hidden=128;tau_quantile=0.05;weight_decay=0.0,128,cosine,cat,0.0002,4,256,128,0.05,0.0,81.24,240.95,0.14887,0.0,1.0,0.3,0,gcn,1,,,,1,0,0.0,0,
glue|bert-base-uncased|stsb_wide|BC|t29|s13|confirm,glue,bert-base-uncased,stsb_wide,stsb,BC,confirm,29,13,spearman,curvature=1.0;gat_hidden_dim=128;gnn_input_clip=0.3;gnn_input_scale=0;graph_metric=cosine;hyp_gnn_type=gcn;hyperbolic_gnn=1;hyperbolic_readout=1;jk_mode=cat;learnable_curvature=0;lr=0.0002;num_layers=4;proj_dim=256;readout_clip=0.0;readout_scale=0;scorer_hidden=128;tau_quantile=0.05;weight_decay=0.0,128,cosine,cat,0.0002,4,256,128,0.05,0.0,81.04,246.05,0.14845,0.0,1.0,0.3,0,gcn,1,,,,1,0,0.0,0,
glue|bert-base-uncased|stsb_wide|BC|t29|s14|confirm,glue,bert-base-uncased,stsb_wide,stsb,BC,confirm,29,14,spearman,curvature=1.0;gat_hidden_dim=128;gnn_input_clip=0.3;gnn_input_scale=0;graph_metric=cosine;hyp_gnn_type=gcn;hyperbolic_gnn=1;hyperbolic_readout=1;jk_mode=cat;learnable_curvature=0;lr=0.0002;num_layers=4;proj_dim=256;readout_clip=0.0;readout_scale=0;scorer_hidden=128;tau_quantile=0.05;weight_decay=0.0,128,cosine,cat,0.0002,4,256,128,0.05,0.0,80.78,245.92,0.15199,0.0,1.0,0.3,0,gcn,1,,,,1,0,0.0,0,
glue|bert-base-uncased|stsb_wide|BC|t29|s15|confirm,glue,bert-base-uncased,stsb_wide,stsb,BC,confirm,29,15,spearman,curvature=1.0;gat_hidden_dim=128;gnn_input_clip=0.3;gnn_input_scale=0;graph_metric=cosine;hyp_gnn_type=gcn;hyperbolic_gnn=1;hyperbolic_readout=1;jk_mode=cat;learnable_curvature=0;lr=0.0002;num_layers=4;proj_dim=256;readout_clip=0.0;readout_scale=0;scorer_hidden=128;tau_quantile=0.05;weight_decay=0.0,128,cosine,cat,0.0002,4,256,128,0.05,0.0,81.64,248.03,0.14705,0.0,1.0,0.3,0,gcn,1,,,,1,0,0.0,0,
