run_key,target,model,setting,task,arm,stage,trial,seed,metric,detail,gat_hidden_dim,graph_metric,jk_mode,lr,num_layers,proj_dim,scorer_hidden,tau_quantile,weight_decay,score,elapsed_sec,mean_density,empty_frac,feature_mode,graph_curvature,rho_quantile,curvature,hyperbolic_readout,learnable_curvature,readout_clip,readout_scale,gnn_input_clip,gnn_input_scale,hyp_gnn_type,hyperbolic_gnn,tau
glue|roberta-base|rte_wide|baseline|t0|s42|tune,glue,roberta-base,rte_wide,rte,baseline,tune,0,42,acc,gat_hidden_dim=64;graph_metric=cosine;jk_mode=cat;lr=0.001;num_layers=2;proj_dim=256;scorer_hidden=128;tau_quantile=0.38;weight_decay=1e-05,64,cosine,cat,0.001,2,256,128,0.38,1e-05,57.4,73.48,0.37896,0.0,,,,,,,,,,,,,
glue|roberta-base|rte_wide|baseline|t1|s42|tune,glue,roberta-base,rte_wide,rte,baseline,tune,1,42,acc,gat_hidden_dim=128;graph_metric=cosine;jk_mode=cat;lr=0.001;num_layers=2;proj_dim=512;scorer_hidden=256;tau_quantile=0.2;weight_decay=5e-05,128,cosine,cat,0.001,2,512,256,0.2,5e-05,53.79,72.61,0.19909,0.0,,,,,,,,,,,,,
glue|roberta-base|rte_wide|baseline|t2|s42|tune,glue,roberta-base,rte_wide,rte,baseline,tune,2,42,acc,gat_hidden_dim=64;graph_metric=cosine;jk_mode=cat;lr=0.0002;num_layers=2;proj_dim=128;scorer_hidden=128;tau_quantile=0.05;weight_decay=0.0,64,cosine,cat,0.0002,2,128,128,0.05,0.0,54.51,73.39,0.05003,0.00391,,,,,,,,,,,,,
glue|roberta-base|rte_wide|baseline|t3|s42|tune,glue,roberta-base,rte_wide,rte,baseline,tune,3,42,acc,gat_hidden_dim=128;graph_metric=cosine;jk_mode=max;lr=2e-05;num_layers=2;proj_dim=128;scorer_hidden=128;tau_quantile=0.05;weight_decay=5e-05,128,cosine,max,2e-05,2,128,128,0.05,5e-05,54.87,72.71,0.05029,0.0,,,,,,,,,,,,,
glue|roberta-base|rte_wide|baseline|t4|s42|tune,glue,roberta-base,rte_wide,rte,baseline,tune,4,42,acc,gat_hidden_dim=256;graph_metric=cosine;jk_mode=max;lr=0.001;num_layers=4;proj_dim=256;scorer_hidden=128;tau_quantile=0.025;weight_decay=0.0,256,cosine,max,0.001,4,256,128,0.025,0.0,58.12,73.92,0.02556,0.0,,,,,,,,,,,,,
glue|roberta-base|rte_wide|baseline|t5|s42|tune,glue,roberta-base,rte_wide,rte,baseline,tune,5,42,acc,gat_hidden_dim=64;graph_metric=cosine;jk_mode=cat;lr=0.001;num_layers=4;proj_dim=512;scorer_hidden=256;tau_quantile=0.2;weight_decay=0.0,64,cosine,cat,0.001,4,512,256,0.2,0.0,52.71,75.92,0.19921,0.0,,,,,,,,,,,,,
glue|roberta-base|rte_wide|baseline|t6|s42|tune,glue,roberta-base,rte_wide,rte,baseline,tune,6,42,acc,gat_hidden_dim=64;graph_metric=cosine;jk_mode=max;lr=2e-05;num_layers=4;proj_dim=256;scorer_hidden=256;tau_quantile=0.1;weight_decay=1e-05,64,cosine,max,2e-05,4,256,256,0.1,1e-05,55.96,74.2,0.09964,0.0,,,,,,,,,,,,,
glue|roberta-base|rte_wide|baseline|t7|s42|tune,glue,roberta-base,rte_wide,rte,baseline,tune,7,42,acc,gat_hidden_dim=64;graph_metric=cosine;jk_mode=cat;lr=0.0002;num_layers=4;proj_dim=512;scorer_hidden=128;tau_quantile=0.38;weight_decay=1e-05,64,cosine,cat,0.0002,4,512,128,0.38,1e-05,56.32,74.31,0.37893,0.0,,,,,,,,,,,,,
glue|roberta-base|rte_wide|baseline|t8|s42|tune,glue,roberta-base,rte_wide,rte,baseline,tune,8,42,acc,gat_hidden_dim=128;graph_metric=cosine;jk_mode=cat;lr=0.001;num_layers=2;proj_dim=256;scorer_hidden=128;tau_quantile=0.1;weight_decay=1e-05,128,cosine,cat,0.001,2,256,128,0.1,1e-05,53.07,72.8,0.10019,0.0,,,,,,,,,,,,,
glue|roberta-base|rte_wide|baseline|t9|s42|tune,glue,roberta-base,rte_wide,rte,baseline,tune,9,42,acc,gat_hidden_dim=128;graph_metric=cosine;jk_mode=cat;lr=0.001;num_layers=4;proj_dim=128;scorer_hidden=256;tau_quantile=0.05;weight_decay=1e-05,128,cosine,cat,0.001,4,128,256,0.05,1e-05,54.87,74.71,0.05072,0.0,,,,,,,,,,,,,
glue|roberta-base|rte_wide|baseline|t10|s42|tune,glue,roberta-base,rte_wide,rte,baseline,tune,10,42,acc,gat_hidden_dim=256;graph_metric=cosine;jk_mode=max;lr=2e-05;num_layers=4;proj_dim=256;scorer_hidden=128;tau_quantile=0.38;weight_decay=1e-05,256,cosine,max,2e-05,4,256,128,0.38,1e-05,49.1,76.12,0.37886,0.0,,,,,,,,,,,,,
glue|roberta-base|rte_wide|baseline|t11|s42|tune,glue,roberta-base,rte_wide,rte,baseline,tune,11,42,acc,gat_hidden_dim=64;graph_metric=cosine;jk_mode=max;lr=2e-05;num_layers=4;proj_dim=128;scorer_hidden=256;tau_quantile=0.38;weight_decay=1e-05,64,cosine,max,2e-05,4,128,256,0.38,1e-05,55.96,74.84,0.37898,0.0,,,,,,,,,,,,,
glue|roberta-base|rte_wide|baseline|t12|s42|tune,glue,roberta-base,rte_wide,rte,baseline,tune,12,42,acc,gat_hidden_dim=128;graph_metric=cosine;jk_mode=cat;lr=0.0002;num_layers=2;proj_dim=512;scorer_hidden=128;tau_quantile=0.025;weight_decay=5e-05,128,cosine,cat,0.0002,2,512,128,0.025,5e-05,54.87,72.72,0.02552,0.00781,,,,,,,,,,,,,
glue|roberta-base|rte_wide|baseline|t13|s42|tune,glue,roberta-base,rte_wide,rte,baseline,tune,13,42,acc,gat_hidden_dim=256;graph_metric=cosine;jk_mode=max;lr=0.001;num_layers=4;proj_dim=128;scorer_hidden=128;tau_quantile=0.1;weight_decay=1e-05,256,cosine,max,0.001,4,128,128,0.1,1e-05,54.51,74.14,0.10026,0.0,,,,,,,,,,,,,
glue|roberta-base|rte_wide|baseline|t14|s42|tune,glue,roberta-base,rte_wide,rte,baseline,tune,14,42,acc,gat_hidden_dim=256;graph_metric=cosine;jk_mode=cat;lr=2e-05;num_layers=2;proj_dim=512;scorer_hidden=128;tau_quantile=0.05;weight_decay=5e-05,256,cosine,cat,2e-05,2,512,128,0.05,5e-05,56.32,72.59,0.0503,0.0,,,,,,,,,,,,,
glue|roberta-base|rte_wide|baseline|t15|s42|tune,glue,roberta-base,rte_wide,rte,baseline,tune,15,42,acc,gat_hidden_dim=128;graph_metric=cosine;jk_mode=max;lr=0.0002;num_layers=4;proj_dim=256;scorer_hidden=128;tau_quantile=0.1;weight_decay=0.0,128,cosine,max,0.0002,4,256,128,0.1,0.0,54.51,74.36,0.10038,0.0,,,,,,,,,,,,,
glue|roberta-base|rte_wide|baseline|t16|s42|tune,glue,roberta-base,rte_wide,rte,baseline,tune,16,42,acc,gat_hidden_dim=256;graph_metric=cosine;jk_mode=max;lr=0.0002;num_layers=2;proj_dim=512;scorer_hidden=128;tau_quantile=0.2;weight_decay=5e-05,256,cosine,max,0.0002,2,512,128,0.2,5e-05,56.32,72.94,0.19903,0.0,,,,,,,,,,,,,
glue|roberta-base|rte_wide|baseline|t17|s42|tune,glue,roberta-base,rte_wide,rte,baseline,tune,17,42,acc,gat_hidden_dim=64;graph_metric=cosine;jk_mode=cat;lr=0.001;num_layers=4;proj_dim=512;scorer_hidden=256;tau_quantile=0.025;weight_decay=5e-05,64,cosine,cat,0.001,4,512,256,0.025,5e-05,51.26,75.46,0.02557,0.0,,,,,,,,,,,,,
glue|roberta-base|rte_wide|baseline|t18|s42|tune,glue,roberta-base,rte_wide,rte,baseline,tune,18,42,acc,gat_hidden_dim=64;graph_metric=cosine;jk_mode=cat;lr=2e-05;num_layers=2;proj_dim=128;scorer_hidden=256;tau_quantile=0.05;weight_decay=1e-05,64,cosine,cat,2e-05,2,128,256,0.05,1e-05,50.54,73.7,0.05003,0.00391,,,,,,,,,,,,,
glue|roberta-base|rte_wide|baseline|t19|s42|tune,glue,roberta-base,rte_wide,rte,baseline,tune,19,42,acc,gat_hidden_dim=256;graph_metric=cosine;jk_mode=max;lr=0.0002;num_layers=2;proj_dim=128;scorer_hidden=128;tau_quantile=0.2;weight_decay=1e-05,256,cosine,max,0.0002,2,128,128,0.2,1e-05,56.68,73.47,0.19903,0.0,,,,,,,,,,,,,
glue|roberta-base|rte_wide|baseline|t20|s42|tune,glue,roberta-base,rte_wide,rte,baseline,tune,20,42,acc,gat_hidden_dim=128;graph_metric=cosine;jk_mode=cat;lr=0.001;num_layers=2;proj_dim=128;scorer_hidden=128;tau_quantile=0.05;weight_decay=0.0,128,cosine,cat,0.001,2,128,128,0.05,0.0,54.51,72.45,0.05041,0.00391,,,,,,,,,,,,,
glue|roberta-base|rte_wide|baseline|t21|s42|tune,glue,roberta-base,rte_wide,rte,baseline,tune,21,42,acc,gat_hidden_dim=256;graph_metric=cosine;jk_mode=max;lr=0.001;num_layers=2;proj_dim=256;scorer_hidden=256;tau_quantile=0.05;weight_decay=0.0,256,cosine,max,0.001,2,256,256,0.05,0.0,54.87,72.06,0.05067,0.0,,,,,,,,,,,,,
glue|roberta-base|rte_wide|baseline|t22|s42|tune,glue,roberta-base,rte_wide,rte,baseline,tune,22,42,acc,gat_hidden_dim=64;graph_metric=cosine;jk_mode=cat;lr=0.001;num_layers=2;proj_dim=128;scorer_hidden=256;tau_quantile=0.1;weight_decay=0.0,64,cosine,cat,0.001,2,128,256,0.1,0.0,56.32,73.12,0.10006,0.0,,,,,,,,,,,,,
glue|roberta-base|rte_wide|baseline|t23|s42|tune,glue,roberta-base,rte_wide,rte,baseline,tune,23,42,acc,gat_hidden_dim=64;graph_metric=cosine;jk_mode=cat;lr=0.001;num_layers=2;proj_dim=128;scorer_hidden=256;tau_quantile=0.025;weight_decay=0.0,64,cosine,cat,0.001,2,128,256,0.025,0.0,56.68,73.02,0.0255,0.00391,,,,,,,,,,,,,
glue|roberta-base|rte_wide|baseline|t24|s42|tune,glue,roberta-base,rte_wide,rte,baseline,tune,24,42,acc,gat_hidden_dim=64;graph_metric=cosine;jk_mode=max;lr=0.001;num_layers=2;proj_dim=256;scorer_hidden=256;tau_quantile=0.05;weight_decay=0.0,64,cosine,max,0.001,2,256,256,0.05,0.0,54.51,72.07,0.05041,0.0,,,,,,,,,,,,,
glue|roberta-base|rte_wide|baseline|t25|s42|tune,glue,roberta-base,rte_wide,rte,baseline,tune,25,42,acc,gat_hidden_dim=256;graph_metric=cosine;jk_mode=cat;lr=0.001;num_layers=4;proj_dim=512;scorer_hidden=256;tau_quantile=0.38;weight_decay=0.0,256,cosine,cat,0.001,4,512,256,0.38,0.0,52.71,77.34,0.37883,0.0,,,,,,,,,,,,,
glue|roberta-base|rte_wide|baseline|t26|s42|tune,glue,roberta-base,rte_wide,rte,baseline,tune,26,42,acc,gat_hidden_dim=128;graph_metric=cosine;jk_mode=cat;lr=0.0002;num_layers=2;proj_dim=128;scorer_hidden=128;tau_quantile=0.025;weight_decay=5e-05,128,cosine,cat,0.0002,2,128,128,0.025,5e-05,54.87,72.67,0.02552,0.00781,,,,,,,,,,,,,
glue|roberta-base|rte_wide|baseline|t27|s42|tune,glue,roberta-base,rte_wide,rte,baseline,tune,27,42,acc,gat_hidden_dim=128;graph_metric=cosine;jk_mode=cat;lr=0.0002;num_layers=4;proj_dim=256;scorer_hidden=128;tau_quantile=0.38;weight_decay=5e-05,128,cosine,cat,0.0002,4,256,128,0.38,5e-05,55.6,74.22,0.37883,0.0,,,,,,,,,,,,,
glue|roberta-base|rte_wide|baseline|t28|s42|tune,glue,roberta-base,rte_wide,rte,baseline,tune,28,42,acc,gat_hidden_dim=128;graph_metric=cosine;jk_mode=cat;lr=0.0002;num_layers=4;proj_dim=512;scorer_hidden=256;tau_quantile=0.1;weight_decay=1e-05,128,cosine,cat,0.0002,4,512,256,0.1,1e-05,54.51,74.28,0.0997,0.0,,,,,,,,,,,,,
glue|roberta-base|rte_wide|baseline|t29|s42|tune,glue,roberta-base,rte_wide,rte,baseline,tune,29,42,acc,gat_hidden_dim=64;graph_metric=cosine;jk_mode=max;lr=0.001;num_layers=2;proj_dim=512;scorer_hidden=128;tau_quantile=0.2;weight_decay=5e-05,64,cosine,max,0.001,2,512,128,0.2,5e-05,56.68,72.92,0.19914,0.0,,,,,,,,,,,,,
glue|roberta-base|rte_wide|baseline|t30|s42|tune,glue,roberta-base,rte_wide,rte,baseline,tune,30,42,acc,gat_hidden_dim=256;graph_metric=cosine;jk_mode=cat;lr=0.001;num_layers=2;proj_dim=128;scorer_hidden=256;tau_quantile=0.025;weight_decay=0.0,256,cosine,cat,0.001,2,128,256,0.025,0.0,55.96,72.67,0.02576,0.0,,,,,,,,,,,,,
glue|roberta-base|rte_wide|baseline|t31|s42|tune,glue,roberta-base,rte_wide,rte,baseline,tune,31,42,acc,gat_hidden_dim=256;graph_metric=cosine;jk_mode=cat;lr=2e-05;num_layers=2;proj_dim=128;scorer_hidden=128;tau_quantile=0.05;weight_decay=5e-05,256,cosine,cat,2e-05,2,128,128,0.05,5e-05,56.32,73.78,0.0503,0.0,,,,,,,,,,,,,
glue|roberta-base|rte_wide|baseline|t32|s42|tune,glue,roberta-base,rte_wide,rte,baseline,tune,32,42,acc,gat_hidden_dim=64;graph_metric=cosine;jk_mode=cat;lr=0.0002;num_layers=4;proj_dim=256;scorer_hidden=128;tau_quantile=0.2;weight_decay=1e-05,64,cosine,cat,0.0002,4,256,128,0.2,1e-05,58.12,74.1,0.19921,0.0,,,,,,,,,,,,,
glue|roberta-base|rte_wide|baseline|t33|s42|tune,glue,roberta-base,rte_wide,rte,baseline,tune,33,42,acc,gat_hidden_dim=128;graph_metric=cosine;jk_mode=cat;lr=0.0002;num_layers=4;proj_dim=512;scorer_hidden=256;tau_quantile=0.025;weight_decay=5e-05,128,cosine,cat,0.0002,4,512,256,0.025,5e-05,53.43,74.86,0.02586,0.0,,,,,,,,,,,,,
glue|roberta-base|rte_wide|baseline|t34|s42|tune,glue,roberta-base,rte_wide,rte,baseline,tune,34,42,acc,gat_hidden_dim=128;graph_metric=cosine;jk_mode=max;lr=0.0002;num_layers=4;proj_dim=128;scorer_hidden=256;tau_quantile=0.1;weight_decay=0.0,128,cosine,max,0.0002,4,128,256,0.1,0.0,54.51,74.13,0.10038,0.0,,,,,,,,,,,,,
glue|roberta-base|rte_wide|baseline|t35|s42|tune,glue,roberta-base,rte_wide,rte,baseline,tune,35,42,acc,gat_hidden_dim=256;graph_metric=cosine;jk_mode=max;lr=0.0002;num_layers=2;proj_dim=512;scorer_hidden=256;tau_quantile=0.2;weight_decay=5e-05,256,cosine,max,0.0002,2,512,256,0.2,5e-05,55.6,73.67,0.19903,0.0,,,,,,,,,,,,,
glue|roberta-base|rte_wide|baseline|t36|s42|tune,glue,roberta-base,rte_wide,rte,baseline,tune,36,42,acc,gat_hidden_dim=128;graph_metric=cosine;jk_mode=cat;lr=0.001;num_layers=2;proj_dim=128;scorer_hidden=128;tau_quantile=0.38;weight_decay=5e-05,128,cosine,cat,0.001,2,128,128,0.38,5e-05,53.79,72.68,0.37869,0.0,,,,,,,,,,,,,
glue|roberta-base|rte_wide|baseline|t37|s42|tune,glue,roberta-base,rte_wide,rte,baseline,tune,37,42,acc,gat_hidden_dim=256;graph_metric=cosine;jk_mode=cat;lr=0.0002;num_layers=4;proj_dim=512;scorer_hidden=128;tau_quantile=0.025;weight_decay=5e-05,256,cosine,cat,0.0002,4,512,128,0.025,5e-05,54.15,74.88,0.02563,0.0,,,,,,,,,,,,,
glue|roberta-base|rte_wide|baseline|t38|s42|tune,glue,roberta-base,rte_wide,rte,baseline,tune,38,42,acc,gat_hidden_dim=128;graph_metric=cosine;jk_mode=max;lr=0.0002;num_layers=2;proj_dim=256;scorer_hidden=256;tau_quantile=0.38;weight_decay=1e-05,128,cosine,max,0.0002,2,256,256,0.38,1e-05,53.79,73.81,0.37866,0.0,,,,,,,,,,,,,
glue|roberta-base|rte_wide|baseline|t39|s42|tune,glue,roberta-base,rte_wide,rte,baseline,tune,39,42,acc,gat_hidden_dim=256;graph_metric=cosine;jk_mode=max;lr=0.001;num_layers=4;proj_dim=512;scorer_hidden=256;tau_quantile=0.2;weight_decay=5e-05,256,cosine,max,0.001,4,512,256,0.2,5e-05,55.96,74.66,0.19914,0.0,,,,,,,,,,,,,
glue|roberta-base|rte_wide|A|t0|s42|tune,glue,roberta-base,rte_wide,rte,A,tune,0,42,acc,feature_mode=center;gat_hidden_dim=256;graph_curvature=9.0;graph_metric=poincare;jk_mode=max;lr=2e-05;num_layers=2;proj_dim=128;rho_quantile=0.1;scorer_hidden=128;weight_decay=1e-05,256,poincare,max,2e-05,2,128,128,,1e-05,51.26,87.83,0.09934,0.0,center,9.0,0.1,,,,,,,,,,
glue|roberta-base|rte_wide|A|t1|s42|tune,glue,roberta-base,rte_wide,rte,A,tune,1,42,acc,feature_mode=unit;gat_hidden_dim=128;graph_curvature=4.0;graph_metric=poincare;jk_mode=cat;lr=2e-05;num_layers=2;proj_dim=512;rho_quantile=0.2;scorer_hidden=128;weight_decay=0.0,128,poincare,cat,2e-05,2,512,128,,0.0,52.35,87.89,0.19845,0.0,unit,4.0,0.2,,,,,,,,,,
glue|roberta-base|rte_wide|A|t2|s42|tune,glue,roberta-base,rte_wide,rte,A,tune,2,42,acc,feature_mode=cls_root_unit;gat_hidden_dim=64;graph_curvature=9.0;graph_metric=poincare;jk_mode=cat;lr=0.001;num_layers=2;proj_dim=256;rho_quantile=0.1;scorer_hidden=256;weight_decay=0.0,64,poincare,cat,0.001,2,256,256,,0.0,55.23,88.13,0.09314,0.0,cls_root_unit,9.0,0.1,,,,,,,,,,
glue|roberta-base|rte_wide|A|t3|s42|tune,glue,roberta-base,rte_wide,rte,A,tune,3,42,acc,feature_mode=unit;gat_hidden_dim=64;graph_curvature=9.0;graph_metric=poincare;jk_mode=max;lr=0.001;num_layers=2;proj_dim=128;rho_quantile=0.38;scorer_hidden=128;weight_decay=5e-05,64,poincare,max,0.001,2,128,128,,5e-05,55.23,87.79,0.3782,0.0,unit,9.0,0.38,,,,,,,,,,
glue|roberta-base|rte_wide|A|t4|s42|tune,glue,roberta-base,rte_wide,rte,A,tune,4,42,acc,feature_mode=center_unit;gat_hidden_dim=64;graph_curvature=0.25;graph_metric=poincare;jk_mode=max;lr=0.001;num_layers=4;proj_dim=512;rho_quantile=0.2;scorer_hidden=128;weight_decay=1e-05,64,poincare,max,0.001,4,512,128,,1e-05,55.6,89.64,0.19882,0.0,center_unit,0.25,0.2,,,,,,,,,,
glue|roberta-base|rte_wide|A|t5|s42|tune,glue,roberta-base,rte_wide,rte,A,tune,5,42,acc,feature_mode=center_unit;gat_hidden_dim=64;graph_curvature=4.0;graph_metric=poincare;jk_mode=cat;lr=2e-05;num_layers=4;proj_dim=128;rho_quantile=0.05;scorer_hidden=128;weight_decay=5e-05,64,poincare,cat,2e-05,4,128,128,,5e-05,55.96,90.08,0.04998,0.0,center_unit,4.0,0.05,,,,,,,,,,
glue|roberta-base|rte_wide|A|t6|s42|tune,glue,roberta-base,rte_wide,rte,A,tune,6,42,acc,feature_mode=center;gat_hidden_dim=64;graph_curvature=9.0;graph_metric=poincare;jk_mode=cat;lr=2e-05;num_layers=4;proj_dim=512;rho_quantile=0.025;scorer_hidden=256;weight_decay=0.0,64,poincare,cat,2e-05,4,512,256,,0.0,57.04,88.52,0.02494,0.0,center,9.0,0.025,,,,,,,,,,
glue|roberta-base|rte_wide|A|t7|s42|tune,glue,roberta-base,rte_wide,rte,A,tune,7,42,acc,feature_mode=unit;gat_hidden_dim=128;graph_curvature=9.0;graph_metric=poincare;jk_mode=max;lr=2e-05;num_layers=2;proj_dim=128;rho_quantile=0.38;scorer_hidden=256;weight_decay=0.0,128,poincare,max,2e-05,2,128,256,,0.0,56.68,88.15,0.37818,0.0,unit,9.0,0.38,,,,,,,,,,
glue|roberta-base|rte_wide|A|t8|s42|tune,glue,roberta-base,rte_wide,rte,A,tune,8,42,acc,feature_mode=center_unit;gat_hidden_dim=256;graph_curvature=2.25;graph_metric=poincare;jk_mode=cat;lr=2e-05;num_layers=2;proj_dim=128;rho_quantile=0.05;scorer_hidden=256;weight_decay=1e-05,256,poincare,cat,2e-05,2,128,256,,1e-05,55.23,88.68,0.04978,0.0,center_unit,2.25,0.05,,,,,,,,,,
glue|roberta-base|rte_wide|A|t9|s42|tune,glue,roberta-base,rte_wide,rte,A,tune,9,42,acc,feature_mode=unit;gat_hidden_dim=64;graph_curvature=1.0;graph_metric=poincare;jk_mode=max;lr=0.001;num_layers=4;proj_dim=128;rho_quantile=0.05;scorer_hidden=128;weight_decay=5e-05,64,poincare,max,0.001,4,128,128,,5e-05,54.15,89.31,0.04992,0.0,unit,1.0,0.05,,,,,,,,,,
glue|roberta-base|rte_wide|A|t10|s42|tune,glue,roberta-base,rte_wide,rte,A,tune,10,42,acc,feature_mode=center;gat_hidden_dim=128;graph_curvature=4.0;graph_metric=poincare;jk_mode=max;lr=2e-05;num_layers=4;proj_dim=512;rho_quantile=0.1;scorer_hidden=128;weight_decay=0.0,128,poincare,max,2e-05,4,512,128,,0.0,51.62,88.44,0.09938,0.0,center,4.0,0.1,,,,,,,,,,
glue|roberta-base|rte_wide|A|t11|s42|tune,glue,roberta-base,rte_wide,rte,A,tune,11,42,acc,feature_mode=cls_root_unit;gat_hidden_dim=64;graph_curvature=1.0;graph_metric=poincare;jk_mode=cat;lr=0.001;num_layers=2;proj_dim=512;rho_quantile=0.38;scorer_hidden=128;weight_decay=1e-05,64,poincare,cat,0.001,2,512,128,,1e-05,57.4,88.25,0.37846,0.0,cls_root_unit,1.0,0.38,,,,,,,,,,
glue|roberta-base|rte_wide|A|t12|s42|tune,glue,roberta-base,rte_wide,rte,A,tune,12,42,acc,feature_mode=center_unit;gat_hidden_dim=128;graph_curvature=4.0;graph_metric=poincare;jk_mode=cat;lr=2e-05;num_layers=4;proj_dim=256;rho_quantile=0.05;scorer_hidden=128;weight_decay=5e-05,128,poincare,cat,2e-05,4,256,128,,5e-05,46.57,89.86,0.05012,0.0,center_unit,4.0,0.05,,,,,,,,,,
glue|roberta-base|rte_wide|A|t13|s42|tune,glue,roberta-base,rte_wide,rte,A,tune,13,42,acc,feature_mode=center_unit;gat_hidden_dim=128;graph_curvature=4.0;graph_metric=poincare;jk_mode=cat;lr=0.0002;num_layers=4;proj_dim=128;rho_quantile=0.38;scorer_hidden=256;weight_decay=5e-05,128,poincare,cat,0.0002,4,128,256,,5e-05,54.15,91.11,0.37815,0.0,center_unit,4.0,0.38,,,,,,,,,,
glue|roberta-base|rte_wide|A|t14|s42|tune,glue,roberta-base,rte_wide,rte,A,tune,14,42,acc,feature_mode=center;gat_hidden_dim=128;graph_curvature=0.25;graph_metric=poincare;jk_mode=cat;lr=0.001;num_layers=2;proj_dim=512;rho_quantile=0.05;scorer_hidden=256;weight_decay=1e-05,128,poincare,cat,0.001,2,512,256,,1e-05,54.51,87.07,0.04985,0.00391,center,0.25,0.05,,,,,,,,,,
glue|roberta-base|rte_wide|A|t15|s42|tune,glue,roberta-base,rte_wide,rte,A,tune,15,42,acc,feature_mode=center;gat_hidden_dim=128;graph_curvature=2.25;graph_metric=poincare;jk_mode=cat;lr=2e-05;num_layers=2;proj_dim=512;rho_quantile=0.025;scorer_hidden=256;weight_decay=1e-05,128,poincare,cat,2e-05,2,512,256,,1e-05,51.62,86.88,0.02486,0.01172,center,2.25,0.025,,,,,,,,,,
glue|roberta-base|rte_wide|A|t16|s42|tune,glue,roberta-base,rte_wide,rte,A,tune,16,42,acc,feature_mode=center;gat_hidden_dim=64;graph_curvature=1.0;graph_metric=poincare;jk_mode=max;lr=0.001;num_layers=2;proj_dim=512;rho_quantile=0.38;scorer_hidden=256;weight_decay=0.0,64,poincare,max,0.001,2,512,256,,0.0,54.87,87.5,0.37688,0.0,center,1.0,0.38,,,,,,,,,,
glue|roberta-base|rte_wide|A|t17|s42|tune,glue,roberta-base,rte_wide,rte,A,tune,17,42,acc,feature_mode=cls_root_unit;gat_hidden_dim=256;graph_curvature=0.25;graph_metric=poincare;jk_mode=max;lr=0.0002;num_layers=2;proj_dim=256;rho_quantile=0.1;scorer_hidden=256;weight_decay=5e-05,256,poincare,max,0.0002,2,256,256,,5e-05,55.96,87.55,0.09983,0.0,cls_root_unit,0.25,0.1,,,,,,,,,,
glue|roberta-base|rte_wide|A|t18|s42|tune,glue,roberta-base,rte_wide,rte,A,tune,18,42,acc,feature_mode=cls_root_unit;gat_hidden_dim=64;graph_curvature=0.25;graph_metric=poincare;jk_mode=max;lr=0.0002;num_layers=4;proj_dim=256;rho_quantile=0.05;scorer_hidden=256;weight_decay=1e-05,64,poincare,max,0.0002,4,256,256,,1e-05,56.32,89.58,0.04992,0.0,cls_root_unit,0.25,0.05,,,,,,,,,,
glue|roberta-base|rte_wide|A|t19|s42|tune,glue,roberta-base,rte_wide,rte,A,tune,19,42,acc,feature_mode=unit;gat_hidden_dim=256;graph_curvature=0.25;graph_metric=poincare;jk_mode=cat;lr=0.001;num_layers=4;proj_dim=512;rho_quantile=0.05;scorer_hidden=128;weight_decay=1e-05,256,poincare,cat,0.001,4,512,128,,1e-05,55.96,89.36,0.04962,0.0,unit,0.25,0.05,,,,,,,,,,
glue|roberta-base|rte_wide|A|t20|s42|tune,glue,roberta-base,rte_wide,rte,A,tune,20,42,acc,feature_mode=unit;gat_hidden_dim=128;graph_curvature=2.25;graph_metric=poincare;jk_mode=max;lr=2e-05;num_layers=4;proj_dim=128;rho_quantile=0.1;scorer_hidden=128;weight_decay=1e-05,128,poincare,max,2e-05,4,128,128,,1e-05,52.71,90.8,0.09968,0.0,unit,2.25,0.1,,,,,,,,,,
glue|roberta-base|rte_wide|A|t21|s42|tune,glue,roberta-base,rte_wide,rte,A,tune,21,42,acc,feature_mode=cls_root_unit;gat_hidden_dim=256;graph_curvature=1.0;graph_metric=poincare;jk_mode=cat;lr=2e-05;num_layers=2;proj_dim=128;rho_quantile=0.2;scorer_hidden=128;weight_decay=1e-05,256,poincare,cat,2e-05,2,128,128,,1e-05,56.32,87.28,0.19868,0.0,cls_root_unit,1.0,0.2,,,,,,,,,,
glue|roberta-base|rte_wide|A|t22|s42|tune,glue,roberta-base,rte_wide,rte,A,tune,22,42,acc,feature_mode=cls_root_unit;gat_hidden_dim=128;graph_curvature=9.0;graph_metric=poincare;jk_mode=max;lr=0.0002;num_layers=2;proj_dim=256;rho_quantile=0.025;scorer_hidden=256;weight_decay=1e-05,128,poincare,max,0.0002,2,256,256,,1e-05,52.71,87.67,0.02496,0.0,cls_root_unit,9.0,0.025,,,,,,,,,,
glue|roberta-base|rte_wide|A|t23|s42|tune,glue,roberta-base,rte_wide,rte,A,tune,23,42,acc,feature_mode=cls_root_unit;gat_hidden_dim=256;graph_curvature=4.0;graph_metric=poincare;jk_mode=max;lr=0.0002;num_layers=4;proj_dim=512;rho_quantile=0.2;scorer_hidden=256;weight_decay=0.0,256,poincare,max,0.0002,4,512,256,,0.0,57.04,89.68,0.19852,0.0,cls_root_unit,4.0,0.2,,,,,,,,,,
glue|roberta-base|rte_wide|A|t24|s42|tune,glue,roberta-base,rte_wide,rte,A,tune,24,42,acc,feature_mode=unit;gat_hidden_dim=256;graph_curvature=4.0;graph_metric=poincare;jk_mode=max;lr=0.001;num_layers=2;proj_dim=128;rho_quantile=0.38;scorer_hidden=128;weight_decay=0.0,256,poincare,max,0.001,2,128,128,,0.0,54.51,89.79,0.3781,0.0,unit,4.0,0.38,,,,,,,,,,
glue|roberta-base|rte_wide|A|t25|s42|tune,glue,roberta-base,rte_wide,rte,A,tune,25,42,acc,feature_mode=unit;gat_hidden_dim=128;graph_curvature=4.0;graph_metric=poincare;jk_mode=max;lr=2e-05;num_layers=4;proj_dim=256;rho_quantile=0.1;scorer_hidden=256;weight_decay=1e-05,128,poincare,max,2e-05,4,256,256,,1e-05,52.71,88.99,0.09968,0.0,unit,4.0,0.1,,,,,,,,,,
glue|roberta-base|rte_wide|A|t26|s42|tune,glue,roberta-base,rte_wide,rte,A,tune,26,42,acc,feature_mode=center_unit;gat_hidden_dim=64;graph_curvature=0.25;graph_metric=poincare;jk_mode=cat;lr=0.001;num_layers=4;proj_dim=512;rho_quantile=0.38;scorer_hidden=256;weight_decay=1e-05,64,poincare,cat,0.001,4,512,256,,1e-05,51.62,89.18,0.37807,0.0,center_unit,0.25,0.38,,,,,,,,,,
glue|roberta-base|rte_wide|A|t27|s42|tune,glue,roberta-base,rte_wide,rte,A,tune,27,42,acc,feature_mode=unit;gat_hidden_dim=256;graph_curvature=4.0;graph_metric=poincare;jk_mode=cat;lr=0.0002;num_layers=4;proj_dim=128;rho_quantile=0.1;scorer_hidden=256;weight_decay=1e-05,256,poincare,cat,0.0002,4,128,256,,1e-05,54.87,89.86,0.09941,0.0,unit,4.0,0.1,,,,,,,,,,
glue|roberta-base|rte_wide|A|t28|s42|tune,glue,roberta-base,rte_wide,rte,A,tune,28,42,acc,feature_mode=unit;gat_hidden_dim=256;graph_curvature=9.0;graph_metric=poincare;jk_mode=cat;lr=0.001;num_layers=4;proj_dim=128;rho_quantile=0.1;scorer_hidden=256;weight_decay=0.0,256,poincare,cat,0.001,4,128,256,,0.0,55.96,89.59,0.09939,0.0,unit,9.0,0.1,,,,,,,,,,
glue|roberta-base|rte_wide|A|t29|s42|tune,glue,roberta-base,rte_wide,rte,A,tune,29,42,acc,feature_mode=center_unit;gat_hidden_dim=64;graph_curvature=4.0;graph_metric=poincare;jk_mode=max;lr=0.0002;num_layers=4;proj_dim=256;rho_quantile=0.025;scorer_hidden=128;weight_decay=0.0,64,poincare,max,0.0002,4,256,128,,0.0,56.68,90.78,0.02477,0.0,center_unit,4.0,0.025,,,,,,,,,,
glue|roberta-base|rte_wide|A|t30|s42|tune,glue,roberta-base,rte_wide,rte,A,tune,30,42,acc,feature_mode=center;gat_hidden_dim=128;graph_curvature=4.0;graph_metric=poincare;jk_mode=cat;lr=0.0002;num_layers=4;proj_dim=512;rho_quantile=0.05;scorer_hidden=128;weight_decay=1e-05,128,poincare,cat,0.0002,4,512,128,,1e-05,54.15,88.83,0.04983,0.0,center,4.0,0.05,,,,,,,,,,
glue|roberta-base|rte_wide|A|t31|s42|tune,glue,roberta-base,rte_wide,rte,A,tune,31,42,acc,feature_mode=cls_root_unit;gat_hidden_dim=128;graph_curvature=2.25;graph_metric=poincare;jk_mode=cat;lr=0.001;num_layers=2;proj_dim=128;rho_quantile=0.2;scorer_hidden=256;weight_decay=0.0,128,poincare,cat,0.001,2,128,256,,0.0,51.62,87.81,0.19845,0.0,cls_root_unit,2.25,0.2,,,,,,,,,,
glue|roberta-base|rte_wide|A|t32|s42|tune,glue,roberta-base,rte_wide,rte,A,tune,32,42,acc,feature_mode=unit;gat_hidden_dim=128;graph_curvature=2.25;graph_metric=poincare;jk_mode=cat;lr=2e-05;num_layers=2;proj_dim=512;rho_quantile=0.38;scorer_hidden=256;weight_decay=0.0,128,poincare,cat,2e-05,2,512,256,,0.0,50.54,87.69,0.37795,0.0,unit,2.25,0.38,,,,,,,,,,
glue|roberta-base|rte_wide|A|t33|s42|tune,glue,roberta-base,rte_wide,rte,A,tune,33,42,acc,feature_mode=center;gat_hidden_dim=128;graph_curvature=0.25;graph_metric=poincare;jk_mode=max;lr=0.001;num_layers=2;proj_dim=512;rho_quantile=0.05;scorer_hidden=128;weight_decay=1e-05,128,poincare,max,0.001,2,512,128,,1e-05,57.04,88.23,0.04981,0.0,center,0.25,0.05,,,,,,,,,,
glue|roberta-base|rte_wide|A|t34|s42|tune,glue,roberta-base,rte_wide,rte,A,tune,34,42,acc,feature_mode=center;gat_hidden_dim=256;graph_curvature=9.0;graph_metric=poincare;jk_mode=max;lr=0.001;num_layers=2;proj_dim=128;rho_quantile=0.38;scorer_hidden=128;weight_decay=5e-05,256,poincare,max,0.001,2,128,128,,5e-05,54.15,88.32,0.3756,0.0,center,9.0,0.38,,,,,,,,,,
glue|roberta-base|rte_wide|A|t35|s42|tune,glue,roberta-base,rte_wide,rte,A,tune,35,42,acc,feature_mode=cls_root_unit;gat_hidden_dim=64;graph_curvature=2.25;graph_metric=poincare;jk_mode=max;lr=0.001;num_layers=2;proj_dim=128;rho_quantile=0.05;scorer_hidden=256;weight_decay=1e-05,64,poincare,max,0.001,2,128,256,,1e-05,53.79,87.37,0.04998,0.0,cls_root_unit,2.25,0.05,,,,,,,,,,
glue|roberta-base|rte_wide|A|t36|s42|tune,glue,roberta-base,rte_wide,rte,A,tune,36,42,acc,feature_mode=center;gat_hidden_dim=256;graph_curvature=4.0;graph_metric=poincare;jk_mode=max;lr=2e-05;num_layers=2;proj_dim=128;rho_quantile=0.025;scorer_hidden=256;weight_decay=5e-05,256,poincare,max,2e-05,2,128,256,,5e-05,52.35,86.63,0.02484,0.00391,center,4.0,0.025,,,,,,,,,,
glue|roberta-base|rte_wide|A|t37|s42|tune,glue,roberta-base,rte_wide,rte,A,tune,37,42,acc,feature_mode=center_unit;gat_hidden_dim=128;graph_curvature=2.25;graph_metric=poincare;jk_mode=cat;lr=0.001;num_layers=2;proj_dim=256;rho_quantile=0.05;scorer_hidden=128;weight_decay=1e-05,128,poincare,cat,0.001,2,256,128,,1e-05,54.51,88.01,0.04985,0.00391,center_unit,2.25,0.05,,,,,,,,,,
glue|roberta-base|rte_wide|A|t38|s42|tune,glue,roberta-base,rte_wide,rte,A,tune,38,42,acc,feature_mode=unit;gat_hidden_dim=256;graph_curvature=1.0;graph_metric=poincare;jk_mode=max;lr=0.001;num_layers=2;proj_dim=128;rho_quantile=0.1;scorer_hidden=256;weight_decay=0.0,256,poincare,max,0.001,2,128,256,,0.0,54.51,89.01,0.09983,0.0,unit,1.0,0.1,,,,,,,,,,
glue|roberta-base|rte_wide|A|t39|s42|tune,glue,roberta-base,rte_wide,rte,A,tune,39,42,acc,feature_mode=center_unit;gat_hidden_dim=128;graph_curvature=2.25;graph_metric=poincare;jk_mode=cat;lr=0.001;num_layers=4;proj_dim=256;rho_quantile=0.38;scorer_hidden=128;weight_decay=5e-05,128,poincare,cat,0.001,4,256,128,,5e-05,54.87,89.63,0.37815,0.0,center_unit,2.25,0.38,,,,,,,,,,
glue|roberta-base|rte_wide|B|t0|s42|tune,glue,roberta-base,rte_wide,rte,B,tune,0,42,acc,curvature=0.25;gat_hidden_dim=256;graph_metric=cosine;hyperbolic_readout=1;jk_mode=cat;learnable_curvature=0;lr=0.0002;num_layers=2;proj_dim=256;readout_clip=0.0;readout_scale=0;scorer_hidden=256;tau_quantile=0.025;weight_decay=5e-05,256,cosine,cat,0.0002,2,256,256,0.025,5e-05,55.23,77.45,0.02576,0.0,,,,0.25,1,0,0.0,0,,,,,
glue|roberta-base|rte_wide|B|t1|s42|tune,glue,roberta-base,rte_wide,rte,B,tune,1,42,acc,curvature=0.25;gat_hidden_dim=256;graph_metric=cosine;hyperbolic_readout=1;jk_mode=max;learnable_curvature=1;lr=0.0002;num_layers=2;proj_dim=512;readout_clip=0.3;readout_scale=1;scorer_hidden=128;tau_quantile=0.1;weight_decay=1e-05,256,cosine,max,0.0002,2,512,128,0.1,1e-05,54.87,77.35,0.10031,0.0,,,,0.25,1,1,0.3,1,,,,,
glue|roberta-base|rte_wide|B|t2|s42|tune,glue,roberta-base,rte_wide,rte,B,tune,2,42,acc,curvature=1.0;gat_hidden_dim=128;graph_metric=cosine;hyperbolic_readout=1;jk_mode=max;learnable_curvature=1;lr=0.0002;num_layers=2;proj_dim=512;readout_clip=0.0;readout_scale=0;scorer_hidden=128;tau_quantile=0.2;weight_decay=0.0,128,cosine,max,0.0002,2,512,128,0.2,0.0,56.68,76.58,0.19925,0.0,,,,1.0,1,1,0.0,0,,,,,
glue|roberta-base|rte_wide|B|t3|s42|tune,glue,roberta-base,rte_wide,rte,B,tune,3,42,acc,curvature=4.0;gat_hidden_dim=256;graph_metric=cosine;hyperbolic_readout=1;jk_mode=cat;learnable_curvature=1;lr=2e-05;num_layers=2;proj_dim=256;readout_clip=0.0;readout_scale=0;scorer_hidden=128;tau_quantile=0.025;weight_decay=1e-05,256,cosine,cat,2e-05,2,256,128,0.025,1e-05,50.9,76.86,0.02576,0.0,,,,4.0,1,1,0.0,0,,,,,
glue|roberta-base|rte_wide|B|t4|s42|tune,glue,roberta-base,rte_wide,rte,B,tune,4,42,acc,curvature=1.0;gat_hidden_dim=128;graph_metric=cosine;hyperbolic_readout=1;jk_mode=cat;learnable_curvature=1;lr=0.001;num_layers=2;proj_dim=128;readout_clip=1.0;readout_scale=1;scorer_hidden=128;tau_quantile=0.1;weight_decay=5e-05,128,cosine,cat,0.001,2,128,128,0.1,5e-05,55.6,76.73,0.10019,0.0,,,,1.0,1,1,1.0,1,,,,,
glue|roberta-base|rte_wide|B|t5|s42|tune,glue,roberta-base,rte_wide,rte,B,tune,5,42,acc,curvature=4.0;gat_hidden_dim=128;graph_metric=cosine;hyperbolic_readout=1;jk_mode=cat;learnable_curvature=1;lr=0.0002;num_layers=2;proj_dim=128;readout_clip=1.0;readout_scale=1;scorer_hidden=256;tau_quantile=0.38;weight_decay=1e-05,128,cosine,cat,0.0002,2,128,256,0.38,1e-05,56.68,78.19,0.37869,0.0,,,,4.0,1,1,1.0,1,,,,,
glue|roberta-base|rte_wide|B|t6|s42|tune,glue,roberta-base,rte_wide,rte,B,tune,6,42,acc,curvature=0.25;gat_hidden_dim=128;graph_metric=cosine;hyperbolic_readout=1;jk_mode=max;learnable_curvature=0;lr=2e-05;num_layers=2;proj_dim=256;readout_clip=0.3;readout_scale=0;scorer_hidden=128;tau_quantile=0.025;weight_decay=0.0,128,cosine,max,2e-05,2,256,128,0.025,0.0,52.71,76.04,0.02558,0.0,,,,0.25,1,0,0.3,0,,,,,
glue|roberta-base|rte_wide|B|t7|s42|tune,glue,roberta-base,rte_wide,rte,B,tune,7,42,acc,curvature=0.25;gat_hidden_dim=128;graph_metric=cosine;hyperbolic_readout=1;jk_mode=max;learnable_curvature=1;lr=0.001;num_layers=2;proj_dim=512;readout_clip=0.0;readout_scale=0;scorer_hidden=128;tau_quantile=0.05;weight_decay=5e-05,128,cosine,max,0.001,2,512,128,0.05,5e-05,53.79,76.53,0.05029,0.0,,,,0.25,1,1,0.0,0,,,,,
glue|roberta-base|rte_wide|B|t8|s42|tune,glue,roberta-base,rte_wide,rte,B,tune,8,42,acc,curvature=4.0;gat_hidden_dim=256;graph_metric=cosine;hyperbolic_readout=1;jk_mode=cat;learnable_curvature=1;lr=0.0002;num_layers=2;proj_dim=256;readout_clip=0.7;readout_scale=0;scorer_hidden=256;tau_quantile=0.05;weight_decay=5e-05,256,cosine,cat,0.0002,2,256,256,0.05,5e-05,54.51,76.58,0.0503,0.0,,,,4.0,1,1,0.7,0,,,,,
glue|roberta-base|rte_wide|B|t9|s42|tune,glue,roberta-base,rte_wide,rte,B,tune,9,42,acc,curvature=4.0;gat_hidden_dim=128;graph_metric=cosine;hyperbolic_readout=1;jk_mode=max;learnable_curvature=0;lr=0.0002;num_layers=2;proj_dim=256;readout_clip=1.0;readout_scale=1;scorer_hidden=256;tau_quantile=0.2;weight_decay=0.0,128,cosine,max,0.0002,2,256,256,0.2,0.0,54.51,75.98,0.19925,0.0,,,,4.0,1,0,1.0,1,,,,,
glue|roberta-base|rte_wide|B|t10|s42|tune,glue,roberta-base,rte_wide,rte,B,tune,10,42,acc,curvature=4.0;gat_hidden_dim=256;graph_metric=cosine;hyperbolic_readout=1;jk_mode=cat;learnable_curvature=0;lr=2e-05;num_layers=2;proj_dim=512;readout_clip=0.7;readout_scale=1;scorer_hidden=128;tau_quantile=0.05;weight_decay=0.0,256,cosine,cat,2e-05,2,512,128,0.05,0.0,50.18,76.03,0.0503,0.0,,,,4.0,1,0,0.7,1,,,,,
glue|roberta-base|rte_wide|B|t11|s42|tune,glue,roberta-base,rte_wide,rte,B,tune,11,42,acc,curvature=4.0;gat_hidden_dim=128;graph_metric=cosine;hyperbolic_readout=1;jk_mode=max;learnable_curvature=1;lr=2e-05;num_layers=4;proj_dim=256;readout_clip=0.0;readout_scale=0;scorer_hidden=128;tau_quantile=0.1;weight_decay=5e-05,128,cosine,max,2e-05,4,256,128,0.1,5e-05,52.71,78.31,0.10038,0.0,,,,4.0,1,1,0.0,0,,,,,
glue|roberta-base|rte_wide|B|t12|s42|tune,glue,roberta-base,rte_wide,rte,B,tune,12,42,acc,curvature=4.0;gat_hidden_dim=256;graph_metric=cosine;hyperbolic_readout=1;jk_mode=max;learnable_curvature=1;lr=2e-05;num_layers=4;proj_dim=128;readout_clip=0.3;readout_scale=0;scorer_hidden=128;tau_quantile=0.2;weight_decay=1e-05,256,cosine,max,2e-05,4,128,128,0.2,1e-05,47.29,79.04,0.19914,0.0,,,,4.0,1,1,0.3,0,,,,,
glue|roberta-base|rte_wide|B|t13|s42|tune,glue,roberta-base,rte_wide,rte,B,tune,13,42,acc,curvature=1.0;gat_hidden_dim=256;graph_metric=cosine;hyperbolic_readout=1;jk_mode=cat;learnable_curvature=0;lr=2e-05;num_layers=4;proj_dim=512;readout_clip=0.3;readout_scale=1;scorer_hidden=128;tau_quantile=0.025;weight_decay=0.0,256,cosine,cat,2e-05,4,512,128,0.025,0.0,52.71,79.33,0.02563,0.0,,,,1.0,1,0,0.3,1,,,,,
glue|roberta-base|rte_wide|B|t14|s42|tune,glue,roberta-base,rte_wide,rte,B,tune,14,42,acc,curvature=0.25;gat_hidden_dim=256;graph_metric=cosine;hyperbolic_readout=1;jk_mode=max;learnable_curvature=1;lr=2e-05;num_layers=2;proj_dim=512;readout_clip=1.0;readout_scale=0;scorer_hidden=128;tau_quantile=0.05;weight_decay=1e-05,256,cosine,max,2e-05,2,512,128,0.05,1e-05,52.71,76.01,0.05067,0.0,,,,0.25,1,1,1.0,0,,,,,
glue|roberta-base|rte_wide|B|t15|s42|tune,glue,roberta-base,rte_wide,rte,B,tune,15,42,acc,curvature=4.0;gat_hidden_dim=128;graph_metric=cosine;hyperbolic_readout=1;jk_mode=max;learnable_curvature=1;lr=2e-05;num_layers=4;proj_dim=512;readout_clip=0.3;readout_scale=1;scorer_hidden=256;tau_quantile=0.38;weight_decay=0.0,128,cosine,max,2e-05,4,512,256,0.38,0.0,52.71,78.55,0.37876,0.0,,,,4.0,1,1,0.3,1,,,,,
glue|roberta-base|rte_wide|B|t16|s42|tune,glue,roberta-base,rte_wide,rte,B,tune,16,42,acc,curvature=0.25;gat_hidden_dim=128;graph_metric=cosine;hyperbolic_readout=1;jk_mode=cat;learnable_curvature=1;lr=0.0002;num_layers=4;proj_dim=128;readout_clip=1.0;readout_scale=0;scorer_hidden=256;tau_quantile=0.05;weight_decay=0.0,128,cosine,cat,0.0002,4,128,256,0.05,0.0,54.15,80.01,0.05072,0.0,,,,0.25,1,1,1.0,0,,,,,
glue|roberta-base|rte_wide|B|t17|s42|tune,glue,roberta-base,rte_wide,rte,B,tune,17,42,acc,curvature=4.0;gat_hidden_dim=64;graph_metric=cosine;hyperbolic_readout=1;jk_mode=max;learnable_curvature=1;lr=2e-05;num_layers=2;proj_dim=512;readout_clip=0.3;readout_scale=0;scorer_hidden=256;tau_quantile=0.05;weight_decay=5e-05,64,cosine,max,2e-05,2,512,256,0.05,5e-05,47.29,76.71,0.05041,0.0,,,,4.0,1,1,0.3,0,,,,,
glue|roberta-base|rte_wide|B|t18|s42|tune,glue,roberta-base,rte_wide,rte,B,tune,18,42,acc,curvature=0.25;gat_hidden_dim=256;graph_metric=cosine;hyperbolic_readout=1;jk_mode=cat;learnable_curvature=1;lr=0.001;num_layers=2;proj_dim=512;readout_clip=0.7;readout_scale=0;scorer_hidden=256;tau_quantile=0.38;weight_decay=0.0,256,cosine,cat,0.001,2,512,256,0.38,0.0,56.68,77.21,0.37881,0.0,,,,0.25,1,1,0.7,0,,,,,
glue|roberta-base|rte_wide|B|t19|s42|tune,glue,roberta-base,rte_wide,rte,B,tune,19,42,acc,curvature=4.0;gat_hidden_dim=128;graph_metric=cosine;hyperbolic_readout=1;jk_mode=max;learnable_curvature=0;lr=2e-05;num_layers=2;proj_dim=512;readout_clip=0.0;readout_scale=0;scorer_hidden=256;tau_quantile=0.38;weight_decay=0.0,128,cosine,max,2e-05,2,512,256,0.38,0.0,52.71,75.44,0.37866,0.0,,,,4.0,1,0,0.0,0,,,,,
glue|roberta-base|rte_wide|B|t20|s42|tune,glue,roberta-base,rte_wide,rte,B,tune,20,42,acc,curvature=1.0;gat_hidden_dim=128;graph_metric=cosine;hyperbolic_readout=1;jk_mode=max;learnable_curvature=1;lr=0.001;num_layers=4;proj_dim=512;readout_clip=0.7;readout_scale=0;scorer_hidden=128;tau_quantile=0.1;weight_decay=1e-05,128,cosine,max,0.001,4,512,128,0.1,1e-05,54.15,78.18,0.10038,0.0,,,,1.0,1,1,0.7,0,,,,,
glue|roberta-base|rte_wide|B|t21|s42|tune,glue,roberta-base,rte_wide,rte,B,tune,21,42,acc,curvature=0.25;gat_hidden_dim=256;graph_metric=cosine;hyperbolic_readout=1;jk_mode=cat;learnable_curvature=1;lr=0.0002;num_layers=4;proj_dim=256;readout_clip=0.3;readout_scale=1;scorer_hidden=256;tau_quantile=0.2;weight_decay=1e-05,256,cosine,cat,0.0002,4,256,256,0.2,1e-05,57.76,78.81,0.19911,0.0,,,,0.25,1,1,0.3,1,,,,,
glue|roberta-base|rte_wide|B|t22|s42|tune,glue,roberta-base,rte_wide,rte,B,tune,22,42,acc,curvature=1.0;gat_hidden_dim=128;graph_metric=cosine;hyperbolic_readout=1;jk_mode=max;learnable_curvature=0;lr=0.001;num_layers=2;proj_dim=512;readout_clip=0.3;readout_scale=1;scorer_hidden=128;tau_quantile=0.2;weight_decay=5e-05,128,cosine,max,0.001,2,512,128,0.2,5e-05,56.68,75.68,0.19925,0.0,,,,1.0,1,0,0.3,1,,,,,
glue|roberta-base|rte_wide|B|t23|s42|tune,glue,roberta-base,rte_wide,rte,B,tune,23,42,acc,curvature=0.25;gat_hidden_dim=128;graph_metric=cosine;hyperbolic_readout=1;jk_mode=cat;learnable_curvature=0;lr=0.0002;num_layers=2;proj_dim=128;readout_clip=0.7;readout_scale=0;scorer_hidden=128;tau_quantile=0.2;weight_decay=1e-05,128,cosine,cat,0.0002,2,128,128,0.2,1e-05,57.04,76.13,0.19909,0.0,,,,0.25,1,0,0.7,0,,,,,
glue|roberta-base|rte_wide|B|t24|s42|tune,glue,roberta-base,rte_wide,rte,B,tune,24,42,acc,curvature=4.0;gat_hidden_dim=128;graph_metric=cosine;hyperbolic_readout=1;jk_mode=max;learnable_curvature=0;lr=2e-05;num_layers=2;proj_dim=128;readout_clip=0.3;readout_scale=0;scorer_hidden=128;tau_quantile=0.025;weight_decay=1e-05,128,cosine,max,2e-05,2,128,128,0.025,1e-05,52.71,76.1,0.02558,0.0,,,,4.0,1,0,0.3,0,,,,,
glue|roberta-base|rte_wide|B|t25|s42|tune,glue,roberta-base,rte_wide,rte,B,tune,25,42,acc,curvature=0.25;gat_hidden_dim=256;graph_metric=cosine;hyperbolic_readout=1;jk_mode=max;learnable_curvature=1;lr=2e-05;num_layers=2;proj_dim=512;readout_clip=0.7;readout_scale=1;scorer_hidden=128;tau_quantile=0.05;weight_decay=5e-05,256,cosine,max,2e-05,2,512,128,0.05,5e-05,52.71,76.2,0.05067,0.0,,,,0.25,1,1,0.7,1,,,,,
glue|roberta-base|rte_wide|B|t26|s42|tune,glue,roberta-base,rte_wide,rte,B,tune,26,42,acc,curvature=4.0;gat_hidden_dim=256;graph_metric=cosine;hyperbolic_readout=1;jk_mode=cat;learnable_curvature=0;lr=0.0002;num_layers=2;proj_dim=512;readout_clip=0.7;readout_scale=1;scorer_hidden=128;tau_quantile=0.38;weight_decay=0.0,256,cosine,cat,0.0002,2,512,128,0.38,0.0,57.76,76.74,0.37881,0.0,,,,4.0,1,0,0.7,1,,,,,
glue|roberta-base|rte_wide|B|t27|s42|tune,glue,roberta-base,rte_wide,rte,B,tune,27,42,acc,curvature=0.25;gat_hidden_dim=128;graph_metric=cosine;hyperbolic_readout=1;jk_mode=cat;learnable_curvature=0;lr=0.001;num_layers=4;proj_dim=128;readout_clip=0.0;readout_scale=0;scorer_hidden=256;tau_quantile=0.2;weight_decay=5e-05,128,cosine,cat,0.001,4,128,256,0.2,5e-05,54.87,77.7,0.19903,0.0,,,,0.25,1,0,0.0,0,,,,,
glue|roberta-base|rte_wide|B|t28|s42|tune,glue,roberta-base,rte_wide,rte,B,tune,28,42,acc,curvature=4.0;gat_hidden_dim=128;graph_metric=cosine;hyperbolic_readout=1;jk_mode=max;learnable_curvature=1;lr=2e-05;num_layers=4;proj_dim=128;readout_clip=0.0;readout_scale=1;scorer_hidden=256;tau_quantile=0.1;weight_decay=0.0,128,cosine,max,2e-05,4,128,256,0.1,0.0,52.71,78.09,0.10038,0.0,,,,4.0,1,1,0.0,1,,,,,
glue|roberta-base|rte_wide|B|t29|s42|tune,glue,roberta-base,rte_wide,rte,B,tune,29,42,acc,curvature=4.0;gat_hidden_dim=128;graph_metric=cosine;hyperbolic_readout=1;jk_mode=cat;learnable_curvature=0;lr=0.001;num_layers=2;proj_dim=512;readout_clip=0.7;readout_scale=0;scorer_hidden=256;tau_quantile=0.05;weight_decay=1e-05,128,cosine,cat,0.001,2,512,256,0.05,1e-05,53.07,75.83,0.05041,0.00391,,,,4.0,1,0,0.7,0,,,,,
glue|roberta-base|rte_wide|B|t30|s42|tune,glue,roberta-base,rte_wide,rte,B,tune,30,42,acc,curvature=0.25;gat_hidden_dim=128;graph_metric=cosine;hyperbolic_readout=1;jk_mode=max;learnable_curvature=1;lr=0.001;num_layers=4;proj_dim=256;readout_clip=1.0;readout_scale=1;scorer_hidden=128;tau_quantile=0.38;weight_decay=0.0,128,cosine,max,0.001,4,256,128,0.38,0.0,56.32,78.09,0.37876,0.0,,,,0.25,1,1,1.0,1,,,,,
glue|roberta-base|rte_wide|B|t31|s42|tune,glue,roberta-base,rte_wide,rte,B,tune,31,42,acc,curvature=0.25;gat_hidden_dim=64;graph_metric=cosine;hyperbolic_readout=1;jk_mode=max;learnable_curvature=1;lr=2e-05;num_layers=4;proj_dim=512;readout_clip=0.7;readout_scale=0;scorer_hidden=256;tau_quantile=0.05;weight_decay=5e-05,64,cosine,max,2e-05,4,512,256,0.05,5e-05,52.71,79.35,0.05043,0.0,,,,0.25,1,1,0.7,0,,,,,
glue|roberta-base|rte_wide|B|t32|s42|tune,glue,roberta-base,rte_wide,rte,B,tune,32,42,acc,curvature=1.0;gat_hidden_dim=64;graph_metric=cosine;hyperbolic_readout=1;jk_mode=max;learnable_curvature=0;lr=0.001;num_layers=2;proj_dim=512;readout_clip=0.7;readout_scale=0;scorer_hidden=128;tau_quantile=0.2;weight_decay=0.0,64,cosine,max,0.001,2,512,128,0.2,0.0,57.76,76.14,0.19914,0.0,,,,1.0,1,0,0.7,0,,,,,
glue|roberta-base|rte_wide|B|t33|s42|tune,glue,roberta-base,rte_wide,rte,B,tune,33,42,acc,curvature=1.0;gat_hidden_dim=128;graph_metric=cosine;hyperbolic_readout=1;jk_mode=max;learnable_curvature=0;lr=0.0002;num_layers=2;proj_dim=128;readout_clip=1.0;readout_scale=1;scorer_hidden=256;tau_quantile=0.025;weight_decay=0.0,128,cosine,max,0.0002,2,128,256,0.025,0.0,54.87,75.9,0.02558,0.0,,,,1.0,1,0,1.0,1,,,,,
glue|roberta-base|rte_wide|B|t34|s42|tune,glue,roberta-base,rte_wide,rte,B,tune,34,42,acc,curvature=1.0;gat_hidden_dim=64;graph_metric=cosine;hyperbolic_readout=1;jk_mode=cat;learnable_curvature=1;lr=2e-05;num_layers=4;proj_dim=256;readout_clip=0.7;readout_scale=1;scorer_hidden=128;tau_quantile=0.025;weight_decay=0.0,64,cosine,cat,2e-05,4,256,128,0.025,0.0,54.15,78.06,0.02557,0.0,,,,1.0,1,1,0.7,1,,,,,
glue|roberta-base|rte_wide|B|t35|s42|tune,glue,roberta-base,rte_wide,rte,B,tune,35,42,acc,curvature=1.0;gat_hidden_dim=256;graph_metric=cosine;hyperbolic_readout=1;jk_mode=cat;learnable_curvature=0;lr=0.001;num_layers=4;proj_dim=256;readout_clip=0.0;readout_scale=1;scorer_hidden=256;tau_quantile=0.025;weight_decay=5e-05,256,cosine,cat,0.001,4,256,256,0.025,5e-05,55.23,77.38,0.02563,0.0,,,,1.0,1,0,0.0,1,,,,,
glue|roberta-base|rte_wide|B|t36|s42|tune,glue,roberta-base,rte_wide,rte,B,tune,36,42,acc,curvature=4.0;gat_hidden_dim=128;graph_metric=cosine;hyperbolic_readout=1;jk_mode=max;learnable_curvature=0;lr=0.0002;num_layers=2;proj_dim=512;readout_clip=0.3;readout_scale=0;scorer_hidden=128;tau_quantile=0.2;weight_decay=1e-05,128,cosine,max,0.0002,2,512,128,0.2,1e-05,54.15,75.88,0.19925,0.0,,,,4.0,1,0,0.3,0,,,,,
glue|roberta-base|rte_wide|B|t37|s42|tune,glue,roberta-base,rte_wide,rte,B,tune,37,42,acc,curvature=0.25;gat_hidden_dim=256;graph_metric=cosine;hyperbolic_readout=1;jk_mode=max;learnable_curvature=1;lr=2e-05;num_layers=4;proj_dim=512;readout_clip=1.0;readout_scale=1;scorer_hidden=128;tau_quantile=0.1;weight_decay=0.0,256,cosine,max,2e-05,4,512,128,0.1,0.0,50.18,78.13,0.10026,0.0,,,,0.25,1,1,1.0,1,,,,,
glue|roberta-base|rte_wide|B|t38|s42|tune,glue,roberta-base,rte_wide,rte,B,tune,38,42,acc,curvature=1.0;gat_hidden_dim=128;graph_metric=cosine;hyperbolic_readout=1;jk_mode=max;learnable_curvature=0;lr=0.0002;num_layers=4;proj_dim=256;readout_clip=0.7;readout_scale=1;scorer_hidden=256;tau_quantile=0.025;weight_decay=0.0,128,cosine,max,0.0002,4,256,256,0.025,0.0,54.87,77.76,0.02563,0.0,,,,1.0,1,0,0.7,1,,,,,
glue|roberta-base|rte_wide|B|t39|s42|tune,glue,roberta-base,rte_wide,rte,B,tune,39,42,acc,curvature=1.0;gat_hidden_dim=128;graph_metric=cosine;hyperbolic_readout=1;jk_mode=max;learnable_curvature=1;lr=2e-05;num_layers=2;proj_dim=256;readout_clip=0.7;readout_scale=1;scorer_hidden=128;tau_quantile=0.025;weight_decay=0.0,128,cosine,max,2e-05,2,256,128,0.025,0.0,52.71,76.43,0.02558,0.0,,,,1.0,1,1,0.7,1,,,,,
glue|roberta-base|rte_wide|C|t0|s42|tune,glue,roberta-base,rte_wide,rte,C,tune,0,42,acc,curvature=1.0;gat_hidden_dim=64;gnn_input_clip=0.7;gnn_input_scale=0;graph_metric=cosine;hyp_gnn_type=gat;hyperbolic_gnn=1;jk_mode=cat;lr=0.0002;num_layers=4;proj_dim=512;scorer_hidden=256;tau_quantile=0.1;weight_decay=0.0,64,cosine,cat,0.0002,4,512,256,0.1,0.0,54.87,89.72,0.10033,0.0,,,,1.0,,,,,0.7,0,gat,1,
glue|roberta-base|rte_wide|C|t1|s42|tune,glue,roberta-base,rte_wide,rte,C,tune,1,42,acc,curvature=4.0;gat_hidden_dim=64;gnn_input_clip=1.0;gnn_input_scale=1;graph_metric=cosine;hyp_gnn_type=gat;hyperbolic_gnn=1;jk_mode=cat;lr=2e-05;num_layers=4;proj_dim=512;scorer_hidden=256;tau_quantile=0.05;weight_decay=5e-05,64,cosine,cat,2e-05,4,512,256,0.05,5e-05,53.43,88.42,0.05042,0.0,,,,4.0,,,,,1.0,1,gat,1,
glue|roberta-base|rte_wide|C|t2|s42|tune,glue,roberta-base,rte_wide,rte,C,tune,2,42,acc,curvature=1.0;gat_hidden_dim=128;gnn_input_clip=0.0;gnn_input_scale=1;graph_metric=cosine;hyp_gnn_type=gcn;hyperbolic_gnn=1;jk_mode=max;lr=0.0002;num_layers=4;proj_dim=512;scorer_hidden=128;tau_quantile=0.38;weight_decay=1e-05,128,cosine,max,0.0002,4,512,128,0.38,1e-05,56.32,91.86,0.3788,0.0,,,,1.0,,,,,0.0,1,gcn,1,
glue|roberta-base|rte_wide|C|t3|s42|tune,glue,roberta-base,rte_wide,rte,C,tune,3,42,acc,curvature=4.0;gat_hidden_dim=256;gnn_input_clip=0.3;gnn_input_scale=1;graph_metric=cosine;hyp_gnn_type=gat;hyperbolic_gnn=1;jk_mode=cat;lr=0.0002;num_layers=2;proj_dim=256;scorer_hidden=256;tau_quantile=0.38;weight_decay=1e-05,256,cosine,cat,0.0002,2,256,256,0.38,1e-05,55.23,81.92,0.37848,0.0,,,,4.0,,,,,0.3,1,gat,1,
glue|roberta-base|rte_wide|C|t4|s42|tune,glue,roberta-base,rte_wide,rte,C,tune,4,42,acc,curvature=4.0;gat_hidden_dim=64;gnn_input_clip=0.3;gnn_input_scale=1;graph_metric=cosine;hyp_gnn_type=gcn;hyperbolic_gnn=1;jk_mode=max;lr=0.001;num_layers=4;proj_dim=128;scorer_hidden=128;tau_quantile=0.05;weight_decay=5e-05,64,cosine,max,0.001,4,128,128,0.05,5e-05,52.71,91.67,0.05038,0.0,,,,4.0,,,,,0.3,1,gcn,1,
glue|roberta-base|rte_wide|C|t5|s42|tune,glue,roberta-base,rte_wide,rte,C,tune,5,42,acc,curvature=1.0;gat_hidden_dim=256;gnn_input_clip=0.7;gnn_input_scale=0;graph_metric=cosine;hyp_gnn_type=gcn;hyperbolic_gnn=1;jk_mode=cat;lr=2e-05;num_layers=2;proj_dim=512;scorer_hidden=256;tau_quantile=0.1;weight_decay=0.0,256,cosine,cat,2e-05,2,512,256,0.1,0.0,52.71,83.11,0.10015,0.0,,,,1.0,,,,,0.7,0,gcn,1,
glue|roberta-base|rte_wide|C|t6|s42|tune,glue,roberta-base,rte_wide,rte,C,tune,6,42,acc,curvature=1.0;gat_hidden_dim=64;gnn_input_clip=0.7;gnn_input_scale=0;graph_metric=cosine;hyp_gnn_type=gcn;hyperbolic_gnn=1;jk_mode=max;lr=0.0002;num_layers=4;proj_dim=128;scorer_hidden=256;tau_quantile=0.05;weight_decay=1e-05,64,cosine,max,0.0002,4,128,256,0.05,1e-05,52.71,89.71,0.05038,0.0,,,,1.0,,,,,0.7,0,gcn,1,
glue|roberta-base|rte_wide|C|t7|s42|tune,glue,roberta-base,rte_wide,rte,C,tune,7,42,acc,curvature=0.25;gat_hidden_dim=256;gnn_input_clip=1.0;gnn_input_scale=1;graph_metric=cosine;hyp_gnn_type=gcn;hyperbolic_gnn=1;jk_mode=max;lr=2e-05;num_layers=2;proj_dim=128;scorer_hidden=256;tau_quantile=0.1;weight_decay=0.0,256,cosine,max,2e-05,2,128,256,0.1,0.0,47.29,83.15,0.1006,0.0,,,,0.25,,,,,1.0,1,gcn,1,
glue|roberta-base|rte_wide|C|t8|s42|tune,glue,roberta-base,rte_wide,rte,C,tune,8,42,acc,curvature=0.25;gat_hidden_dim=128;gnn_input_clip=0.7;gnn_input_scale=1;graph_metric=cosine;hyp_gnn_type=gcn;hyperbolic_gnn=1;jk_mode=cat;lr=0.001;num_layers=4;proj_dim=256;scorer_hidden=128;tau_quantile=0.05;weight_decay=5e-05,128,cosine,cat,0.001,4,256,128,0.05,5e-05,57.76,91.0,0.05104,0.0,,,,0.25,,,,,0.7,1,gcn,1,
glue|roberta-base|rte_wide|C|t9|s42|tune,glue,roberta-base,rte_wide,rte,C,tune,9,42,acc,curvature=4.0;gat_hidden_dim=64;gnn_input_clip=0.0;gnn_input_scale=0;graph_metric=cosine;hyp_gnn_type=gat;hyperbolic_gnn=1;jk_mode=max;lr=0.001;num_layers=4;proj_dim=512;scorer_hidden=128;tau_quantile=0.05;weight_decay=5e-05,64,cosine,max,0.001,4,512,128,0.05,5e-05,53.43,88.36,0.05088,0.0,,,,4.0,,,,,0.0,0,gat,1,
glue|roberta-base|rte_wide|C|t10|s42|tune,glue,roberta-base,rte_wide,rte,C,tune,10,42,acc,curvature=4.0;gat_hidden_dim=64;gnn_input_clip=0.0;gnn_input_scale=1;graph_metric=cosine;hyp_gnn_type=gat;hyperbolic_gnn=1;jk_mode=max;lr=0.0002;num_layers=2;proj_dim=128;scorer_hidden=128;tau_quantile=0.05;weight_decay=0.0,64,cosine,max,0.0002,2,128,128,0.05,0.0,55.6,81.95,0.05059,0.0,,,,4.0,,,,,0.0,1,gat,1,
glue|roberta-base|rte_wide|C|t11|s42|tune,glue,roberta-base,rte_wide,rte,C,tune,11,42,acc,curvature=4.0;gat_hidden_dim=256;gnn_input_clip=0.0;gnn_input_scale=1;graph_metric=cosine;hyp_gnn_type=gcn;hyperbolic_gnn=1;jk_mode=max;lr=0.0002;num_layers=2;proj_dim=512;scorer_hidden=128;tau_quantile=0.05;weight_decay=1e-05,256,cosine,max,0.0002,2,512,128,0.05,1e-05,48.01,83.46,0.05039,0.0,,,,4.0,,,,,0.0,1,gcn,1,
glue|roberta-base|rte_wide|C|t12|s42|tune,glue,roberta-base,rte_wide,rte,C,tune,12,42,acc,curvature=1.0;gat_hidden_dim=64;gnn_input_clip=0.7;gnn_input_scale=0;graph_metric=cosine;hyp_gnn_type=gcn;hyperbolic_gnn=1;jk_mode=cat;lr=2e-05;num_layers=2;proj_dim=512;scorer_hidden=128;tau_quantile=0.2;weight_decay=1e-05,64,cosine,cat,2e-05,2,512,128,0.2,1e-05,53.07,82.86,0.19914,0.0,,,,1.0,,,,,0.7,0,gcn,1,
glue|roberta-base|rte_wide|C|t13|s42|tune,glue,roberta-base,rte_wide,rte,C,tune,13,42,acc,curvature=0.25;gat_hidden_dim=64;gnn_input_clip=0.0;gnn_input_scale=0;graph_metric=cosine;hyp_gnn_type=gat;hyperbolic_gnn=1;jk_mode=max;lr=0.001;num_layers=2;proj_dim=128;scorer_hidden=128;tau_quantile=0.2;weight_decay=1e-05,64,cosine,max,0.001,2,128,128,0.2,1e-05,58.12,80.88,0.19928,0.0,,,,0.25,,,,,0.0,0,gat,1,
glue|roberta-base|rte_wide|C|t14|s42|tune,glue,roberta-base,rte_wide,rte,C,tune,14,42,acc,curvature=1.0;gat_hidden_dim=256;gnn_input_clip=0.3;gnn_input_scale=0;graph_metric=cosine;hyp_gnn_type=gcn;hyperbolic_gnn=1;jk_mode=cat;lr=2e-05;num_layers=2;proj_dim=512;scorer_hidden=256;tau_quantile=0.1;weight_decay=1e-05,256,cosine,cat,2e-05,2,512,256,0.1,1e-05,51.62,81.93,0.10015,0.0,,,,1.0,,,,,0.3,0,gcn,1,
glue|roberta-base|rte_wide|C|t15|s42|tune,glue,roberta-base,rte_wide,rte,C,tune,15,42,acc,curvature=4.0;gat_hidden_dim=256;gnn_input_clip=0.3;gnn_input_scale=1;graph_metric=cosine;hyp_gnn_type=gat;hyperbolic_gnn=1;jk_mode=cat;lr=0.001;num_layers=4;proj_dim=256;scorer_hidden=256;tau_quantile=0.025;weight_decay=0.0,256,cosine,cat,0.001,4,256,256,0.025,0.0,51.26,88.42,0.02541,0.00391,,,,4.0,,,,,0.3,1,gat,1,
glue|roberta-base|rte_wide|C|t16|s42|tune,glue,roberta-base,rte_wide,rte,C,tune,16,42,acc,curvature=4.0;gat_hidden_dim=256;gnn_input_clip=0.3;gnn_input_scale=1;graph_metric=cosine;hyp_gnn_type=gcn;hyperbolic_gnn=1;jk_mode=cat;lr=0.001;num_layers=4;proj_dim=512;scorer_hidden=256;tau_quantile=0.38;weight_decay=1e-05,256,cosine,cat,0.001,4,512,256,0.38,1e-05,58.48,91.69,0.3787,0.0,,,,4.0,,,,,0.3,1,gcn,1,
glue|roberta-base|rte_wide|C|t17|s42|tune,glue,roberta-base,rte_wide,rte,C,tune,17,42,acc,curvature=1.0;gat_hidden_dim=256;gnn_input_clip=0.3;gnn_input_scale=1;graph_metric=cosine;hyp_gnn_type=gcn;hyperbolic_gnn=1;jk_mode=max;lr=0.001;num_layers=4;proj_dim=512;scorer_hidden=128;tau_quantile=0.2;weight_decay=1e-05,256,cosine,max,0.001,4,512,128,0.2,1e-05,57.76,91.67,0.19893,0.0,,,,1.0,,,,,0.3,1,gcn,1,
glue|roberta-base|rte_wide|C|t18|s42|tune,glue,roberta-base,rte_wide,rte,C,tune,18,42,acc,curvature=1.0;gat_hidden_dim=128;gnn_input_clip=0.7;gnn_input_scale=0;graph_metric=cosine;hyp_gnn_type=gcn;hyperbolic_gnn=1;jk_mode=max;lr=0.001;num_layers=4;proj_dim=256;scorer_hidden=128;tau_quantile=0.2;weight_decay=5e-05,128,cosine,max,0.001,4,256,128,0.2,5e-05,52.71,92.04,0.19903,0.0,,,,1.0,,,,,0.7,0,gcn,1,
glue|roberta-base|rte_wide|C|t19|s42|tune,glue,roberta-base,rte_wide,rte,C,tune,19,42,acc,curvature=0.25;gat_hidden_dim=64;gnn_input_clip=0.0;gnn_input_scale=1;graph_metric=cosine;hyp_gnn_type=gcn;hyperbolic_gnn=1;jk_mode=cat;lr=2e-05;num_layers=4;proj_dim=128;scorer_hidden=256;tau_quantile=0.38;weight_decay=0.0,64,cosine,cat,2e-05,4,128,256,0.38,0.0,48.74,90.96,0.37877,0.0,,,,0.25,,,,,0.0,1,gcn,1,
glue|roberta-base|rte_wide|C|t20|s42|tune,glue,roberta-base,rte_wide,rte,C,tune,20,42,acc,curvature=1.0;gat_hidden_dim=64;gnn_input_clip=0.3;gnn_input_scale=0;graph_metric=cosine;hyp_gnn_type=gat;hyperbolic_gnn=1;jk_mode=max;lr=0.0002;num_layers=2;proj_dim=128;scorer_hidden=256;tau_quantile=0.1;weight_decay=1e-05,64,cosine,max,0.0002,2,128,256,0.1,1e-05,52.71,80.69,0.09995,0.0,,,,1.0,,,,,0.3,0,gat,1,
glue|roberta-base|rte_wide|C|t21|s42|tune,glue,roberta-base,rte_wide,rte,C,tune,21,42,acc,curvature=1.0;gat_hidden_dim=128;gnn_input_clip=0.0;gnn_input_scale=0;graph_metric=cosine;hyp_gnn_type=gcn;hyperbolic_gnn=1;jk_mode=max;lr=2e-05;num_layers=2;proj_dim=256;scorer_hidden=128;tau_quantile=0.2;weight_decay=1e-05,128,cosine,max,2e-05,2,256,128,0.2,1e-05,52.35,82.4,0.19906,0.0,,,,1.0,,,,,0.0,0,gcn,1,
glue|roberta-base|rte_wide|C|t22|s42|tune,glue,roberta-base,rte_wide,rte,C,tune,22,42,acc,curvature=0.25;gat_hidden_dim=256;gnn_input_clip=0.0;gnn_input_scale=0;graph_metric=cosine;hyp_gnn_type=gcn;hyperbolic_gnn=1;jk_mode=max;lr=0.0002;num_layers=2;proj_dim=256;scorer_hidden=256;tau_quantile=0.1;weight_decay=5e-05,256,cosine,max,0.0002,2,256,256,0.1,5e-05,56.68,82.0,0.1006,0.0,,,,0.25,,,,,0.0,0,gcn,1,
glue|roberta-base|rte_wide|C|t23|s42|tune,glue,roberta-base,rte_wide,rte,C,tune,23,42,acc,curvature=0.25;gat_hidden_dim=128;gnn_input_clip=1.0;gnn_input_scale=0;graph_metric=cosine;hyp_gnn_type=gat;hyperbolic_gnn=1;jk_mode=cat;lr=0.001;num_layers=2;proj_dim=256;scorer_hidden=256;tau_quantile=0.2;weight_decay=5e-05,128,cosine,cat,0.001,2,256,256,0.2,5e-05,55.23,80.81,0.19913,0.0,,,,0.25,,,,,1.0,0,gat,1,
glue|roberta-base|rte_wide|C|t24|s42|tune,glue,roberta-base,rte_wide,rte,C,tune,24,42,acc,curvature=0.25;gat_hidden_dim=128;gnn_input_clip=0.0;gnn_input_scale=0;graph_metric=cosine;hyp_gnn_type=gcn;hyperbolic_gnn=1;jk_mode=cat;lr=0.0002;num_layers=4;proj_dim=256;scorer_hidden=256;tau_quantile=0.025;weight_decay=5e-05,128,cosine,cat,0.0002,4,256,256,0.025,5e-05,55.6,89.91,0.02553,0.00391,,,,0.25,,,,,0.0,0,gcn,1,
glue|roberta-base|rte_wide|C|t25|s42|tune,glue,roberta-base,rte_wide,rte,C,tune,25,42,acc,curvature=0.25;gat_hidden_dim=128;gnn_input_clip=0.7;gnn_input_scale=0;graph_metric=cosine;hyp_gnn_type=gcn;hyperbolic_gnn=1;jk_mode=cat;lr=0.0002;num_layers=2;proj_dim=128;scorer_hidden=256;tau_quantile=0.38;weight_decay=0.0,128,cosine,cat,0.0002,2,128,256,0.38,0.0,53.43,82.72,0.37879,0.0,,,,0.25,,,,,0.7,0,gcn,1,
glue|roberta-base|rte_wide|C|t26|s42|tune,glue,roberta-base,rte_wide,rte,C,tune,26,42,acc,curvature=0.25;gat_hidden_dim=256;gnn_input_clip=0.7;gnn_input_scale=0;graph_metric=cosine;hyp_gnn_type=gcn;hyperbolic_gnn=1;jk_mode=max;lr=0.001;num_layers=4;proj_dim=512;scorer_hidden=256;tau_quantile=0.2;weight_decay=0.0,256,cosine,max,0.001,4,512,256,0.2,0.0,58.84,90.29,0.19893,0.0,,,,0.25,,,,,0.7,0,gcn,1,
glue|roberta-base|rte_wide|C|t27|s42|tune,glue,roberta-base,rte_wide,rte,C,tune,27,42,acc,curvature=0.25;gat_hidden_dim=128;gnn_input_clip=1.0;gnn_input_scale=1;graph_metric=cosine;hyp_gnn_type=gcn;hyperbolic_gnn=1;jk_mode=max;lr=0.0002;num_layers=4;proj_dim=256;scorer_hidden=256;tau_quantile=0.05;weight_decay=1e-05,128,cosine,max,0.0002,4,256,256,0.05,1e-05,53.07,90.88,0.05059,0.0,,,,0.25,,,,,1.0,1,gcn,1,
glue|roberta-base|rte_wide|C|t28|s42|tune,glue,roberta-base,rte_wide,rte,C,tune,28,42,acc,curvature=1.0;gat_hidden_dim=64;gnn_input_clip=1.0;gnn_input_scale=0;graph_metric=cosine;hyp_gnn_type=gat;hyperbolic_gnn=1;jk_mode=cat;lr=2e-05;num_layers=2;proj_dim=512;scorer_hidden=128;tau_quantile=0.1;weight_decay=5e-05,64,cosine,cat,2e-05,2,512,128,0.1,5e-05,49.82,80.93,0.1002,0.0,,,,1.0,,,,,1.0,0,gat,1,
glue|roberta-base|rte_wide|C|t29|s42|tune,glue,roberta-base,rte_wide,rte,C,tune,29,42,acc,curvature=0.25;gat_hidden_dim=128;gnn_input_clip=0.0;gnn_input_scale=0;graph_metric=cosine;hyp_gnn_type=gat;hyperbolic_gnn=1;jk_mode=max;lr=0.001;num_layers=4;proj_dim=256;scorer_hidden=256;tau_quantile=0.025;weight_decay=0.0,128,cosine,max,0.001,4,256,256,0.025,0.0,49.1,88.56,0.02554,0.0,,,,0.25,,,,,0.0,0,gat,1,
glue|roberta-base|rte_wide|C|t30|s42|tune,glue,roberta-base,rte_wide,rte,C,tune,30,42,acc,curvature=0.25;gat_hidden_dim=128;gnn_input_clip=1.0;gnn_input_scale=1;graph_metric=cosine;hyp_gnn_type=gcn;hyperbolic_gnn=1;jk_mode=max;lr=0.001;num_layers=2;proj_dim=128;scorer_hidden=256;tau_quantile=0.2;weight_decay=0.0,128,cosine,max,0.001,2,128,256,0.2,0.0,57.76,82.91,0.19906,0.0,,,,0.25,,,,,1.0,1,gcn,1,
glue|roberta-base|rte_wide|C|t31|s42|tune,glue,roberta-base,rte_wide,rte,C,tune,31,42,acc,curvature=4.0;gat_hidden_dim=256;gnn_input_clip=1.0;gnn_input_scale=1;graph_metric=cosine;hyp_gnn_type=gat;hyperbolic_gnn=1;jk_mode=max;lr=0.0002;num_layers=4;proj_dim=128;scorer_hidden=128;tau_quantile=0.025;weight_decay=1e-05,256,cosine,max,0.0002,4,128,128,0.025,1e-05,53.43,88.24,0.02543,0.00391,,,,4.0,,,,,1.0,1,gat,1,
glue|roberta-base|rte_wide|C|t32|s42|tune,glue,roberta-base,rte_wide,rte,C,tune,32,42,acc,curvature=1.0;gat_hidden_dim=64;gnn_input_clip=0.3;gnn_input_scale=0;graph_metric=cosine;hyp_gnn_type=gat;hyperbolic_gnn=1;jk_mode=cat;lr=2e-05;num_layers=4;proj_dim=256;scorer_hidden=256;tau_quantile=0.2;weight_decay=5e-05,64,cosine,cat,2e-05,4,256,256,0.2,5e-05,54.15,87.54,0.19887,0.0,,,,1.0,,,,,0.3,0,gat,1,
glue|roberta-base|rte_wide|C|t33|s42|tune,glue,roberta-base,rte_wide,rte,C,tune,33,42,acc,curvature=0.25;gat_hidden_dim=256;gnn_input_clip=0.7;gnn_input_scale=1;graph_metric=cosine;hyp_gnn_type=gcn;hyperbolic_gnn=1;jk_mode=cat;lr=0.001;num_layers=2;proj_dim=128;scorer_hidden=128;tau_quantile=0.025;weight_decay=5e-05,256,cosine,cat,0.001,2,128,128,0.025,5e-05,54.51,83.13,0.02575,0.0,,,,0.25,,,,,0.7,1,gcn,1,
glue|roberta-base|rte_wide|C|t34|s42|tune,glue,roberta-base,rte_wide,rte,C,tune,34,42,acc,curvature=4.0;gat_hidden_dim=64;gnn_input_clip=0.7;gnn_input_scale=1;graph_metric=cosine;hyp_gnn_type=gat;hyperbolic_gnn=1;jk_mode=cat;lr=2e-05;num_layers=2;proj_dim=256;scorer_hidden=128;tau_quantile=0.38;weight_decay=5e-05,64,cosine,cat,2e-05,2,256,128,0.38,5e-05,49.1,81.87,0.37883,0.0,,,,4.0,,,,,0.7,1,gat,1,
glue|roberta-base|rte_wide|C|t35|s42|tune,glue,roberta-base,rte_wide,rte,C,tune,35,42,acc,curvature=4.0;gat_hidden_dim=64;gnn_input_clip=0.7;gnn_input_scale=1;graph_metric=cosine;hyp_gnn_type=gat;hyperbolic_gnn=1;jk_mode=max;lr=0.0002;num_layers=2;proj_dim=512;scorer_hidden=256;tau_quantile=0.1;weight_decay=5e-05,64,cosine,max,0.0002,2,512,256,0.1,5e-05,61.73,80.89,0.09995,0.0,,,,4.0,,,,,0.7,1,gat,1,
glue|roberta-base|rte_wide|C|t36|s42|tune,glue,roberta-base,rte_wide,rte,C,tune,36,42,acc,curvature=0.25;gat_hidden_dim=64;gnn_input_clip=0.0;gnn_input_scale=0;graph_metric=cosine;hyp_gnn_type=gcn;hyperbolic_gnn=1;jk_mode=max;lr=2e-05;num_layers=4;proj_dim=256;scorer_hidden=128;tau_quantile=0.05;weight_decay=1e-05,64,cosine,max,2e-05,4,256,128,0.05,1e-05,54.87,91.68,0.05038,0.0,,,,0.25,,,,,0.0,0,gcn,1,
glue|roberta-base|rte_wide|C|t37|s42|tune,glue,roberta-base,rte_wide,rte,C,tune,37,42,acc,curvature=4.0;gat_hidden_dim=256;gnn_input_clip=0.0;gnn_input_scale=0;graph_metric=cosine;hyp_gnn_type=gat;hyperbolic_gnn=1;jk_mode=cat;lr=0.001;num_layers=2;proj_dim=512;scorer_hidden=128;tau_quantile=0.38;weight_decay=5e-05,256,cosine,cat,0.001,2,512,128,0.38,5e-05,57.04,80.16,0.37848,0.0,,,,4.0,,,,,0.0,0,gat,1,
glue|roberta-base|rte_wide|C|t38|s42|tune,glue,roberta-base,rte_wide,rte,C,tune,38,42,acc,curvature=0.25;gat_hidden_dim=128;gnn_input_clip=0.3;gnn_input_scale=1;graph_metric=cosine;hyp_gnn_type=gcn;hyperbolic_gnn=1;jk_mode=cat;lr=0.001;num_layers=2;proj_dim=512;scorer_hidden=128;tau_quantile=0.1;weight_decay=0.0,128,cosine,cat,0.001,2,512,128,0.1,0.0,56.32,83.4,0.10026,0.0,,,,0.25,,,,,0.3,1,gcn,1,
glue|roberta-base|rte_wide|C|t39|s42|tune,glue,roberta-base,rte_wide,rte,C,tune,39,42,acc,curvature=1.0;gat_hidden_dim=64;gnn_input_clip=0.7;gnn_input_scale=0;graph_metric=cosine;hyp_gnn_type=gcn;hyperbolic_gnn=1;jk_mode=cat;lr=0.0002;num_layers=2;proj_dim=128;scorer_hidden=256;tau_quantile=0.05;weight_decay=5e-05,64,cosine,cat,0.0002,2,128,256,0.05,5e-05,60.65,81.39,0.05073,0.0,,,,1.0,,,,,0.7,0,gcn,1,
glue|roberta-base|rte_wide|AB|t0|s42|tune,glue,roberta-base,rte_wide,rte,AB,tune,0,42,acc,curvature=0.25;feature_mode=center;gat_hidden_dim=128;graph_curvature=2.25;graph_metric=poincare;hyperbolic_readout=1;jk_mode=max;learnable_curvature=1;lr=2e-05;num_layers=4;proj_dim=256;readout_clip=0.0;readout_scale=1;rho_quantile=0.05;scorer_hidden=256;weight_decay=1e-05,128,poincare,max,2e-05,4,256,256,,1e-05,52.71,92.3,0.0496,0.0,center,2.25,0.05,0.25,1,1,0.0,1,,,,,
glue|roberta-base|rte_wide|AB|t1|s42|tune,glue,roberta-base,rte_wide,rte,AB,tune,1,42,acc,curvature=4.0;feature_mode=center_unit;gat_hidden_dim=64;graph_curvature=0.25;graph_metric=poincare;hyperbolic_readout=1;jk_mode=max;learnable_curvature=0;lr=2e-05;num_layers=4;proj_dim=128;readout_clip=0.3;readout_scale=1;rho_quantile=0.38;scorer_hidden=256;weight_decay=0.0,64,poincare,max,2e-05,4,128,256,,0.0,52.71,92.43,0.37843,0.0,center_unit,0.25,0.38,4.0,1,0,0.3,1,,,,,
glue|roberta-base|rte_wide|AB|t2|s42|tune,glue,roberta-base,rte_wide,rte,AB,tune,2,42,acc,curvature=4.0;feature_mode=center;gat_hidden_dim=128;graph_curvature=1.0;graph_metric=poincare;hyperbolic_readout=1;jk_mode=cat;learnable_curvature=0;lr=0.0002;num_layers=4;proj_dim=128;readout_clip=0.3;readout_scale=1;rho_quantile=0.025;scorer_hidden=128;weight_decay=5e-05,128,poincare,cat,0.0002,4,128,128,,5e-05,55.6,91.49,0.02498,0.00391,center,1.0,0.025,4.0,1,0,0.3,1,,,,,
glue|roberta-base|rte_wide|AB|t3|s42|tune,glue,roberta-base,rte_wide,rte,AB,tune,3,42,acc,curvature=4.0;feature_mode=center_unit;gat_hidden_dim=64;graph_curvature=1.0;graph_metric=poincare;hyperbolic_readout=1;jk_mode=max;learnable_curvature=1;lr=0.0002;num_layers=4;proj_dim=512;readout_clip=0.7;readout_scale=1;rho_quantile=0.025;scorer_hidden=256;weight_decay=0.0,64,poincare,max,0.0002,4,512,256,,0.0,59.57,93.32,0.02477,0.0,center_unit,1.0,0.025,4.0,1,1,0.7,1,,,,,
glue|roberta-base|rte_wide|AB|t4|s42|tune,glue,roberta-base,rte_wide,rte,AB,tune,4,42,acc,curvature=0.25;feature_mode=cls_root_unit;gat_hidden_dim=64;graph_curvature=1.0;graph_metric=poincare;hyperbolic_readout=1;jk_mode=max;learnable_curvature=0;lr=0.001;num_layers=4;proj_dim=256;readout_clip=0.7;readout_scale=0;rho_quantile=0.05;scorer_hidden=128;weight_decay=1e-05,64,poincare,max,0.001,4,256,128,,1e-05,56.68,93.18,0.04992,0.0,cls_root_unit,1.0,0.05,0.25,1,0,0.7,0,,,,,
glue|roberta-base|rte_wide|AB|t5|s42|tune,glue,roberta-base,rte_wide,rte,AB,tune,5,42,acc,curvature=0.25;feature_mode=unit;gat_hidden_dim=64;graph_curvature=1.0;graph_metric=poincare;hyperbolic_readout=1;jk_mode=cat;learnable_curvature=0;lr=0.001;num_layers=4;proj_dim=128;readout_clip=1.0;readout_scale=1;rho_quantile=0.1;scorer_hidden=128;weight_decay=5e-05,64,poincare,cat,0.001,4,128,128,,5e-05,55.6,92.33,0.09942,0.0,unit,1.0,0.1,0.25,1,0,1.0,1,,,,,
glue|roberta-base|rte_wide|AB|t6|s42|tune,glue,roberta-base,rte_wide,rte,AB,tune,6,42,acc,curvature=1.0;feature_mode=center_unit;gat_hidden_dim=64;graph_curvature=9.0;graph_metric=poincare;hyperbolic_readout=1;jk_mode=max;learnable_curvature=1;lr=0.0002;num_layers=4;proj_dim=512;readout_clip=0.7;readout_scale=1;rho_quantile=0.1;scorer_hidden=256;weight_decay=1e-05,64,poincare,max,0.0002,4,512,256,,1e-05,59.57,93.38,0.09905,0.0,center_unit,9.0,0.1,1.0,1,1,0.7,1,,,,,
glue|roberta-base|rte_wide|AB|t7|s42|tune,glue,roberta-base,rte_wide,rte,AB,tune,7,42,acc,curvature=1.0;feature_mode=center_unit;gat_hidden_dim=128;graph_curvature=4.0;graph_metric=poincare;hyperbolic_readout=1;jk_mode=cat;learnable_curvature=0;lr=2e-05;num_layers=4;proj_dim=512;readout_clip=0.7;readout_scale=0;rho_quantile=0.2;scorer_hidden=256;weight_decay=1e-05,128,poincare,cat,2e-05,4,512,256,,1e-05,49.46,91.95,0.19861,0.0,center_unit,4.0,0.2,1.0,1,0,0.7,0,,,,,
glue|roberta-base|rte_wide|AB|t8|s42|tune,glue,roberta-base,rte_wide,rte,AB,tune,8,42,acc,curvature=0.25;feature_mode=center;gat_hidden_dim=128;graph_curvature=9.0;graph_metric=poincare;hyperbolic_readout=1;jk_mode=cat;learnable_curvature=0;lr=0.0002;num_layers=4;proj_dim=128;readout_clip=0.3;readout_scale=0;rho_quantile=0.05;scorer_hidden=256;weight_decay=1e-05,128,poincare,cat,0.0002,4,128,256,,1e-05,54.15,92.25,0.04991,0.0,center,9.0,0.05,0.25,1,0,0.3,0,,,,,
glue|roberta-base|rte_wide|AB|t9|s42|tune,glue,roberta-base,rte_wide,rte,AB,tune,9,42,acc,curvature=1.0;feature_mode=center_unit;gat_hidden_dim=256;graph_curvature=0.25;graph_metric=poincare;hyperbolic_readout=1;jk_mode=cat;learnable_curvature=0;lr=0.0002;num_layers=4;proj_dim=512;readout_clip=0.3;readout_scale=0;rho_quantile=0.05;scorer_hidden=128;weight_decay=5e-05,256,poincare,cat,0.0002,4,512,128,,5e-05,55.6,92.38,0.04962,0.0,center_unit,0.25,0.05,1.0,1,0,0.3,0,,,,,
glue|roberta-base|rte_wide|AB|t10|s42|tune,glue,roberta-base,rte_wide,rte,AB,tune,10,42,acc,curvature=0.25;feature_mode=center;gat_hidden_dim=128;graph_curvature=2.25;graph_metric=poincare;hyperbolic_readout=1;jk_mode=max;learnable_curvature=0;lr=0.0002;num_layers=2;proj_dim=128;readout_clip=0.0;readout_scale=1;rho_quantile=0.1;scorer_hidden=256;weight_decay=1e-05,128,poincare,max,0.0002,2,128,256,,1e-05,54.87,90.07,0.09883,0.0,center,2.25,0.1,0.25,1,0,0.0,1,,,,,
glue|roberta-base|rte_wide|AB|t11|s42|tune,glue,roberta-base,rte_wide,rte,AB,tune,11,42,acc,curvature=1.0;feature_mode=center;gat_hidden_dim=64;graph_curvature=4.0;graph_metric=poincare;hyperbolic_readout=1;jk_mode=cat;learnable_curvature=1;lr=2e-05;num_layers=4;proj_dim=256;readout_clip=0.3;readout_scale=0;rho_quantile=0.05;scorer_hidden=256;weight_decay=1e-05,64,poincare,cat,2e-05,4,256,256,,1e-05,52.71,92.27,0.04972,0.0,center,4.0,0.05,1.0,1,1,0.3,0,,,,,
glue|roberta-base|rte_wide|AB|t12|s42|tune,glue,roberta-base,rte_wide,rte,AB,tune,12,42,acc,curvature=0.25;feature_mode=cls_root_unit;gat_hidden_dim=64;graph_curvature=0.25;graph_metric=poincare;hyperbolic_readout=1;jk_mode=max;learnable_curvature=1;lr=0.001;num_layers=4;proj_dim=512;readout_clip=0.0;readout_scale=0;rho_quantile=0.2;scorer_hidden=256;weight_decay=1e-05,64,poincare,max,0.001,4,512,256,,1e-05,53.43,92.78,0.19883,0.0,cls_root_unit,0.25,0.2,0.25,1,1,0.0,0,,,,,
glue|roberta-base|rte_wide|AB|t13|s42|tune,glue,roberta-base,rte_wide,rte,AB,tune,13,42,acc,curvature=4.0;feature_mode=unit;gat_hidden_dim=128;graph_curvature=4.0;graph_metric=poincare;hyperbolic_readout=1;jk_mode=max;learnable_curvature=1;lr=2e-05;num_layers=2;proj_dim=512;readout_clip=0.3;readout_scale=0;rho_quantile=0.025;scorer_hidden=128;weight_decay=5e-05,128,poincare,max,2e-05,2,512,128,,5e-05,52.71,91.54,0.02499,0.0,unit,4.0,0.025,4.0,1,1,0.3,0,,,,,
glue|roberta-base|rte_wide|AB|t14|s42|tune,glue,roberta-base,rte_wide,rte,AB,tune,14,42,acc,curvature=0.25;feature_mode=cls_root_unit;gat_hidden_dim=256;graph_curvature=4.0;graph_metric=poincare;hyperbolic_readout=1;jk_mode=cat;learnable_curvature=1;lr=0.001;num_layers=4;proj_dim=512;readout_clip=0.0;readout_scale=1;rho_quantile=0.2;scorer_hidden=128;weight_decay=5e-05,256,poincare,cat,0.001,4,512,128,,5e-05,54.87,93.67,0.19868,0.0,cls_root_unit,4.0,0.2,0.25,1,1,0.0,1,,,,,
glue|roberta-base|rte_wide|AB|t15|s42|tune,glue,roberta-base,rte_wide,rte,AB,tune,15,42,acc,curvature=1.0;feature_mode=center_unit;gat_hidden_dim=64;graph_curvature=4.0;graph_metric=poincare;hyperbolic_readout=1;jk_mode=cat;learnable_curvature=0;lr=0.0002;num_layers=2;proj_dim=512;readout_clip=0.7;readout_scale=1;rho_quantile=0.025;scorer_hidden=128;weight_decay=0.0,64,poincare,cat,0.0002,2,512,128,,0.0,54.87,90.64,0.02496,0.00391,center_unit,4.0,0.025,1.0,1,0,0.7,1,,,,,
glue|roberta-base|rte_wide|AB|t16|s42|tune,glue,roberta-base,rte_wide,rte,AB,tune,16,42,acc,curvature=0.25;feature_mode=cls_root_unit;gat_hidden_dim=256;graph_curvature=9.0;graph_metric=poincare;hyperbolic_readout=1;jk_mode=cat;learnable_curvature=0;lr=0.0002;num_layers=4;proj_dim=512;readout_clip=0.3;readout_scale=0;rho_quantile=0.1;scorer_hidden=128;weight_decay=1e-05,256,poincare,cat,0.0002,4,512,128,,1e-05,57.04,92.5,0.09087,0.0,cls_root_unit,9.0,0.1,0.25,1,0,0.3,0,,,,,
glue|roberta-base|rte_wide|AB|t17|s42|tune,glue,roberta-base,rte_wide,rte,AB,tune,17,42,acc,curvature=4.0;feature_mode=center;gat_hidden_dim=256;graph_curvature=2.25;graph_metric=poincare;hyperbolic_readout=1;jk_mode=cat;learnable_curvature=0;lr=2e-05;num_layers=2;proj_dim=128;readout_clip=0.3;readout_scale=0;rho_quantile=0.38;scorer_hidden=128;weight_decay=0.0,256,poincare,cat,2e-05,2,128,128,,0.0,47.29,90.36,0.37565,0.0,center,2.25,0.38,4.0,1,0,0.3,0,,,,,
glue|roberta-base|rte_wide|AB|t18|s42|tune,glue,roberta-base,rte_wide,rte,AB,tune,18,42,acc,curvature=0.25;feature_mode=center_unit;gat_hidden_dim=64;graph_curvature=9.0;graph_metric=poincare;hyperbolic_readout=1;jk_mode=cat;learnable_curvature=1;lr=0.0002;num_layers=4;proj_dim=256;readout_clip=0.7;readout_scale=1;rho_quantile=0.38;scorer_hidden=128;weight_decay=5e-05,64,poincare,cat,0.0002,4,256,128,,5e-05,55.96,92.92,0.37791,0.0,center_unit,9.0,0.38,0.25,1,1,0.7,1,,,,,
glue|roberta-base|rte_wide|AB|t19|s42|tune,glue,roberta-base,rte_wide,rte,AB,tune,19,42,acc,curvature=4.0;feature_mode=cls_root_unit;gat_hidden_dim=256;graph_curvature=0.25;graph_metric=poincare;hyperbolic_readout=1;jk_mode=max;learnable_curvature=1;lr=2e-05;num_layers=2;proj_dim=128;readout_clip=0.0;readout_scale=0;rho_quantile=0.38;scorer_hidden=128;weight_decay=1e-05,256,poincare,max,2e-05,2,128,128,,1e-05,52.71,91.88,0.37811,0.0,cls_root_unit,0.25,0.38,4.0,1,1,0.0,0,,,,,
glue|roberta-base|rte_wide|AB|t20|s42|tune,glue,roberta-base,rte_wide,rte,AB,tune,20,42,acc,curvature=0.25;feature_mode=cls_root_unit;gat_hidden_dim=256;graph_curvature=4.0;graph_metric=poincare;hyperbolic_readout=1;jk_mode=cat;learnable_curvature=0;lr=0.0002;num_layers=2;proj_dim=256;readout_clip=1.0;readout_scale=0;rho_quantile=0.1;scorer_hidden=128;weight_decay=0.0,256,poincare,cat,0.0002,2,256,128,,0.0,57.04,90.83,0.09959,0.0,cls_root_unit,4.0,0.1,0.25,1,0,1.0,0,,,,,
glue|roberta-base|rte_wide|AB|t21|s42|tune,glue,roberta-base,rte_wide,rte,AB,tune,21,42,acc,curvature=1.0;feature_mode=cls_root_unit;gat_hidden_dim=256;graph_curvature=9.0;graph_metric=poincare;hyperbolic_readout=1;jk_mode=max;learnable_curvature=1;lr=0.0002;num_layers=2;proj_dim=128;readout_clip=0.3;readout_scale=0;rho_quantile=0.38;scorer_hidden=256;weight_decay=1e-05,256,poincare,max,0.0002,2,128,256,,1e-05,54.87,91.85,0.37807,0.0,cls_root_unit,9.0,0.38,1.0,1,1,0.3,0,,,,,
glue|roberta-base|rte_wide|AB|t22|s42|tune,glue,roberta-base,rte_wide,rte,AB,tune,22,42,acc,curvature=4.0;feature_mode=center_unit;gat_hidden_dim=256;graph_curvature=9.0;graph_metric=poincare;hyperbolic_readout=1;jk_mode=max;learnable_curvature=1;lr=0.0002;num_layers=2;proj_dim=256;readout_clip=0.3;readout_scale=0;rho_quantile=0.05;scorer_hidden=256;weight_decay=0.0,256,poincare,max,0.0002,2,256,256,,0.0,53.43,91.39,0.05031,0.0,center_unit,9.0,0.05,4.0,1,1,0.3,0,,,,,
glue|roberta-base|rte_wide|AB|t23|s42|tune,glue,roberta-base,rte_wide,rte,AB,tune,23,42,acc,curvature=0.25;feature_mode=center;gat_hidden_dim=128;graph_curvature=0.25;graph_metric=poincare;hyperbolic_readout=1;jk_mode=max;learnable_curvature=0;lr=0.0002;num_layers=4;proj_dim=128;readout_clip=0.7;readout_scale=0;rho_quantile=0.1;scorer_hidden=256;weight_decay=5e-05,128,poincare,max,0.0002,4,128,256,,5e-05,56.68,90.89,0.09968,0.0,center,0.25,0.1,0.25,1,0,0.7,0,,,,,
glue|roberta-base|rte_wide|AB|t24|s42|tune,glue,roberta-base,rte_wide,rte,AB,tune,24,42,acc,curvature=0.25;feature_mode=center_unit;gat_hidden_dim=256;graph_curvature=9.0;graph_metric=poincare;hyperbolic_readout=1;jk_mode=cat;learnable_curvature=1;lr=0.001;num_layers=2;proj_dim=256;readout_clip=0.0;readout_scale=0;rho_quantile=0.05;scorer_hidden=256;weight_decay=0.0,256,poincare,cat,0.001,2,256,256,,0.0,55.6,92.33,0.04977,0.0,center_unit,9.0,0.05,0.25,1,1,0.0,0,,,,,
glue|roberta-base|rte_wide|AB|t25|s42|tune,glue,roberta-base,rte_wide,rte,AB,tune,25,42,acc,curvature=0.25;feature_mode=cls_root_unit;gat_hidden_dim=256;graph_curvature=2.25;graph_metric=poincare;hyperbolic_readout=1;jk_mode=cat;learnable_curvature=0;lr=0.0002;num_layers=4;proj_dim=128;readout_clip=0.3;readout_scale=0;rho_quantile=0.1;scorer_hidden=256;weight_decay=1e-05,256,poincare,cat,0.0002,4,128,256,,1e-05,58.48,92.07,0.0994,0.0,cls_root_unit,2.25,0.1,0.25,1,0,0.3,0,,,,,
glue|roberta-base|rte_wide|AB|t26|s42|tune,glue,roberta-base,rte_wide,rte,AB,tune,26,42,acc,curvature=1.0;feature_mode=center;gat_hidden_dim=128;graph_curvature=9.0;graph_metric=poincare;hyperbolic_readout=1;jk_mode=cat;learnable_curvature=1;lr=2e-05;num_layers=4;proj_dim=512;readout_clip=0.7;readout_scale=0;rho_quantile=0.025;scorer_hidden=256;weight_decay=0.0,128,poincare,cat,2e-05,4,512,256,,0.0,50.54,91.92,0.02496,0.00391,center,9.0,0.025,1.0,1,1,0.7,0,,,,,
glue|roberta-base|rte_wide|AB|t27|s42|tune,glue,roberta-base,rte_wide,rte,AB,tune,27,42,acc,curvature=1.0;feature_mode=center_unit;gat_hidden_dim=256;graph_curvature=9.0;graph_metric=poincare;hyperbolic_readout=1;jk_mode=max;learnable_curvature=1;lr=2e-05;num_layers=2;proj_dim=512;readout_clip=1.0;readout_scale=0;rho_quantile=0.1;scorer_hidden=256;weight_decay=5e-05,256,poincare,max,2e-05,2,512,256,,5e-05,52.71,91.27,0.09977,0.0,center_unit,9.0,0.1,1.0,1,1,1.0,0,,,,,
glue|roberta-base|rte_wide|AB|t28|s42|tune,glue,roberta-base,rte_wide,rte,AB,tune,28,42,acc,curvature=1.0;feature_mode=cls_root_unit;gat_hidden_dim=256;graph_curvature=4.0;graph_metric=poincare;hyperbolic_readout=1;jk_mode=max;learnable_curvature=0;lr=0.001;num_layers=2;proj_dim=512;readout_clip=0.7;readout_scale=0;rho_quantile=0.2;scorer_hidden=256;weight_decay=0.0,256,poincare,max,0.001,2,512,256,,0.0,54.15,90.96,0.19871,0.0,cls_root_unit,4.0,0.2,1.0,1,0,0.7,0,,,,,
glue|roberta-base|rte_wide|AB|t29|s42|tune,glue,roberta-base,rte_wide,rte,AB,tune,29,42,acc,curvature=0.25;feature_mode=center_unit;gat_hidden_dim=128;graph_curvature=1.0;graph_metric=poincare;hyperbolic_readout=1;jk_mode=cat;learnable_curvature=0;lr=0.0002;num_layers=2;proj_dim=256;readout_clip=0.0;readout_scale=1;rho_quantile=0.05;scorer_hidden=256;weight_decay=5e-05,128,poincare,cat,0.0002,2,256,256,,5e-05,57.04,90.31,0.04985,0.00391,center_unit,1.0,0.05,0.25,1,0,0.0,1,,,,,
glue|roberta-base|rte_wide|AB|t30|s42|tune,glue,roberta-base,rte_wide,rte,AB,tune,30,42,acc,curvature=1.0;feature_mode=center_unit;gat_hidden_dim=256;graph_curvature=9.0;graph_metric=poincare;hyperbolic_readout=1;jk_mode=cat;learnable_curvature=0;lr=0.0002;num_layers=2;proj_dim=256;readout_clip=0.3;readout_scale=1;rho_quantile=0.025;scorer_hidden=256;weight_decay=5e-05,256,poincare,cat,0.0002,2,256,256,,5e-05,55.23,90.68,0.02516,0.00391,center_unit,9.0,0.025,1.0,1,0,0.3,1,,,,,
glue|roberta-base|rte_wide|AB|t31|s42|tune,glue,roberta-base,rte_wide,rte,AB,tune,31,42,acc,curvature=0.25;feature_mode=cls_root_unit;gat_hidden_dim=64;graph_curvature=0.25;graph_metric=poincare;hyperbolic_readout=1;jk_mode=max;learnable_curvature=1;lr=0.001;num_layers=4;proj_dim=128;readout_clip=0.3;readout_scale=1;rho_quantile=0.38;scorer_hidden=128;weight_decay=5e-05,64,poincare,max,0.001,4,128,128,,5e-05,54.51,92.92,0.37843,0.0,cls_root_unit,0.25,0.38,0.25,1,1,0.3,1,,,,,
glue|roberta-base|rte_wide|AB|t32|s42|tune,glue,roberta-base,rte_wide,rte,AB,tune,32,42,acc,curvature=4.0;feature_mode=cls_root_unit;gat_hidden_dim=64;graph_curvature=4.0;graph_metric=poincare;hyperbolic_readout=1;jk_mode=cat;learnable_curvature=0;lr=0.0002;num_layers=2;proj_dim=512;readout_clip=0.7;readout_scale=0;rho_quantile=0.2;scorer_hidden=128;weight_decay=5e-05,64,poincare,cat,0.0002,2,512,128,,5e-05,53.79,91.13,0.19871,0.0,cls_root_unit,4.0,0.2,4.0,1,0,0.7,0,,,,,
glue|roberta-base|rte_wide|AB|t33|s42|tune,glue,roberta-base,rte_wide,rte,AB,tune,33,42,acc,curvature=4.0;feature_mode=center;gat_hidden_dim=256;graph_curvature=1.0;graph_metric=poincare;hyperbolic_readout=1;jk_mode=max;learnable_curvature=0;lr=2e-05;num_layers=2;proj_dim=512;readout_clip=1.0;readout_scale=1;rho_quantile=0.025;scorer_hidden=256;weight_decay=1e-05,256,poincare,max,2e-05,2,512,256,,1e-05,52.71,90.77,0.02483,0.00391,center,1.0,0.025,4.0,1,0,1.0,1,,,,,
glue|roberta-base|rte_wide|AB|t34|s42|tune,glue,roberta-base,rte_wide,rte,AB,tune,34,42,acc,curvature=4.0;feature_mode=center;gat_hidden_dim=128;graph_curvature=1.0;graph_metric=poincare;hyperbolic_readout=1;jk_mode=max;learnable_curvature=0;lr=0.0002;num_layers=2;proj_dim=512;readout_clip=1.0;readout_scale=0;rho_quantile=0.1;scorer_hidden=128;weight_decay=0.0,128,poincare,max,0.0002,2,512,128,,0.0,55.6,89.09,0.09897,0.0,center,1.0,0.1,4.0,1,0,1.0,0,,,,,
glue|roberta-base|rte_wide|AB|t35|s42|tune,glue,roberta-base,rte_wide,rte,AB,tune,35,42,acc,curvature=4.0;feature_mode=cls_root_unit;gat_hidden_dim=64;graph_curvature=4.0;graph_metric=poincare;hyperbolic_readout=1;jk_mode=cat;learnable_curvature=1;lr=2e-05;num_layers=2;proj_dim=512;readout_clip=0.3;readout_scale=0;rho_quantile=0.2;scorer_hidden=256;weight_decay=1e-05,64,poincare,cat,2e-05,2,512,256,,1e-05,52.71,90.8,0.19871,0.0,cls_root_unit,4.0,0.2,4.0,1,1,0.3,0,,,,,
glue|roberta-base|rte_wide|AB|t36|s42|tune,glue,roberta-base,rte_wide,rte,AB,tune,36,42,acc,curvature=1.0;feature_mode=unit;gat_hidden_dim=64;graph_curvature=0.25;graph_metric=poincare;hyperbolic_readout=1;jk_mode=cat;learnable_curvature=0;lr=2e-05;num_layers=2;proj_dim=128;readout_clip=0.7;readout_scale=1;rho_quantile=0.38;scorer_hidden=128;weight_decay=0.0,64,poincare,cat,2e-05,2,128,128,,0.0,52.71,90.14,0.37846,0.0,unit,0.25,0.38,1.0,1,0,0.7,1,,,,,
glue|roberta-base|rte_wide|AB|t37|s42|tune,glue,roberta-base,rte_wide,rte,AB,tune,37,42,acc,curvature=0.25;feature_mode=center;gat_hidden_dim=64;graph_curvature=9.0;graph_metric=poincare;hyperbolic_readout=1;jk_mode=max;learnable_curvature=1;lr=0.0002;num_layers=2;proj_dim=512;readout_clip=0.0;readout_scale=1;rho_quantile=0.025;scorer_hidden=128;weight_decay=1e-05,64,poincare,max,0.0002,2,512,128,,1e-05,54.15,90.06,0.02505,0.0,center,9.0,0.025,0.25,1,1,0.0,1,,,,,
glue|roberta-base|rte_wide|AB|t38|s42|tune,glue,roberta-base,rte_wide,rte,AB,tune,38,42,acc,curvature=0.25;feature_mode=unit;gat_hidden_dim=64;graph_curvature=0.25;graph_metric=poincare;hyperbolic_readout=1;jk_mode=cat;learnable_curvature=0;lr=0.0002;num_layers=2;proj_dim=256;readout_clip=0.3;readout_scale=1;rho_quantile=0.1;scorer_hidden=256;weight_decay=0.0,64,poincare,cat,0.0002,2,256,256,,0.0,54.51,90.37,0.09956,0.0,unit,0.25,0.1,0.25,1,0,0.3,1,,,,,
glue|roberta-base|rte_wide|AB|t39|s42|tune,glue,roberta-base,rte_wide,rte,AB,tune,39,42,acc,curvature=1.0;feature_mode=unit;gat_hidden_dim=256;graph_curvature=9.0;graph_metric=poincare;hyperbolic_readout=1;jk_mode=max;learnable_curvature=0;lr=2e-05;num_layers=4;proj_dim=512;readout_clip=0.3;readout_scale=1;rho_quantile=0.2;scorer_hidden=128;weight_decay=1e-05,256,poincare,max,2e-05,4,512,128,,1e-05,47.29,92.62,0.19851,0.0,unit,9.0,0.2,1.0,1,0,0.3,1,,,,,
glue|roberta-base|rte_wide|AC|t0|s42|tune,glue,roberta-base,rte_wide,rte,AC,tune,0,42,acc,curvature=1.0;feature_mode=center;gat_hidden_dim=128;gnn_input_clip=1.0;gnn_input_scale=1;graph_curvature=4.0;graph_metric=poincare;hyp_gnn_type=gat;hyperbolic_gnn=1;jk_mode=cat;lr=0.0002;num_layers=2;proj_dim=512;rho_quantile=0.05;scorer_hidden=256;weight_decay=5e-05,128,poincare,cat,0.0002,2,512,256,,5e-05,57.76,95.75,0.04997,0.0,center,4.0,0.05,1.0,,,,,1.0,1,gat,1,
glue|roberta-base|rte_wide|AC|t1|s42|tune,glue,roberta-base,rte_wide,rte,AC,tune,1,42,acc,curvature=1.0;feature_mode=center_unit;gat_hidden_dim=64;gnn_input_clip=0.0;gnn_input_scale=1;graph_curvature=0.25;graph_metric=poincare;hyp_gnn_type=gcn;hyperbolic_gnn=1;jk_mode=max;lr=0.001;num_layers=2;proj_dim=256;rho_quantile=0.05;scorer_hidden=256;weight_decay=5e-05,64,poincare,max,0.001,2,256,256,,5e-05,56.32,98.07,0.04975,0.0,center_unit,0.25,0.05,1.0,,,,,0.0,1,gcn,1,
glue|roberta-base|rte_wide|AC|t2|s42|tune,glue,roberta-base,rte_wide,rte,AC,tune,2,42,acc,curvature=1.0;feature_mode=unit;gat_hidden_dim=64;gnn_input_clip=0.0;gnn_input_scale=0;graph_curvature=0.25;graph_metric=poincare;hyp_gnn_type=gat;hyperbolic_gnn=1;jk_mode=max;lr=2e-05;num_layers=4;proj_dim=256;rho_quantile=0.2;scorer_hidden=256;weight_decay=0.0,64,poincare,max,2e-05,4,256,256,,0.0,51.99,103.51,0.19879,0.0,unit,0.25,0.2,1.0,,,,,0.0,0,gat,1,
glue|roberta-base|rte_wide|AC|t3|s42|tune,glue,roberta-base,rte_wide,rte,AC,tune,3,42,acc,curvature=1.0;feature_mode=cls_root_unit;gat_hidden_dim=128;gnn_input_clip=0.7;gnn_input_scale=0;graph_curvature=1.0;graph_metric=poincare;hyp_gnn_type=gcn;hyperbolic_gnn=1;jk_mode=cat;lr=2e-05;num_layers=2;proj_dim=512;rho_quantile=0.025;scorer_hidden=128;weight_decay=5e-05,128,poincare,cat,2e-05,2,512,128,,5e-05,53.43,96.86,0.02498,0.00391,cls_root_unit,1.0,0.025,1.0,,,,,0.7,0,gcn,1,
glue|roberta-base|rte_wide|AC|t4|s42|tune,glue,roberta-base,rte_wide,rte,AC,tune,4,42,acc,curvature=4.0;feature_mode=unit;gat_hidden_dim=64;gnn_input_clip=0.0;gnn_input_scale=1;graph_curvature=1.0;graph_metric=poincare;hyp_gnn_type=gat;hyperbolic_gnn=1;jk_mode=cat;lr=0.0002;num_layers=2;proj_dim=512;rho_quantile=0.2;scorer_hidden=128;weight_decay=0.0,64,poincare,cat,0.0002,2,512,128,,0.0,57.4,95.83,0.19858,0.0,unit,1.0,0.2,4.0,,,,,0.0,1,gat,1,
glue|roberta-base|rte_wide|AC|t5|s42|tune,glue,roberta-base,rte_wide,rte,AC,tune,5,42,acc,curvature=1.0;feature_mode=unit;gat_hidden_dim=64;gnn_input_clip=0.3;gnn_input_scale=1;graph_curvature=2.25;graph_metric=poincare;hyp_gnn_type=gat;hyperbolic_gnn=1;jk_mode=max;lr=2e-05;num_layers=4;proj_dim=128;rho_quantile=0.1;scorer_hidden=128;weight_decay=5e-05,64,poincare,max,2e-05,4,128,128,,5e-05,52.71,103.74,0.09956,0.0,unit,2.25,0.1,1.0,,,,,0.3,1,gat,1,
glue|roberta-base|rte_wide|AC|t6|s42|tune,glue,roberta-base,rte_wide,rte,AC,tune,6,42,acc,curvature=0.25;feature_mode=unit;gat_hidden_dim=128;gnn_input_clip=0.0;gnn_input_scale=1;graph_curvature=9.0;graph_metric=poincare;hyp_gnn_type=gat;hyperbolic_gnn=1;jk_mode=cat;lr=2e-05;num_layers=4;proj_dim=512;rho_quantile=0.1;scorer_hidden=256;weight_decay=0.0,128,poincare,cat,2e-05,4,512,256,,0.0,48.01,103.76,0.09977,0.0,unit,9.0,0.1,0.25,,,,,0.0,1,gat,1,
glue|roberta-base|rte_wide|AC|t7|s42|tune,glue,roberta-base,rte_wide,rte,AC,tune,7,42,acc,curvature=4.0;feature_mode=center;gat_hidden_dim=128;gnn_input_clip=1.0;gnn_input_scale=1;graph_curvature=4.0;graph_metric=poincare;hyp_gnn_type=gcn;hyperbolic_gnn=1;jk_mode=max;lr=2e-05;num_layers=4;proj_dim=256;rho_quantile=0.2;scorer_hidden=256;weight_decay=1e-05,128,poincare,max,2e-05,4,256,256,,1e-05,47.29,106.06,0.19776,0.0,center,4.0,0.2,4.0,,,,,1.0,1,gcn,1,
glue|roberta-base|rte_wide|AC|t8|s42|tune,glue,roberta-base,rte_wide,rte,AC,tune,8,42,acc,curvature=0.25;feature_mode=center_unit;gat_hidden_dim=64;gnn_input_clip=0.7;gnn_input_scale=1;graph_curvature=0.25;graph_metric=poincare;hyp_gnn_type=gcn;hyperbolic_gnn=1;jk_mode=max;lr=2e-05;num_layers=2;proj_dim=512;rho_quantile=0.025;scorer_hidden=256;weight_decay=5e-05,64,poincare,max,2e-05,2,512,256,,5e-05,52.71,97.24,0.02512,0.00391,center_unit,0.25,0.025,0.25,,,,,0.7,1,gcn,1,
glue|roberta-base|rte_wide|AC|t9|s42|tune,glue,roberta-base,rte_wide,rte,AC,tune,9,42,acc,curvature=1.0;feature_mode=center;gat_hidden_dim=256;gnn_input_clip=0.7;gnn_input_scale=1;graph_curvature=1.0;graph_metric=poincare;hyp_gnn_type=gcn;hyperbolic_gnn=1;jk_mode=max;lr=2e-05;num_layers=2;proj_dim=128;rho_quantile=0.1;scorer_hidden=256;weight_decay=0.0,256,poincare,max,2e-05,2,128,256,,0.0,47.29,97.05,0.09964,0.0,center,1.0,0.1,1.0,,,,,0.7,1,gcn,1,
glue|roberta-base|rte_wide|AC|t10|s42|tune,glue,roberta-base,rte_wide,rte,AC,tune,10,42,acc,curvature=1.0;feature_mode=cls_root_unit;gat_hidden_dim=128;gnn_input_clip=0.3;gnn_input_scale=0;graph_curvature=0.25;graph_metric=poincare;hyp_gnn_type=gat;hyperbolic_gnn=1;jk_mode=cat;lr=2e-05;num_layers=2;proj_dim=256;rho_quantile=0.1;scorer_hidden=128;weight_decay=1e-05,128,poincare,cat,2e-05,2,256,128,,1e-05,47.65,95.78,0.09946,0.0,cls_root_unit,0.25,0.1,1.0,,,,,0.3,0,gat,1,
glue|roberta-base|rte_wide|AC|t11|s42|tune,glue,roberta-base,rte_wide,rte,AC,tune,11,42,acc,curvature=4.0;feature_mode=center_unit;gat_hidden_dim=256;gnn_input_clip=0.0;gnn_input_scale=1;graph_curvature=4.0;graph_metric=poincare;hyp_gnn_type=gat;hyperbolic_gnn=1;jk_mode=cat;lr=0.0002;num_layers=2;proj_dim=512;rho_quantile=0.05;scorer_hidden=128;weight_decay=0.0,256,poincare,cat,0.0002,2,512,128,,0.0,54.87,96.01,0.04999,0.0,center_unit,4.0,0.05,4.0,,,,,0.0,1,gat,1,
glue|roberta-base|rte_wide|AC|t12|s42|tune,glue,roberta-base,rte_wide,rte,AC,tune,12,42,acc,curvature=4.0;feature_mode=unit;gat_hidden_dim=64;gnn_input_clip=1.0;gnn_input_scale=1;graph_curvature=0.25;graph_metric=poincare;hyp_gnn_type=gcn;hyperbolic_gnn=1;jk_mode=max;lr=0.0002;num_layers=2;proj_dim=256;rho_quantile=0.1;scorer_hidden=128;weight_decay=0.0,64,poincare,max,0.0002,2,256,128,,0.0,56.32,97.01,0.09955,0.0,unit,0.25,0.1,4.0,,,,,1.0,1,gcn,1,
glue|roberta-base|rte_wide|AC|t13|s42|tune,glue,roberta-base,rte_wide,rte,AC,tune,13,42,acc,curvature=0.25;feature_mode=center;gat_hidden_dim=256;gnn_input_clip=0.3;gnn_input_scale=0;graph_curvature=0.25;graph_metric=poincare;hyp_gnn_type=gat;hyperbolic_gnn=1;jk_mode=cat;lr=2e-05;num_layers=4;proj_dim=128;rho_quantile=0.025;scorer_hidden=128;weight_decay=0.0,256,poincare,cat,2e-05,4,128,128,,0.0,54.51,101.95,0.02502,0.00391,center,0.25,0.025,0.25,,,,,0.3,0,gat,1,
glue|roberta-base|rte_wide|AC|t14|s42|tune,glue,roberta-base,rte_wide,rte,AC,tune,14,42,acc,curvature=1.0;feature_mode=cls_root_unit;gat_hidden_dim=64;gnn_input_clip=0.0;gnn_input_scale=1;graph_curvature=2.25;graph_metric=poincare;hyp_gnn_type=gcn;hyperbolic_gnn=1;jk_mode=cat;lr=2e-05;num_layers=4;proj_dim=256;rho_quantile=0.05;scorer_hidden=256;weight_decay=1e-05,64,poincare,cat,2e-05,4,256,256,,1e-05,48.38,106.29,0.05004,0.0,cls_root_unit,2.25,0.05,1.0,,,,,0.0,1,gcn,1,
glue|roberta-base|rte_wide|AC|t15|s42|tune,glue,roberta-base,rte_wide,rte,AC,tune,15,42,acc,curvature=0.25;feature_mode=cls_root_unit;gat_hidden_dim=64;gnn_input_clip=0.3;gnn_input_scale=1;graph_curvature=2.25;graph_metric=poincare;hyp_gnn_type=gat;hyperbolic_gnn=1;jk_mode=cat;lr=2e-05;num_layers=4;proj_dim=512;rho_quantile=0.05;scorer_hidden=256;weight_decay=1e-05,64,poincare,cat,2e-05,4,512,256,,1e-05,54.15,103.5,0.04959,0.0,cls_root_unit,2.25,0.05,0.25,,,,,0.3,1,gat,1,
glue|roberta-base|rte_wide|AC|t16|s42|tune,glue,roberta-base,rte_wide,rte,AC,tune,16,42,acc,curvature=4.0;feature_mode=center;gat_hidden_dim=256;gnn_input_clip=0.0;gnn_input_scale=0;graph_curvature=0.25;graph_metric=poincare;hyp_gnn_type=gat;hyperbolic_gnn=1;jk_mode=cat;lr=0.0002;num_layers=4;proj_dim=512;rho_quantile=0.025;scorer_hidden=128;weight_decay=1e-05,256,poincare,cat,0.0002,4,512,128,,1e-05,58.48,102.36,0.02502,0.00391,center,0.25,0.025,4.0,,,,,0.0,0,gat,1,
glue|roberta-base|rte_wide|AC|t17|s42|tune,glue,roberta-base,rte_wide,rte,AC,tune,17,42,acc,curvature=0.25;feature_mode=center;gat_hidden_dim=256;gnn_input_clip=0.7;gnn_input_scale=0;graph_curvature=9.0;graph_metric=poincare;hyp_gnn_type=gcn;hyperbolic_gnn=1;jk_mode=cat;lr=2e-05;num_layers=4;proj_dim=128;rho_quantile=0.38;scorer_hidden=256;weight_decay=0.0,256,poincare,cat,2e-05,4,128,256,,0.0,54.15,105.58,0.37588,0.0,center,9.0,0.38,0.25,,,,,0.7,0,gcn,1,
glue|roberta-base|rte_wide|AC|t18|s42|tune,glue,roberta-base,rte_wide,rte,AC,tune,18,42,acc,curvature=4.0;feature_mode=center_unit;gat_hidden_dim=64;gnn_input_clip=0.3;gnn_input_scale=0;graph_curvature=1.0;graph_metric=poincare;hyp_gnn_type=gat;hyperbolic_gnn=1;jk_mode=cat;lr=2e-05;num_layers=2;proj_dim=512;rho_quantile=0.1;scorer_hidden=256;weight_decay=5e-05,64,poincare,cat,2e-05,2,512,256,,5e-05,48.74,96.01,0.09959,0.0,center_unit,1.0,0.1,4.0,,,,,0.3,0,gat,1,
glue|roberta-base|rte_wide|AC|t19|s42|tune,glue,roberta-base,rte_wide,rte,AC,tune,19,42,acc,curvature=4.0;feature_mode=center;gat_hidden_dim=256;gnn_input_clip=0.0;gnn_input_scale=1;graph_curvature=4.0;graph_metric=poincare;hyp_gnn_type=gat;hyperbolic_gnn=1;jk_mode=max;lr=0.001;num_layers=2;proj_dim=128;rho_quantile=0.025;scorer_hidden=128;weight_decay=1e-05,256,poincare,max,0.001,2,128,128,,1e-05,57.04,95.43,0.02489,0.00391,center,4.0,0.025,4.0,,,,,0.0,1,gat,1,
glue|roberta-base|rte_wide|AC|t20|s42|tune,glue,roberta-base,rte_wide,rte,AC,tune,20,42,acc,curvature=1.0;feature_mode=center_unit;gat_hidden_dim=256;gnn_input_clip=0.3;gnn_input_scale=1;graph_curvature=0.25;graph_metric=poincare;hyp_gnn_type=gat;hyperbolic_gnn=1;jk_mode=max;lr=2e-05;num_layers=4;proj_dim=256;rho_quantile=0.38;scorer_hidden=256;weight_decay=5e-05,256,poincare,max,2e-05,4,256,256,,5e-05,52.71,104.26,0.37819,0.0,center_unit,0.25,0.38,1.0,,,,,0.3,1,gat,1,
glue|roberta-base|rte_wide|AC|t21|s42|tune,glue,roberta-base,rte_wide,rte,AC,tune,21,42,acc,curvature=1.0;feature_mode=unit;gat_hidden_dim=64;gnn_input_clip=1.0;gnn_input_scale=0;graph_curvature=1.0;graph_metric=poincare;hyp_gnn_type=gat;hyperbolic_gnn=1;jk_mode=max;lr=2e-05;num_layers=4;proj_dim=256;rho_quantile=0.025;scorer_hidden=256;weight_decay=5e-05,64,poincare,max,2e-05,4,256,256,,5e-05,52.71,103.64,0.02522,0.00391,unit,1.0,0.025,1.0,,,,,1.0,0,gat,1,
glue|roberta-base|rte_wide|AC|t22|s42|tune,glue,roberta-base,rte_wide,rte,AC,tune,22,42,acc,curvature=4.0;feature_mode=cls_root_unit;gat_hidden_dim=128;gnn_input_clip=0.7;gnn_input_scale=0;graph_curvature=9.0;graph_metric=poincare;hyp_gnn_type=gat;hyperbolic_gnn=1;jk_mode=cat;lr=0.001;num_layers=2;proj_dim=256;rho_quantile=0.025;scorer_hidden=256;weight_decay=1e-05,128,poincare,cat,0.001,2,256,256,,1e-05,56.32,95.41,0.02475,0.0,cls_root_unit,9.0,0.025,4.0,,,,,0.7,0,gat,1,
glue|roberta-base|rte_wide|AC|t23|s42|tune,glue,roberta-base,rte_wide,rte,AC,tune,23,42,acc,curvature=4.0;feature_mode=center_unit;gat_hidden_dim=128;gnn_input_clip=1.0;gnn_input_scale=1;graph_curvature=1.0;graph_metric=poincare;hyp_gnn_type=gat;hyperbolic_gnn=1;jk_mode=max;lr=0.0002;num_layers=4;proj_dim=128;rho_quantile=0.38;scorer_hidden=128;weight_decay=1e-05,128,poincare,max,0.0002,4,128,128,,1e-05,54.51,103.71,0.37827,0.0,center_unit,1.0,0.38,4.0,,,,,1.0,1,gat,1,
glue|roberta-base|rte_wide|AC|t24|s42|tune,glue,roberta-base,rte_wide,rte,AC,tune,24,42,acc,curvature=0.25;feature_mode=cls_root_unit;gat_hidden_dim=64;gnn_input_clip=0.7;gnn_input_scale=1;graph_curvature=0.25;graph_metric=poincare;hyp_gnn_type=gat;hyperbolic_gnn=1;jk_mode=max;lr=0.0002;num_layers=4;proj_dim=128;rho_quantile=0.1;scorer_hidden=128;weight_decay=1e-05,64,poincare,max,0.0002,4,128,128,,1e-05,53.43,103.0,0.09956,0.0,cls_root_unit,0.25,0.1,0.25,,,,,0.7,1,gat,1,
glue|roberta-base|rte_wide|AC|t25|s42|tune,glue,roberta-base,rte_wide,rte,AC,tune,25,42,acc,curvature=0.25;feature_mode=center;gat_hidden_dim=64;gnn_input_clip=0.7;gnn_input_scale=0;graph_curvature=9.0;graph_metric=poincare;hyp_gnn_type=gat;hyperbolic_gnn=1;jk_mode=max;lr=2e-05;num_layers=4;proj_dim=256;rho_quantile=0.38;scorer_hidden=256;weight_decay=5e-05,64,poincare,max,2e-05,4,256,256,,5e-05,52.71,102.31,0.37591,0.0,center,9.0,0.38,0.25,,,,,0.7,0,gat,1,
glue|roberta-base|rte_wide|AC|t26|s42|tune,glue,roberta-base,rte_wide,rte,AC,tune,26,42,acc,curvature=4.0;feature_mode=center_unit;gat_hidden_dim=128;gnn_input_clip=1.0;gnn_input_scale=1;graph_curvature=2.25;graph_metric=poincare;hyp_gnn_type=gat;hyperbolic_gnn=1;jk_mode=cat;lr=0.001;num_layers=2;proj_dim=256;rho_quantile=0.1;scorer_hidden=128;weight_decay=5e-05,128,poincare,cat,0.001,2,256,128,,5e-05,55.6,97.35,0.09946,0.0,center_unit,2.25,0.1,4.0,,,,,1.0,1,gat,1,
glue|roberta-base|rte_wide|AC|t27|s42|tune,glue,roberta-base,rte_wide,rte,AC,tune,27,42,acc,curvature=0.25;feature_mode=center;gat_hidden_dim=128;gnn_input_clip=0.3;gnn_input_scale=1;graph_curvature=2.25;graph_metric=poincare;hyp_gnn_type=gat;hyperbolic_gnn=1;jk_mode=max;lr=0.0002;num_layers=2;proj_dim=128;rho_quantile=0.05;scorer_hidden=128;weight_decay=1e-05,128,poincare,max,0.0002,2,128,128,,1e-05,54.15,96.24,0.0496,0.0,center,2.25,0.05,0.25,,,,,0.3,1,gat,1,
glue|roberta-base|rte_wide|AC|t28|s42|tune,glue,roberta-base,rte_wide,rte,AC,tune,28,42,acc,curvature=1.0;feature_mode=center_unit;gat_hidden_dim=64;gnn_input_clip=0.0;gnn_input_scale=0;graph_curvature=1.0;graph_metric=poincare;hyp_gnn_type=gcn;hyperbolic_gnn=1;jk_mode=max;lr=2e-05;num_layers=2;proj_dim=256;rho_quantile=0.2;scorer_hidden=256;weight_decay=5e-05,64,poincare,max,2e-05,2,256,256,,5e-05,52.71,97.39,0.19847,0.0,center_unit,1.0,0.2,1.0,,,,,0.0,0,gcn,1,
glue|roberta-base|rte_wide|AC|t29|s42|tune,glue,roberta-base,rte_wide,rte,AC,tune,29,42,acc,curvature=1.0;feature_mode=center;gat_hidden_dim=256;gnn_input_clip=1.0;gnn_input_scale=0;graph_curvature=0.25;graph_metric=poincare;hyp_gnn_type=gcn;hyperbolic_gnn=1;jk_mode=cat;lr=0.001;num_layers=2;proj_dim=512;rho_quantile=0.05;scorer_hidden=256;weight_decay=5e-05,256,poincare,cat,0.001,2,512,256,,5e-05,53.79,97.19,0.04982,0.0,center,0.25,0.05,1.0,,,,,1.0,0,gcn,1,
glue|roberta-base|rte_wide|AC|t30|s42|tune,glue,roberta-base,rte_wide,rte,AC,tune,30,42,acc,curvature=0.25;feature_mode=center;gat_hidden_dim=64;gnn_input_clip=0.3;gnn_input_scale=0;graph_curvature=4.0;graph_metric=poincare;hyp_gnn_type=gat;hyperbolic_gnn=1;jk_mode=max;lr=0.0002;num_layers=2;proj_dim=128;rho_quantile=0.025;scorer_hidden=256;weight_decay=5e-05,64,poincare,max,0.0002,2,128,256,,5e-05,52.71,94.57,0.02471,0.0,center,4.0,0.025,0.25,,,,,0.3,0,gat,1,
glue|roberta-base|rte_wide|AC|t31|s42|tune,glue,roberta-base,rte_wide,rte,AC,tune,31,42,acc,curvature=4.0;feature_mode=cls_root_unit;gat_hidden_dim=128;gnn_input_clip=0.3;gnn_input_scale=1;graph_curvature=0.25;graph_metric=poincare;hyp_gnn_type=gcn;hyperbolic_gnn=1;jk_mode=max;lr=2e-05;num_layers=2;proj_dim=512;rho_quantile=0.2;scorer_hidden=128;weight_decay=0.0,128,poincare,max,2e-05,2,512,128,,0.0,47.29,97.12,0.19851,0.0,cls_root_unit,0.25,0.2,4.0,,,,,0.3,1,gcn,1,
glue|roberta-base|rte_wide|AC|t32|s42|tune,glue,roberta-base,rte_wide,rte,AC,tune,32,42,acc,curvature=4.0;feature_mode=cls_root_unit;gat_hidden_dim=64;gnn_input_clip=1.0;gnn_input_scale=0;graph_curvature=2.25;graph_metric=poincare;hyp_gnn_type=gat;hyperbolic_gnn=1;jk_mode=cat;lr=2e-05;num_layers=4;proj_dim=128;rho_quantile=0.05;scorer_hidden=256;weight_decay=0.0,64,poincare,cat,2e-05,4,128,256,,0.0,53.79,103.03,0.04959,0.0,cls_root_unit,2.25,0.05,4.0,,,,,1.0,0,gat,1,
glue|roberta-base|rte_wide|AC|t33|s42|tune,glue,roberta-base,rte_wide,rte,AC,tune,33,42,acc,curvature=4.0;feature_mode=unit;gat_hidden_dim=128;gnn_input_clip=1.0;gnn_input_scale=1;graph_curvature=9.0;graph_metric=poincare;hyp_gnn_type=gat;hyperbolic_gnn=1;jk_mode=max;lr=2e-05;num_layers=2;proj_dim=128;rho_quantile=0.05;scorer_hidden=256;weight_decay=1e-05,128,poincare,max,2e-05,2,128,256,,1e-05,47.29,95.94,0.04974,0.0,unit,9.0,0.05,4.0,,,,,1.0,1,gat,1,
glue|roberta-base|rte_wide|AC|t34|s42|tune,glue,roberta-base,rte_wide,rte,AC,tune,34,42,acc,curvature=4.0;feature_mode=unit;gat_hidden_dim=64;gnn_input_clip=0.7;gnn_input_scale=1;graph_curvature=2.25;graph_metric=poincare;hyp_gnn_type=gcn;hyperbolic_gnn=1;jk_mode=max;lr=2e-05;num_layers=2;proj_dim=512;rho_quantile=0.025;scorer_hidden=128;weight_decay=1e-05,64,poincare,max,2e-05,2,512,128,,1e-05,52.71,97.54,0.02512,0.00391,unit,2.25,0.025,4.0,,,,,0.7,1,gcn,1,
glue|roberta-base|rte_wide|AC|t35|s42|tune,glue,roberta-base,rte_wide,rte,AC,tune,35,42,acc,curvature=1.0;feature_mode=unit;gat_hidden_dim=128;gnn_input_clip=0.7;gnn_input_scale=0;graph_curvature=2.25;graph_metric=poincare;hyp_gnn_type=gat;hyperbolic_gnn=1;jk_mode=cat;lr=0.001;num_layers=2;proj_dim=128;rho_quantile=0.025;scorer_hidden=128;weight_decay=1e-05,128,poincare,cat,0.001,2,128,128,,1e-05,55.96,95.24,0.02478,0.0,unit,2.25,0.025,1.0,,,,,0.7,0,gat,1,
glue|roberta-base|rte_wide|AC|t36|s42|tune,glue,roberta-base,rte_wide,rte,AC,tune,36,42,acc,curvature=4.0;feature_mode=unit;gat_hidden_dim=256;gnn_input_clip=0.7;gnn_input_scale=1;graph_curvature=9.0;graph_metric=poincare;hyp_gnn_type=gat;hyperbolic_gnn=1;jk_mode=cat;lr=2e-05;num_layers=2;proj_dim=512;rho_quantile=0.05;scorer_hidden=128;weight_decay=0.0,256,poincare,cat,2e-05,2,512,128,,0.0,50.18,95.79,0.04998,0.0,unit,9.0,0.05,4.0,,,,,0.7,1,gat,1,
glue|roberta-base|rte_wide|AC|t37|s42|tune,glue,roberta-base,rte_wide,rte,AC,tune,37,42,acc,curvature=4.0;feature_mode=cls_root_unit;gat_hidden_dim=256;gnn_input_clip=0.3;gnn_input_scale=0;graph_curvature=1.0;graph_metric=poincare;hyp_gnn_type=gat;hyperbolic_gnn=1;jk_mode=max;lr=2e-05;num_layers=2;proj_dim=512;rho_quantile=0.025;scorer_hidden=256;weight_decay=1e-05,256,poincare,max,2e-05,2,512,256,,1e-05,47.29,95.23,0.02496,0.00391,cls_root_unit,1.0,0.025,4.0,,,,,0.3,0,gat,1,
glue|roberta-base|rte_wide|AC|t38|s42|tune,glue,roberta-base,rte_wide,rte,AC,tune,38,42,acc,curvature=0.25;feature_mode=unit;gat_hidden_dim=64;gnn_input_clip=0.0;gnn_input_scale=0;graph_curvature=2.25;graph_metric=poincare;hyp_gnn_type=gcn;hyperbolic_gnn=1;jk_mode=cat;lr=0.001;num_layers=2;proj_dim=128;rho_quantile=0.38;scorer_hidden=128;weight_decay=5e-05,64,poincare,cat,0.001,2,128,128,,5e-05,54.87,97.47,0.37813,0.0,unit,2.25,0.38,0.25,,,,,0.0,0,gcn,1,
glue|roberta-base|rte_wide|AC|t39|s42|tune,glue,roberta-base,rte_wide,rte,AC,tune,39,42,acc,curvature=4.0;feature_mode=center_unit;gat_hidden_dim=256;gnn_input_clip=0.7;gnn_input_scale=0;graph_curvature=0.25;graph_metric=poincare;hyp_gnn_type=gcn;hyperbolic_gnn=1;jk_mode=max;lr=2e-05;num_layers=2;proj_dim=256;rho_quantile=0.1;scorer_hidden=256;weight_decay=1e-05,256,poincare,max,2e-05,2,256,256,,1e-05,47.29,97.26,0.09998,0.0,center_unit,0.25,0.1,4.0,,,,,0.7,0,gcn,1,
glue|roberta-base|rte_wide|BC|t0|s42|tune,glue,roberta-base,rte_wide,rte,BC,tune,0,42,acc,curvature=1.0;gat_hidden_dim=64;gnn_input_clip=0.3;gnn_input_scale=0;graph_metric=cosine;hyp_gnn_type=gcn;hyperbolic_gnn=1;hyperbolic_readout=1;jk_mode=cat;learnable_curvature=0;lr=2e-05;num_layers=4;proj_dim=512;readout_clip=0.3;readout_scale=0;scorer_hidden=128;tau_quantile=0.2;weight_decay=5e-05,64,cosine,cat,2e-05,4,512,128,0.2,5e-05,49.1,92.23,0.19897,0.0,,,,1.0,1,0,0.3,0,0.3,0,gcn,1,
glue|roberta-base|rte_wide|BC|t1|s42|tune,glue,roberta-base,rte_wide,rte,BC,tune,1,42,acc,curvature=1.0;gat_hidden_dim=256;gnn_input_clip=0.0;gnn_input_scale=0;graph_metric=cosine;hyp_gnn_type=gat;hyperbolic_gnn=1;hyperbolic_readout=1;jk_mode=max;learnable_curvature=0;lr=0.001;num_layers=2;proj_dim=128;readout_clip=0.7;readout_scale=1;scorer_hidden=256;tau_quantile=0.05;weight_decay=0.0,256,cosine,max,0.001,2,128,256,0.05,0.0,48.74,81.95,0.0505,0.0,,,,1.0,1,0,0.7,1,0.0,0,gat,1,
glue|roberta-base|rte_wide|BC|t2|s42|tune,glue,roberta-base,rte_wide,rte,BC,tune,2,42,acc,curvature=4.0;gat_hidden_dim=128;gnn_input_clip=0.3;gnn_input_scale=0;graph_metric=cosine;hyp_gnn_type=gcn;hyperbolic_gnn=1;hyperbolic_readout=1;jk_mode=cat;learnable_curvature=1;lr=0.001;num_layers=4;proj_dim=256;readout_clip=0.3;readout_scale=0;scorer_hidden=256;tau_quantile=0.38;weight_decay=0.0,128,cosine,cat,0.001,4,256,256,0.38,0.0,53.07,98.0,0.37891,0.0,,,,4.0,1,1,0.3,0,0.3,0,gcn,1,
glue|roberta-base|rte_wide|BC|t3|s42|tune,glue,roberta-base,rte_wide,rte,BC,tune,3,42,acc,curvature=1.0;gat_hidden_dim=64;gnn_input_clip=0.0;gnn_input_scale=0;graph_metric=cosine;hyp_gnn_type=gcn;hyperbolic_gnn=1;hyperbolic_readout=1;jk_mode=max;learnable_curvature=1;lr=0.001;num_layers=4;proj_dim=256;readout_clip=0.0;readout_scale=1;scorer_hidden=128;tau_quantile=0.05;weight_decay=1e-05,64,cosine,max,0.001,4,256,128,0.05,1e-05,53.43,97.69,0.05038,0.0,,,,1.0,1,1,0.0,1,0.0,0,gcn,1,
glue|roberta-base|rte_wide|BC|t4|s42|tune,glue,roberta-base,rte_wide,rte,BC,tune,4,42,acc,curvature=0.25;gat_hidden_dim=256;gnn_input_clip=1.0;gnn_input_scale=1;graph_metric=cosine;hyp_gnn_type=gcn;hyperbolic_gnn=1;hyperbolic_readout=1;jk_mode=cat;learnable_curvature=0;lr=0.001;num_layers=4;proj_dim=256;readout_clip=1.0;readout_scale=1;scorer_hidden=128;tau_quantile=0.38;weight_decay=0.0,256,cosine,cat,0.001,4,256,128,0.38,0.0,54.15,93.52,0.3787,0.0,,,,0.25,1,0,1.0,1,1.0,1,gcn,1,
glue|roberta-base|rte_wide|BC|t5|s42|tune,glue,roberta-base,rte_wide,rte,BC,tune,5,42,acc,curvature=4.0;gat_hidden_dim=64;gnn_input_clip=0.3;gnn_input_scale=1;graph_metric=cosine;hyp_gnn_type=gat;hyperbolic_gnn=1;hyperbolic_readout=1;jk_mode=cat;learnable_curvature=1;lr=0.001;num_layers=2;proj_dim=512;readout_clip=0.0;readout_scale=1;scorer_hidden=128;tau_quantile=0.38;weight_decay=5e-05,64,cosine,cat,0.001,2,512,128,0.38,5e-05,55.23,85.28,0.37883,0.0,,,,4.0,1,1,0.0,1,0.3,1,gat,1,
glue|roberta-base|rte_wide|BC|t6|s42|tune,glue,roberta-base,rte_wide,rte,BC,tune,6,42,acc,curvature=4.0;gat_hidden_dim=64;gnn_input_clip=1.0;gnn_input_scale=1;graph_metric=cosine;hyp_gnn_type=gcn;hyperbolic_gnn=1;hyperbolic_readout=1;jk_mode=max;learnable_curvature=0;lr=2e-05;num_layers=4;proj_dim=256;readout_clip=0.7;readout_scale=1;scorer_hidden=256;tau_quantile=0.1;weight_decay=0.0,64,cosine,max,2e-05,4,256,256,0.1,0.0,52.71,93.02,0.10015,0.0,,,,4.0,1,0,0.7,1,1.0,1,gcn,1,
glue|roberta-base|rte_wide|BC|t7|s42|tune,glue,roberta-base,rte_wide,rte,BC,tune,7,42,acc,curvature=4.0;gat_hidden_dim=128;gnn_input_clip=0.7;gnn_input_scale=1;graph_metric=cosine;hyp_gnn_type=gcn;hyperbolic_gnn=1;hyperbolic_readout=1;jk_mode=max;learnable_curvature=0;lr=0.0002;num_layers=4;proj_dim=128;readout_clip=0.7;readout_scale=0;scorer_hidden=128;tau_quantile=0.025;weight_decay=1e-05,128,cosine,max,0.0002,4,128,128,0.025,1e-05,53.07,94.44,0.02585,0.0,,,,4.0,1,0,0.7,0,0.7,1,gcn,1,
glue|roberta-base|rte_wide|BC|t8|s42|tune,glue,roberta-base,rte_wide,rte,BC,tune,8,42,acc,curvature=0.25;gat_hidden_dim=128;gnn_input_clip=0.0;gnn_input_scale=0;graph_metric=cosine;hyp_gnn_type=gcn;hyperbolic_gnn=1;hyperbolic_readout=1;jk_mode=cat;learnable_curvature=1;lr=0.0002;num_layers=2;proj_dim=128;readout_clip=0.7;readout_scale=0;scorer_hidden=128;tau_quantile=0.38;weight_decay=5e-05,128,cosine,cat,0.0002,2,128,128,0.38,5e-05,53.79,87.61,0.37879,0.0,,,,0.25,1,1,0.7,0,0.0,0,gcn,1,
glue|roberta-base|rte_wide|BC|t9|s42|tune,glue,roberta-base,rte_wide,rte,BC,tune,9,42,acc,curvature=4.0;gat_hidden_dim=256;gnn_input_clip=0.3;gnn_input_scale=1;graph_metric=cosine;hyp_gnn_type=gcn;hyperbolic_gnn=1;hyperbolic_readout=1;jk_mode=cat;learnable_curvature=1;lr=0.001;num_layers=4;proj_dim=128;readout_clip=0.0;readout_scale=0;scorer_hidden=128;tau_quantile=0.38;weight_decay=0.0,256,cosine,cat,0.001,4,128,128,0.38,0.0,54.15,97.72,0.3787,0.0,,,,4.0,1,1,0.0,0,0.3,1,gcn,1,
glue|roberta-base|rte_wide|BC|t10|s42|tune,glue,roberta-base,rte_wide,rte,BC,tune,10,42,acc,curvature=4.0;gat_hidden_dim=128;gnn_input_clip=0.0;gnn_input_scale=1;graph_metric=cosine;hyp_gnn_type=gcn;hyperbolic_gnn=1;hyperbolic_readout=1;jk_mode=cat;learnable_curvature=0;lr=0.0002;num_layers=2;proj_dim=128;readout_clip=0.7;readout_scale=0;scorer_hidden=256;tau_quantile=0.025;weight_decay=5e-05,128,cosine,cat,0.0002,2,128,256,0.025,5e-05,52.71,84.4,0.0255,0.00391,,,,4.0,1,0,0.7,0,0.0,1,gcn,1,
glue|roberta-base|rte_wide|BC|t11|s42|tune,glue,roberta-base,rte_wide,rte,BC,tune,11,42,acc,curvature=0.25;gat_hidden_dim=128;gnn_input_clip=1.0;gnn_input_scale=1;graph_metric=cosine;hyp_gnn_type=gat;hyperbolic_gnn=1;hyperbolic_readout=1;jk_mode=max;learnable_curvature=0;lr=2e-05;num_layers=2;proj_dim=512;readout_clip=0.7;readout_scale=1;scorer_hidden=128;tau_quantile=0.1;weight_decay=1e-05,128,cosine,max,2e-05,2,512,128,0.1,1e-05,47.29,83.33,0.10001,0.0,,,,0.25,1,0,0.7,1,1.0,1,gat,1,
glue|roberta-base|rte_wide|BC|t12|s42|tune,glue,roberta-base,rte_wide,rte,BC,tune,12,42,acc,curvature=0.25;gat_hidden_dim=128;gnn_input_clip=0.7;gnn_input_scale=0;graph_metric=cosine;hyp_gnn_type=gcn;hyperbolic_gnn=1;hyperbolic_readout=1;jk_mode=cat;learnable_curvature=0;lr=0.001;num_layers=4;proj_dim=256;readout_clip=0.0;readout_scale=1;scorer_hidden=256;tau_quantile=0.05;weight_decay=5e-05,128,cosine,cat,0.001,4,256,256,0.05,5e-05,49.82,92.77,0.05104,0.0,,,,0.25,1,0,0.0,1,0.7,0,gcn,1,
glue|roberta-base|rte_wide|BC|t13|s42|tune,glue,roberta-base,rte_wide,rte,BC,tune,13,42,acc,curvature=4.0;gat_hidden_dim=128;gnn_input_clip=0.0;gnn_input_scale=0;graph_metric=cosine;hyp_gnn_type=gat;hyperbolic_gnn=1;hyperbolic_readout=1;jk_mode=cat;learnable_curvature=0;lr=0.001;num_layers=4;proj_dim=512;readout_clip=0.0;readout_scale=0;scorer_hidden=128;tau_quantile=0.38;weight_decay=0.0,128,cosine,cat,0.001,4,512,128,0.38,0.0,59.21,89.89,0.37857,0.0,,,,4.0,1,0,0.0,0,0.0,0,gat,1,
glue|roberta-base|rte_wide|BC|t14|s42|tune,glue,roberta-base,rte_wide,rte,BC,tune,14,42,acc,curvature=4.0;gat_hidden_dim=64;gnn_input_clip=0.7;gnn_input_scale=0;graph_metric=cosine;hyp_gnn_type=gat;hyperbolic_gnn=1;hyperbolic_readout=1;jk_mode=cat;learnable_curvature=1;lr=2e-05;num_layers=4;proj_dim=512;readout_clip=0.0;readout_scale=0;scorer_hidden=128;tau_quantile=0.1;weight_decay=0.0,64,cosine,cat,2e-05,4,512,128,0.1,0.0,52.71,94.73,0.10033,0.0,,,,4.0,1,1,0.0,0,0.7,0,gat,1,
glue|roberta-base|rte_wide|BC|t15|s42|tune,glue,roberta-base,rte_wide,rte,BC,tune,15,42,acc,curvature=0.25;gat_hidden_dim=64;gnn_input_clip=0.3;gnn_input_scale=1;graph_metric=cosine;hyp_gnn_type=gcn;hyperbolic_gnn=1;hyperbolic_readout=1;jk_mode=cat;learnable_curvature=0;lr=0.0002;num_layers=4;proj_dim=512;readout_clip=0.3;readout_scale=0;scorer_hidden=256;tau_quantile=0.1;weight_decay=5e-05,64,cosine,cat,0.0002,4,512,256,0.1,5e-05,58.12,92.21,0.10025,0.0,,,,0.25,1,0,0.3,0,0.3,1,gcn,1,
glue|roberta-base|rte_wide|BC|t16|s42|tune,glue,roberta-base,rte_wide,rte,BC,tune,16,42,acc,curvature=4.0;gat_hidden_dim=256;gnn_input_clip=0.3;gnn_input_scale=0;graph_metric=cosine;hyp_gnn_type=gcn;hyperbolic_gnn=1;hyperbolic_readout=1;jk_mode=max;learnable_curvature=1;lr=0.0002;num_layers=4;proj_dim=128;readout_clip=1.0;readout_scale=0;scorer_hidden=256;tau_quantile=0.025;weight_decay=0.0,256,cosine,max,0.0002,4,128,256,0.025,0.0,57.76,97.16,0.02578,0.00391,,,,4.0,1,1,1.0,0,0.3,0,gcn,1,
glue|roberta-base|rte_wide|BC|t17|s42|tune,glue,roberta-base,rte_wide,rte,BC,tune,17,42,acc,curvature=4.0;gat_hidden_dim=128;gnn_input_clip=0.7;gnn_input_scale=0;graph_metric=cosine;hyp_gnn_type=gcn;hyperbolic_gnn=1;hyperbolic_readout=1;jk_mode=cat;learnable_curvature=1;lr=2e-05;num_layers=4;proj_dim=256;readout_clip=0.7;readout_scale=1;scorer_hidden=128;tau_quantile=0.38;weight_decay=0.0,128,cosine,cat,2e-05,4,256,128,0.38,0.0,47.29,98.2,0.37891,0.0,,,,4.0,1,1,0.7,1,0.7,0,gcn,1,
glue|roberta-base|rte_wide|BC|t18|s42|tune,glue,roberta-base,rte_wide,rte,BC,tune,18,42,acc,curvature=0.25;gat_hidden_dim=64;gnn_input_clip=0.0;gnn_input_scale=0;graph_metric=cosine;hyp_gnn_type=gcn;hyperbolic_gnn=1;hyperbolic_readout=1;jk_mode=max;learnable_curvature=1;lr=2e-05;num_layers=2;proj_dim=256;readout_clip=1.0;readout_scale=0;scorer_hidden=128;tau_quantile=0.38;weight_decay=0.0,64,cosine,max,2e-05,2,256,128,0.38,0.0,52.71,88.04,0.37862,0.0,,,,0.25,1,1,1.0,0,0.0,0,gcn,1,
glue|roberta-base|rte_wide|BC|t19|s42|tune,glue,roberta-base,rte_wide,rte,BC,tune,19,42,acc,curvature=0.25;gat_hidden_dim=64;gnn_input_clip=0.7;gnn_input_scale=1;graph_metric=cosine;hyp_gnn_type=gat;hyperbolic_gnn=1;hyperbolic_readout=1;jk_mode=cat;learnable_curvature=1;lr=0.0002;num_layers=2;proj_dim=512;readout_clip=1.0;readout_scale=1;scorer_hidden=128;tau_quantile=0.1;weight_decay=5e-05,64,cosine,cat,0.0002,2,512,128,0.1,5e-05,57.76,85.94,0.1002,0.0,,,,0.25,1,1,1.0,1,0.7,1,gat,1,
glue|roberta-base|rte_wide|BC|t20|s42|tune,glue,roberta-base,rte_wide,rte,BC,tune,20,42,acc,curvature=0.25;gat_hidden_dim=128;gnn_input_clip=0.3;gnn_input_scale=1;graph_metric=cosine;hyp_gnn_type=gat;hyperbolic_gnn=1;hyperbolic_readout=1;jk_mode=cat;learnable_curvature=0;lr=2e-05;num_layers=2;proj_dim=128;readout_clip=0.7;readout_scale=1;scorer_hidden=256;tau_quantile=0.38;weight_decay=0.0,128,cosine,cat,2e-05,2,128,256,0.38,0.0,47.29,83.44,0.37873,0.0,,,,0.25,1,0,0.7,1,0.3,1,gat,1,
glue|roberta-base|rte_wide|BC|t21|s42|tune,glue,roberta-base,rte_wide,rte,BC,tune,21,42,acc,curvature=1.0;gat_hidden_dim=256;gnn_input_clip=0.3;gnn_input_scale=0;graph_metric=cosine;hyp_gnn_type=gat;hyperbolic_gnn=1;hyperbolic_readout=1;jk_mode=cat;learnable_curvature=1;lr=2e-05;num_layers=2;proj_dim=512;readout_clip=0.3;readout_scale=0;scorer_hidden=128;tau_quantile=0.025;weight_decay=1e-05,256,cosine,cat,2e-05,2,512,128,0.025,1e-05,50.18,85.62,0.02553,0.00391,,,,1.0,1,1,0.3,0,0.3,0,gat,1,
glue|roberta-base|rte_wide|BC|t22|s42|tune,glue,roberta-base,rte_wide,rte,BC,tune,22,42,acc,curvature=4.0;gat_hidden_dim=128;gnn_input_clip=0.0;gnn_input_scale=0;graph_metric=cosine;hyp_gnn_type=gat;hyperbolic_gnn=1;hyperbolic_readout=1;jk_mode=max;learnable_curvature=1;lr=0.001;num_layers=4;proj_dim=256;readout_clip=1.0;readout_scale=1;scorer_hidden=128;tau_quantile=0.38;weight_decay=0.0,128,cosine,max,0.001,4,256,128,0.38,0.0,59.93,93.91,0.37931,0.0,,,,4.0,1,1,1.0,1,0.0,0,gat,1,
glue|roberta-base|rte_wide|BC|t23|s42|tune,glue,roberta-base,rte_wide,rte,BC,tune,23,42,acc,curvature=1.0;gat_hidden_dim=256;gnn_input_clip=1.0;gnn_input_scale=0;graph_metric=cosine;hyp_gnn_type=gat;hyperbolic_gnn=1;hyperbolic_readout=1;jk_mode=cat;learnable_curvature=1;lr=0.001;num_layers=4;proj_dim=128;readout_clip=0.7;readout_scale=0;scorer_hidden=128;tau_quantile=0.1;weight_decay=5e-05,256,cosine,cat,0.001,4,128,128,0.1,5e-05,58.12,94.38,0.10049,0.0,,,,1.0,1,1,0.7,0,1.0,0,gat,1,
glue|roberta-base|rte_wide|BC|t24|s42|tune,glue,roberta-base,rte_wide,rte,BC,tune,24,42,acc,curvature=4.0;gat_hidden_dim=128;gnn_input_clip=0.3;gnn_input_scale=1;graph_metric=cosine;hyp_gnn_type=gcn;hyperbolic_gnn=1;hyperbolic_readout=1;jk_mode=max;learnable_curvature=0;lr=0.001;num_layers=4;proj_dim=128;readout_clip=0.0;readout_scale=0;scorer_hidden=128;tau_quantile=0.05;weight_decay=1e-05,128,cosine,max,0.001,4,128,128,0.05,1e-05,52.71,92.57,0.05059,0.0,,,,4.0,1,0,0.0,0,0.3,1,gcn,1,
glue|roberta-base|rte_wide|BC|t25|s42|tune,glue,roberta-base,rte_wide,rte,BC,tune,25,42,acc,curvature=4.0;gat_hidden_dim=256;gnn_input_clip=0.7;gnn_input_scale=0;graph_metric=cosine;hyp_gnn_type=gcn;hyperbolic_gnn=1;hyperbolic_readout=1;jk_mode=max;learnable_curvature=0;lr=0.001;num_layers=2;proj_dim=256;readout_clip=1.0;readout_scale=1;scorer_hidden=128;tau_quantile=0.1;weight_decay=1e-05,256,cosine,max,0.001,2,256,128,0.1,1e-05,47.29,83.55,0.1006,0.0,,,,4.0,1,0,1.0,1,0.7,0,gcn,1,
glue|roberta-base|rte_wide|BC|t26|s42|tune,glue,roberta-base,rte_wide,rte,BC,tune,26,42,acc,curvature=0.25;gat_hidden_dim=256;gnn_input_clip=0.7;gnn_input_scale=1;graph_metric=cosine;hyp_gnn_type=gcn;hyperbolic_gnn=1;hyperbolic_readout=1;jk_mode=max;learnable_curvature=1;lr=0.0002;num_layers=4;proj_dim=256;readout_clip=0.0;readout_scale=0;scorer_hidden=256;tau_quantile=0.2;weight_decay=1e-05,256,cosine,max,0.0002,4,256,256,0.2,1e-05,58.12,97.53,0.19893,0.0,,,,0.25,1,1,0.0,0,0.7,1,gcn,1,
glue|roberta-base|rte_wide|BC|t27|s42|tune,glue,roberta-base,rte_wide,rte,BC,tune,27,42,acc,curvature=0.25;gat_hidden_dim=256;gnn_input_clip=0.3;gnn_input_scale=1;graph_metric=cosine;hyp_gnn_type=gcn;hyperbolic_gnn=1;hyperbolic_readout=1;jk_mode=cat;learnable_curvature=0;lr=0.001;num_layers=2;proj_dim=256;readout_clip=0.7;readout_scale=0;scorer_hidden=128;tau_quantile=0.2;weight_decay=5e-05,256,cosine,cat,0.001,2,256,128,0.2,5e-05,56.32,84.23,0.19914,0.0,,,,0.25,1,0,0.7,0,0.3,1,gcn,1,
glue|roberta-base|rte_wide|BC|t28|s42|tune,glue,roberta-base,rte_wide,rte,BC,tune,28,42,acc,curvature=0.25;gat_hidden_dim=256;gnn_input_clip=0.0;gnn_input_scale=1;graph_metric=cosine;hyp_gnn_type=gat;hyperbolic_gnn=1;hyperbolic_readout=1;jk_mode=cat;learnable_curvature=0;lr=0.0002;num_layers=2;proj_dim=128;readout_clip=0.3;readout_scale=1;scorer_hidden=256;tau_quantile=0.1;weight_decay=1e-05,256,cosine,cat,0.0002,2,128,256,0.1,1e-05,53.79,82.66,0.10059,0.0,,,,0.25,1,0,0.3,1,0.0,1,gat,1,
glue|roberta-base|rte_wide|BC|t29|s42|tune,glue,roberta-base,rte_wide,rte,BC,tune,29,42,acc,curvature=0.25;gat_hidden_dim=128;gnn_input_clip=1.0;gnn_input_scale=1;graph_metric=cosine;hyp_gnn_type=gcn;hyperbolic_gnn=1;hyperbolic_readout=1;jk_mode=max;learnable_curvature=1;lr=0.001;num_layers=4;proj_dim=512;readout_clip=0.0;readout_scale=0;scorer_hidden=256;tau_quantile=0.2;weight_decay=0.0,128,cosine,max,0.001,4,512,256,0.2,0.0,54.87,97.5,0.19903,0.0,,,,0.25,1,1,0.0,0,1.0,1,gcn,1,
glue|roberta-base|rte_wide|BC|t30|s42|tune,glue,roberta-base,rte_wide,rte,BC,tune,30,42,acc,curvature=4.0;gat_hidden_dim=128;gnn_input_clip=0.7;gnn_input_scale=0;graph_metric=cosine;hyp_gnn_type=gat;hyperbolic_gnn=1;hyperbolic_readout=1;jk_mode=cat;learnable_curvature=0;lr=0.0002;num_layers=4;proj_dim=128;readout_clip=0.3;readout_scale=0;scorer_hidden=256;tau_quantile=0.1;weight_decay=1e-05,128,cosine,cat,0.0002,4,128,256,0.1,1e-05,52.71,89.51,0.10012,0.0,,,,4.0,1,0,0.3,0,0.7,0,gat,1,
glue|roberta-base|rte_wide|BC|t31|s42|tune,glue,roberta-base,rte_wide,rte,BC,tune,31,42,acc,curvature=1.0;gat_hidden_dim=128;gnn_input_clip=0.7;gnn_input_scale=0;graph_metric=cosine;hyp_gnn_type=gcn;hyperbolic_gnn=1;hyperbolic_readout=1;jk_mode=cat;learnable_curvature=1;lr=0.001;num_layers=4;proj_dim=256;readout_clip=0.3;readout_scale=1;scorer_hidden=128;tau_quantile=0.05;weight_decay=0.0,128,cosine,cat,0.001,4,256,128,0.05,0.0,52.71,98.19,0.05104,0.0,,,,1.0,1,1,0.3,1,0.7,0,gcn,1,
glue|roberta-base|rte_wide|BC|t32|s42|tune,glue,roberta-base,rte_wide,rte,BC,tune,32,42,acc,curvature=1.0;gat_hidden_dim=256;gnn_input_clip=1.0;gnn_input_scale=0;graph_metric=cosine;hyp_gnn_type=gat;hyperbolic_gnn=1;hyperbolic_readout=1;jk_mode=cat;learnable_curvature=1;lr=2e-05;num_layers=4;proj_dim=512;readout_clip=0.3;readout_scale=0;scorer_hidden=256;tau_quantile=0.05;weight_decay=0.0,256,cosine,cat,2e-05,4,512,256,0.05,0.0,55.23,94.76,0.0506,0.0,,,,1.0,1,1,0.3,0,1.0,0,gat,1,
glue|roberta-base|rte_wide|BC|t33|s42|tune,glue,roberta-base,rte_wide,rte,BC,tune,33,42,acc,curvature=4.0;gat_hidden_dim=256;gnn_input_clip=0.0;gnn_input_scale=1;graph_metric=cosine;hyp_gnn_type=gcn;hyperbolic_gnn=1;hyperbolic_readout=1;jk_mode=cat;learnable_curvature=0;lr=0.0002;num_layers=2;proj_dim=512;readout_clip=0.3;readout_scale=0;scorer_hidden=128;tau_quantile=0.025;weight_decay=0.0,256,cosine,cat,0.0002,2,512,128,0.025,0.0,52.71,84.37,0.02575,0.0,,,,4.0,1,0,0.3,0,0.0,1,gcn,1,
glue|roberta-base|rte_wide|BC|t34|s42|tune,glue,roberta-base,rte_wide,rte,BC,tune,34,42,acc,curvature=0.25;gat_hidden_dim=256;gnn_input_clip=0.3;gnn_input_scale=0;graph_metric=cosine;hyp_gnn_type=gat;hyperbolic_gnn=1;hyperbolic_readout=1;jk_mode=cat;learnable_curvature=0;lr=0.001;num_layers=2;proj_dim=256;readout_clip=0.7;readout_scale=1;scorer_hidden=256;tau_quantile=0.38;weight_decay=0.0,256,cosine,cat,0.001,2,256,256,0.38,0.0,55.23,82.5,0.37848,0.0,,,,0.25,1,0,0.7,1,0.3,0,gat,1,
glue|roberta-base|rte_wide|BC|t35|s42|tune,glue,roberta-base,rte_wide,rte,BC,tune,35,42,acc,curvature=4.0;gat_hidden_dim=64;gnn_input_clip=0.3;gnn_input_scale=0;graph_metric=cosine;hyp_gnn_type=gat;hyperbolic_gnn=1;hyperbolic_readout=1;jk_mode=max;learnable_curvature=0;lr=0.0002;num_layers=4;proj_dim=256;readout_clip=1.0;readout_scale=1;scorer_hidden=256;tau_quantile=0.05;weight_decay=5e-05,64,cosine,max,0.0002,4,256,256,0.05,5e-05,52.71,89.79,0.05088,0.0,,,,4.0,1,0,1.0,1,0.3,0,gat,1,
glue|roberta-base|rte_wide|BC|t36|s42|tune,glue,roberta-base,rte_wide,rte,BC,tune,36,42,acc,curvature=4.0;gat_hidden_dim=128;gnn_input_clip=0.3;gnn_input_scale=1;graph_metric=cosine;hyp_gnn_type=gat;hyperbolic_gnn=1;hyperbolic_readout=1;jk_mode=max;learnable_curvature=0;lr=2e-05;num_layers=4;proj_dim=256;readout_clip=0.7;readout_scale=0;scorer_hidden=256;tau_quantile=0.2;weight_decay=0.0,128,cosine,max,2e-05,4,256,256,0.2,0.0,47.29,89.83,0.19904,0.0,,,,4.0,1,0,0.7,0,0.3,1,gat,1,
glue|roberta-base|rte_wide|BC|t37|s42|tune,glue,roberta-base,rte_wide,rte,BC,tune,37,42,acc,curvature=1.0;gat_hidden_dim=128;gnn_input_clip=0.7;gnn_input_scale=0;graph_metric=cosine;hyp_gnn_type=gat;hyperbolic_gnn=1;hyperbolic_readout=1;jk_mode=max;learnable_curvature=1;lr=0.0002;num_layers=4;proj_dim=512;readout_clip=1.0;readout_scale=0;scorer_hidden=256;tau_quantile=0.2;weight_decay=0.0,128,cosine,max,0.0002,4,512,256,0.2,0.0,57.76,93.59,0.19904,0.0,,,,1.0,1,1,1.0,0,0.7,0,gat,1,
glue|roberta-base|rte_wide|BC|t38|s42|tune,glue,roberta-base,rte_wide,rte,BC,tune,38,42,acc,curvature=4.0;gat_hidden_dim=256;gnn_input_clip=0.3;gnn_input_scale=1;graph_metric=cosine;hyp_gnn_type=gcn;hyperbolic_gnn=1;hyperbolic_readout=1;jk_mode=cat;learnable_curvature=1;lr=0.001;num_layers=2;proj_dim=512;readout_clip=1.0;readout_scale=0;scorer_hidden=128;tau_quantile=0.2;weight_decay=0.0,256,cosine,cat,0.001,2,512,128,0.2,0.0,53.43,87.7,0.19914,0.0,,,,4.0,1,1,1.0,0,0.3,1,gcn,1,
glue|roberta-base|rte_wide|BC|t39|s42|tune,glue,roberta-base,rte_wide,rte,BC,tune,39,42,acc,curvature=4.0;gat_hidden_dim=128;gnn_input_clip=0.7;gnn_input_scale=0;graph_metric=cosine;hyp_gnn_type=gat;hyperbolic_gnn=1;hyperbolic_readout=1;jk_mode=cat;learnable_curvature=0;lr=0.0002;num_layers=2;proj_dim=512;readout_clip=0.0;readout_scale=1;scorer_hidden=256;tau_quantile=0.38;weight_decay=5e-05,128,cosine,cat,0.0002,2,512,256,0.38,5e-05,55.96,82.21,0.37873,0.0,,,,4.0,1,0,0.0,1,0.7,0,gat,1,
glue|roberta-base|rte_wide|ABC|t0|s42|tune,glue,roberta-base,rte_wide,rte,ABC,tune,0,42,acc,curvature=4.0;feature_mode=center_unit;gat_hidden_dim=64;gnn_input_clip=0.0;gnn_input_scale=0;graph_curvature=9.0;graph_metric=poincare;hyp_gnn_type=gcn;hyperbolic_gnn=1;hyperbolic_readout=1;jk_mode=max;learnable_curvature=1;lr=0.001;num_layers=4;proj_dim=256;readout_clip=1.0;readout_scale=1;rho_quantile=0.2;scorer_hidden=128;weight_decay=1e-05,64,poincare,max,0.001,4,256,128,,1e-05,52.71,115.27,0.19862,0.0,center_unit,9.0,0.2,4.0,1,1,1.0,1,0.0,0,gcn,1,
glue|roberta-base|rte_wide|ABC|t1|s42|tune,glue,roberta-base,rte_wide,rte,ABC,tune,1,42,acc,curvature=4.0;feature_mode=unit;gat_hidden_dim=128;gnn_input_clip=0.3;gnn_input_scale=0;graph_curvature=0.25;graph_metric=poincare;hyp_gnn_type=gcn;hyperbolic_gnn=1;hyperbolic_readout=1;jk_mode=max;learnable_curvature=0;lr=0.0002;num_layers=2;proj_dim=256;readout_clip=0.0;readout_scale=1;rho_quantile=0.38;scorer_hidden=256;weight_decay=1e-05,128,poincare,max,0.0002,2,256,256,,1e-05,47.29,99.12,0.37786,0.0,unit,0.25,0.38,4.0,1,0,0.0,1,0.3,0,gcn,1,
glue|roberta-base|rte_wide|ABC|t2|s42|tune,glue,roberta-base,rte_wide,rte,ABC,tune,2,42,acc,curvature=0.25;feature_mode=center_unit;gat_hidden_dim=256;gnn_input_clip=1.0;gnn_input_scale=1;graph_curvature=2.25;graph_metric=poincare;hyp_gnn_type=gat;hyperbolic_gnn=1;hyperbolic_readout=1;jk_mode=max;learnable_curvature=1;lr=2e-05;num_layers=4;proj_dim=128;readout_clip=0.0;readout_scale=0;rho_quantile=0.38;scorer_hidden=256;weight_decay=5e-05,256,poincare,max,2e-05,4,128,256,,5e-05,52.71,110.62,0.37819,0.0,center_unit,2.25,0.38,0.25,1,1,0.0,0,1.0,1,gat,1,
glue|roberta-base|rte_wide|ABC|t3|s42|tune,glue,roberta-base,rte_wide,rte,ABC,tune,3,42,acc,curvature=0.25;feature_mode=center;gat_hidden_dim=64;gnn_input_clip=0.7;gnn_input_scale=1;graph_curvature=1.0;graph_metric=poincare;hyp_gnn_type=gcn;hyperbolic_gnn=1;hyperbolic_readout=1;jk_mode=cat;learnable_curvature=1;lr=0.001;num_layers=4;proj_dim=128;readout_clip=0.0;readout_scale=0;rho_quantile=0.38;scorer_hidden=256;weight_decay=5e-05,64,poincare,cat,0.001,4,128,256,,5e-05,56.32,113.5,0.37677,0.0,center,1.0,0.38,0.25,1,1,0.0,0,0.7,1,gcn,1,
glue|roberta-base|rte_wide|ABC|t4|s42|tune,glue,roberta-base,rte_wide,rte,ABC,tune,4,42,acc,curvature=4.0;feature_mode=center;gat_hidden_dim=64;gnn_input_clip=0.0;gnn_input_scale=1;graph_curvature=9.0;graph_metric=poincare;hyp_gnn_type=gat;hyperbolic_gnn=1;hyperbolic_readout=1;jk_mode=cat;learnable_curvature=1;lr=0.0002;num_layers=4;proj_dim=128;readout_clip=1.0;readout_scale=1;rho_quantile=0.38;scorer_hidden=256;weight_decay=5e-05,64,poincare,cat,0.0002,4,128,256,,5e-05,52.71,109.77,0.37554,0.0,center,9.0,0.38,4.0,1,1,1.0,1,0.0,1,gat,1,
glue|roberta-base|rte_wide|ABC|t5|s42|tune,glue,roberta-base,rte_wide,rte,ABC,tune,5,42,acc,curvature=4.0;feature_mode=unit;gat_hidden_dim=128;gnn_input_clip=0.7;gnn_input_scale=0;graph_curvature=2.25;graph_metric=poincare;hyp_gnn_type=gat;hyperbolic_gnn=1;hyperbolic_readout=1;jk_mode=max;learnable_curvature=1;lr=2e-05;num_layers=2;proj_dim=128;readout_clip=0.7;readout_scale=0;rho_quantile=0.05;scorer_hidden=256;weight_decay=1e-05,128,poincare,max,2e-05,2,128,256,,1e-05,47.29,100.75,0.04974,0.0,unit,2.25,0.05,4.0,1,1,0.7,0,0.7,0,gat,1,
glue|roberta-base|rte_wide|ABC|t6|s42|tune,glue,roberta-base,rte_wide,rte,ABC,tune,6,42,acc,curvature=1.0;feature_mode=center_unit;gat_hidden_dim=128;gnn_input_clip=1.0;gnn_input_scale=0;graph_curvature=9.0;graph_metric=poincare;hyp_gnn_type=gcn;hyperbolic_gnn=1;hyperbolic_readout=1;jk_mode=cat;learnable_curvature=0;lr=0.0002;num_layers=2;proj_dim=512;readout_clip=1.0;readout_scale=1;rho_quantile=0.38;scorer_hidden=128;weight_decay=5e-05,128,poincare,cat,0.0002,2,512,128,,5e-05,52.71,98.46,0.37802,0.0,center_unit,9.0,0.38,1.0,1,0,1.0,1,1.0,0,gcn,1,
glue|roberta-base|rte_wide|ABC|t7|s42|tune,glue,roberta-base,rte_wide,rte,ABC,tune,7,42,acc,curvature=0.25;feature_mode=center_unit;gat_hidden_dim=256;gnn_input_clip=0.3;gnn_input_scale=1;graph_curvature=1.0;graph_metric=poincare;hyp_gnn_type=gcn;hyperbolic_gnn=1;hyperbolic_readout=1;jk_mode=max;learnable_curvature=0;lr=0.0002;num_layers=2;proj_dim=256;readout_clip=0.7;readout_scale=0;rho_quantile=0.1;scorer_hidden=256;weight_decay=1e-05,256,poincare,max,0.0002,2,256,256,,1e-05,52.35,99.79,0.09997,0.0,center_unit,1.0,0.1,0.25,1,0,0.7,0,0.3,1,gcn,1,
glue|roberta-base|rte_wide|ABC|t8|s42|tune,glue,roberta-base,rte_wide,rte,ABC,tune,8,42,acc,curvature=0.25;feature_mode=center_unit;gat_hidden_dim=64;gnn_input_clip=1.0;gnn_input_scale=1;graph_curvature=2.25;graph_metric=poincare;hyp_gnn_type=gat;hyperbolic_gnn=1;hyperbolic_readout=1;jk_mode=max;learnable_curvature=0;lr=0.001;num_layers=2;proj_dim=512;readout_clip=0.3;readout_scale=1;rho_quantile=0.025;scorer_hidden=128;weight_decay=5e-05,64,poincare,max,0.001,2,512,128,,5e-05,57.76,98.29,0.02475,0.0,center_unit,2.25,0.025,0.25,1,0,0.3,1,1.0,1,gat,1,
glue|roberta-base|rte_wide|ABC|t9|s42|tune,glue,roberta-base,rte_wide,rte,ABC,tune,9,42,acc,curvature=1.0;feature_mode=center;gat_hidden_dim=128;gnn_input_clip=0.0;gnn_input_scale=0;graph_curvature=0.25;graph_metric=poincare;hyp_gnn_type=gcn;hyperbolic_gnn=1;hyperbolic_readout=1;jk_mode=cat;learnable_curvature=1;lr=2e-05;num_layers=2;proj_dim=256;readout_clip=0.3;readout_scale=1;rho_quantile=0.2;scorer_hidden=128;weight_decay=1e-05,128,poincare,cat,2e-05,2,256,128,,1e-05,52.71,101.75,0.19864,0.0,center,0.25,0.2,1.0,1,1,0.3,1,0.0,0,gcn,1,
glue|roberta-base|rte_wide|ABC|t10|s42|tune,glue,roberta-base,rte_wide,rte,ABC,tune,10,42,acc,curvature=0.25;feature_mode=cls_root_unit;gat_hidden_dim=256;gnn_input_clip=0.0;gnn_input_scale=1;graph_curvature=9.0;graph_metric=poincare;hyp_gnn_type=gcn;hyperbolic_gnn=1;hyperbolic_readout=1;jk_mode=cat;learnable_curvature=0;lr=0.0002;num_layers=4;proj_dim=128;readout_clip=0.7;readout_scale=0;rho_quantile=0.025;scorer_hidden=256;weight_decay=0.0,256,poincare,cat,0.0002,4,128,256,,0.0,55.96,108.54,0.02526,0.0,cls_root_unit,9.0,0.025,0.25,1,0,0.7,0,0.0,1,gcn,1,
glue|roberta-base|rte_wide|ABC|t11|s42|tune,glue,roberta-base,rte_wide,rte,ABC,tune,11,42,acc,curvature=0.25;feature_mode=center;gat_hidden_dim=128;gnn_input_clip=0.3;gnn_input_scale=0;graph_curvature=1.0;graph_metric=poincare;hyp_gnn_type=gcn;hyperbolic_gnn=1;hyperbolic_readout=1;jk_mode=max;learnable_curvature=0;lr=0.0002;num_layers=2;proj_dim=512;readout_clip=0.3;readout_scale=1;rho_quantile=0.1;scorer_hidden=256;weight_decay=1e-05,128,poincare,max,0.0002,2,512,256,,1e-05,47.29,97.72,0.09957,0.0,center,1.0,0.1,0.25,1,0,0.3,1,0.3,0,gcn,1,
glue|roberta-base|rte_wide|ABC|t12|s42|tune,glue,roberta-base,rte_wide,rte,ABC,tune,12,42,acc,curvature=1.0;feature_mode=center_unit;gat_hidden_dim=64;gnn_input_clip=0.3;gnn_input_scale=0;graph_curvature=1.0;graph_metric=poincare;hyp_gnn_type=gat;hyperbolic_gnn=1;hyperbolic_readout=1;jk_mode=max;learnable_curvature=0;lr=0.001;num_layers=2;proj_dim=128;readout_clip=1.0;readout_scale=1;rho_quantile=0.2;scorer_hidden=256;weight_decay=5e-05,64,poincare,max,0.001,2,128,256,,5e-05,52.71,97.26,0.19896,0.0,center_unit,1.0,0.2,1.0,1,0,1.0,1,0.3,0,gat,1,
glue|roberta-base|rte_wide|ABC|t13|s42|tune,glue,roberta-base,rte_wide,rte,ABC,tune,13,42,acc,curvature=4.0;feature_mode=cls_root_unit;gat_hidden_dim=128;gnn_input_clip=0.0;gnn_input_scale=1;graph_curvature=2.25;graph_metric=poincare;hyp_gnn_type=gat;hyperbolic_gnn=1;hyperbolic_readout=1;jk_mode=cat;learnable_curvature=1;lr=2e-05;num_layers=4;proj_dim=128;readout_clip=0.0;readout_scale=0;rho_quantile=0.05;scorer_hidden=128;weight_decay=5e-05,128,poincare,cat,2e-05,4,128,128,,5e-05,52.71,110.73,0.04987,0.0,cls_root_unit,2.25,0.05,4.0,1,1,0.0,0,0.0,1,gat,1,
glue|roberta-base|rte_wide|ABC|t14|s42|tune,glue,roberta-base,rte_wide,rte,ABC,tune,14,42,acc,curvature=4.0;feature_mode=center;gat_hidden_dim=128;gnn_input_clip=0.3;gnn_input_scale=1;graph_curvature=1.0;graph_metric=poincare;hyp_gnn_type=gat;hyperbolic_gnn=1;hyperbolic_readout=1;jk_mode=cat;learnable_curvature=0;lr=0.001;num_layers=2;proj_dim=512;readout_clip=0.3;readout_scale=0;rho_quantile=0.05;scorer_hidden=256;weight_decay=0.0,128,poincare,cat,0.001,2,512,256,,0.0,59.57,97.37,0.04995,0.0,center,1.0,0.05,4.0,1,0,0.3,0,0.3,1,gat,1,
glue|roberta-base|rte_wide|ABC|t15|s42|tune,glue,roberta-base,rte_wide,rte,ABC,tune,15,42,acc,curvature=0.25;feature_mode=unit;gat_hidden_dim=128;gnn_input_clip=0.7;gnn_input_scale=0;graph_curvature=1.0;graph_metric=poincare;hyp_gnn_type=gat;hyperbolic_gnn=1;hyperbolic_readout=1;jk_mode=cat;learnable_curvature=0;lr=2e-05;num_layers=4;proj_dim=128;readout_clip=0.3;readout_scale=1;rho_quantile=0.025;scorer_hidden=128;weight_decay=0.0,128,poincare,cat,2e-05,4,128,128,,0.0,52.71,104.15,0.0255,0.0,unit,1.0,0.025,0.25,1,0,0.3,1,0.7,0,gat,1,
glue|roberta-base|rte_wide|ABC|t16|s42|tune,glue,roberta-base,rte_wide,rte,ABC,tune,16,42,acc,curvature=1.0;feature_mode=center;gat_hidden_dim=128;gnn_input_clip=0.7;gnn_input_scale=0;graph_curvature=2.25;graph_metric=poincare;hyp_gnn_type=gat;hyperbolic_gnn=1;hyperbolic_readout=1;jk_mode=cat;learnable_curvature=0;lr=0.001;num_layers=4;proj_dim=128;readout_clip=0.0;readout_scale=0;rho_quantile=0.1;scorer_hidden=128;weight_decay=5e-05,128,poincare,cat,0.001,4,128,128,,5e-05,58.12,104.59,0.09937,0.0,center,2.25,0.1,1.0,1,0,0.0,0,0.7,0,gat,1,
glue|roberta-base|rte_wide|ABC|t17|s42|tune,glue,roberta-base,rte_wide,rte,ABC,tune,17,42,acc,curvature=1.0;feature_mode=center_unit;gat_hidden_dim=128;gnn_input_clip=0.3;gnn_input_scale=1;graph_curvature=2.25;graph_metric=poincare;hyp_gnn_type=gat;hyperbolic_gnn=1;hyperbolic_readout=1;jk_mode=cat;learnable_curvature=1;lr=0.0002;num_layers=4;proj_dim=256;readout_clip=0.3;readout_scale=1;rho_quantile=0.38;scorer_hidden=256;weight_decay=0.0,128,poincare,cat,0.0002,4,256,256,,0.0,52.71,110.83,0.37804,0.0,center_unit,2.25,0.38,1.0,1,1,0.3,1,0.3,1,gat,1,
glue|roberta-base|rte_wide|ABC|t18|s42|tune,glue,roberta-base,rte_wide,rte,ABC,tune,18,42,acc,curvature=4.0;feature_mode=center_unit;gat_hidden_dim=256;gnn_input_clip=0.0;gnn_input_scale=1;graph_curvature=0.25;graph_metric=poincare;hyp_gnn_type=gcn;hyperbolic_gnn=1;hyperbolic_readout=1;jk_mode=max;learnable_curvature=0;lr=0.0002;num_layers=2;proj_dim=256;readout_clip=0.3;readout_scale=1;rho_quantile=0.1;scorer_hidden=256;weight_decay=0.0,256,poincare,max,0.0002,2,256,256,,0.0,47.29,98.89,0.09998,0.0,center_unit,0.25,0.1,4.0,1,0,0.3,1,0.0,1,gcn,1,
glue|roberta-base|rte_wide|ABC|t19|s42|tune,glue,roberta-base,rte_wide,rte,ABC,tune,19,42,acc,curvature=0.25;feature_mode=unit;gat_hidden_dim=256;gnn_input_clip=0.7;gnn_input_scale=0;graph_curvature=1.0;graph_metric=poincare;hyp_gnn_type=gat;hyperbolic_gnn=1;hyperbolic_readout=1;jk_mode=cat;learnable_curvature=0;lr=0.0002;num_layers=4;proj_dim=256;readout_clip=0.7;readout_scale=1;rho_quantile=0.2;scorer_hidden=256;weight_decay=0.0,256,poincare,cat,0.0002,4,256,256,,0.0,52.71,104.49,0.19857,0.0,unit,1.0,0.2,0.25,1,0,0.7,1,0.7,0,gat,1,
glue|roberta-base|rte_wide|ABC|t20|s42|tune,glue,roberta-base,rte_wide,rte,ABC,tune,20,42,acc,curvature=1.0;feature_mode=center;gat_hidden_dim=128;gnn_input_clip=0.0;gnn_input_scale=1;graph_curvature=4.0;graph_metric=poincare;hyp_gnn_type=gat;hyperbolic_gnn=1;hyperbolic_readout=1;jk_mode=max;learnable_curvature=1;lr=0.001;num_layers=2;proj_dim=512;readout_clip=0.0;readout_scale=0;rho_quantile=0.1;scorer_hidden=256;weight_decay=1e-05,128,poincare,max,0.001,2,512,256,,1e-05,57.76,100.03,0.09891,0.0,center,4.0,0.1,1.0,1,1,0.0,0,0.0,1,gat,1,
glue|roberta-base|rte_wide|ABC|t21|s42|tune,glue,roberta-base,rte_wide,rte,ABC,tune,21,42,acc,curvature=0.25;feature_mode=center;gat_hidden_dim=64;gnn_input_clip=0.7;gnn_input_scale=0;graph_curvature=1.0;graph_metric=poincare;hyp_gnn_type=gcn;hyperbolic_gnn=1;hyperbolic_readout=1;jk_mode=max;learnable_curvature=1;lr=0.0002;num_layers=2;proj_dim=256;readout_clip=0.7;readout_scale=0;rho_quantile=0.38;scorer_hidden=256;weight_decay=5e-05,64,poincare,max,0.0002,2,256,256,,5e-05,54.87,101.79,0.37668,0.0,center,1.0,0.38,0.25,1,1,0.7,0,0.7,0,gcn,1,
glue|roberta-base|rte_wide|ABC|t22|s42|tune,glue,roberta-base,rte_wide,rte,ABC,tune,22,42,acc,curvature=1.0;feature_mode=center_unit;gat_hidden_dim=64;gnn_input_clip=1.0;gnn_input_scale=1;graph_curvature=4.0;graph_metric=poincare;hyp_gnn_type=gcn;hyperbolic_gnn=1;hyperbolic_readout=1;jk_mode=cat;learnable_curvature=1;lr=0.0002;num_layers=4;proj_dim=512;readout_clip=1.0;readout_scale=1;rho_quantile=0.38;scorer_hidden=128;weight_decay=1e-05,64,poincare,cat,0.0002,4,512,128,,1e-05,59.21,115.5,0.37821,0.0,center_unit,4.0,0.38,1.0,1,1,1.0,1,1.0,1,gcn,1,
glue|roberta-base|rte_wide|ABC|t23|s42|tune,glue,roberta-base,rte_wide,rte,ABC,tune,23,42,acc,curvature=1.0;feature_mode=unit;gat_hidden_dim=256;gnn_input_clip=0.7;gnn_input_scale=0;graph_curvature=2.25;graph_metric=poincare;hyp_gnn_type=gcn;hyperbolic_gnn=1;hyperbolic_readout=1;jk_mode=cat;learnable_curvature=0;lr=2e-05;num_layers=2;proj_dim=512;readout_clip=0.0;readout_scale=0;rho_quantile=0.2;scorer_hidden=128;weight_decay=5e-05,256,poincare,cat,2e-05,2,512,128,,5e-05,52.71,98.32,0.19863,0.0,unit,2.25,0.2,1.0,1,0,0.0,0,0.7,0,gcn,1,
glue|roberta-base|rte_wide|ABC|t24|s42|tune,glue,roberta-base,rte_wide,rte,ABC,tune,24,42,acc,curvature=1.0;feature_mode=unit;gat_hidden_dim=64;gnn_input_clip=0.3;gnn_input_scale=0;graph_curvature=9.0;graph_metric=poincare;hyp_gnn_type=gat;hyperbolic_gnn=1;hyperbolic_readout=1;jk_mode=max;learnable_curvature=1;lr=0.0002;num_layers=4;proj_dim=512;readout_clip=0.3;readout_scale=0;rho_quantile=0.2;scorer_hidden=256;weight_decay=0.0,64,poincare,max,0.0002,4,512,256,,0.0,52.71,111.7,0.19877,0.0,unit,9.0,0.2,1.0,1,1,0.3,0,0.3,0,gat,1,
glue|roberta-base|rte_wide|ABC|t25|s42|tune,glue,roberta-base,rte_wide,rte,ABC,tune,25,42,acc,curvature=4.0;feature_mode=center;gat_hidden_dim=64;gnn_input_clip=0.3;gnn_input_scale=0;graph_curvature=4.0;graph_metric=poincare;hyp_gnn_type=gat;hyperbolic_gnn=1;hyperbolic_readout=1;jk_mode=cat;learnable_curvature=1;lr=0.0002;num_layers=2;proj_dim=128;readout_clip=0.7;readout_scale=0;rho_quantile=0.025;scorer_hidden=128;weight_decay=5e-05,64,poincare,cat,0.0002,2,128,128,,5e-05,59.21,99.77,0.02501,0.00391,center,4.0,0.025,4.0,1,1,0.7,0,0.3,0,gat,1,
glue|roberta-base|rte_wide|ABC|t26|s42|tune,glue,roberta-base,rte_wide,rte,ABC,tune,26,42,acc,curvature=0.25;feature_mode=unit;gat_hidden_dim=128;gnn_input_clip=0.3;gnn_input_scale=0;graph_curvature=1.0;graph_metric=poincare;hyp_gnn_type=gcn;hyperbolic_gnn=1;hyperbolic_readout=1;jk_mode=cat;learnable_curvature=0;lr=0.001;num_layers=4;proj_dim=128;readout_clip=0.0;readout_scale=1;rho_quantile=0.025;scorer_hidden=128;weight_decay=1e-05,128,poincare,cat,0.001,4,128,128,,1e-05,51.26,108.01,0.0248,0.00781,unit,1.0,0.025,0.25,1,0,0.0,1,0.3,0,gcn,1,
glue|roberta-base|rte_wide|ABC|t27|s42|tune,glue,roberta-base,rte_wide,rte,ABC,tune,27,42,acc,curvature=0.25;feature_mode=center_unit;gat_hidden_dim=64;gnn_input_clip=0.3;gnn_input_scale=0;graph_curvature=0.25;graph_metric=poincare;hyp_gnn_type=gat;hyperbolic_gnn=1;hyperbolic_readout=1;jk_mode=cat;learnable_curvature=0;lr=2e-05;num_layers=2;proj_dim=128;readout_clip=0.3;readout_scale=0;rho_quantile=0.38;scorer_hidden=128;weight_decay=5e-05,64,poincare,cat,2e-05,2,128,128,,5e-05,54.51,97.91,0.37831,0.0,center_unit,0.25,0.38,0.25,1,0,0.3,0,0.3,0,gat,1,
glue|roberta-base|rte_wide|ABC|t28|s42|tune,glue,roberta-base,rte_wide,rte,ABC,tune,28,42,acc,curvature=4.0;feature_mode=unit;gat_hidden_dim=64;gnn_input_clip=1.0;gnn_input_scale=1;graph_curvature=4.0;graph_metric=poincare;hyp_gnn_type=gat;hyperbolic_gnn=1;hyperbolic_readout=1;jk_mode=cat;learnable_curvature=0;lr=2e-05;num_layers=2;proj_dim=512;readout_clip=0.7;readout_scale=0;rho_quantile=0.05;scorer_hidden=256;weight_decay=0.0,64,poincare,cat,2e-05,2,512,256,,0.0,49.46,97.51,0.04987,0.0,unit,4.0,0.05,4.0,1,0,0.7,0,1.0,1,gat,1,
glue|roberta-base|rte_wide|ABC|t29|s42|tune,glue,roberta-base,rte_wide,rte,ABC,tune,29,42,acc,curvature=4.0;feature_mode=cls_root_unit;gat_hidden_dim=64;gnn_input_clip=0.7;gnn_input_scale=1;graph_curvature=1.0;graph_metric=poincare;hyp_gnn_type=gcn;hyperbolic_gnn=1;hyperbolic_readout=1;jk_mode=cat;learnable_curvature=1;lr=0.0002;num_layers=4;proj_dim=512;readout_clip=0.7;readout_scale=0;rho_quantile=0.2;scorer_hidden=256;weight_decay=0.0,64,poincare,cat,0.0002,4,512,256,,0.0,59.21,114.93,0.19876,0.0,cls_root_unit,1.0,0.2,4.0,1,1,0.7,0,0.7,1,gcn,1,
glue|roberta-base|rte_wide|ABC|t30|s42|tune,glue,roberta-base,rte_wide,rte,ABC,tune,30,42,acc,curvature=1.0;feature_mode=unit;gat_hidden_dim=64;gnn_input_clip=0.0;gnn_input_scale=1;graph_curvature=9.0;graph_metric=poincare;hyp_gnn_type=gat;hyperbolic_gnn=1;hyperbolic_readout=1;jk_mode=cat;learnable_curvature=1;lr=0.0002;num_layers=2;proj_dim=256;readout_clip=1.0;readout_scale=0;rho_quantile=0.1;scorer_hidden=128;weight_decay=1e-05,64,poincare,cat,0.0002,2,256,128,,1e-05,58.12,100.5,0.09957,0.0,unit,9.0,0.1,1.0,1,1,1.0,0,0.0,1,gat,1,
glue|roberta-base|rte_wide|ABC|t31|s42|tune,glue,roberta-base,rte_wide,rte,ABC,tune,31,42,acc,curvature=0.25;feature_mode=cls_root_unit;gat_hidden_dim=64;gnn_input_clip=1.0;gnn_input_scale=1;graph_curvature=9.0;graph_metric=poincare;hyp_gnn_type=gat;hyperbolic_gnn=1;hyperbolic_readout=1;jk_mode=max;learnable_curvature=1;lr=2e-05;num_layers=2;proj_dim=256;readout_clip=0.3;readout_scale=0;rho_quantile=0.38;scorer_hidden=128;weight_decay=0.0,64,poincare,max,2e-05,2,256,128,,0.0,51.99,100.65,0.37833,0.0,cls_root_unit,9.0,0.38,0.25,1,1,0.3,0,1.0,1,gat,1,
glue|roberta-base|rte_wide|ABC|t32|s42|tune,glue,roberta-base,rte_wide,rte,ABC,tune,32,42,acc,curvature=4.0;feature_mode=center_unit;gat_hidden_dim=64;gnn_input_clip=0.7;gnn_input_scale=1;graph_curvature=4.0;graph_metric=poincare;hyp_gnn_type=gcn;hyperbolic_gnn=1;hyperbolic_readout=1;jk_mode=cat;learnable_curvature=0;lr=0.0002;num_layers=4;proj_dim=512;readout_clip=0.0;readout_scale=0;rho_quantile=0.38;scorer_hidden=256;weight_decay=0.0,64,poincare,cat,0.0002,4,512,256,,0.0,59.57,108.98,0.37821,0.0,center_unit,4.0,0.38,4.0,1,0,0.0,0,0.7,1,gcn,1,
glue|roberta-base|rte_wide|ABC|t33|s42|tune,glue,roberta-base,rte_wide,rte,ABC,tune,33,42,acc,curvature=1.0;feature_mode=cls_root_unit;gat_hidden_dim=256;gnn_input_clip=0.0;gnn_input_scale=1;graph_curvature=9.0;graph_metric=poincare;hyp_gnn_type=gcn;hyperbolic_gnn=1;hyperbolic_readout=1;jk_mode=cat;learnable_curvature=1;lr=2e-05;num_layers=2;proj_dim=128;readout_clip=0.3;readout_scale=1;rho_quantile=0.025;scorer_hidden=128;weight_decay=5e-05,256,poincare,cat,2e-05,2,128,128,,5e-05,52.71,103.23,0.02497,0.0,cls_root_unit,9.0,0.025,1.0,1,1,0.3,1,0.0,1,gcn,1,
glue|roberta-base|rte_wide|ABC|t34|s42|tune,glue,roberta-base,rte_wide,rte,ABC,tune,34,42,acc,curvature=4.0;feature_mode=unit;gat_hidden_dim=64;gnn_input_clip=1.0;gnn_input_scale=0;graph_curvature=9.0;graph_metric=poincare;hyp_gnn_type=gat;hyperbolic_gnn=1;hyperbolic_readout=1;jk_mode=cat;learnable_curvature=0;lr=0.0002;num_layers=4;proj_dim=128;readout_clip=0.7;readout_scale=1;rho_quantile=0.05;scorer_hidden=128;weight_decay=5e-05,64,poincare,cat,0.0002,4,128,128,,5e-05,52.71,104.82,0.0496,0.0,unit,9.0,0.05,4.0,1,0,0.7,1,1.0,0,gat,1,
glue|roberta-base|rte_wide|ABC|t35|s42|tune,glue,roberta-base,rte_wide,rte,ABC,tune,35,42,acc,curvature=4.0;feature_mode=unit;gat_hidden_dim=128;gnn_input_clip=0.3;gnn_input_scale=0;graph_curvature=4.0;graph_metric=poincare;hyp_gnn_type=gcn;hyperbolic_gnn=1;hyperbolic_readout=1;jk_mode=cat;learnable_curvature=0;lr=0.001;num_layers=4;proj_dim=128;readout_clip=0.0;readout_scale=0;rho_quantile=0.05;scorer_hidden=128;weight_decay=1e-05,128,poincare,cat,0.001,4,128,128,,1e-05,51.26,107.21,0.05024,0.0,unit,4.0,0.05,4.0,1,0,0.0,0,0.3,0,gcn,1,
glue|roberta-base|rte_wide|ABC|t36|s42|tune,glue,roberta-base,rte_wide,rte,ABC,tune,36,42,acc,curvature=4.0;feature_mode=center_unit;gat_hidden_dim=64;gnn_input_clip=0.0;gnn_input_scale=1;graph_curvature=9.0;graph_metric=poincare;hyp_gnn_type=gat;hyperbolic_gnn=1;hyperbolic_readout=1;jk_mode=max;learnable_curvature=1;lr=0.0002;num_layers=2;proj_dim=256;readout_clip=0.0;readout_scale=0;rho_quantile=0.1;scorer_hidden=128;weight_decay=0.0,64,poincare,max,0.0002,2,256,128,,0.0,54.87,101.42,0.09915,0.0,center_unit,9.0,0.1,4.0,1,1,0.0,0,0.0,1,gat,1,
glue|roberta-base|rte_wide|ABC|t37|s42|tune,glue,roberta-base,rte_wide,rte,ABC,tune,37,42,acc,curvature=4.0;feature_mode=unit;gat_hidden_dim=256;gnn_input_clip=0.3;gnn_input_scale=1;graph_curvature=2.25;graph_metric=poincare;hyp_gnn_type=gcn;hyperbolic_gnn=1;hyperbolic_readout=1;jk_mode=cat;learnable_curvature=1;lr=0.001;num_layers=4;proj_dim=128;readout_clip=0.0;readout_scale=0;rho_quantile=0.38;scorer_hidden=256;weight_decay=1e-05,256,poincare,cat,0.001,4,128,256,,1e-05,52.71,114.1,0.37812,0.0,unit,2.25,0.38,4.0,1,1,0.0,0,0.3,1,gcn,1,
glue|roberta-base|rte_wide|ABC|t38|s42|tune,glue,roberta-base,rte_wide,rte,ABC,tune,38,42,acc,curvature=1.0;feature_mode=cls_root_unit;gat_hidden_dim=128;gnn_input_clip=0.0;gnn_input_scale=1;graph_curvature=9.0;graph_metric=poincare;hyp_gnn_type=gcn;hyperbolic_gnn=1;hyperbolic_readout=1;jk_mode=max;learnable_curvature=1;lr=2e-05;num_layers=2;proj_dim=512;readout_clip=0.0;readout_scale=1;rho_quantile=0.1;scorer_hidden=128;weight_decay=1e-05,128,poincare,max,2e-05,2,512,128,,1e-05,47.29,102.59,0.091,0.0,cls_root_unit,9.0,0.1,1.0,1,1,0.0,1,0.0,1,gcn,1,
glue|roberta-base|rte_wide|ABC|t39|s42|tune,glue,roberta-base,rte_wide,rte,ABC,tune,39,42,acc,curvature=1.0;feature_mode=center_unit;gat_hidden_dim=64;gnn_input_clip=0.7;gnn_input_scale=1;graph_curvature=2.25;graph_metric=poincare;hyp_gnn_type=gcn;hyperbolic_gnn=1;hyperbolic_readout=1;jk_mode=max;learnable_curvature=0;lr=0.0002;num_layers=2;proj_dim=128;readout_clip=0.3;readout_scale=1;rho_quantile=0.05;scorer_hidden=128;weight_decay=0.0,64,poincare,max,0.0002,2,128,128,,0.0,52.71,98.41,0.04975,0.0,center_unit,2.25,0.05,1.0,1,0,0.3,1,0.7,1,gcn,1,
glue|roberta-base|rte_wide|no_graph|t0|s42|tune,glue,roberta-base,rte_wide,rte,no_graph,tune,0,42,acc,gat_hidden_dim=128;graph_metric=cosine;jk_mode=cat;lr=0.001;num_layers=2;proj_dim=512;scorer_hidden=128;tau=0.999;weight_decay=1e-05,128,cosine,cat,0.001,2,512,128,,1e-05,54.51,69.08,0.00102,0.67969,,,,,,,,,,,,,0.999
glue|roberta-base|rte_wide|no_graph|t1|s42|tune,glue,roberta-base,rte_wide,rte,no_graph,tune,1,42,acc,gat_hidden_dim=256;graph_metric=cosine;jk_mode=max;lr=0.0002;num_layers=4;proj_dim=128;scorer_hidden=128;tau=0.999;weight_decay=1e-05,256,cosine,max,0.0002,4,128,128,,1e-05,56.68,71.62,0.00127,0.64062,,,,,,,,,,,,,0.999
glue|roberta-base|rte_wide|no_graph|t2|s42|tune,glue,roberta-base,rte_wide,rte,no_graph,tune,2,42,acc,gat_hidden_dim=128;graph_metric=cosine;jk_mode=cat;lr=2e-05;num_layers=4;proj_dim=256;scorer_hidden=128;tau=0.999;weight_decay=0.0,128,cosine,cat,2e-05,4,256,128,,0.0,45.85,70.3,0.00074,0.69531,,,,,,,,,,,,,0.999
glue|roberta-base|rte_wide|no_graph|t3|s42|tune,glue,roberta-base,rte_wide,rte,no_graph,tune,3,42,acc,gat_hidden_dim=128;graph_metric=cosine;jk_mode=cat;lr=2e-05;num_layers=4;proj_dim=512;scorer_hidden=256;tau=0.999;weight_decay=1e-05,128,cosine,cat,2e-05,4,512,256,,1e-05,45.85,70.39,0.00074,0.69531,,,,,,,,,,,,,0.999
glue|roberta-base|rte_wide|no_graph|t4|s42|tune,glue,roberta-base,rte_wide,rte,no_graph,tune,4,42,acc,gat_hidden_dim=128;graph_metric=cosine;jk_mode=max;lr=0.0002;num_layers=2;proj_dim=256;scorer_hidden=128;tau=0.999;weight_decay=0.0,128,cosine,max,0.0002,2,256,128,,0.0,52.71,68.56,0.00078,0.72266,,,,,,,,,,,,,0.999
glue|roberta-base|rte_wide|no_graph|t5|s42|tune,glue,roberta-base,rte_wide,rte,no_graph,tune,5,42,acc,gat_hidden_dim=64;graph_metric=cosine;jk_mode=max;lr=0.001;num_layers=2;proj_dim=128;scorer_hidden=256;tau=0.999;weight_decay=0.0,64,cosine,max,0.001,2,128,256,,0.0,54.87,68.72,0.00091,0.69531,,,,,,,,,,,,,0.999
glue|roberta-base|rte_wide|no_graph|t6|s42|tune,glue,roberta-base,rte_wide,rte,no_graph,tune,6,42,acc,gat_hidden_dim=256;graph_metric=cosine;jk_mode=cat;lr=0.001;num_layers=4;proj_dim=256;scorer_hidden=128;tau=0.999;weight_decay=5e-05,256,cosine,cat,0.001,4,256,128,,5e-05,55.96,70.71,0.00099,0.66797,,,,,,,,,,,,,0.999
glue|roberta-base|rte_wide|no_graph|t7|s42|tune,glue,roberta-base,rte_wide,rte,no_graph,tune,7,42,acc,gat_hidden_dim=256;graph_metric=cosine;jk_mode=cat;lr=0.001;num_layers=4;proj_dim=128;scorer_hidden=256;tau=0.999;weight_decay=1e-05,256,cosine,cat,0.001,4,128,256,,1e-05,54.15,70.49,0.00099,0.66797,,,,,,,,,,,,,0.999
glue|roberta-base|rte_wide|no_graph|t8|s42|tune,glue,roberta-base,rte_wide,rte,no_graph,tune,8,42,acc,gat_hidden_dim=64;graph_metric=cosine;jk_mode=max;lr=0.001;num_layers=4;proj_dim=128;scorer_hidden=256;tau=0.999;weight_decay=5e-05,64,cosine,max,0.001,4,128,256,,5e-05,55.6,70.75,0.00095,0.64844,,,,,,,,,,,,,0.999
glue|roberta-base|rte_wide|no_graph|t9|s42|tune,glue,roberta-base,rte_wide,rte,no_graph,tune,9,42,acc,gat_hidden_dim=256;graph_metric=cosine;jk_mode=max;lr=0.0002;num_layers=2;proj_dim=256;scorer_hidden=256;tau=0.999;weight_decay=0.0,256,cosine,max,0.0002,2,256,256,,0.0,57.04,69.47,0.00108,0.64844,,,,,,,,,,,,,0.999
glue|roberta-base|rte_wide|no_graph|t10|s42|tune,glue,roberta-base,rte_wide,rte,no_graph,tune,10,42,acc,gat_hidden_dim=128;graph_metric=cosine;jk_mode=max;lr=0.0002;num_layers=2;proj_dim=128;scorer_hidden=128;tau=0.999;weight_decay=5e-05,128,cosine,max,0.0002,2,128,128,,5e-05,52.71,68.94,0.00078,0.72266,,,,,,,,,,,,,0.999
glue|roberta-base|rte_wide|no_graph|t11|s42|tune,glue,roberta-base,rte_wide,rte,no_graph,tune,11,42,acc,gat_hidden_dim=128;graph_metric=cosine;jk_mode=cat;lr=0.0002;num_layers=2;proj_dim=512;scorer_hidden=128;tau=0.999;weight_decay=5e-05,128,cosine,cat,0.0002,2,512,128,,5e-05,54.87,68.32,0.00102,0.67969,,,,,,,,,,,,,0.999
glue|roberta-base|rte_wide|no_graph|t12|s42|tune,glue,roberta-base,rte_wide,rte,no_graph,tune,12,42,acc,gat_hidden_dim=256;graph_metric=cosine;jk_mode=cat;lr=2e-05;num_layers=2;proj_dim=512;scorer_hidden=128;tau=0.999;weight_decay=0.0,256,cosine,cat,2e-05,2,512,128,,0.0,54.51,68.88,0.00085,0.63281,,,,,,,,,,,,,0.999
glue|roberta-base|rte_wide|no_graph|t13|s42|tune,glue,roberta-base,rte_wide,rte,no_graph,tune,13,42,acc,gat_hidden_dim=128;graph_metric=cosine;jk_mode=cat;lr=0.001;num_layers=2;proj_dim=256;scorer_hidden=128;tau=0.999;weight_decay=5e-05,128,cosine,cat,0.001,2,256,128,,5e-05,55.23,68.43,0.00102,0.67969,,,,,,,,,,,,,0.999
glue|roberta-base|rte_wide|no_graph|t14|s42|tune,glue,roberta-base,rte_wide,rte,no_graph,tune,14,42,acc,gat_hidden_dim=64;graph_metric=cosine;jk_mode=max;lr=0.001;num_layers=4;proj_dim=512;scorer_hidden=256;tau=0.999;weight_decay=0.0,64,cosine,max,0.001,4,512,256,,0.0,55.23,70.42,0.00095,0.64844,,,,,,,,,,,,,0.999
glue|roberta-base|rte_wide|no_graph|t15|s42|tune,glue,roberta-base,rte_wide,rte,no_graph,tune,15,42,acc,gat_hidden_dim=256;graph_metric=cosine;jk_mode=cat;lr=2e-05;num_layers=4;proj_dim=128;scorer_hidden=128;tau=0.999;weight_decay=1e-05,256,cosine,cat,2e-05,4,128,128,,1e-05,48.74,70.89,0.00099,0.66797,,,,,,,,,,,,,0.999
glue|roberta-base|rte_wide|no_graph|t16|s42|tune,glue,roberta-base,rte_wide,rte,no_graph,tune,16,42,acc,gat_hidden_dim=256;graph_metric=cosine;jk_mode=cat;lr=0.0002;num_layers=2;proj_dim=256;scorer_hidden=256;tau=0.999;weight_decay=5e-05,256,cosine,cat,0.0002,2,256,256,,5e-05,53.79,68.84,0.00085,0.63281,,,,,,,,,,,,,0.999
glue|roberta-base|rte_wide|no_graph|t17|s42|tune,glue,roberta-base,rte_wide,rte,no_graph,tune,17,42,acc,gat_hidden_dim=128;graph_metric=cosine;jk_mode=cat;lr=0.001;num_layers=2;proj_dim=256;scorer_hidden=128;tau=0.999;weight_decay=1e-05,128,cosine,cat,0.001,2,256,128,,1e-05,54.51,68.59,0.00102,0.67969,,,,,,,,,,,,,0.999
glue|roberta-base|rte_wide|no_graph|t18|s42|tune,glue,roberta-base,rte_wide,rte,no_graph,tune,18,42,acc,gat_hidden_dim=256;graph_metric=cosine;jk_mode=cat;lr=0.001;num_layers=2;proj_dim=512;scorer_hidden=256;tau=0.999;weight_decay=5e-05,256,cosine,cat,0.001,2,512,256,,5e-05,56.32,69.4,0.00085,0.63281,,,,,,,,,,,,,0.999
glue|roberta-base|rte_wide|no_graph|t19|s42|tune,glue,roberta-base,rte_wide,rte,no_graph,tune,19,42,acc,gat_hidden_dim=256;graph_metric=cosine;jk_mode=max;lr=2e-05;num_layers=2;proj_dim=128;scorer_hidden=256;tau=0.999;weight_decay=0.0,256,cosine,max,2e-05,2,128,256,,0.0,50.54,69.27,0.00108,0.64844,,,,,,,,,,,,,0.999
glue|roberta-base|rte_wide|no_graph|t20|s42|tune,glue,roberta-base,rte_wide,rte,no_graph,tune,20,42,acc,gat_hidden_dim=256;graph_metric=cosine;jk_mode=cat;lr=0.0002;num_layers=4;proj_dim=512;scorer_hidden=128;tau=0.999;weight_decay=1e-05,256,cosine,cat,0.0002,4,512,128,,1e-05,55.23,70.71,0.00099,0.66797,,,,,,,,,,,,,0.999
glue|roberta-base|rte_wide|no_graph|t21|s42|tune,glue,roberta-base,rte_wide,rte,no_graph,tune,21,42,acc,gat_hidden_dim=256;graph_metric=cosine;jk_mode=max;lr=0.001;num_layers=4;proj_dim=256;scorer_hidden=128;tau=0.999;weight_decay=1e-05,256,cosine,max,0.001,4,256,128,,1e-05,58.48,70.93,0.00127,0.64062,,,,,,,,,,,,,0.999
glue|roberta-base|rte_wide|no_graph|t22|s42|tune,glue,roberta-base,rte_wide,rte,no_graph,tune,22,42,acc,gat_hidden_dim=256;graph_metric=cosine;jk_mode=cat;lr=0.0002;num_layers=2;proj_dim=128;scorer_hidden=128;tau=0.999;weight_decay=0.0,256,cosine,cat,0.0002,2,128,128,,0.0,53.43,69.57,0.00085,0.63281,,,,,,,,,,,,,0.999
glue|roberta-base|rte_wide|no_graph|t23|s42|tune,glue,roberta-base,rte_wide,rte,no_graph,tune,23,42,acc,gat_hidden_dim=64;graph_metric=cosine;jk_mode=cat;lr=0.0002;num_layers=2;proj_dim=512;scorer_hidden=128;tau=0.999;weight_decay=0.0,64,cosine,cat,0.0002,2,512,128,,0.0,54.51,69.03,0.00112,0.63281,,,,,,,,,,,,,0.999
glue|roberta-base|rte_wide|no_graph|t24|s42|tune,glue,roberta-base,rte_wide,rte,no_graph,tune,24,42,acc,gat_hidden_dim=128;graph_metric=cosine;jk_mode=cat;lr=0.001;num_layers=2;proj_dim=512;scorer_hidden=256;tau=0.999;weight_decay=5e-05,128,cosine,cat,0.001,2,512,256,,5e-05,55.23,68.61,0.00102,0.67969,,,,,,,,,,,,,0.999
glue|roberta-base|rte_wide|no_graph|t25|s42|tune,glue,roberta-base,rte_wide,rte,no_graph,tune,25,42,acc,gat_hidden_dim=64;graph_metric=cosine;jk_mode=cat;lr=0.001;num_layers=4;proj_dim=128;scorer_hidden=128;tau=0.999;weight_decay=0.0,64,cosine,cat,0.001,4,128,128,,0.0,51.99,70.68,0.00076,0.65625,,,,,,,,,,,,,0.999
glue|roberta-base|rte_wide|no_graph|t26|s42|tune,glue,roberta-base,rte_wide,rte,no_graph,tune,26,42,acc,gat_hidden_dim=64;graph_metric=cosine;jk_mode=cat;lr=2e-05;num_layers=2;proj_dim=256;scorer_hidden=128;tau=0.999;weight_decay=1e-05,64,cosine,cat,2e-05,2,256,128,,1e-05,50.54,69.64,0.00112,0.63281,,,,,,,,,,,,,0.999
glue|roberta-base|rte_wide|no_graph|t27|s42|tune,glue,roberta-base,rte_wide,rte,no_graph,tune,27,42,acc,gat_hidden_dim=64;graph_metric=cosine;jk_mode=cat;lr=2e-05;num_layers=4;proj_dim=512;scorer_hidden=256;tau=0.999;weight_decay=0.0,64,cosine,cat,2e-05,4,512,256,,0.0,57.4,70.21,0.00076,0.65625,,,,,,,,,,,,,0.999
glue|roberta-base|rte_wide|no_graph|t28|s42|tune,glue,roberta-base,rte_wide,rte,no_graph,tune,28,42,acc,gat_hidden_dim=128;graph_metric=cosine;jk_mode=cat;lr=0.0002;num_layers=4;proj_dim=512;scorer_hidden=128;tau=0.999;weight_decay=0.0,128,cosine,cat,0.0002,4,512,128,,0.0,53.79,70.37,0.00074,0.69531,,,,,,,,,,,,,0.999
glue|roberta-base|rte_wide|no_graph|t29|s42|tune,glue,roberta-base,rte_wide,rte,no_graph,tune,29,42,acc,gat_hidden_dim=128;graph_metric=cosine;jk_mode=cat;lr=0.001;num_layers=4;proj_dim=128;scorer_hidden=256;tau=0.999;weight_decay=0.0,128,cosine,cat,0.001,4,128,256,,0.0,56.68,73.7,0.00074,0.69531,,,,,,,,,,,,,0.999
glue|roberta-base|rte_wide|no_graph|t30|s42|tune,glue,roberta-base,rte_wide,rte,no_graph,tune,30,42,acc,gat_hidden_dim=256;graph_metric=cosine;jk_mode=cat;lr=0.0002;num_layers=4;proj_dim=128;scorer_hidden=128;tau=0.999;weight_decay=0.0,256,cosine,cat,0.0002,4,128,128,,0.0,55.23,71.01,0.00099,0.66797,,,,,,,,,,,,,0.999
glue|roberta-base|rte_wide|no_graph|t31|s42|tune,glue,roberta-base,rte_wide,rte,no_graph,tune,31,42,acc,gat_hidden_dim=64;graph_metric=cosine;jk_mode=max;lr=0.001;num_layers=2;proj_dim=256;scorer_hidden=256;tau=0.999;weight_decay=1e-05,64,cosine,max,0.001,2,256,256,,1e-05,54.87,69.03,0.00091,0.69531,,,,,,,,,,,,,0.999
glue|roberta-base|rte_wide|no_graph|t32|s42|tune,glue,roberta-base,rte_wide,rte,no_graph,tune,32,42,acc,gat_hidden_dim=64;graph_metric=cosine;jk_mode=max;lr=2e-05;num_layers=4;proj_dim=128;scorer_hidden=256;tau=0.999;weight_decay=5e-05,64,cosine,max,2e-05,4,128,256,,5e-05,55.23,70.4,0.00095,0.64844,,,,,,,,,,,,,0.999
glue|roberta-base|rte_wide|no_graph|t33|s42|tune,glue,roberta-base,rte_wide,rte,no_graph,tune,33,42,acc,gat_hidden_dim=128;graph_metric=cosine;jk_mode=cat;lr=2e-05;num_layers=4;proj_dim=512;scorer_hidden=128;tau=0.999;weight_decay=0.0,128,cosine,cat,2e-05,4,512,128,,0.0,45.85,70.2,0.00074,0.69531,,,,,,,,,,,,,0.999
glue|roberta-base|rte_wide|no_graph|t34|s42|tune,glue,roberta-base,rte_wide,rte,no_graph,tune,34,42,acc,gat_hidden_dim=64;graph_metric=cosine;jk_mode=cat;lr=0.001;num_layers=2;proj_dim=128;scorer_hidden=256;tau=0.999;weight_decay=1e-05,64,cosine,cat,0.001,2,128,256,,1e-05,55.96,68.86,0.00112,0.63281,,,,,,,,,,,,,0.999
glue|roberta-base|rte_wide|no_graph|t35|s42|tune,glue,roberta-base,rte_wide,rte,no_graph,tune,35,42,acc,gat_hidden_dim=256;graph_metric=cosine;jk_mode=max;lr=0.001;num_layers=2;proj_dim=256;scorer_hidden=128;tau=0.999;weight_decay=5e-05,256,cosine,max,0.001,2,256,128,,5e-05,55.96,69.66,0.00108,0.64844,,,,,,,,,,,,,0.999
glue|roberta-base|rte_wide|no_graph|t36|s42|tune,glue,roberta-base,rte_wide,rte,no_graph,tune,36,42,acc,gat_hidden_dim=256;graph_metric=cosine;jk_mode=max;lr=0.001;num_layers=2;proj_dim=512;scorer_hidden=256;tau=0.999;weight_decay=5e-05,256,cosine,max,0.001,2,512,256,,5e-05,55.96,69.61,0.00108,0.64844,,,,,,,,,,,,,0.999
glue|roberta-base|rte_wide|no_graph|t37|s42|tune,glue,roberta-base,rte_wide,rte,no_graph,tune,37,42,acc,gat_hidden_dim=256;graph_metric=cosine;jk_mode=max;lr=2e-05;num_layers=4;proj_dim=256;scorer_hidden=256;tau=0.999;weight_decay=0.0,256,cosine,max,2e-05,4,256,256,,0.0,47.65,71.28,0.00127,0.64062,,,,,,,,,,,,,0.999
glue|roberta-base|rte_wide|no_graph|t38|s42|tune,glue,roberta-base,rte_wide,rte,no_graph,tune,38,42,acc,gat_hidden_dim=128;graph_metric=cosine;jk_mode=cat;lr=2e-05;num_layers=2;proj_dim=512;scorer_hidden=256;tau=0.999;weight_decay=0.0,128,cosine,cat,2e-05,2,512,256,,0.0,51.26,68.86,0.00102,0.67969,,,,,,,,,,,,,0.999
glue|roberta-base|rte_wide|no_graph|t39|s42|tune,glue,roberta-base,rte_wide,rte,no_graph,tune,39,42,acc,gat_hidden_dim=64;graph_metric=cosine;jk_mode=cat;lr=0.0002;num_layers=2;proj_dim=512;scorer_hidden=128;tau=0.999;weight_decay=1e-05,64,cosine,cat,0.0002,2,512,128,,1e-05,54.51,68.51,0.00112,0.63281,,,,,,,,,,,,,0.999
glue|roberta-base|rte_wide|A|t11|s1|confirm,glue,roberta-base,rte_wide,rte,A,confirm,11,1,acc,feature_mode=cls_root_unit;gat_hidden_dim=64;graph_curvature=1.0;graph_metric=poincare;jk_mode=cat;lr=0.001;num_layers=2;proj_dim=512;rho_quantile=0.38;scorer_hidden=128;weight_decay=1e-05,64,poincare,cat,0.001,2,512,128,,1e-05,55.96,87.48,0.37829,0.0,cls_root_unit,1.0,0.38,,,,,,,,,,
glue|roberta-base|rte_wide|A|t11|s2|confirm,glue,roberta-base,rte_wide,rte,A,confirm,11,2,acc,feature_mode=cls_root_unit;gat_hidden_dim=64;graph_curvature=1.0;graph_metric=poincare;jk_mode=cat;lr=0.001;num_layers=2;proj_dim=512;rho_quantile=0.38;scorer_hidden=128;weight_decay=1e-05,64,poincare,cat,0.001,2,512,128,,1e-05,53.07,88.74,0.37823,0.0,cls_root_unit,1.0,0.38,,,,,,,,,,
glue|roberta-base|rte_wide|A|t11|s3|confirm,glue,roberta-base,rte_wide,rte,A,confirm,11,3,acc,feature_mode=cls_root_unit;gat_hidden_dim=64;graph_curvature=1.0;graph_metric=poincare;jk_mode=cat;lr=0.001;num_layers=2;proj_dim=512;rho_quantile=0.38;scorer_hidden=128;weight_decay=1e-05,64,poincare,cat,0.001,2,512,128,,1e-05,55.6,88.1,0.37819,0.0,cls_root_unit,1.0,0.38,,,,,,,,,,
glue|roberta-base|rte_wide|A|t11|s4|confirm,glue,roberta-base,rte_wide,rte,A,confirm,11,4,acc,feature_mode=cls_root_unit;gat_hidden_dim=64;graph_curvature=1.0;graph_metric=poincare;jk_mode=cat;lr=0.001;num_layers=2;proj_dim=512;rho_quantile=0.38;scorer_hidden=128;weight_decay=1e-05,64,poincare,cat,0.001,2,512,128,,1e-05,55.23,88.36,0.37824,0.0,cls_root_unit,1.0,0.38,,,,,,,,,,
glue|roberta-base|rte_wide|A|t11|s5|confirm,glue,roberta-base,rte_wide,rte,A,confirm,11,5,acc,feature_mode=cls_root_unit;gat_hidden_dim=64;graph_curvature=1.0;graph_metric=poincare;jk_mode=cat;lr=0.001;num_layers=2;proj_dim=512;rho_quantile=0.38;scorer_hidden=128;weight_decay=1e-05,64,poincare,cat,0.001,2,512,128,,1e-05,55.23,88.2,0.37809,0.0,cls_root_unit,1.0,0.38,,,,,,,,,,
glue|roberta-base|rte_wide|A|t11|s6|confirm,glue,roberta-base,rte_wide,rte,A,confirm,11,6,acc,feature_mode=cls_root_unit;gat_hidden_dim=64;graph_curvature=1.0;graph_metric=poincare;jk_mode=cat;lr=0.001;num_layers=2;proj_dim=512;rho_quantile=0.38;scorer_hidden=128;weight_decay=1e-05,64,poincare,cat,0.001,2,512,128,,1e-05,56.68,87.98,0.37839,0.0,cls_root_unit,1.0,0.38,,,,,,,,,,
glue|roberta-base|rte_wide|A|t11|s7|confirm,glue,roberta-base,rte_wide,rte,A,confirm,11,7,acc,feature_mode=cls_root_unit;gat_hidden_dim=64;graph_curvature=1.0;graph_metric=poincare;jk_mode=cat;lr=0.001;num_layers=2;proj_dim=512;rho_quantile=0.38;scorer_hidden=128;weight_decay=1e-05,64,poincare,cat,0.001,2,512,128,,1e-05,54.87,88.56,0.37848,0.0,cls_root_unit,1.0,0.38,,,,,,,,,,
glue|roberta-base|rte_wide|A|t11|s8|confirm,glue,roberta-base,rte_wide,rte,A,confirm,11,8,acc,feature_mode=cls_root_unit;gat_hidden_dim=64;graph_curvature=1.0;graph_metric=poincare;jk_mode=cat;lr=0.001;num_layers=2;proj_dim=512;rho_quantile=0.38;scorer_hidden=128;weight_decay=1e-05,64,poincare,cat,0.001,2,512,128,,1e-05,54.15,88.38,0.37811,0.0,cls_root_unit,1.0,0.38,,,,,,,,,,
glue|roberta-base|rte_wide|A|t11|s9|confirm,glue,roberta-base,rte_wide,rte,A,confirm,11,9,acc,feature_mode=cls_root_unit;gat_hidden_dim=64;graph_curvature=1.0;graph_metric=poincare;jk_mode=cat;lr=0.001;num_layers=2;proj_dim=512;rho_quantile=0.38;scorer_hidden=128;weight_decay=1e-05,64,poincare,cat,0.001,2,512,128,,1e-05,57.4,87.9,0.3785,0.0,cls_root_unit,1.0,0.38,,,,,,,,,,
glue|roberta-base|rte_wide|A|t11|s10|confirm,glue,roberta-base,rte_wide,rte,A,confirm,11,10,acc,feature_mode=cls_root_unit;gat_hidden_dim=64;graph_curvature=1.0;graph_metric=poincare;jk_mode=cat;lr=0.001;num_layers=2;proj_dim=512;rho_quantile=0.38;scorer_hidden=128;weight_decay=1e-05,64,poincare,cat,0.001,2,512,128,,1e-05,53.43,88.24,0.37807,0.0,cls_root_unit,1.0,0.38,,,,,,,,,,
glue|roberta-base|rte_wide|A|t11|s11|confirm,glue,roberta-base,rte_wide,rte,A,confirm,11,11,acc,feature_mode=cls_root_unit;gat_hidden_dim=64;graph_curvature=1.0;graph_metric=poincare;jk_mode=cat;lr=0.001;num_layers=2;proj_dim=512;rho_quantile=0.38;scorer_hidden=128;weight_decay=1e-05,64,poincare,cat,0.001,2,512,128,,1e-05,59.21,88.32,0.37798,0.0,cls_root_unit,1.0,0.38,,,,,,,,,,
glue|roberta-base|rte_wide|A|t11|s12|confirm,glue,roberta-base,rte_wide,rte,A,confirm,11,12,acc,feature_mode=cls_root_unit;gat_hidden_dim=64;graph_curvature=1.0;graph_metric=poincare;jk_mode=cat;lr=0.001;num_layers=2;proj_dim=512;rho_quantile=0.38;scorer_hidden=128;weight_decay=1e-05,64,poincare,cat,0.001,2,512,128,,1e-05,55.23,88.57,0.37863,0.0,cls_root_unit,1.0,0.38,,,,,,,,,,
glue|roberta-base|rte_wide|A|t11|s13|confirm,glue,roberta-base,rte_wide,rte,A,confirm,11,13,acc,feature_mode=cls_root_unit;gat_hidden_dim=64;graph_curvature=1.0;graph_metric=poincare;jk_mode=cat;lr=0.001;num_layers=2;proj_dim=512;rho_quantile=0.38;scorer_hidden=128;weight_decay=1e-05,64,poincare,cat,0.001,2,512,128,,1e-05,57.04,87.93,0.37836,0.0,cls_root_unit,1.0,0.38,,,,,,,,,,
glue|roberta-base|rte_wide|A|t11|s14|confirm,glue,roberta-base,rte_wide,rte,A,confirm,11,14,acc,feature_mode=cls_root_unit;gat_hidden_dim=64;graph_curvature=1.0;graph_metric=poincare;jk_mode=cat;lr=0.001;num_layers=2;proj_dim=512;rho_quantile=0.38;scorer_hidden=128;weight_decay=1e-05,64,poincare,cat,0.001,2,512,128,,1e-05,56.32,87.87,0.37808,0.0,cls_root_unit,1.0,0.38,,,,,,,,,,
glue|roberta-base|rte_wide|A|t11|s15|confirm,glue,roberta-base,rte_wide,rte,A,confirm,11,15,acc,feature_mode=cls_root_unit;gat_hidden_dim=64;graph_curvature=1.0;graph_metric=poincare;jk_mode=cat;lr=0.001;num_layers=2;proj_dim=512;rho_quantile=0.38;scorer_hidden=128;weight_decay=1e-05,64,poincare,cat,0.001,2,512,128,,1e-05,59.21,87.7,0.37843,0.0,cls_root_unit,1.0,0.38,,,,,,,,,,
glue|roberta-base|rte_wide|AB|t3|s1|confirm,glue,roberta-base,rte_wide,rte,AB,confirm,3,1,acc,curvature=4.0;feature_mode=center_unit;gat_hidden_dim=64;graph_curvature=1.0;graph_metric=poincare;hyperbolic_readout=1;jk_mode=max;learnable_curvature=1;lr=0.0002;num_layers=4;proj_dim=512;readout_clip=0.7;readout_scale=1;rho_quantile=0.025;scorer_hidden=256;weight_decay=0.0,64,poincare,max,0.0002,4,512,256,,0.0,54.87,93.28,0.02545,0.0,center_unit,1.0,0.025,4.0,1,1,0.7,1,,,,,
glue|roberta-base|rte_wide|AB|t3|s2|confirm,glue,roberta-base,rte_wide,rte,AB,confirm,3,2,acc,curvature=4.0;feature_mode=center_unit;gat_hidden_dim=64;graph_curvature=1.0;graph_metric=poincare;hyperbolic_readout=1;jk_mode=max;learnable_curvature=1;lr=0.0002;num_layers=4;proj_dim=512;readout_clip=0.7;readout_scale=1;rho_quantile=0.025;scorer_hidden=256;weight_decay=0.0,64,poincare,max,0.0002,4,512,256,,0.0,52.35,93.86,0.02504,0.00391,center_unit,1.0,0.025,4.0,1,1,0.7,1,,,,,
glue|roberta-base|rte_wide|AB|t3|s3|confirm,glue,roberta-base,rte_wide,rte,AB,confirm,3,3,acc,curvature=4.0;feature_mode=center_unit;gat_hidden_dim=64;graph_curvature=1.0;graph_metric=poincare;hyperbolic_readout=1;jk_mode=max;learnable_curvature=1;lr=0.0002;num_layers=4;proj_dim=512;readout_clip=0.7;readout_scale=1;rho_quantile=0.025;scorer_hidden=256;weight_decay=0.0,64,poincare,max,0.0002,4,512,256,,0.0,60.29,93.07,0.02548,0.0,center_unit,1.0,0.025,4.0,1,1,0.7,1,,,,,
glue|roberta-base|rte_wide|AB|t3|s4|confirm,glue,roberta-base,rte_wide,rte,AB,confirm,3,4,acc,curvature=4.0;feature_mode=center_unit;gat_hidden_dim=64;graph_curvature=1.0;graph_metric=poincare;hyperbolic_readout=1;jk_mode=max;learnable_curvature=1;lr=0.0002;num_layers=4;proj_dim=512;readout_clip=0.7;readout_scale=1;rho_quantile=0.025;scorer_hidden=256;weight_decay=0.0,64,poincare,max,0.0002,4,512,256,,0.0,53.79,93.13,0.02529,0.0,center_unit,1.0,0.025,4.0,1,1,0.7,1,,,,,
glue|roberta-base|rte_wide|AB|t3|s5|confirm,glue,roberta-base,rte_wide,rte,AB,confirm,3,5,acc,curvature=4.0;feature_mode=center_unit;gat_hidden_dim=64;graph_curvature=1.0;graph_metric=poincare;hyperbolic_readout=1;jk_mode=max;learnable_curvature=1;lr=0.0002;num_layers=4;proj_dim=512;readout_clip=0.7;readout_scale=1;rho_quantile=0.025;scorer_hidden=256;weight_decay=0.0,64,poincare,max,0.0002,4,512,256,,0.0,54.15,93.14,0.02525,0.0,center_unit,1.0,0.025,4.0,1,1,0.7,1,,,,,
glue|roberta-base|rte_wide|AB|t3|s6|confirm,glue,roberta-base,rte_wide,rte,AB,confirm,3,6,acc,curvature=4.0;feature_mode=center_unit;gat_hidden_dim=64;graph_curvature=1.0;graph_metric=poincare;hyperbolic_readout=1;jk_mode=max;learnable_curvature=1;lr=0.0002;num_layers=4;proj_dim=512;readout_clip=0.7;readout_scale=1;rho_quantile=0.025;scorer_hidden=256;weight_decay=0.0,64,poincare,max,0.0002,4,512,256,,0.0,53.43,93.85,0.02504,0.00391,center_unit,1.0,0.025,4.0,1,1,0.7,1,,,,,
glue|roberta-base|rte_wide|AB|t3|s7|confirm,glue,roberta-base,rte_wide,rte,AB,confirm,3,7,acc,curvature=4.0;feature_mode=center_unit;gat_hidden_dim=64;graph_curvature=1.0;graph_metric=poincare;hyperbolic_readout=1;jk_mode=max;learnable_curvature=1;lr=0.0002;num_layers=4;proj_dim=512;readout_clip=0.7;readout_scale=1;rho_quantile=0.025;scorer_hidden=256;weight_decay=0.0,64,poincare,max,0.0002,4,512,256,,0.0,53.43,93.59,0.02501,0.0,center_unit,1.0,0.025,4.0,1,1,0.7,1,,,,,
glue|roberta-base|rte_wide|AB|t3|s8|confirm,glue,roberta-base,rte_wide,rte,AB,confirm,3,8,acc,curvature=4.0;feature_mode=center_unit;gat_hidden_dim=64;graph_curvature=1.0;graph_metric=poincare;hyperbolic_readout=1;jk_mode=max;learnable_curvature=1;lr=0.0002;num_layers=4;proj_dim=512;readout_clip=0.7;readout_scale=1;rho_quantile=0.025;scorer_hidden=256;weight_decay=0.0,64,poincare,max,0.0002,4,512,256,,0.0,54.51,94.02,0.02513,0.00391,center_unit,1.0,0.025,4.0,1,1,0.7,1,,,,,
glue|roberta-base|rte_wide|AB|t3|s9|confirm,glue,roberta-base,rte_wide,rte,AB,confirm,3,9,acc,curvature=4.0;feature_mode=center_unit;gat_hidden_dim=64;graph_curvature=1.0;graph_metric=poincare;hyperbolic_readout=1;jk_mode=max;learnable_curvature=1;lr=0.0002;num_layers=4;proj_dim=512;readout_clip=0.7;readout_scale=1;rho_quantile=0.025;scorer_hidden=256;weight_decay=0.0,64,poincare,max,0.0002,4,512,256,,0.0,55.23,94.13,0.02503,0.0,center_unit,1.0,0.025,4.0,1,1,0.7,1,,,,,
glue|roberta-base|rte_wide|AB|t3|s10|confirm,glue,roberta-base,rte_wide,rte,AB,confirm,3,10,acc,curvature=4.0;feature_mode=center_unit;gat_hidden_dim=64;graph_curvature=1.0;graph_metric=poincare;hyperbolic_readout=1;jk_mode=max;learnable_curvature=1;lr=0.0002;num_layers=4;proj_dim=512;readout_clip=0.7;readout_scale=1;rho_quantile=0.025;scorer_hidden=256;weight_decay=0.0,64,poincare,max,0.0002,4,512,256,,0.0,57.4,94.3,0.02493,0.00391,center_unit,1.0,0.025,4.0,1,1,0.7,1,,,,,
glue|roberta-base|rte_wide|AB|t3|s11|confirm,glue,roberta-base,rte_wide,rte,AB,confirm,3,11,acc,curvature=4.0;feature_mode=center_unit;gat_hidden_dim=64;graph_curvature=1.0;graph_metric=poincare;hyperbolic_readout=1;jk_mode=max;learnable_curvature=1;lr=0.0002;num_layers=4;proj_dim=512;readout_clip=0.7;readout_scale=1;rho_quantile=0.025;scorer_hidden=256;weight_decay=0.0,64,poincare,max,0.0002,4,512,256,,0.0,53.07,93.11,0.02542,0.00781,center_unit,1.0,0.025,4.0,1,1,0.7,1,,,,,
glue|roberta-base|rte_wide|AB|t3|s12|confirm,glue,roberta-base,rte_wide,rte,AB,confirm,3,12,acc,curvature=4.0;feature_mode=center_unit;gat_hidden_dim=64;graph_curvature=1.0;graph_metric=poincare;hyperbolic_readout=1;jk_mode=max;learnable_curvature=1;lr=0.0002;num_layers=4;proj_dim=512;readout_clip=0.7;readout_scale=1;rho_quantile=0.025;scorer_hidden=256;weight_decay=0.0,64,poincare,max,0.0002,4,512,256,,0.0,53.79,94.17,0.02505,0.00781,center_unit,1.0,0.025,4.0,1,1,0.7,1,,,,,
glue|roberta-base|rte_wide|AB|t3|s13|confirm,glue,roberta-base,rte_wide,rte,AB,confirm,3,13,acc,curvature=4.0;feature_mode=center_unit;gat_hidden_dim=64;graph_curvature=1.0;graph_metric=poincare;hyperbolic_readout=1;jk_mode=max;learnable_curvature=1;lr=0.0002;num_layers=4;proj_dim=512;readout_clip=0.7;readout_scale=1;rho_quantile=0.025;scorer_hidden=256;weight_decay=0.0,64,poincare,max,0.0002,4,512,256,,0.0,50.54,94.2,0.02559,0.0,center_unit,1.0,0.025,4.0,1,1,0.7,1,,,,,
glue|roberta-base|rte_wide|AB|t3|s14|confirm,glue,roberta-base,rte_wide,rte,AB,confirm,3,14,acc,curvature=4.0;feature_mode=center_unit;gat_hidden_dim=64;graph_curvature=1.0;graph_metric=poincare;hyperbolic_readout=1;jk_mode=max;learnable_curvature=1;lr=0.0002;num_layers=4;proj_dim=512;readout_clip=0.7;readout_scale=1;rho_quantile=0.025;scorer_hidden=256;weight_decay=0.0,64,poincare,max,0.0002,4,512,256,,0.0,53.43,93.45,0.02544,0.0,center_unit,1.0,0.025,4.0,1,1,0.7,1,,,,,
glue|roberta-base|rte_wide|AB|t3|s15|confirm,glue,roberta-base,rte_wide,rte,AB,confirm,3,15,acc,curvature=4.0;feature_mode=center_unit;gat_hidden_dim=64;graph_curvature=1.0;graph_metric=poincare;hyperbolic_readout=1;jk_mode=max;learnable_curvature=1;lr=0.0002;num_layers=4;proj_dim=512;readout_clip=0.7;readout_scale=1;rho_quantile=0.025;scorer_hidden=256;weight_decay=0.0,64,poincare,max,0.0002,4,512,256,,0.0,54.51,93.33,0.02498,0.00391,center_unit,1.0,0.025,4.0,1,1,0.7,1,,,,,
glue|roberta-base|rte_wide|ABC|t14|s1|confirm,glue,roberta-base,rte_wide,rte,ABC,confirm,14,1,acc,curvature=4.0;feature_mode=center;gat_hidden_dim=128;gnn_input_clip=0.3;gnn_input_scale=1;graph_curvature=1.0;graph_metric=poincare;hyp_gnn_type=gat;hyperbolic_gnn=1;hyperbolic_readout=1;jk_mode=cat;learnable_curvature=0;lr=0.001;num_layers=2;proj_dim=512;readout_clip=0.3;readout_scale=0;rho_quantile=0.05;scorer_hidden=256;weight_decay=0.0,128,poincare,cat,0.001,2,512,256,,0.0,59.57,98.48,0.04989,0.0,center,1.0,0.05,4.0,1,0,0.3,0,0.3,1,gat,1,
glue|roberta-base|rte_wide|ABC|t14|s2|confirm,glue,roberta-base,rte_wide,rte,ABC,confirm,14,2,acc,curvature=4.0;feature_mode=center;gat_hidden_dim=128;gnn_input_clip=0.3;gnn_input_scale=1;graph_curvature=1.0;graph_metric=poincare;hyp_gnn_type=gat;hyperbolic_gnn=1;hyperbolic_readout=1;jk_mode=cat;learnable_curvature=0;lr=0.001;num_layers=2;proj_dim=512;readout_clip=0.3;readout_scale=0;rho_quantile=0.05;scorer_hidden=256;weight_decay=0.0,128,poincare,cat,0.001,2,512,256,,0.0,57.4,97.6,0.04957,0.00391,center,1.0,0.05,4.0,1,0,0.3,0,0.3,1,gat,1,
glue|roberta-base|rte_wide|ABC|t14|s3|confirm,glue,roberta-base,rte_wide,rte,ABC,confirm,14,3,acc,curvature=4.0;feature_mode=center;gat_hidden_dim=128;gnn_input_clip=0.3;gnn_input_scale=1;graph_curvature=1.0;graph_metric=poincare;hyp_gnn_type=gat;hyperbolic_gnn=1;hyperbolic_readout=1;jk_mode=cat;learnable_curvature=0;lr=0.001;num_layers=2;proj_dim=512;readout_clip=0.3;readout_scale=0;rho_quantile=0.05;scorer_hidden=256;weight_decay=0.0,128,poincare,cat,0.001,2,512,256,,0.0,54.51,97.81,0.04947,0.0,center,1.0,0.05,4.0,1,0,0.3,0,0.3,1,gat,1,
glue|roberta-base|rte_wide|ABC|t14|s4|confirm,glue,roberta-base,rte_wide,rte,ABC,confirm,14,4,acc,curvature=4.0;feature_mode=center;gat_hidden_dim=128;gnn_input_clip=0.3;gnn_input_scale=1;graph_curvature=1.0;graph_metric=poincare;hyp_gnn_type=gat;hyperbolic_gnn=1;hyperbolic_readout=1;jk_mode=cat;learnable_curvature=0;lr=0.001;num_layers=2;proj_dim=512;readout_clip=0.3;readout_scale=0;rho_quantile=0.05;scorer_hidden=256;weight_decay=0.0,128,poincare,cat,0.001,2,512,256,,0.0,56.68,97.33,0.04989,0.0,center,1.0,0.05,4.0,1,0,0.3,0,0.3,1,gat,1,
glue|roberta-base|rte_wide|ABC|t14|s5|confirm,glue,roberta-base,rte_wide,rte,ABC,confirm,14,5,acc,curvature=4.0;feature_mode=center;gat_hidden_dim=128;gnn_input_clip=0.3;gnn_input_scale=1;graph_curvature=1.0;graph_metric=poincare;hyp_gnn_type=gat;hyperbolic_gnn=1;hyperbolic_readout=1;jk_mode=cat;learnable_curvature=0;lr=0.001;num_layers=2;proj_dim=512;readout_clip=0.3;readout_scale=0;rho_quantile=0.05;scorer_hidden=256;weight_decay=0.0,128,poincare,cat,0.001,2,512,256,,0.0,55.96,98.05,0.04961,0.00391,center,1.0,0.05,4.0,1,0,0.3,0,0.3,1,gat,1,
glue|roberta-base|rte_wide|ABC|t14|s6|confirm,glue,roberta-base,rte_wide,rte,ABC,confirm,14,6,acc,curvature=4.0;feature_mode=center;gat_hidden_dim=128;gnn_input_clip=0.3;gnn_input_scale=1;graph_curvature=1.0;graph_metric=poincare;hyp_gnn_type=gat;hyperbolic_gnn=1;hyperbolic_readout=1;jk_mode=cat;learnable_curvature=0;lr=0.001;num_layers=2;proj_dim=512;readout_clip=0.3;readout_scale=0;rho_quantile=0.05;scorer_hidden=256;weight_decay=0.0,128,poincare,cat,0.001,2,512,256,,0.0,57.76,96.72,0.04955,0.0,center,1.0,0.05,4.0,1,0,0.3,0,0.3,1,gat,1,
glue|roberta-base|rte_wide|ABC|t14|s7|confirm,glue,roberta-base,rte_wide,rte,ABC,confirm,14,7,acc,curvature=4.0;feature_mode=center;gat_hidden_dim=128;gnn_input_clip=0.3;gnn_input_scale=1;graph_curvature=1.0;graph_metric=poincare;hyp_gnn_type=gat;hyperbolic_gnn=1;hyperbolic_readout=1;jk_mode=cat;learnable_curvature=0;lr=0.001;num_layers=2;proj_dim=512;readout_clip=0.3;readout_scale=0;rho_quantile=0.05;scorer_hidden=256;weight_decay=0.0,128,poincare,cat,0.001,2,512,256,,0.0,56.68,97.89,0.0497,0.0,center,1.0,0.05,4.0,1,0,0.3,0,0.3,1,gat,1,
glue|roberta-base|rte_wide|ABC|t14|s8|confirm,glue,roberta-base,rte_wide,rte,ABC,confirm,14,8,acc,curvature=4.0;feature_mode=center;gat_hidden_dim=128;gnn_input_clip=0.3;gnn_input_scale=1;graph_curvature=1.0;graph_metric=poincare;hyp_gnn_type=gat;hyperbolic_gnn=1;hyperbolic_readout=1;jk_mode=cat;learnable_curvature=0;lr=0.001;num_layers=2;proj_dim=512;readout_clip=0.3;readout_scale=0;rho_quantile=0.05;scorer_hidden=256;weight_decay=0.0,128,poincare,cat,0.001,2,512,256,,0.0,55.96,97.77,0.04993,0.0,center,1.0,0.05,4.0,1,0,0.3,0,0.3,1,gat,1,
glue|roberta-base|rte_wide|ABC|t14|s9|confirm,glue,roberta-base,rte_wide,rte,ABC,confirm,14,9,acc,curvature=4.0;feature_mode=center;gat_hidden_dim=128;gnn_input_clip=0.3;gnn_input_scale=1;graph_curvature=1.0;graph_metric=poincare;hyp_gnn_type=gat;hyperbolic_gnn=1;hyperbolic_readout=1;jk_mode=cat;learnable_curvature=0;lr=0.001;num_layers=2;proj_dim=512;readout_clip=0.3;readout_scale=0;rho_quantile=0.05;scorer_hidden=256;weight_decay=0.0,128,poincare,cat,0.001,2,512,256,,0.0,55.6,96.92,0.04956,0.00781,center,1.0,0.05,4.0,1,0,0.3,0,0.3,1,gat,1,
glue|roberta-base|rte_wide|ABC|t14|s10|confirm,glue,roberta-base,rte_wide,rte,ABC,confirm,14,10,acc,curvature=4.0;feature_mode=center;gat_hidden_dim=128;gnn_input_clip=0.3;gnn_input_scale=1;graph_curvature=1.0;graph_metric=poincare;hyp_gnn_type=gat;hyperbolic_gnn=1;hyperbolic_readout=1;jk_mode=cat;learnable_curvature=0;lr=0.001;num_layers=2;proj_dim=512;readout_clip=0.3;readout_scale=0;rho_quantile=0.05;scorer_hidden=256;weight_decay=0.0,128,poincare,cat,0.001,2,512,256,,0.0,58.84,97.16,0.0499,0.0,center,1.0,0.05,4.0,1,0,0.3,0,0.3,1,gat,1,
glue|roberta-base|rte_wide|ABC|t14|s11|confirm,glue,roberta-base,rte_wide,rte,ABC,confirm,14,11,acc,curvature=4.0;feature_mode=center;gat_hidden_dim=128;gnn_input_clip=0.3;gnn_input_scale=1;graph_curvature=1.0;graph_metric=poincare;hyp_gnn_type=gat;hyperbolic_gnn=1;hyperbolic_readout=1;jk_mode=cat;learnable_curvature=0;lr=0.001;num_layers=2;proj_dim=512;readout_clip=0.3;readout_scale=0;rho_quantile=0.05;scorer_hidden=256;weight_decay=0.0,128,poincare,cat,0.001,2,512,256,,0.0,57.76,97.55,0.05009,0.0,center,1.0,0.05,4.0,1,0,0.3,0,0.3,1,gat,1,
glue|roberta-base|rte_wide|ABC|t14|s12|confirm,glue,roberta-base,rte_wide,rte,ABC,confirm,14,12,acc,curvature=4.0;feature_mode=center;gat_hidden_dim=128;gnn_input_clip=0.3;gnn_input_scale=1;graph_curvature=1.0;graph_metric=poincare;hyp_gnn_type=gat;hyperbolic_gnn=1;hyperbolic_readout=1;jk_mode=cat;learnable_curvature=0;lr=0.001;num_layers=2;proj_dim=512;readout_clip=0.3;readout_scale=0;rho_quantile=0.05;scorer_hidden=256;weight_decay=0.0,128,poincare,cat,0.001,2,512,256,,0.0,54.87,97.13,0.04979,0.00391,center,1.0,0.05,4.0,1,0,0.3,0,0.3,1,gat,1,
glue|roberta-base|rte_wide|ABC|t14|s13|confirm,glue,roberta-base,rte_wide,rte,ABC,confirm,14,13,acc,curvature=4.0;feature_mode=center;gat_hidden_dim=128;gnn_input_clip=0.3;gnn_input_scale=1;graph_curvature=1.0;graph_metric=poincare;hyp_gnn_type=gat;hyperbolic_gnn=1;hyperbolic_readout=1;jk_mode=cat;learnable_curvature=0;lr=0.001;num_layers=2;proj_dim=512;readout_clip=0.3;readout_scale=0;rho_quantile=0.05;scorer_hidden=256;weight_decay=0.0,128,poincare,cat,0.001,2,512,256,,0.0,57.04,97.49,0.04958,0.0,center,1.0,0.05,4.0,1,0,0.3,0,0.3,1,gat,1,
glue|roberta-base|rte_wide|ABC|t14|s14|confirm,glue,roberta-base,rte_wide,rte,ABC,confirm,14,14,acc,curvature=4.0;feature_mode=center;gat_hidden_dim=128;gnn_input_clip=0.3;gnn_input_scale=1;graph_curvature=1.0;graph_metric=poincare;hyp_gnn_type=gat;hyperbolic_gnn=1;hyperbolic_readout=1;jk_mode=cat;learnable_curvature=0;lr=0.001;num_layers=2;proj_dim=512;readout_clip=0.3;readout_scale=0;rho_quantile=0.05;scorer_hidden=256;weight_decay=0.0,128,poincare,cat,0.001,2,512,256,,0.0,55.23,97.29,0.04947,0.0,center,1.0,0.05,4.0,1,0,0.3,0,0.3,1,gat,1,
glue|roberta-base|rte_wide|ABC|t14|s15|confirm,glue,roberta-base,rte_wide,rte,ABC,confirm,14,15,acc,curvature=4.0;feature_mode=center;gat_hidden_dim=128;gnn_input_clip=0.3;gnn_input_scale=1;graph_curvature=1.0;graph_metric=poincare;hyp_gnn_type=gat;hyperbolic_gnn=1;hyperbolic_readout=1;jk_mode=cat;learnable_curvature=0;lr=0.001;num_layers=2;proj_dim=512;readout_clip=0.3;readout_scale=0;rho_quantile=0.05;scorer_hidden=256;weight_decay=0.0,128,poincare,cat,0.001,2,512,256,,0.0,57.4,97.13,0.04995,0.0,center,1.0,0.05,4.0,1,0,0.3,0,0.3,1,gat,1,
glue|roberta-base|rte_wide|AC|t16|s1|confirm,glue,roberta-base,rte_wide,rte,AC,confirm,16,1,acc,curvature=4.0;feature_mode=center;gat_hidden_dim=256;gnn_input_clip=0.0;gnn_input_scale=0;graph_curvature=0.25;graph_metric=poincare;hyp_gnn_type=gat;hyperbolic_gnn=1;jk_mode=cat;lr=0.0002;num_layers=4;proj_dim=512;rho_quantile=0.025;scorer_hidden=128;weight_decay=1e-05,256,poincare,cat,0.0002,4,512,128,,1e-05,58.48,103.42,0.02527,0.00391,center,0.25,0.025,4.0,,,,,0.0,0,gat,1,
glue|roberta-base|rte_wide|AC|t16|s2|confirm,glue,roberta-base,rte_wide,rte,AC,confirm,16,2,acc,curvature=4.0;feature_mode=center;gat_hidden_dim=256;gnn_input_clip=0.0;gnn_input_scale=0;graph_curvature=0.25;graph_metric=poincare;hyp_gnn_type=gat;hyperbolic_gnn=1;jk_mode=cat;lr=0.0002;num_layers=4;proj_dim=512;rho_quantile=0.025;scorer_hidden=128;weight_decay=1e-05,256,poincare,cat,0.0002,4,512,128,,1e-05,61.37,102.5,0.02543,0.0,center,0.25,0.025,4.0,,,,,0.0,0,gat,1,
glue|roberta-base|rte_wide|AC|t16|s3|confirm,glue,roberta-base,rte_wide,rte,AC,confirm,16,3,acc,curvature=4.0;feature_mode=center;gat_hidden_dim=256;gnn_input_clip=0.0;gnn_input_scale=0;graph_curvature=0.25;graph_metric=poincare;hyp_gnn_type=gat;hyperbolic_gnn=1;jk_mode=cat;lr=0.0002;num_layers=4;proj_dim=512;rho_quantile=0.025;scorer_hidden=128;weight_decay=1e-05,256,poincare,cat,0.0002,4,512,128,,1e-05,55.6,102.74,0.02503,0.0,center,0.25,0.025,4.0,,,,,0.0,0,gat,1,
glue|roberta-base|rte_wide|AC|t16|s4|confirm,glue,roberta-base,rte_wide,rte,AC,confirm,16,4,acc,curvature=4.0;feature_mode=center;gat_hidden_dim=256;gnn_input_clip=0.0;gnn_input_scale=0;graph_curvature=0.25;graph_metric=poincare;hyp_gnn_type=gat;hyperbolic_gnn=1;jk_mode=cat;lr=0.0002;num_layers=4;proj_dim=512;rho_quantile=0.025;scorer_hidden=128;weight_decay=1e-05,256,poincare,cat,0.0002,4,512,128,,1e-05,54.87,102.51,0.02492,0.00391,center,0.25,0.025,4.0,,,,,0.0,0,gat,1,
glue|roberta-base|rte_wide|AC|t16|s5|confirm,glue,roberta-base,rte_wide,rte,AC,confirm,16,5,acc,curvature=4.0;feature_mode=center;gat_hidden_dim=256;gnn_input_clip=0.0;gnn_input_scale=0;graph_curvature=0.25;graph_metric=poincare;hyp_gnn_type=gat;hyperbolic_gnn=1;jk_mode=cat;lr=0.0002;num_layers=4;proj_dim=512;rho_quantile=0.025;scorer_hidden=128;weight_decay=1e-05,256,poincare,cat,0.0002,4,512,128,,1e-05,59.57,103.39,0.02496,0.0,center,0.25,0.025,4.0,,,,,0.0,0,gat,1,
glue|roberta-base|rte_wide|AC|t16|s6|confirm,glue,roberta-base,rte_wide,rte,AC,confirm,16,6,acc,curvature=4.0;feature_mode=center;gat_hidden_dim=256;gnn_input_clip=0.0;gnn_input_scale=0;graph_curvature=0.25;graph_metric=poincare;hyp_gnn_type=gat;hyperbolic_gnn=1;jk_mode=cat;lr=0.0002;num_layers=4;proj_dim=512;rho_quantile=0.025;scorer_hidden=128;weight_decay=1e-05,256,poincare,cat,0.0002,4,512,128,,1e-05,54.51,103.32,0.02517,0.0,center,0.25,0.025,4.0,,,,,0.0,0,gat,1,
glue|roberta-base|rte_wide|AC|t16|s7|confirm,glue,roberta-base,rte_wide,rte,AC,confirm,16,7,acc,curvature=4.0;feature_mode=center;gat_hidden_dim=256;gnn_input_clip=0.0;gnn_input_scale=0;graph_curvature=0.25;graph_metric=poincare;hyp_gnn_type=gat;hyperbolic_gnn=1;jk_mode=cat;lr=0.0002;num_layers=4;proj_dim=512;rho_quantile=0.025;scorer_hidden=128;weight_decay=1e-05,256,poincare,cat,0.0002,4,512,128,,1e-05,58.84,102.86,0.02493,0.00391,center,0.25,0.025,4.0,,,,,0.0,0,gat,1,
glue|roberta-base|rte_wide|AC|t16|s8|confirm,glue,roberta-base,rte_wide,rte,AC,confirm,16,8,acc,curvature=4.0;feature_mode=center;gat_hidden_dim=256;gnn_input_clip=0.0;gnn_input_scale=0;graph_curvature=0.25;graph_metric=poincare;hyp_gnn_type=gat;hyperbolic_gnn=1;jk_mode=cat;lr=0.0002;num_layers=4;proj_dim=512;rho_quantile=0.025;scorer_hidden=128;weight_decay=1e-05,256,poincare,cat,0.0002,4,512,128,,1e-05,56.32,102.44,0.02482,0.01172,center,0.25,0.025,4.0,,,,,0.0,0,gat,1,
glue|roberta-base|rte_wide|AC|t16|s9|confirm,glue,roberta-base,rte_wide,rte,AC,confirm,16,9,acc,curvature=4.0;feature_mode=center;gat_hidden_dim=256;gnn_input_clip=0.0;gnn_input_scale=0;graph_curvature=0.25;graph_metric=poincare;hyp_gnn_type=gat;hyperbolic_gnn=1;jk_mode=cat;lr=0.0002;num_layers=4;proj_dim=512;rho_quantile=0.025;scorer_hidden=128;weight_decay=1e-05,256,poincare,cat,0.0002,4,512,128,,1e-05,50.54,102.82,0.0249,0.00781,center,0.25,0.025,4.0,,,,,0.0,0,gat,1,
glue|roberta-base|rte_wide|AC|t16|s10|confirm,glue,roberta-base,rte_wide,rte,AC,confirm,16,10,acc,curvature=4.0;feature_mode=center;gat_hidden_dim=256;gnn_input_clip=0.0;gnn_input_scale=0;graph_curvature=0.25;graph_metric=poincare;hyp_gnn_type=gat;hyperbolic_gnn=1;jk_mode=cat;lr=0.0002;num_layers=4;proj_dim=512;rho_quantile=0.025;scorer_hidden=128;weight_decay=1e-05,256,poincare,cat,0.0002,4,512,128,,1e-05,54.87,102.11,0.02489,0.00781,center,0.25,0.025,4.0,,,,,0.0,0,gat,1,
glue|roberta-base|rte_wide|AC|t16|s11|confirm,glue,roberta-base,rte_wide,rte,AC,confirm,16,11,acc,curvature=4.0;feature_mode=center;gat_hidden_dim=256;gnn_input_clip=0.0;gnn_input_scale=0;graph_curvature=0.25;graph_metric=poincare;hyp_gnn_type=gat;hyperbolic_gnn=1;jk_mode=cat;lr=0.0002;num_layers=4;proj_dim=512;rho_quantile=0.025;scorer_hidden=128;weight_decay=1e-05,256,poincare,cat,0.0002,4,512,128,,1e-05,58.12,102.93,0.0251,0.00391,center,0.25,0.025,4.0,,,,,0.0,0,gat,1,
glue|roberta-base|rte_wide|AC|t16|s12|confirm,glue,roberta-base,rte_wide,rte,AC,confirm,16,12,acc,curvature=4.0;feature_mode=center;gat_hidden_dim=256;gnn_input_clip=0.0;gnn_input_scale=0;graph_curvature=0.25;graph_metric=poincare;hyp_gnn_type=gat;hyperbolic_gnn=1;jk_mode=cat;lr=0.0002;num_layers=4;proj_dim=512;rho_quantile=0.025;scorer_hidden=128;weight_decay=1e-05,256,poincare,cat,0.0002,4,512,128,,1e-05,58.12,102.34,0.02478,0.00391,center,0.25,0.025,4.0,,,,,0.0,0,gat,1,
glue|roberta-base|rte_wide|AC|t16|s13|confirm,glue,roberta-base,rte_wide,rte,AC,confirm,16,13,acc,curvature=4.0;feature_mode=center;gat_hidden_dim=256;gnn_input_clip=0.0;gnn_input_scale=0;graph_curvature=0.25;graph_metric=poincare;hyp_gnn_type=gat;hyperbolic_gnn=1;jk_mode=cat;lr=0.0002;num_layers=4;proj_dim=512;rho_quantile=0.025;scorer_hidden=128;weight_decay=1e-05,256,poincare,cat,0.0002,4,512,128,,1e-05,59.93,102.06,0.02485,0.0,center,0.25,0.025,4.0,,,,,0.0,0,gat,1,
glue|roberta-base|rte_wide|AC|t16|s14|confirm,glue,roberta-base,rte_wide,rte,AC,confirm,16,14,acc,curvature=4.0;feature_mode=center;gat_hidden_dim=256;gnn_input_clip=0.0;gnn_input_scale=0;graph_curvature=0.25;graph_metric=poincare;hyp_gnn_type=gat;hyperbolic_gnn=1;jk_mode=cat;lr=0.0002;num_layers=4;proj_dim=512;rho_quantile=0.025;scorer_hidden=128;weight_decay=1e-05,256,poincare,cat,0.0002,4,512,128,,1e-05,58.12,102.67,0.0253,0.0,center,0.25,0.025,4.0,,,,,0.0,0,gat,1,
glue|roberta-base|rte_wide|AC|t16|s15|confirm,glue,roberta-base,rte_wide,rte,AC,confirm,16,15,acc,curvature=4.0;feature_mode=center;gat_hidden_dim=256;gnn_input_clip=0.0;gnn_input_scale=0;graph_curvature=0.25;graph_metric=poincare;hyp_gnn_type=gat;hyperbolic_gnn=1;jk_mode=cat;lr=0.0002;num_layers=4;proj_dim=512;rho_quantile=0.025;scorer_hidden=128;weight_decay=1e-05,256,poincare,cat,0.0002,4,512,128,,1e-05,53.43,102.84,0.0246,0.01172,center,0.25,0.025,4.0,,,,,0.0,0,gat,1,
glue|roberta-base|rte_wide|B|t21|s1|confirm,glue,roberta-base,rte_wide,rte,B,confirm,21,1,acc,curvature=0.25;gat_hidden_dim=256;graph_metric=cosine;hyperbolic_readout=1;jk_mode=cat;learnable_curvature=1;lr=0.0002;num_layers=4;proj_dim=256;readout_clip=0.3;readout_scale=1;scorer_hidden=256;tau_quantile=0.2;weight_decay=1e-05,256,cosine,cat,0.0002,4,256,256,0.2,1e-05,53.43,79.09,0.19897,0.0,,,,0.25,1,1,0.3,1,,,,,
glue|roberta-base|rte_wide|B|t21|s2|confirm,glue,roberta-base,rte_wide,rte,B,confirm,21,2,acc,curvature=0.25;gat_hidden_dim=256;graph_metric=cosine;hyperbolic_readout=1;jk_mode=cat;learnable_curvature=1;lr=0.0002;num_layers=4;proj_dim=256;readout_clip=0.3;readout_scale=1;scorer_hidden=256;tau_quantile=0.2;weight_decay=1e-05,256,cosine,cat,0.0002,4,256,256,0.2,1e-05,52.71,78.98,0.19909,0.0,,,,0.25,1,1,0.3,1,,,,,
glue|roberta-base|rte_wide|B|t21|s3|confirm,glue,roberta-base,rte_wide,rte,B,confirm,21,3,acc,curvature=0.25;gat_hidden_dim=256;graph_metric=cosine;hyperbolic_readout=1;jk_mode=cat;learnable_curvature=1;lr=0.0002;num_layers=4;proj_dim=256;readout_clip=0.3;readout_scale=1;scorer_hidden=256;tau_quantile=0.2;weight_decay=1e-05,256,cosine,cat,0.0002,4,256,256,0.2,1e-05,52.71,79.3,0.19909,0.0,,,,0.25,1,1,0.3,1,,,,,
glue|roberta-base|rte_wide|B|t21|s4|confirm,glue,roberta-base,rte_wide,rte,B,confirm,21,4,acc,curvature=0.25;gat_hidden_dim=256;graph_metric=cosine;hyperbolic_readout=1;jk_mode=cat;learnable_curvature=1;lr=0.0002;num_layers=4;proj_dim=256;readout_clip=0.3;readout_scale=1;scorer_hidden=256;tau_quantile=0.2;weight_decay=1e-05,256,cosine,cat,0.0002,4,256,256,0.2,1e-05,57.04,78.83,0.19916,0.0,,,,0.25,1,1,0.3,1,,,,,
glue|roberta-base|rte_wide|B|t21|s5|confirm,glue,roberta-base,rte_wide,rte,B,confirm,21,5,acc,curvature=0.25;gat_hidden_dim=256;graph_metric=cosine;hyperbolic_readout=1;jk_mode=cat;learnable_curvature=1;lr=0.0002;num_layers=4;proj_dim=256;readout_clip=0.3;readout_scale=1;scorer_hidden=256;tau_quantile=0.2;weight_decay=1e-05,256,cosine,cat,0.0002,4,256,256,0.2,1e-05,52.71,79.67,0.19918,0.0,,,,0.25,1,1,0.3,1,,,,,
glue|roberta-base|rte_wide|B|t21|s6|confirm,glue,roberta-base,rte_wide,rte,B,confirm,21,6,acc,curvature=0.25;gat_hidden_dim=256;graph_metric=cosine;hyperbolic_readout=1;jk_mode=cat;learnable_curvature=1;lr=0.0002;num_layers=4;proj_dim=256;readout_clip=0.3;readout_scale=1;scorer_hidden=256;tau_quantile=0.2;weight_decay=1e-05,256,cosine,cat,0.0002,4,256,256,0.2,1e-05,51.99,79.98,0.19909,0.0,,,,0.25,1,1,0.3,1,,,,,
glue|roberta-base|rte_wide|B|t21|s7|confirm,glue,roberta-base,rte_wide,rte,B,confirm,21,7,acc,curvature=0.25;gat_hidden_dim=256;graph_metric=cosine;hyperbolic_readout=1;jk_mode=cat;learnable_curvature=1;lr=0.0002;num_layers=4;proj_dim=256;readout_clip=0.3;readout_scale=1;scorer_hidden=256;tau_quantile=0.2;weight_decay=1e-05,256,cosine,cat,0.0002,4,256,256,0.2,1e-05,54.87,78.9,0.19914,0.0,,,,0.25,1,1,0.3,1,,,,,
glue|roberta-base|rte_wide|B|t21|s8|confirm,glue,roberta-base,rte_wide,rte,B,confirm,21,8,acc,curvature=0.25;gat_hidden_dim=256;graph_metric=cosine;hyperbolic_readout=1;jk_mode=cat;learnable_curvature=1;lr=0.0002;num_layers=4;proj_dim=256;readout_clip=0.3;readout_scale=1;scorer_hidden=256;tau_quantile=0.2;weight_decay=1e-05,256,cosine,cat,0.0002,4,256,256,0.2,1e-05,55.6,79.0,0.19917,0.0,,,,0.25,1,1,0.3,1,,,,,
glue|roberta-base|rte_wide|B|t21|s9|confirm,glue,roberta-base,rte_wide,rte,B,confirm,21,9,acc,curvature=0.25;gat_hidden_dim=256;graph_metric=cosine;hyperbolic_readout=1;jk_mode=cat;learnable_curvature=1;lr=0.0002;num_layers=4;proj_dim=256;readout_clip=0.3;readout_scale=1;scorer_hidden=256;tau_quantile=0.2;weight_decay=1e-05,256,cosine,cat,0.0002,4,256,256,0.2,1e-05,55.6,79.32,0.19914,0.0,,,,0.25,1,1,0.3,1,,,,,
glue|roberta-base|rte_wide|B|t21|s10|confirm,glue,roberta-base,rte_wide,rte,B,confirm,21,10,acc,curvature=0.25;gat_hidden_dim=256;graph_metric=cosine;hyperbolic_readout=1;jk_mode=cat;learnable_curvature=1;lr=0.0002;num_layers=4;proj_dim=256;readout_clip=0.3;readout_scale=1;scorer_hidden=256;tau_quantile=0.2;weight_decay=1e-05,256,cosine,cat,0.0002,4,256,256,0.2,1e-05,55.23,78.57,0.19929,0.0,,,,0.25,1,1,0.3,1,,,,,
glue|roberta-base|rte_wide|B|t21|s11|confirm,glue,roberta-base,rte_wide,rte,B,confirm,21,11,acc,curvature=0.25;gat_hidden_dim=256;graph_metric=cosine;hyperbolic_readout=1;jk_mode=cat;learnable_curvature=1;lr=0.0002;num_layers=4;proj_dim=256;readout_clip=0.3;readout_scale=1;scorer_hidden=256;tau_quantile=0.2;weight_decay=1e-05,256,cosine,cat,0.0002,4,256,256,0.2,1e-05,53.43,78.7,0.19927,0.0,,,,0.25,1,1,0.3,1,,,,,
glue|roberta-base|rte_wide|B|t21|s12|confirm,glue,roberta-base,rte_wide,rte,B,confirm,21,12,acc,curvature=0.25;gat_hidden_dim=256;graph_metric=cosine;hyperbolic_readout=1;jk_mode=cat;learnable_curvature=1;lr=0.0002;num_layers=4;proj_dim=256;readout_clip=0.3;readout_scale=1;scorer_hidden=256;tau_quantile=0.2;weight_decay=1e-05,256,cosine,cat,0.0002,4,256,256,0.2,1e-05,53.07,79.3,0.1992,0.0,,,,0.25,1,1,0.3,1,,,,,
glue|roberta-base|rte_wide|B|t21|s13|confirm,glue,roberta-base,rte_wide,rte,B,confirm,21,13,acc,curvature=0.25;gat_hidden_dim=256;graph_metric=cosine;hyperbolic_readout=1;jk_mode=cat;learnable_curvature=1;lr=0.0002;num_layers=4;proj_dim=256;readout_clip=0.3;readout_scale=1;scorer_hidden=256;tau_quantile=0.2;weight_decay=1e-05,256,cosine,cat,0.0002,4,256,256,0.2,1e-05,53.07,78.8,0.19909,0.0,,,,0.25,1,1,0.3,1,,,,,
glue|roberta-base|rte_wide|B|t21|s14|confirm,glue,roberta-base,rte_wide,rte,B,confirm,21,14,acc,curvature=0.25;gat_hidden_dim=256;graph_metric=cosine;hyperbolic_readout=1;jk_mode=cat;learnable_curvature=1;lr=0.0002;num_layers=4;proj_dim=256;readout_clip=0.3;readout_scale=1;scorer_hidden=256;tau_quantile=0.2;weight_decay=1e-05,256,cosine,cat,0.0002,4,256,256,0.2,1e-05,58.48,79.25,0.19893,0.0,,,,0.25,1,1,0.3,1,,,,,
glue|roberta-base|rte_wide|B|t21|s15|confirm,glue,roberta-base,rte_wide,rte,B,confirm,21,15,acc,curvature=0.25;gat_hidden_dim=256;graph_metric=cosine;hyperbolic_readout=1;jk_mode=cat;learnable_curvature=1;lr=0.0002;num_layers=4;proj_dim=256;readout_clip=0.3;readout_scale=1;scorer_hidden=256;tau_quantile=0.2;weight_decay=1e-05,256,cosine,cat,0.0002,4,256,256,0.2,1e-05,52.71,78.88,0.19891,0.0,,,,0.25,1,1,0.3,1,,,,,
glue|roberta-base|rte_wide|BC|t22|s1|confirm,glue,roberta-base,rte_wide,rte,BC,confirm,22,1,acc,curvature=4.0;gat_hidden_dim=128;gnn_input_clip=0.0;gnn_input_scale=0;graph_metric=cosine;hyp_gnn_type=gat;hyperbolic_gnn=1;hyperbolic_readout=1;jk_mode=max;learnable_curvature=1;lr=0.001;num_layers=4;proj_dim=256;readout_clip=1.0;readout_scale=1;scorer_hidden=128;tau_quantile=0.38;weight_decay=0.0,128,cosine,max,0.001,4,256,128,0.38,0.0,56.32,94.95,0.37866,0.0,,,,4.0,1,1,1.0,1,0.0,0,gat,1,
glue|roberta-base|rte_wide|BC|t22|s2|confirm,glue,roberta-base,rte_wide,rte,BC,confirm,22,2,acc,curvature=4.0;gat_hidden_dim=128;gnn_input_clip=0.0;gnn_input_scale=0;graph_metric=cosine;hyp_gnn_type=gat;hyperbolic_gnn=1;hyperbolic_readout=1;jk_mode=max;learnable_curvature=1;lr=0.001;num_layers=4;proj_dim=256;readout_clip=1.0;readout_scale=1;scorer_hidden=128;tau_quantile=0.38;weight_decay=0.0,128,cosine,max,0.001,4,256,128,0.38,0.0,61.01,94.37,0.37894,0.0,,,,4.0,1,1,1.0,1,0.0,0,gat,1,
glue|roberta-base|rte_wide|BC|t22|s3|confirm,glue,roberta-base,rte_wide,rte,BC,confirm,22,3,acc,curvature=4.0;gat_hidden_dim=128;gnn_input_clip=0.0;gnn_input_scale=0;graph_metric=cosine;hyp_gnn_type=gat;hyperbolic_gnn=1;hyperbolic_readout=1;jk_mode=max;learnable_curvature=1;lr=0.001;num_layers=4;proj_dim=256;readout_clip=1.0;readout_scale=1;scorer_hidden=128;tau_quantile=0.38;weight_decay=0.0,128,cosine,max,0.001,4,256,128,0.38,0.0,51.26,94.12,0.37886,0.0,,,,4.0,1,1,1.0,1,0.0,0,gat,1,
glue|roberta-base|rte_wide|BC|t22|s4|confirm,glue,roberta-base,rte_wide,rte,BC,confirm,22,4,acc,curvature=4.0;gat_hidden_dim=128;gnn_input_clip=0.0;gnn_input_scale=0;graph_metric=cosine;hyp_gnn_type=gat;hyperbolic_gnn=1;hyperbolic_readout=1;jk_mode=max;learnable_curvature=1;lr=0.001;num_layers=4;proj_dim=256;readout_clip=1.0;readout_scale=1;scorer_hidden=128;tau_quantile=0.38;weight_decay=0.0,128,cosine,max,0.001,4,256,128,0.38,0.0,52.71,94.57,0.37881,0.0,,,,4.0,1,1,1.0,1,0.0,0,gat,1,
glue|roberta-base|rte_wide|BC|t22|s5|confirm,glue,roberta-base,rte_wide,rte,BC,confirm,22,5,acc,curvature=4.0;gat_hidden_dim=128;gnn_input_clip=0.0;gnn_input_scale=0;graph_metric=cosine;hyp_gnn_type=gat;hyperbolic_gnn=1;hyperbolic_readout=1;jk_mode=max;learnable_curvature=1;lr=0.001;num_layers=4;proj_dim=256;readout_clip=1.0;readout_scale=1;scorer_hidden=128;tau_quantile=0.38;weight_decay=0.0,128,cosine,max,0.001,4,256,128,0.38,0.0,49.46,94.94,0.37885,0.0,,,,4.0,1,1,1.0,1,0.0,0,gat,1,
glue|roberta-base|rte_wide|BC|t22|s6|confirm,glue,roberta-base,rte_wide,rte,BC,confirm,22,6,acc,curvature=4.0;gat_hidden_dim=128;gnn_input_clip=0.0;gnn_input_scale=0;graph_metric=cosine;hyp_gnn_type=gat;hyperbolic_gnn=1;hyperbolic_readout=1;jk_mode=max;learnable_curvature=1;lr=0.001;num_layers=4;proj_dim=256;readout_clip=1.0;readout_scale=1;scorer_hidden=128;tau_quantile=0.38;weight_decay=0.0,128,cosine,max,0.001,4,256,128,0.38,0.0,52.71,94.24,0.37859,0.0,,,,4.0,1,1,1.0,1,0.0,0,gat,1,
glue|roberta-base|rte_wide|BC|t22|s7|confirm,glue,roberta-base,rte_wide,rte,BC,confirm,22,7,acc,curvature=4.0;gat_hidden_dim=128;gnn_input_clip=0.0;gnn_input_scale=0;graph_metric=cosine;hyp_gnn_type=gat;hyperbolic_gnn=1;hyperbolic_readout=1;jk_mode=max;learnable_curvature=1;lr=0.001;num_layers=4;proj_dim=256;readout_clip=1.0;readout_scale=1;scorer_hidden=128;tau_quantile=0.38;weight_decay=0.0,128,cosine,max,0.001,4,256,128,0.38,0.0,54.15,95.23,0.37858,0.0,,,,4.0,1,1,1.0,1,0.0,0,gat,1,
glue|roberta-base|rte_wide|BC|t22|s8|confirm,glue,roberta-base,rte_wide,rte,BC,confirm,22,8,acc,curvature=4.0;gat_hidden_dim=128;gnn_input_clip=0.0;gnn_input_scale=0;graph_metric=cosine;hyp_gnn_type=gat;hyperbolic_gnn=1;hyperbolic_readout=1;jk_mode=max;learnable_curvature=1;lr=0.001;num_layers=4;proj_dim=256;readout_clip=1.0;readout_scale=1;scorer_hidden=128;tau_quantile=0.38;weight_decay=0.0,128,cosine,max,0.001,4,256,128,0.38,0.0,58.12,94.34,0.37892,0.0,,,,4.0,1,1,1.0,1,0.0,0,gat,1,
glue|roberta-base|rte_wide|BC|t22|s9|confirm,glue,roberta-base,rte_wide,rte,BC,confirm,22,9,acc,curvature=4.0;gat_hidden_dim=128;gnn_input_clip=0.0;gnn_input_scale=0;graph_metric=cosine;hyp_gnn_type=gat;hyperbolic_gnn=1;hyperbolic_readout=1;jk_mode=max;learnable_curvature=1;lr=0.001;num_layers=4;proj_dim=256;readout_clip=1.0;readout_scale=1;scorer_hidden=128;tau_quantile=0.38;weight_decay=0.0,128,cosine,max,0.001,4,256,128,0.38,0.0,47.29,94.52,0.3788,0.0,,,,4.0,1,1,1.0,1,0.0,0,gat,1,
glue|roberta-base|rte_wide|BC|t22|s10|confirm,glue,roberta-base,rte_wide,rte,BC,confirm,22,10,acc,curvature=4.0;gat_hidden_dim=128;gnn_input_clip=0.0;gnn_input_scale=0;graph_metric=cosine;hyp_gnn_type=gat;hyperbolic_gnn=1;hyperbolic_readout=1;jk_mode=max;learnable_curvature=1;lr=0.001;num_layers=4;proj_dim=256;readout_clip=1.0;readout_scale=1;scorer_hidden=128;tau_quantile=0.38;weight_decay=0.0,128,cosine,max,0.001,4,256,128,0.38,0.0,56.68,93.5,0.37866,0.0,,,,4.0,1,1,1.0,1,0.0,0,gat,1,
glue|roberta-base|rte_wide|BC|t22|s11|confirm,glue,roberta-base,rte_wide,rte,BC,confirm,22,11,acc,curvature=4.0;gat_hidden_dim=128;gnn_input_clip=0.0;gnn_input_scale=0;graph_metric=cosine;hyp_gnn_type=gat;hyperbolic_gnn=1;hyperbolic_readout=1;jk_mode=max;learnable_curvature=1;lr=0.001;num_layers=4;proj_dim=256;readout_clip=1.0;readout_scale=1;scorer_hidden=128;tau_quantile=0.38;weight_decay=0.0,128,cosine,max,0.001,4,256,128,0.38,0.0,52.71,94.31,0.37874,0.0,,,,4.0,1,1,1.0,1,0.0,0,gat,1,
glue|roberta-base|rte_wide|BC|t22|s12|confirm,glue,roberta-base,rte_wide,rte,BC,confirm,22,12,acc,curvature=4.0;gat_hidden_dim=128;gnn_input_clip=0.0;gnn_input_scale=0;graph_metric=cosine;hyp_gnn_type=gat;hyperbolic_gnn=1;hyperbolic_readout=1;jk_mode=max;learnable_curvature=1;lr=0.001;num_layers=4;proj_dim=256;readout_clip=1.0;readout_scale=1;scorer_hidden=128;tau_quantile=0.38;weight_decay=0.0,128,cosine,max,0.001,4,256,128,0.38,0.0,54.51,94.14,0.37888,0.0,,,,4.0,1,1,1.0,1,0.0,0,gat,1,
glue|roberta-base|rte_wide|BC|t22|s13|confirm,glue,roberta-base,rte_wide,rte,BC,confirm,22,13,acc,curvature=4.0;gat_hidden_dim=128;gnn_input_clip=0.0;gnn_input_scale=0;graph_metric=cosine;hyp_gnn_type=gat;hyperbolic_gnn=1;hyperbolic_readout=1;jk_mode=max;learnable_curvature=1;lr=0.001;num_layers=4;proj_dim=256;readout_clip=1.0;readout_scale=1;scorer_hidden=128;tau_quantile=0.38;weight_decay=0.0,128,cosine,max,0.001,4,256,128,0.38,0.0,53.79,94.5,0.37888,0.0,,,,4.0,1,1,1.0,1,0.0,0,gat,1,
glue|roberta-base|rte_wide|BC|t22|s14|confirm,glue,roberta-base,rte_wide,rte,BC,confirm,22,14,acc,curvature=4.0;gat_hidden_dim=128;gnn_input_clip=0.0;gnn_input_scale=0;graph_metric=cosine;hyp_gnn_type=gat;hyperbolic_gnn=1;hyperbolic_readout=1;jk_mode=max;learnable_curvature=1;lr=0.001;num_layers=4;proj_dim=256;readout_clip=1.0;readout_scale=1;scorer_hidden=128;tau_quantile=0.38;weight_decay=0.0,128,cosine,max,0.001,4,256,128,0.38,0.0,58.48,94.31,0.37887,0.0,,,,4.0,1,1,1.0,1,0.0,0,gat,1,
glue|roberta-base|rte_wide|BC|t22|s15|confirm,glue,roberta-base,rte_wide,rte,BC,confirm,22,15,acc,curvature=4.0;gat_hidden_dim=128;gnn_input_clip=0.0;gnn_input_scale=0;graph_metric=cosine;hyp_gnn_type=gat;hyperbolic_gnn=1;hyperbolic_readout=1;jk_mode=max;learnable_curvature=1;lr=0.001;num_layers=4;proj_dim=256;readout_clip=1.0;readout_scale=1;scorer_hidden=128;tau_quantile=0.38;weight_decay=0.0,128,cosine,max,0.001,4,256,128,0.38,0.0,54.15,94.61,0.37859,0.0,,,,4.0,1,1,1.0,1,0.0,0,gat,1,
glue|roberta-base|rte_wide|C|t35|s1|confirm,glue,roberta-base,rte_wide,rte,C,confirm,35,1,acc,curvature=4.0;gat_hidden_dim=64;gnn_input_clip=0.7;gnn_input_scale=1;graph_metric=cosine;hyp_gnn_type=gat;hyperbolic_gnn=1;jk_mode=max;lr=0.0002;num_layers=2;proj_dim=512;scorer_hidden=256;tau_quantile=0.1;weight_decay=5e-05,64,cosine,max,0.0002,2,512,256,0.1,5e-05,51.62,81.77,0.10017,0.0,,,,4.0,,,,,0.7,1,gat,1,
glue|roberta-base|rte_wide|C|t35|s2|confirm,glue,roberta-base,rte_wide,rte,C,confirm,35,2,acc,curvature=4.0;gat_hidden_dim=64;gnn_input_clip=0.7;gnn_input_scale=1;graph_metric=cosine;hyp_gnn_type=gat;hyperbolic_gnn=1;jk_mode=max;lr=0.0002;num_layers=2;proj_dim=512;scorer_hidden=256;tau_quantile=0.1;weight_decay=5e-05,64,cosine,max,0.0002,2,512,256,0.1,5e-05,55.6,81.52,0.09998,0.0,,,,4.0,,,,,0.7,1,gat,1,
glue|roberta-base|rte_wide|C|t35|s3|confirm,glue,roberta-base,rte_wide,rte,C,confirm,35,3,acc,curvature=4.0;gat_hidden_dim=64;gnn_input_clip=0.7;gnn_input_scale=1;graph_metric=cosine;hyp_gnn_type=gat;hyperbolic_gnn=1;jk_mode=max;lr=0.0002;num_layers=2;proj_dim=512;scorer_hidden=256;tau_quantile=0.1;weight_decay=5e-05,64,cosine,max,0.0002,2,512,256,0.1,5e-05,47.65,83.47,0.10058,0.0,,,,4.0,,,,,0.7,1,gat,1,
glue|roberta-base|rte_wide|C|t35|s4|confirm,glue,roberta-base,rte_wide,rte,C,confirm,35,4,acc,curvature=4.0;gat_hidden_dim=64;gnn_input_clip=0.7;gnn_input_scale=1;graph_metric=cosine;hyp_gnn_type=gat;hyperbolic_gnn=1;jk_mode=max;lr=0.0002;num_layers=2;proj_dim=512;scorer_hidden=256;tau_quantile=0.1;weight_decay=5e-05,64,cosine,max,0.0002,2,512,256,0.1,5e-05,53.43,81.6,0.10003,0.0,,,,4.0,,,,,0.7,1,gat,1,
glue|roberta-base|rte_wide|C|t35|s5|confirm,glue,roberta-base,rte_wide,rte,C,confirm,35,5,acc,curvature=4.0;gat_hidden_dim=64;gnn_input_clip=0.7;gnn_input_scale=1;graph_metric=cosine;hyp_gnn_type=gat;hyperbolic_gnn=1;jk_mode=max;lr=0.0002;num_layers=2;proj_dim=512;scorer_hidden=256;tau_quantile=0.1;weight_decay=5e-05,64,cosine,max,0.0002,2,512,256,0.1,5e-05,52.71,81.65,0.10013,0.0,,,,4.0,,,,,0.7,1,gat,1,
glue|roberta-base|rte_wide|C|t35|s6|confirm,glue,roberta-base,rte_wide,rte,C,confirm,35,6,acc,curvature=4.0;gat_hidden_dim=64;gnn_input_clip=0.7;gnn_input_scale=1;graph_metric=cosine;hyp_gnn_type=gat;hyperbolic_gnn=1;jk_mode=max;lr=0.0002;num_layers=2;proj_dim=512;scorer_hidden=256;tau_quantile=0.1;weight_decay=5e-05,64,cosine,max,0.0002,2,512,256,0.1,5e-05,53.79,82.36,0.10023,0.0,,,,4.0,,,,,0.7,1,gat,1,
glue|roberta-base|rte_wide|C|t35|s7|confirm,glue,roberta-base,rte_wide,rte,C,confirm,35,7,acc,curvature=4.0;gat_hidden_dim=64;gnn_input_clip=0.7;gnn_input_scale=1;graph_metric=cosine;hyp_gnn_type=gat;hyperbolic_gnn=1;jk_mode=max;lr=0.0002;num_layers=2;proj_dim=512;scorer_hidden=256;tau_quantile=0.1;weight_decay=5e-05,64,cosine,max,0.0002,2,512,256,0.1,5e-05,52.71,81.61,0.10009,0.0,,,,4.0,,,,,0.7,1,gat,1,
glue|roberta-base|rte_wide|C|t35|s8|confirm,glue,roberta-base,rte_wide,rte,C,confirm,35,8,acc,curvature=4.0;gat_hidden_dim=64;gnn_input_clip=0.7;gnn_input_scale=1;graph_metric=cosine;hyp_gnn_type=gat;hyperbolic_gnn=1;jk_mode=max;lr=0.0002;num_layers=2;proj_dim=512;scorer_hidden=256;tau_quantile=0.1;weight_decay=5e-05,64,cosine,max,0.0002,2,512,256,0.1,5e-05,55.96,81.73,0.1003,0.0,,,,4.0,,,,,0.7,1,gat,1,
glue|roberta-base|rte_wide|C|t35|s9|confirm,glue,roberta-base,rte_wide,rte,C,confirm,35,9,acc,curvature=4.0;gat_hidden_dim=64;gnn_input_clip=0.7;gnn_input_scale=1;graph_metric=cosine;hyp_gnn_type=gat;hyperbolic_gnn=1;jk_mode=max;lr=0.0002;num_layers=2;proj_dim=512;scorer_hidden=256;tau_quantile=0.1;weight_decay=5e-05,64,cosine,max,0.0002,2,512,256,0.1,5e-05,52.71,82.1,0.10046,0.0,,,,4.0,,,,,0.7,1,gat,1,
glue|roberta-base|rte_wide|C|t35|s10|confirm,glue,roberta-base,rte_wide,rte,C,confirm,35,10,acc,curvature=4.0;gat_hidden_dim=64;gnn_input_clip=0.7;gnn_input_scale=1;graph_metric=cosine;hyp_gnn_type=gat;hyperbolic_gnn=1;jk_mode=max;lr=0.0002;num_layers=2;proj_dim=512;scorer_hidden=256;tau_quantile=0.1;weight_decay=5e-05,64,cosine,max,0.0002,2,512,256,0.1,5e-05,59.57,81.43,0.10007,0.0,,,,4.0,,,,,0.7,1,gat,1,
glue|roberta-base|rte_wide|C|t35|s11|confirm,glue,roberta-base,rte_wide,rte,C,confirm,35,11,acc,curvature=4.0;gat_hidden_dim=64;gnn_input_clip=0.7;gnn_input_scale=1;graph_metric=cosine;hyp_gnn_type=gat;hyperbolic_gnn=1;jk_mode=max;lr=0.0002;num_layers=2;proj_dim=512;scorer_hidden=256;tau_quantile=0.1;weight_decay=5e-05,64,cosine,max,0.0002,2,512,256,0.1,5e-05,54.87,81.34,0.10051,0.0,,,,4.0,,,,,0.7,1,gat,1,
glue|roberta-base|rte_wide|C|t35|s12|confirm,glue,roberta-base,rte_wide,rte,C,confirm,35,12,acc,curvature=4.0;gat_hidden_dim=64;gnn_input_clip=0.7;gnn_input_scale=1;graph_metric=cosine;hyp_gnn_type=gat;hyperbolic_gnn=1;jk_mode=max;lr=0.0002;num_layers=2;proj_dim=512;scorer_hidden=256;tau_quantile=0.1;weight_decay=5e-05,64,cosine,max,0.0002,2,512,256,0.1,5e-05,47.29,81.54,0.10026,0.0,,,,4.0,,,,,0.7,1,gat,1,
glue|roberta-base|rte_wide|C|t35|s13|confirm,glue,roberta-base,rte_wide,rte,C,confirm,35,13,acc,curvature=4.0;gat_hidden_dim=64;gnn_input_clip=0.7;gnn_input_scale=1;graph_metric=cosine;hyp_gnn_type=gat;hyperbolic_gnn=1;jk_mode=max;lr=0.0002;num_layers=2;proj_dim=512;scorer_hidden=256;tau_quantile=0.1;weight_decay=5e-05,64,cosine,max,0.0002,2,512,256,0.1,5e-05,47.29,80.88,0.1003,0.0,,,,4.0,,,,,0.7,1,gat,1,
glue|roberta-base|rte_wide|C|t35|s14|confirm,glue,roberta-base,rte_wide,rte,C,confirm,35,14,acc,curvature=4.0;gat_hidden_dim=64;gnn_input_clip=0.7;gnn_input_scale=1;graph_metric=cosine;hyp_gnn_type=gat;hyperbolic_gnn=1;jk_mode=max;lr=0.0002;num_layers=2;proj_dim=512;scorer_hidden=256;tau_quantile=0.1;weight_decay=5e-05,64,cosine,max,0.0002,2,512,256,0.1,5e-05,56.68,82.08,0.09972,0.0,,,,4.0,,,,,0.7,1,gat,1,
glue|roberta-base|rte_wide|C|t35|s15|confirm,glue,roberta-base,rte_wide,rte,C,confirm,35,15,acc,curvature=4.0;gat_hidden_dim=64;gnn_input_clip=0.7;gnn_input_scale=1;graph_metric=cosine;hyp_gnn_type=gat;hyperbolic_gnn=1;jk_mode=max;lr=0.0002;num_layers=2;proj_dim=512;scorer_hidden=256;tau_quantile=0.1;weight_decay=5e-05,64,cosine,max,0.0002,2,512,256,0.1,5e-05,55.6,82.36,0.10044,0.0,,,,4.0,,,,,0.7,1,gat,1,
glue|roberta-base|rte_wide|baseline|t4|s1|confirm,glue,roberta-base,rte_wide,rte,baseline,confirm,4,1,acc,gat_hidden_dim=256;graph_metric=cosine;jk_mode=max;lr=0.001;num_layers=4;proj_dim=256;scorer_hidden=128;tau_quantile=0.025;weight_decay=0.0,256,cosine,max,0.001,4,256,128,0.025,0.0,56.32,74.68,0.02544,0.00781,,,,,,,,,,,,,
glue|roberta-base|rte_wide|baseline|t4|s2|confirm,glue,roberta-base,rte_wide,rte,baseline,confirm,4,2,acc,gat_hidden_dim=256;graph_metric=cosine;jk_mode=max;lr=0.001;num_layers=4;proj_dim=256;scorer_hidden=128;tau_quantile=0.025;weight_decay=0.0,256,cosine,max,0.001,4,256,128,0.025,0.0,50.9,74.66,0.02584,0.0,,,,,,,,,,,,,
glue|roberta-base|rte_wide|baseline|t4|s3|confirm,glue,roberta-base,rte_wide,rte,baseline,confirm,4,3,acc,gat_hidden_dim=256;graph_metric=cosine;jk_mode=max;lr=0.001;num_layers=4;proj_dim=256;scorer_hidden=128;tau_quantile=0.025;weight_decay=0.0,256,cosine,max,0.001,4,256,128,0.025,0.0,58.12,74.36,0.02551,0.0,,,,,,,,,,,,,
glue|roberta-base|rte_wide|baseline|t4|s4|confirm,glue,roberta-base,rte_wide,rte,baseline,confirm,4,4,acc,gat_hidden_dim=256;graph_metric=cosine;jk_mode=max;lr=0.001;num_layers=4;proj_dim=256;scorer_hidden=128;tau_quantile=0.025;weight_decay=0.0,256,cosine,max,0.001,4,256,128,0.025,0.0,55.96,74.59,0.02542,0.0,,,,,,,,,,,,,
glue|roberta-base|rte_wide|baseline|t4|s5|confirm,glue,roberta-base,rte_wide,rte,baseline,confirm,4,5,acc,gat_hidden_dim=256;graph_metric=cosine;jk_mode=max;lr=0.001;num_layers=4;proj_dim=256;scorer_hidden=128;tau_quantile=0.025;weight_decay=0.0,256,cosine,max,0.001,4,256,128,0.025,0.0,56.68,75.47,0.02569,0.0,,,,,,,,,,,,,
glue|roberta-base|rte_wide|baseline|t4|s6|confirm,glue,roberta-base,rte_wide,rte,baseline,confirm,4,6,acc,gat_hidden_dim=256;graph_metric=cosine;jk_mode=max;lr=0.001;num_layers=4;proj_dim=256;scorer_hidden=128;tau_quantile=0.025;weight_decay=0.0,256,cosine,max,0.001,4,256,128,0.025,0.0,54.15,75.11,0.02547,0.00391,,,,,,,,,,,,,
glue|roberta-base|rte_wide|baseline|t4|s7|confirm,glue,roberta-base,rte_wide,rte,baseline,confirm,4,7,acc,gat_hidden_dim=256;graph_metric=cosine;jk_mode=max;lr=0.001;num_layers=4;proj_dim=256;scorer_hidden=128;tau_quantile=0.025;weight_decay=0.0,256,cosine,max,0.001,4,256,128,0.025,0.0,56.32,74.88,0.02578,0.0,,,,,,,,,,,,,
glue|roberta-base|rte_wide|baseline|t4|s8|confirm,glue,roberta-base,rte_wide,rte,baseline,confirm,4,8,acc,gat_hidden_dim=256;graph_metric=cosine;jk_mode=max;lr=0.001;num_layers=4;proj_dim=256;scorer_hidden=128;tau_quantile=0.025;weight_decay=0.0,256,cosine,max,0.001,4,256,128,0.025,0.0,57.04,74.72,0.02547,0.0,,,,,,,,,,,,,
glue|roberta-base|rte_wide|baseline|t4|s9|confirm,glue,roberta-base,rte_wide,rte,baseline,confirm,4,9,acc,gat_hidden_dim=256;graph_metric=cosine;jk_mode=max;lr=0.001;num_layers=4;proj_dim=256;scorer_hidden=128;tau_quantile=0.025;weight_decay=0.0,256,cosine,max,0.001,4,256,128,0.025,0.0,55.96,74.46,0.02553,0.0,,,,,,,,,,,,,
glue|roberta-base|rte_wide|baseline|t4|s10|confirm,glue,roberta-base,rte_wide,rte,baseline,confirm,4,10,acc,gat_hidden_dim=256;graph_metric=cosine;jk_mode=max;lr=0.001;num_layers=4;proj_dim=256;scorer_hidden=128;tau_quantile=0.025;weight_decay=0.0,256,cosine,max,0.001,4,256,128,0.025,0.0,55.96,74.86,0.02588,0.0,,,,,,,,,,,,,
glue|roberta-base|rte_wide|baseline|t4|s11|confirm,glue,roberta-base,rte_wide,rte,baseline,confirm,4,11,acc,gat_hidden_dim=256;graph_metric=cosine;jk_mode=max;lr=0.001;num_layers=4;proj_dim=256;scorer_hidden=128;tau_quantile=0.025;weight_decay=0.0,256,cosine,max,0.001,4,256,128,0.025,0.0,57.04,74.38,0.02609,0.0,,,,,,,,,,,,,
glue|roberta-base|rte_wide|baseline|t4|s12|confirm,glue,roberta-base,rte_wide,rte,baseline,confirm,4,12,acc,gat_hidden_dim=256;graph_metric=cosine;jk_mode=max;lr=0.001;num_layers=4;proj_dim=256;scorer_hidden=128;tau_quantile=0.025;weight_decay=0.0,256,cosine,max,0.001,4,256,128,0.025,0.0,57.04,74.21,0.02533,0.00391,,,,,,,,,,,,,
glue|roberta-base|rte_wide|baseline|t4|s13|confirm,glue,roberta-base,rte_wide,rte,baseline,confirm,4,13,acc,gat_hidden_dim=256;graph_metric=cosine;jk_mode=max;lr=0.001;num_layers=4;proj_dim=256;scorer_hidden=128;tau_quantile=0.025;weight_decay=0.0,256,cosine,max,0.001,4,256,128,0.025,0.0,57.04,75.11,0.02541,0.0,,,,,,,,,,,,,
glue|roberta-base|rte_wide|baseline|t4|s14|confirm,glue,roberta-base,rte_wide,rte,baseline,confirm,4,14,acc,gat_hidden_dim=256;graph_metric=cosine;jk_mode=max;lr=0.001;num_layers=4;proj_dim=256;scorer_hidden=128;tau_quantile=0.025;weight_decay=0.0,256,cosine,max,0.001,4,256,128,0.025,0.0,53.79,73.82,0.02566,0.0,,,,,,,,,,,,,
glue|roberta-base|rte_wide|baseline|t4|s15|confirm,glue,roberta-base,rte_wide,rte,baseline,confirm,4,15,acc,gat_hidden_dim=256;graph_metric=cosine;jk_mode=max;lr=0.001;num_layers=4;proj_dim=256;scorer_hidden=128;tau_quantile=0.025;weight_decay=0.0,256,cosine,max,0.001,4,256,128,0.025,0.0,55.6,74.26,0.02522,0.00391,,,,,,,,,,,,,
glue|roberta-base|rte_wide|no_graph|t21|s1|confirm,glue,roberta-base,rte_wide,rte,no_graph,confirm,21,1,acc,gat_hidden_dim=256;graph_metric=cosine;jk_mode=max;lr=0.001;num_layers=4;proj_dim=256;scorer_hidden=128;tau=0.999;weight_decay=1e-05,256,cosine,max,0.001,4,256,128,,1e-05,58.12,70.26,0.00106,0.65234,,,,,,,,,,,,,0.999
glue|roberta-base|rte_wide|no_graph|t21|s2|confirm,glue,roberta-base,rte_wide,rte,no_graph,confirm,21,2,acc,gat_hidden_dim=256;graph_metric=cosine;jk_mode=max;lr=0.001;num_layers=4;proj_dim=256;scorer_hidden=128;tau=0.999;weight_decay=1e-05,256,cosine,max,0.001,4,256,128,,1e-05,50.9,70.21,0.00114,0.63281,,,,,,,,,,,,,0.999
glue|roberta-base|rte_wide|no_graph|t21|s3|confirm,glue,roberta-base,rte_wide,rte,no_graph,confirm,21,3,acc,gat_hidden_dim=256;graph_metric=cosine;jk_mode=max;lr=0.001;num_layers=4;proj_dim=256;scorer_hidden=128;tau=0.999;weight_decay=1e-05,256,cosine,max,0.001,4,256,128,,1e-05,57.04,70.83,0.00086,0.65625,,,,,,,,,,,,,0.999
glue|roberta-base|rte_wide|no_graph|t21|s4|confirm,glue,roberta-base,rte_wide,rte,no_graph,confirm,21,4,acc,gat_hidden_dim=256;graph_metric=cosine;jk_mode=max;lr=0.001;num_layers=4;proj_dim=256;scorer_hidden=128;tau=0.999;weight_decay=1e-05,256,cosine,max,0.001,4,256,128,,1e-05,56.68,70.26,0.00083,0.67969,,,,,,,,,,,,,0.999
glue|roberta-base|rte_wide|no_graph|t21|s5|confirm,glue,roberta-base,rte_wide,rte,no_graph,confirm,21,5,acc,gat_hidden_dim=256;graph_metric=cosine;jk_mode=max;lr=0.001;num_layers=4;proj_dim=256;scorer_hidden=128;tau=0.999;weight_decay=1e-05,256,cosine,max,0.001,4,256,128,,1e-05,55.23,70.79,0.00115,0.66797,,,,,,,,,,,,,0.999
glue|roberta-base|rte_wide|no_graph|t21|s6|confirm,glue,roberta-base,rte_wide,rte,no_graph,confirm,21,6,acc,gat_hidden_dim=256;graph_metric=cosine;jk_mode=max;lr=0.001;num_layers=4;proj_dim=256;scorer_hidden=128;tau=0.999;weight_decay=1e-05,256,cosine,max,0.001,4,256,128,,1e-05,54.51,70.73,0.00069,0.65234,,,,,,,,,,,,,0.999
glue|roberta-base|rte_wide|no_graph|t21|s7|confirm,glue,roberta-base,rte_wide,rte,no_graph,confirm,21,7,acc,gat_hidden_dim=256;graph_metric=cosine;jk_mode=max;lr=0.001;num_layers=4;proj_dim=256;scorer_hidden=128;tau=0.999;weight_decay=1e-05,256,cosine,max,0.001,4,256,128,,1e-05,54.51,70.47,0.00089,0.70312,,,,,,,,,,,,,0.999
glue|roberta-base|rte_wide|no_graph|t21|s8|confirm,glue,roberta-base,rte_wide,rte,no_graph,confirm,21,8,acc,gat_hidden_dim=256;graph_metric=cosine;jk_mode=max;lr=0.001;num_layers=4;proj_dim=256;scorer_hidden=128;tau=0.999;weight_decay=1e-05,256,cosine,max,0.001,4,256,128,,1e-05,55.23,70.74,0.00101,0.67969,,,,,,,,,,,,,0.999
glue|roberta-base|rte_wide|no_graph|t21|s9|confirm,glue,roberta-base,rte_wide,rte,no_graph,confirm,21,9,acc,gat_hidden_dim=256;graph_metric=cosine;jk_mode=max;lr=0.001;num_layers=4;proj_dim=256;scorer_hidden=128;tau=0.999;weight_decay=1e-05,256,cosine,max,0.001,4,256,128,,1e-05,55.6,70.22,0.00114,0.63281,,,,,,,,,,,,,0.999
glue|roberta-base|rte_wide|no_graph|t21|s10|confirm,glue,roberta-base,rte_wide,rte,no_graph,confirm,21,10,acc,gat_hidden_dim=256;graph_metric=cosine;jk_mode=max;lr=0.001;num_layers=4;proj_dim=256;scorer_hidden=128;tau=0.999;weight_decay=1e-05,256,cosine,max,0.001,4,256,128,,1e-05,58.12,70.14,0.00131,0.64453,,,,,,,,,,,,,0.999
glue|roberta-base|rte_wide|no_graph|t21|s11|confirm,glue,roberta-base,rte_wide,rte,no_graph,confirm,21,11,acc,gat_hidden_dim=256;graph_metric=cosine;jk_mode=max;lr=0.001;num_layers=4;proj_dim=256;scorer_hidden=128;tau=0.999;weight_decay=1e-05,256,cosine,max,0.001,4,256,128,,1e-05,57.4,70.69,0.00135,0.58203,,,,,,,,,,,,,0.999
glue|roberta-base|rte_wide|no_graph|t21|s12|confirm,glue,roberta-base,rte_wide,rte,no_graph,confirm,21,12,acc,gat_hidden_dim=256;graph_metric=cosine;jk_mode=max;lr=0.001;num_layers=4;proj_dim=256;scorer_hidden=128;tau=0.999;weight_decay=1e-05,256,cosine,max,0.001,4,256,128,,1e-05,58.12,70.29,0.00143,0.60156,,,,,,,,,,,,,0.999
glue|roberta-base|rte_wide|no_graph|t21|s13|confirm,glue,roberta-base,rte_wide,rte,no_graph,confirm,21,13,acc,gat_hidden_dim=256;graph_metric=cosine;jk_mode=max;lr=0.001;num_layers=4;proj_dim=256;scorer_hidden=128;tau=0.999;weight_decay=1e-05,256,cosine,max,0.001,4,256,128,,1e-05,56.68,71.24,0.00099,0.62109,,,,,,,,,,,,,0.999
glue|roberta-base|rte_wide|no_graph|t21|s14|confirm,glue,roberta-base,rte_wide,rte,no_graph,confirm,21,14,acc,gat_hidden_dim=256;graph_metric=cosine;jk_mode=max;lr=0.001;num_layers=4;proj_dim=256;scorer_hidden=128;tau=0.999;weight_decay=1e-05,256,cosine,max,0.001,4,256,128,,1e-05,51.62,70.37,0.0016,0.62891,,,,,,,,,,,,,0.999
glue|roberta-base|rte_wide|no_graph|t21|s15|confirm,glue,roberta-base,rte_wide,rte,no_graph,confirm,21,15,acc,gat_hidden_dim=256;graph_metric=cosine;jk_mode=max;lr=0.001;num_layers=4;proj_dim=256;scorer_hidden=128;tau=0.999;weight_decay=1e-05,256,cosine,max,0.001,4,256,128,,1e-05,55.6,70.45,0.00087,0.66406,,,,,,,,,,,,,0.999
