run_key,target,model,setting,task,arm,stage,trial,seed,metric,detail,gat_hidden_dim,graph_metric,jk_mode,lr,num_layers,proj_dim,scorer_hidden,tau_quantile,weight_decay,score,elapsed_sec,mean_density,empty_frac,curvature,gnn_input_clip,gnn_input_scale,hyp_gnn_type,hyperbolic_gnn,feature_mode,graph_curvature,hyperbolic_readout,learnable_curvature,readout_clip,readout_scale,rho_quantile,tau
glue|bert-base-uncased|rte_wide|baseline|t0|s42|tune,glue,bert-base-uncased,rte_wide,rte,baseline,tune,0,42,acc,gat_hidden_dim=64;graph_metric=cosine;jk_mode=cat;lr=0.0002;num_layers=4;proj_dim=256;scorer_hidden=128;tau_quantile=0.1;weight_decay=1e-05,64,cosine,cat,0.0002,4,256,128,0.1,1e-05,54.51,90.87,0.10005,0.0,,,,,,,,,,,,,
glue|bert-base-uncased|rte_wide|baseline|t1|s42|tune,glue,bert-base-uncased,rte_wide,rte,baseline,tune,1,42,acc,gat_hidden_dim=256;graph_metric=cosine;jk_mode=max;lr=0.0002;num_layers=4;proj_dim=128;scorer_hidden=128;tau_quantile=0.15;weight_decay=0.0,256,cosine,max,0.0002,4,128,128,0.15,0.0,48.01,95.61,0.14954,0.0,,,,,,,,,,,,,
glue|bert-base-uncased|rte_wide|baseline|t2|s42|tune,glue,bert-base-uncased,rte_wide,rte,baseline,tune,2,42,acc,gat_hidden_dim=256;graph_metric=cosine;jk_mode=cat;lr=0.0002;num_layers=2;proj_dim=128;scorer_hidden=128;tau_quantile=0.05;weight_decay=0.0,256,cosine,cat,0.0002,2,128,128,0.05,0.0,55.6,87.84,0.0505,0.0,,,,,,,,,,,,,
glue|bert-base-uncased|rte_wide|baseline|t3|s42|tune,glue,bert-base-uncased,rte_wide,rte,baseline,tune,3,42,acc,gat_hidden_dim=128;graph_metric=cosine;jk_mode=max;lr=0.0002;num_layers=2;proj_dim=256;scorer_hidden=128;tau_quantile=0.2;weight_decay=5e-05,128,cosine,max,0.0002,2,256,128,0.2,5e-05,54.87,88.0,0.19863,0.0,,,,,,,,,,,,,
glue|bert-base-uncased|rte_wide|baseline|t4|s42|tune,glue,bert-base-uncased,rte_wide,rte,baseline,tune,4,42,acc,gat_hidden_dim=128;graph_metric=cosine;jk_mode=max;lr=0.0002;num_layers=2;proj_dim=512;scorer_hidden=128;tau_quantile=0.1;weight_decay=0.0,128,cosine,max,0.0002,2,512,128,0.1,0.0,55.23,88.26,0.10007,0.0,,,,,,,,,,,,,
glue|bert-base-uncased|rte_wide|baseline|t5|s42|tune,glue,bert-base-uncased,rte_wide,rte,baseline,tune,5,42,acc,gat_hidden_dim=256;graph_metric=cosine;jk_mode=max;lr=2e-05;num_layers=4;proj_dim=256;scorer_hidden=256;tau_quantile=0.28;weight_decay=5e-05,256,cosine,max,2e-05,4,256,256,0.28,5e-05,50.18,93.41,0.279,0.0,,,,,,,,,,,,,
glue|bert-base-uncased|rte_wide|baseline|t6|s42|tune,glue,bert-base-uncased,rte_wide,rte,baseline,tune,6,42,acc,gat_hidden_dim=128;graph_metric=cosine;jk_mode=max;lr=0.0002;num_layers=4;proj_dim=256;scorer_hidden=128;tau_quantile=0.1;weight_decay=1e-05,128,cosine,max,0.0002,4,256,128,0.1,1e-05,56.68,90.3,0.10007,0.0,,,,,,,,,,,,,
glue|bert-base-uncased|rte_wide|baseline|t7|s42|tune,glue,bert-base-uncased,rte_wide,rte,baseline,tune,7,42,acc,gat_hidden_dim=64;graph_metric=cosine;jk_mode=max;lr=0.001;num_layers=2;proj_dim=128;scorer_hidden=128;tau_quantile=0.28;weight_decay=0.0,64,cosine,max,0.001,2,128,128,0.28,0.0,58.12,88.95,0.27877,0.0,,,,,,,,,,,,,
glue|bert-base-uncased|rte_wide|baseline|t8|s42|tune,glue,bert-base-uncased,rte_wide,rte,baseline,tune,8,42,acc,gat_hidden_dim=64;graph_metric=cosine;jk_mode=max;lr=0.0002;num_layers=2;proj_dim=128;scorer_hidden=128;tau_quantile=0.38;weight_decay=5e-05,64,cosine,max,0.0002,2,128,128,0.38,5e-05,54.87,91.54,0.37846,0.0,,,,,,,,,,,,,
glue|bert-base-uncased|rte_wide|baseline|t9|s42|tune,glue,bert-base-uncased,rte_wide,rte,baseline,tune,9,42,acc,gat_hidden_dim=128;graph_metric=cosine;jk_mode=cat;lr=0.0002;num_layers=2;proj_dim=512;scorer_hidden=128;tau_quantile=0.025;weight_decay=1e-05,128,cosine,cat,0.0002,2,512,128,0.025,1e-05,57.04,87.0,0.02494,0.00781,,,,,,,,,,,,,
glue|bert-base-uncased|rte_wide|baseline|t10|s42|tune,glue,bert-base-uncased,rte_wide,rte,baseline,tune,10,42,acc,gat_hidden_dim=256;graph_metric=cosine;jk_mode=max;lr=0.001;num_layers=4;proj_dim=512;scorer_hidden=128;tau_quantile=0.0125;weight_decay=0.0,256,cosine,max,0.001,4,512,128,0.0125,0.0,52.71,89.14,0.01262,0.0625,,,,,,,,,,,,,
glue|bert-base-uncased|rte_wide|baseline|t11|s42|tune,glue,bert-base-uncased,rte_wide,rte,baseline,tune,11,42,acc,gat_hidden_dim=64;graph_metric=cosine;jk_mode=max;lr=0.001;num_layers=2;proj_dim=512;scorer_hidden=128;tau_quantile=0.28;weight_decay=1e-05,64,cosine,max,0.001,2,512,128,0.28,1e-05,57.04,86.15,0.27877,0.0,,,,,,,,,,,,,
glue|bert-base-uncased|rte_wide|baseline|t12|s42|tune,glue,bert-base-uncased,rte_wide,rte,baseline,tune,12,42,acc,gat_hidden_dim=128;graph_metric=cosine;jk_mode=cat;lr=0.001;num_layers=2;proj_dim=128;scorer_hidden=256;tau_quantile=0.05;weight_decay=5e-05,128,cosine,cat,0.001,2,128,256,0.05,5e-05,54.51,89.83,0.04999,0.00391,,,,,,,,,,,,,
glue|bert-base-uncased|rte_wide|baseline|t13|s42|tune,glue,bert-base-uncased,rte_wide,rte,baseline,tune,13,42,acc,gat_hidden_dim=64;graph_metric=cosine;jk_mode=max;lr=0.0002;num_layers=4;proj_dim=256;scorer_hidden=128;tau_quantile=0.025;weight_decay=0.0,64,cosine,max,0.0002,4,256,128,0.025,0.0,57.76,90.66,0.02564,0.0,,,,,,,,,,,,,
glue|bert-base-uncased|rte_wide|baseline|t14|s42|tune,glue,bert-base-uncased,rte_wide,rte,baseline,tune,14,42,acc,gat_hidden_dim=128;graph_metric=cosine;jk_mode=cat;lr=0.001;num_layers=4;proj_dim=256;scorer_hidden=128;tau_quantile=0.025;weight_decay=5e-05,128,cosine,cat,0.001,4,256,128,0.025,5e-05,51.99,86.35,0.02557,0.00391,,,,,,,,,,,,,
glue|bert-base-uncased|rte_wide|baseline|t15|s42|tune,glue,bert-base-uncased,rte_wide,rte,baseline,tune,15,42,acc,gat_hidden_dim=256;graph_metric=cosine;jk_mode=cat;lr=2e-05;num_layers=2;proj_dim=256;scorer_hidden=256;tau_quantile=0.0125;weight_decay=1e-05,256,cosine,cat,2e-05,2,256,256,0.0125,1e-05,51.99,84.16,0.01294,0.04297,,,,,,,,,,,,,
glue|bert-base-uncased|rte_wide|baseline|t16|s42|tune,glue,bert-base-uncased,rte_wide,rte,baseline,tune,16,42,acc,gat_hidden_dim=256;graph_metric=cosine;jk_mode=cat;lr=0.0002;num_layers=4;proj_dim=256;scorer_hidden=256;tau_quantile=0.28;weight_decay=1e-05,256,cosine,cat,0.0002,4,256,256,0.28,1e-05,50.9,86.75,0.27877,0.0,,,,,,,,,,,,,
glue|bert-base-uncased|rte_wide|baseline|t17|s42|tune,glue,bert-base-uncased,rte_wide,rte,baseline,tune,17,42,acc,gat_hidden_dim=64;graph_metric=cosine;jk_mode=cat;lr=2e-05;num_layers=4;proj_dim=512;scorer_hidden=256;tau_quantile=0.0375;weight_decay=0.0,64,cosine,cat,2e-05,4,512,256,0.0375,0.0,50.54,86.32,0.03728,0.0,,,,,,,,,,,,,
glue|bert-base-uncased|rte_wide|baseline|t18|s42|tune,glue,bert-base-uncased,rte_wide,rte,baseline,tune,18,42,acc,gat_hidden_dim=128;graph_metric=cosine;jk_mode=max;lr=0.001;num_layers=2;proj_dim=512;scorer_hidden=256;tau_quantile=0.075;weight_decay=1e-05,128,cosine,max,0.001,2,512,256,0.075,1e-05,48.38,83.01,0.07528,0.0,,,,,,,,,,,,,
glue|bert-base-uncased|rte_wide|baseline|t19|s42|tune,glue,bert-base-uncased,rte_wide,rte,baseline,tune,19,42,acc,gat_hidden_dim=64;graph_metric=cosine;jk_mode=cat;lr=0.001;num_layers=2;proj_dim=128;scorer_hidden=128;tau_quantile=0.0125;weight_decay=0.0,64,cosine,cat,0.001,2,128,128,0.0125,0.0,51.62,83.22,0.01302,0.02734,,,,,,,,,,,,,
glue|bert-base-uncased|rte_wide|baseline|t20|s42|tune,glue,bert-base-uncased,rte_wide,rte,baseline,tune,20,42,acc,gat_hidden_dim=256;graph_metric=cosine;jk_mode=max;lr=0.001;num_layers=4;proj_dim=128;scorer_hidden=256;tau_quantile=0.1;weight_decay=5e-05,256,cosine,max,0.001,4,128,256,0.1,5e-05,51.62,85.77,0.10061,0.0,,,,,,,,,,,,,
glue|bert-base-uncased|rte_wide|baseline|t21|s42|tune,glue,bert-base-uncased,rte_wide,rte,baseline,tune,21,42,acc,gat_hidden_dim=256;graph_metric=cosine;jk_mode=max;lr=2e-05;num_layers=4;proj_dim=128;scorer_hidden=256;tau_quantile=0.075;weight_decay=5e-05,256,cosine,max,2e-05,4,128,256,0.075,5e-05,48.38,85.6,0.07528,0.0,,,,,,,,,,,,,
glue|bert-base-uncased|rte_wide|baseline|t22|s42|tune,glue,bert-base-uncased,rte_wide,rte,baseline,tune,22,42,acc,gat_hidden_dim=128;graph_metric=cosine;jk_mode=max;lr=0.0002;num_layers=4;proj_dim=128;scorer_hidden=256;tau_quantile=0.0125;weight_decay=5e-05,128,cosine,max,0.0002,4,128,256,0.0125,5e-05,56.32,84.7,0.01274,0.04688,,,,,,,,,,,,,
glue|bert-base-uncased|rte_wide|baseline|t23|s42|tune,glue,bert-base-uncased,rte_wide,rte,baseline,tune,23,42,acc,gat_hidden_dim=64;graph_metric=cosine;jk_mode=max;lr=0.0002;num_layers=4;proj_dim=512;scorer_hidden=128;tau_quantile=0.2;weight_decay=0.0,64,cosine,max,0.0002,4,512,128,0.2,0.0,59.57,85.44,0.19866,0.0,,,,,,,,,,,,,
glue|bert-base-uncased|rte_wide|baseline|t24|s42|tune,glue,bert-base-uncased,rte_wide,rte,baseline,tune,24,42,acc,gat_hidden_dim=64;graph_metric=cosine;jk_mode=max;lr=0.0002;num_layers=2;proj_dim=512;scorer_hidden=128;tau_quantile=0.0125;weight_decay=0.0,64,cosine,max,0.0002,2,512,128,0.0125,0.0,53.79,83.92,0.01283,0.04297,,,,,,,,,,,,,
glue|bert-base-uncased|rte_wide|baseline|t25|s42|tune,glue,bert-base-uncased,rte_wide,rte,baseline,tune,25,42,acc,gat_hidden_dim=64;graph_metric=cosine;jk_mode=max;lr=0.001;num_layers=4;proj_dim=512;scorer_hidden=256;tau_quantile=0.0125;weight_decay=1e-05,64,cosine,max,0.001,4,512,256,0.0125,1e-05,51.99,84.36,0.0127,0.05469,,,,,,,,,,,,,
glue|bert-base-uncased|rte_wide|baseline|t26|s42|tune,glue,bert-base-uncased,rte_wide,rte,baseline,tune,26,42,acc,gat_hidden_dim=256;graph_metric=cosine;jk_mode=max;lr=0.001;num_layers=2;proj_dim=512;scorer_hidden=128;tau_quantile=0.0375;weight_decay=5e-05,256,cosine,max,0.001,2,512,128,0.0375,5e-05,53.79,80.76,0.03698,0.0,,,,,,,,,,,,,
glue|bert-base-uncased|rte_wide|baseline|t27|s42|tune,glue,bert-base-uncased,rte_wide,rte,baseline,tune,27,42,acc,gat_hidden_dim=256;graph_metric=cosine;jk_mode=max;lr=0.001;num_layers=2;proj_dim=512;scorer_hidden=256;tau_quantile=0.0125;weight_decay=1e-05,256,cosine,max,0.001,2,512,256,0.0125,1e-05,54.15,82.2,0.01273,0.02734,,,,,,,,,,,,,
glue|bert-base-uncased|rte_wide|baseline|t28|s42|tune,glue,bert-base-uncased,rte_wide,rte,baseline,tune,28,42,acc,gat_hidden_dim=64;graph_metric=cosine;jk_mode=max;lr=0.0002;num_layers=2;proj_dim=256;scorer_hidden=128;tau_quantile=0.1;weight_decay=5e-05,64,cosine,max,0.0002,2,256,128,0.1,5e-05,55.23,82.06,0.09981,0.0,,,,,,,,,,,,,
glue|bert-base-uncased|rte_wide|baseline|t29|s42|tune,glue,bert-base-uncased,rte_wide,rte,baseline,tune,29,42,acc,gat_hidden_dim=256;graph_metric=cosine;jk_mode=max;lr=0.001;num_layers=2;proj_dim=256;scorer_hidden=128;tau_quantile=0.0125;weight_decay=0.0,256,cosine,max,0.001,2,256,128,0.0125,0.0,53.43,81.24,0.01273,0.02734,,,,,,,,,,,,,
glue|bert-base-uncased|rte_wide|baseline|t30|s42|tune,glue,bert-base-uncased,rte_wide,rte,baseline,tune,30,42,acc,gat_hidden_dim=128;graph_metric=cosine;jk_mode=cat;lr=0.001;num_layers=4;proj_dim=128;scorer_hidden=128;tau_quantile=0.0125;weight_decay=1e-05,128,cosine,cat,0.001,4,128,128,0.0125,1e-05,53.79,83.53,0.01286,0.05078,,,,,,,,,,,,,
glue|bert-base-uncased|rte_wide|baseline|t31|s42|tune,glue,bert-base-uncased,rte_wide,rte,baseline,tune,31,42,acc,gat_hidden_dim=128;graph_metric=cosine;jk_mode=cat;lr=2e-05;num_layers=4;proj_dim=512;scorer_hidden=128;tau_quantile=0.0125;weight_decay=0.0,128,cosine,cat,2e-05,4,512,128,0.0125,0.0,48.74,83.89,0.01286,0.05078,,,,,,,,,,,,,
glue|bert-base-uncased|rte_wide|baseline|t32|s42|tune,glue,bert-base-uncased,rte_wide,rte,baseline,tune,32,42,acc,gat_hidden_dim=64;graph_metric=cosine;jk_mode=cat;lr=0.001;num_layers=2;proj_dim=128;scorer_hidden=256;tau_quantile=0.05;weight_decay=5e-05,64,cosine,cat,0.001,2,128,256,0.05,5e-05,53.79,80.57,0.0504,0.0,,,,,,,,,,,,,
glue|bert-base-uncased|rte_wide|baseline|t33|s42|tune,glue,bert-base-uncased,rte_wide,rte,baseline,tune,33,42,acc,gat_hidden_dim=128;graph_metric=cosine;jk_mode=cat;lr=0.0002;num_layers=4;proj_dim=256;scorer_hidden=128;tau_quantile=0.05;weight_decay=5e-05,128,cosine,cat,0.0002,4,256,128,0.05,5e-05,56.32,83.19,0.05002,0.00391,,,,,,,,,,,,,
glue|bert-base-uncased|rte_wide|baseline|t34|s42|tune,glue,bert-base-uncased,rte_wide,rte,baseline,tune,34,42,acc,gat_hidden_dim=256;graph_metric=cosine;jk_mode=cat;lr=2e-05;num_layers=2;proj_dim=128;scorer_hidden=128;tau_quantile=0.0125;weight_decay=5e-05,256,cosine,cat,2e-05,2,128,128,0.0125,5e-05,51.99,81.72,0.01294,0.04297,,,,,,,,,,,,,
glue|bert-base-uncased|rte_wide|baseline|t35|s42|tune,glue,bert-base-uncased,rte_wide,rte,baseline,tune,35,42,acc,gat_hidden_dim=256;graph_metric=cosine;jk_mode=cat;lr=0.0002;num_layers=4;proj_dim=512;scorer_hidden=128;tau_quantile=0.0375;weight_decay=1e-05,256,cosine,cat,0.0002,4,512,128,0.0375,1e-05,50.18,81.61,0.0373,0.00391,,,,,,,,,,,,,
glue|bert-base-uncased|rte_wide|baseline|t36|s42|tune,glue,bert-base-uncased,rte_wide,rte,baseline,tune,36,42,acc,gat_hidden_dim=256;graph_metric=cosine;jk_mode=cat;lr=2e-05;num_layers=2;proj_dim=128;scorer_hidden=256;tau_quantile=0.38;weight_decay=5e-05,256,cosine,cat,2e-05,2,128,256,0.38,5e-05,53.43,81.45,0.37861,0.0,,,,,,,,,,,,,
glue|bert-base-uncased|rte_wide|baseline|t37|s42|tune,glue,bert-base-uncased,rte_wide,rte,baseline,tune,37,42,acc,gat_hidden_dim=256;graph_metric=cosine;jk_mode=max;lr=0.0002;num_layers=4;proj_dim=128;scorer_hidden=256;tau_quantile=0.28;weight_decay=1e-05,256,cosine,max,0.0002,4,128,256,0.28,1e-05,48.74,82.96,0.279,0.0,,,,,,,,,,,,,
glue|bert-base-uncased|rte_wide|baseline|t38|s42|tune,glue,bert-base-uncased,rte_wide,rte,baseline,tune,38,42,acc,gat_hidden_dim=64;graph_metric=cosine;jk_mode=max;lr=2e-05;num_layers=4;proj_dim=128;scorer_hidden=256;tau_quantile=0.075;weight_decay=5e-05,64,cosine,max,2e-05,4,128,256,0.075,5e-05,53.07,83.15,0.07529,0.0,,,,,,,,,,,,,
glue|bert-base-uncased|rte_wide|baseline|t39|s42|tune,glue,bert-base-uncased,rte_wide,rte,baseline,tune,39,42,acc,gat_hidden_dim=128;graph_metric=cosine;jk_mode=max;lr=0.001;num_layers=4;proj_dim=512;scorer_hidden=128;tau_quantile=0.0375;weight_decay=5e-05,128,cosine,max,0.001,4,512,128,0.0375,5e-05,53.79,82.89,0.03694,0.00391,,,,,,,,,,,,,
glue|bert-base-uncased|rte_wide|C|t0|s42|tune,glue,bert-base-uncased,rte_wide,rte,C,tune,0,42,acc,curvature=1.0;gat_hidden_dim=64;gnn_input_clip=1.0;gnn_input_scale=1;graph_metric=cosine;hyp_gnn_type=gcn;hyperbolic_gnn=1;jk_mode=cat;lr=0.001;num_layers=4;proj_dim=256;scorer_hidden=128;tau_quantile=0.05;weight_decay=5e-05,64,cosine,cat,0.001,4,256,128,0.05,5e-05,49.82,101.75,0.0504,0.0,1.0,1.0,1,gcn,1,,,,,,,,
glue|bert-base-uncased|rte_wide|C|t1|s42|tune,glue,bert-base-uncased,rte_wide,rte,C,tune,1,42,acc,curvature=0.25;gat_hidden_dim=256;gnn_input_clip=1.0;gnn_input_scale=0;graph_metric=cosine;hyp_gnn_type=gcn;hyperbolic_gnn=1;jk_mode=max;lr=2e-05;num_layers=4;proj_dim=512;scorer_hidden=128;tau_quantile=0.05;weight_decay=0.0,256,cosine,max,2e-05,4,512,128,0.05,0.0,50.18,100.89,0.05037,0.0,0.25,1.0,0,gcn,1,,,,,,,,
glue|bert-base-uncased|rte_wide|C|t2|s42|tune,glue,bert-base-uncased,rte_wide,rte,C,tune,2,42,acc,curvature=1.0;gat_hidden_dim=64;gnn_input_clip=1.0;gnn_input_scale=0;graph_metric=cosine;hyp_gnn_type=gcn;hyperbolic_gnn=1;jk_mode=max;lr=0.0002;num_layers=2;proj_dim=256;scorer_hidden=128;tau_quantile=0.025;weight_decay=0.0,64,cosine,max,0.0002,2,256,128,0.025,0.0,53.79,91.02,0.02568,0.0,1.0,1.0,0,gcn,1,,,,,,,,
glue|bert-base-uncased|rte_wide|C|t3|s42|tune,glue,bert-base-uncased,rte_wide,rte,C,tune,3,42,acc,curvature=4.0;gat_hidden_dim=64;gnn_input_clip=0.7;gnn_input_scale=0;graph_metric=cosine;hyp_gnn_type=gat;hyperbolic_gnn=1;jk_mode=max;lr=2e-05;num_layers=4;proj_dim=128;scorer_hidden=256;tau_quantile=0.05;weight_decay=5e-05,64,cosine,max,2e-05,4,128,256,0.05,5e-05,47.29,97.78,0.05009,0.00391,4.0,0.7,0,gat,1,,,,,,,,
glue|bert-base-uncased|rte_wide|C|t4|s42|tune,glue,bert-base-uncased,rte_wide,rte,C,tune,4,42,acc,curvature=4.0;gat_hidden_dim=256;gnn_input_clip=0.3;gnn_input_scale=1;graph_metric=cosine;hyp_gnn_type=gat;hyperbolic_gnn=1;jk_mode=max;lr=0.001;num_layers=4;proj_dim=256;scorer_hidden=256;tau_quantile=0.025;weight_decay=0.0,256,cosine,max,0.001,4,256,256,0.025,0.0,56.32,100.03,0.0255,0.0,4.0,0.3,1,gat,1,,,,,,,,
glue|bert-base-uncased|rte_wide|C|t5|s42|tune,glue,bert-base-uncased,rte_wide,rte,C,tune,5,42,acc,curvature=1.0;gat_hidden_dim=256;gnn_input_clip=0.3;gnn_input_scale=0;graph_metric=cosine;hyp_gnn_type=gcn;hyperbolic_gnn=1;jk_mode=max;lr=0.001;num_layers=2;proj_dim=128;scorer_hidden=256;tau_quantile=0.38;weight_decay=0.0,256,cosine,max,0.001,2,128,256,0.38,0.0,53.43,93.39,0.37829,0.0,1.0,0.3,0,gcn,1,,,,,,,,
glue|bert-base-uncased|rte_wide|C|t6|s42|tune,glue,bert-base-uncased,rte_wide,rte,C,tune,6,42,acc,curvature=4.0;gat_hidden_dim=64;gnn_input_clip=0.3;gnn_input_scale=0;graph_metric=cosine;hyp_gnn_type=gcn;hyperbolic_gnn=1;jk_mode=cat;lr=0.0002;num_layers=4;proj_dim=512;scorer_hidden=128;tau_quantile=0.38;weight_decay=0.0,64,cosine,cat,0.0002,4,512,128,0.38,0.0,55.23,102.09,0.37827,0.0,4.0,0.3,0,gcn,1,,,,,,,,
glue|bert-base-uncased|rte_wide|C|t7|s42|tune,glue,bert-base-uncased,rte_wide,rte,C,tune,7,42,acc,curvature=1.0;gat_hidden_dim=256;gnn_input_clip=0.0;gnn_input_scale=0;graph_metric=cosine;hyp_gnn_type=gcn;hyperbolic_gnn=1;jk_mode=max;lr=0.001;num_layers=2;proj_dim=512;scorer_hidden=128;tau_quantile=0.05;weight_decay=0.0,256,cosine,max,0.001,2,512,128,0.05,0.0,56.32,90.62,0.05053,0.0,1.0,0.0,0,gcn,1,,,,,,,,
glue|bert-base-uncased|rte_wide|C|t8|s42|tune,glue,bert-base-uncased,rte_wide,rte,C,tune,8,42,acc,curvature=4.0;gat_hidden_dim=64;gnn_input_clip=1.0;gnn_input_scale=0;graph_metric=cosine;hyp_gnn_type=gcn;hyperbolic_gnn=1;jk_mode=max;lr=0.0002;num_layers=4;proj_dim=512;scorer_hidden=128;tau_quantile=0.025;weight_decay=0.0,64,cosine,max,0.0002,4,512,128,0.025,0.0,53.43,100.92,0.02519,0.00391,4.0,1.0,0,gcn,1,,,,,,,,
glue|bert-base-uncased|rte_wide|C|t9|s42|tune,glue,bert-base-uncased,rte_wide,rte,C,tune,9,42,acc,curvature=4.0;gat_hidden_dim=64;gnn_input_clip=0.7;gnn_input_scale=1;graph_metric=cosine;hyp_gnn_type=gat;hyperbolic_gnn=1;jk_mode=cat;lr=0.0002;num_layers=2;proj_dim=512;scorer_hidden=128;tau_quantile=0.2;weight_decay=0.0,64,cosine,cat,0.0002,2,512,128,0.2,0.0,52.35,91.53,0.19856,0.0,4.0,0.7,1,gat,1,,,,,,,,
glue|bert-base-uncased|rte_wide|C|t10|s42|tune,glue,bert-base-uncased,rte_wide,rte,C,tune,10,42,acc,curvature=1.0;gat_hidden_dim=256;gnn_input_clip=0.7;gnn_input_scale=1;graph_metric=cosine;hyp_gnn_type=gat;hyperbolic_gnn=1;jk_mode=max;lr=0.0002;num_layers=4;proj_dim=512;scorer_hidden=128;tau_quantile=0.2;weight_decay=5e-05,256,cosine,max,0.0002,4,512,128,0.2,5e-05,56.68,98.81,0.19887,0.0,1.0,0.7,1,gat,1,,,,,,,,
glue|bert-base-uncased|rte_wide|C|t11|s42|tune,glue,bert-base-uncased,rte_wide,rte,C,tune,11,42,acc,curvature=0.25;gat_hidden_dim=64;gnn_input_clip=0.0;gnn_input_scale=1;graph_metric=cosine;hyp_gnn_type=gat;hyperbolic_gnn=1;jk_mode=max;lr=2e-05;num_layers=4;proj_dim=256;scorer_hidden=128;tau_quantile=0.2;weight_decay=1e-05,64,cosine,max,2e-05,4,256,128,0.2,1e-05,47.29,98.09,0.19863,0.0,0.25,0.0,1,gat,1,,,,,,,,
glue|bert-base-uncased|rte_wide|C|t12|s42|tune,glue,bert-base-uncased,rte_wide,rte,C,tune,12,42,acc,curvature=4.0;gat_hidden_dim=256;gnn_input_clip=0.3;gnn_input_scale=0;graph_metric=cosine;hyp_gnn_type=gcn;hyperbolic_gnn=1;jk_mode=max;lr=0.0002;num_layers=2;proj_dim=128;scorer_hidden=128;tau_quantile=0.025;weight_decay=1e-05,256,cosine,max,0.0002,2,128,128,0.025,1e-05,56.68,91.07,0.02491,0.01172,4.0,0.3,0,gcn,1,,,,,,,,
glue|bert-base-uncased|rte_wide|C|t13|s42|tune,glue,bert-base-uncased,rte_wide,rte,C,tune,13,42,acc,curvature=4.0;gat_hidden_dim=64;gnn_input_clip=0.3;gnn_input_scale=1;graph_metric=cosine;hyp_gnn_type=gcn;hyperbolic_gnn=1;jk_mode=max;lr=2e-05;num_layers=4;proj_dim=256;scorer_hidden=256;tau_quantile=0.38;weight_decay=1e-05,64,cosine,max,2e-05,4,256,256,0.38,1e-05,52.71,101.14,0.3787,0.0,4.0,0.3,1,gcn,1,,,,,,,,
glue|bert-base-uncased|rte_wide|C|t14|s42|tune,glue,bert-base-uncased,rte_wide,rte,C,tune,14,42,acc,curvature=0.25;gat_hidden_dim=64;gnn_input_clip=0.0;gnn_input_scale=1;graph_metric=cosine;hyp_gnn_type=gat;hyperbolic_gnn=1;jk_mode=cat;lr=0.0002;num_layers=2;proj_dim=256;scorer_hidden=256;tau_quantile=0.2;weight_decay=5e-05,64,cosine,cat,0.0002,2,256,256,0.2,5e-05,52.35,89.96,0.19856,0.0,0.25,0.0,1,gat,1,,,,,,,,
glue|bert-base-uncased|rte_wide|C|t15|s42|tune,glue,bert-base-uncased,rte_wide,rte,C,tune,15,42,acc,curvature=4.0;gat_hidden_dim=128;gnn_input_clip=0.0;gnn_input_scale=1;graph_metric=cosine;hyp_gnn_type=gcn;hyperbolic_gnn=1;jk_mode=cat;lr=0.001;num_layers=4;proj_dim=128;scorer_hidden=256;tau_quantile=0.025;weight_decay=0.0,128,cosine,cat,0.001,4,128,256,0.025,0.0,57.76,100.74,0.02534,0.0,4.0,0.0,1,gcn,1,,,,,,,,
glue|bert-base-uncased|rte_wide|C|t16|s42|tune,glue,bert-base-uncased,rte_wide,rte,C,tune,16,42,acc,curvature=0.25;gat_hidden_dim=256;gnn_input_clip=0.0;gnn_input_scale=0;graph_metric=cosine;hyp_gnn_type=gcn;hyperbolic_gnn=1;jk_mode=max;lr=0.001;num_layers=4;proj_dim=512;scorer_hidden=256;tau_quantile=0.1;weight_decay=0.0,256,cosine,max,0.001,4,512,256,0.1,0.0,56.32,99.92,0.09946,0.0,0.25,0.0,0,gcn,1,,,,,,,,
glue|bert-base-uncased|rte_wide|C|t17|s42|tune,glue,bert-base-uncased,rte_wide,rte,C,tune,17,42,acc,curvature=4.0;gat_hidden_dim=64;gnn_input_clip=1.0;gnn_input_scale=0;graph_metric=cosine;hyp_gnn_type=gcn;hyperbolic_gnn=1;jk_mode=max;lr=0.0002;num_layers=4;proj_dim=512;scorer_hidden=256;tau_quantile=0.2;weight_decay=0.0,64,cosine,max,0.0002,4,512,256,0.2,0.0,53.43,102.91,0.19898,0.0,4.0,1.0,0,gcn,1,,,,,,,,
glue|bert-base-uncased|rte_wide|C|t18|s42|tune,glue,bert-base-uncased,rte_wide,rte,C,tune,18,42,acc,curvature=0.25;gat_hidden_dim=256;gnn_input_clip=0.3;gnn_input_scale=0;graph_metric=cosine;hyp_gnn_type=gat;hyperbolic_gnn=1;jk_mode=max;lr=2e-05;num_layers=4;proj_dim=256;scorer_hidden=256;tau_quantile=0.2;weight_decay=0.0,256,cosine,max,2e-05,4,256,256,0.2,0.0,52.71,98.13,0.19887,0.0,0.25,0.3,0,gat,1,,,,,,,,
glue|bert-base-uncased|rte_wide|C|t19|s42|tune,glue,bert-base-uncased,rte_wide,rte,C,tune,19,42,acc,curvature=4.0;gat_hidden_dim=128;gnn_input_clip=0.0;gnn_input_scale=1;graph_metric=cosine;hyp_gnn_type=gcn;hyperbolic_gnn=1;jk_mode=max;lr=0.0002;num_layers=2;proj_dim=256;scorer_hidden=256;tau_quantile=0.38;weight_decay=5e-05,128,cosine,max,0.0002,2,256,256,0.38,5e-05,55.23,90.64,0.37803,0.0,4.0,0.0,1,gcn,1,,,,,,,,
glue|bert-base-uncased|rte_wide|C|t20|s42|tune,glue,bert-base-uncased,rte_wide,rte,C,tune,20,42,acc,curvature=1.0;gat_hidden_dim=64;gnn_input_clip=1.0;gnn_input_scale=1;graph_metric=cosine;hyp_gnn_type=gat;hyperbolic_gnn=1;jk_mode=max;lr=2e-05;num_layers=2;proj_dim=256;scorer_hidden=256;tau_quantile=0.38;weight_decay=0.0,64,cosine,max,2e-05,2,256,256,0.38,0.0,50.9,90.44,0.37885,0.0,1.0,1.0,1,gat,1,,,,,,,,
glue|bert-base-uncased|rte_wide|C|t21|s42|tune,glue,bert-base-uncased,rte_wide,rte,C,tune,21,42,acc,curvature=4.0;gat_hidden_dim=128;gnn_input_clip=1.0;gnn_input_scale=0;graph_metric=cosine;hyp_gnn_type=gat;hyperbolic_gnn=1;jk_mode=cat;lr=0.001;num_layers=4;proj_dim=512;scorer_hidden=128;tau_quantile=0.38;weight_decay=0.0,128,cosine,cat,0.001,4,512,128,0.38,0.0,54.51,96.65,0.37841,0.0,4.0,1.0,0,gat,1,,,,,,,,
glue|bert-base-uncased|rte_wide|C|t22|s42|tune,glue,bert-base-uncased,rte_wide,rte,C,tune,22,42,acc,curvature=1.0;gat_hidden_dim=256;gnn_input_clip=0.0;gnn_input_scale=1;graph_metric=cosine;hyp_gnn_type=gat;hyperbolic_gnn=1;jk_mode=max;lr=0.0002;num_layers=4;proj_dim=128;scorer_hidden=256;tau_quantile=0.2;weight_decay=1e-05,256,cosine,max,0.0002,4,128,256,0.2,1e-05,58.48,98.36,0.19887,0.0,1.0,0.0,1,gat,1,,,,,,,,
glue|bert-base-uncased|rte_wide|C|t23|s42|tune,glue,bert-base-uncased,rte_wide,rte,C,tune,23,42,acc,curvature=4.0;gat_hidden_dim=256;gnn_input_clip=0.3;gnn_input_scale=0;graph_metric=cosine;hyp_gnn_type=gat;hyperbolic_gnn=1;jk_mode=max;lr=2e-05;num_layers=4;proj_dim=256;scorer_hidden=256;tau_quantile=0.2;weight_decay=1e-05,256,cosine,max,2e-05,4,256,256,0.2,1e-05,52.71,98.23,0.19887,0.0,4.0,0.3,0,gat,1,,,,,,,,
glue|bert-base-uncased|rte_wide|C|t24|s42|tune,glue,bert-base-uncased,rte_wide,rte,C,tune,24,42,acc,curvature=1.0;gat_hidden_dim=256;gnn_input_clip=1.0;gnn_input_scale=1;graph_metric=cosine;hyp_gnn_type=gcn;hyperbolic_gnn=1;jk_mode=max;lr=0.0002;num_layers=4;proj_dim=512;scorer_hidden=256;tau_quantile=0.1;weight_decay=0.0,256,cosine,max,0.0002,4,512,256,0.1,0.0,54.51,101.94,0.09946,0.0,1.0,1.0,1,gcn,1,,,,,,,,
glue|bert-base-uncased|rte_wide|C|t25|s42|tune,glue,bert-base-uncased,rte_wide,rte,C,tune,25,42,acc,curvature=0.25;gat_hidden_dim=64;gnn_input_clip=0.7;gnn_input_scale=1;graph_metric=cosine;hyp_gnn_type=gcn;hyperbolic_gnn=1;jk_mode=max;lr=0.001;num_layers=4;proj_dim=512;scorer_hidden=128;tau_quantile=0.1;weight_decay=0.0,64,cosine,max,0.001,4,512,128,0.1,0.0,52.71,102.2,0.0996,0.0,0.25,0.7,1,gcn,1,,,,,,,,
glue|bert-base-uncased|rte_wide|C|t26|s42|tune,glue,bert-base-uncased,rte_wide,rte,C,tune,26,42,acc,curvature=0.25;gat_hidden_dim=128;gnn_input_clip=0.3;gnn_input_scale=1;graph_metric=cosine;hyp_gnn_type=gat;hyperbolic_gnn=1;jk_mode=max;lr=0.001;num_layers=2;proj_dim=256;scorer_hidden=128;tau_quantile=0.025;weight_decay=1e-05,128,cosine,max,0.001,2,256,128,0.025,1e-05,53.43,89.04,0.02521,0.0,0.25,0.3,1,gat,1,,,,,,,,
glue|bert-base-uncased|rte_wide|C|t27|s42|tune,glue,bert-base-uncased,rte_wide,rte,C,tune,27,42,acc,curvature=4.0;gat_hidden_dim=128;gnn_input_clip=0.3;gnn_input_scale=0;graph_metric=cosine;hyp_gnn_type=gcn;hyperbolic_gnn=1;jk_mode=max;lr=0.0002;num_layers=2;proj_dim=512;scorer_hidden=128;tau_quantile=0.1;weight_decay=0.0,128,cosine,max,0.0002,2,512,128,0.1,0.0,57.4,90.79,0.10013,0.0,4.0,0.3,0,gcn,1,,,,,,,,
glue|bert-base-uncased|rte_wide|C|t28|s42|tune,glue,bert-base-uncased,rte_wide,rte,C,tune,28,42,acc,curvature=1.0;gat_hidden_dim=128;gnn_input_clip=1.0;gnn_input_scale=1;graph_metric=cosine;hyp_gnn_type=gat;hyperbolic_gnn=1;jk_mode=cat;lr=0.001;num_layers=4;proj_dim=512;scorer_hidden=256;tau_quantile=0.38;weight_decay=1e-05,128,cosine,cat,0.001,4,512,256,0.38,1e-05,54.15,98.45,0.37841,0.0,1.0,1.0,1,gat,1,,,,,,,,
glue|bert-base-uncased|rte_wide|C|t29|s42|tune,glue,bert-base-uncased,rte_wide,rte,C,tune,29,42,acc,curvature=1.0;gat_hidden_dim=64;gnn_input_clip=0.0;gnn_input_scale=0;graph_metric=cosine;hyp_gnn_type=gcn;hyperbolic_gnn=1;jk_mode=max;lr=2e-05;num_layers=4;proj_dim=256;scorer_hidden=256;tau_quantile=0.025;weight_decay=0.0,64,cosine,max,2e-05,4,256,256,0.025,0.0,52.71,99.86,0.02519,0.00391,1.0,0.0,0,gcn,1,,,,,,,,
glue|bert-base-uncased|rte_wide|C|t30|s42|tune,glue,bert-base-uncased,rte_wide,rte,C,tune,30,42,acc,curvature=1.0;gat_hidden_dim=64;gnn_input_clip=0.7;gnn_input_scale=0;graph_metric=cosine;hyp_gnn_type=gcn;hyperbolic_gnn=1;jk_mode=cat;lr=0.0002;num_layers=2;proj_dim=256;scorer_hidden=128;tau_quantile=0.025;weight_decay=0.0,64,cosine,cat,0.0002,2,256,128,0.025,0.0,57.4,89.98,0.02561,0.00391,1.0,0.7,0,gcn,1,,,,,,,,
glue|bert-base-uncased|rte_wide|C|t31|s42|tune,glue,bert-base-uncased,rte_wide,rte,C,tune,31,42,acc,curvature=1.0;gat_hidden_dim=64;gnn_input_clip=0.7;gnn_input_scale=0;graph_metric=cosine;hyp_gnn_type=gat;hyperbolic_gnn=1;jk_mode=cat;lr=0.0002;num_layers=2;proj_dim=256;scorer_hidden=128;tau_quantile=0.2;weight_decay=0.0,64,cosine,cat,0.0002,2,256,128,0.2,0.0,52.35,88.85,0.19856,0.0,1.0,0.7,0,gat,1,,,,,,,,
glue|bert-base-uncased|rte_wide|C|t32|s42|tune,glue,bert-base-uncased,rte_wide,rte,C,tune,32,42,acc,curvature=0.25;gat_hidden_dim=128;gnn_input_clip=0.0;gnn_input_scale=0;graph_metric=cosine;hyp_gnn_type=gat;hyperbolic_gnn=1;jk_mode=max;lr=0.001;num_layers=2;proj_dim=256;scorer_hidden=128;tau_quantile=0.05;weight_decay=1e-05,128,cosine,max,0.001,2,256,128,0.05,1e-05,53.79,88.95,0.0502,0.0,0.25,0.0,0,gat,1,,,,,,,,
glue|bert-base-uncased|rte_wide|C|t33|s42|tune,glue,bert-base-uncased,rte_wide,rte,C,tune,33,42,acc,curvature=0.25;gat_hidden_dim=64;gnn_input_clip=1.0;gnn_input_scale=0;graph_metric=cosine;hyp_gnn_type=gat;hyperbolic_gnn=1;jk_mode=max;lr=0.0002;num_layers=2;proj_dim=512;scorer_hidden=256;tau_quantile=0.38;weight_decay=1e-05,64,cosine,max,0.0002,2,512,256,0.38,1e-05,52.71,89.04,0.37885,0.0,0.25,1.0,0,gat,1,,,,,,,,
glue|bert-base-uncased|rte_wide|C|t34|s42|tune,glue,bert-base-uncased,rte_wide,rte,C,tune,34,42,acc,curvature=1.0;gat_hidden_dim=256;gnn_input_clip=0.7;gnn_input_scale=1;graph_metric=cosine;hyp_gnn_type=gat;hyperbolic_gnn=1;jk_mode=cat;lr=0.001;num_layers=2;proj_dim=128;scorer_hidden=256;tau_quantile=0.1;weight_decay=1e-05,256,cosine,cat,0.001,2,128,256,0.1,1e-05,55.23,89.37,0.10012,0.0,1.0,0.7,1,gat,1,,,,,,,,
glue|bert-base-uncased|rte_wide|C|t35|s42|tune,glue,bert-base-uncased,rte_wide,rte,C,tune,35,42,acc,curvature=4.0;gat_hidden_dim=128;gnn_input_clip=0.3;gnn_input_scale=1;graph_metric=cosine;hyp_gnn_type=gcn;hyperbolic_gnn=1;jk_mode=max;lr=2e-05;num_layers=2;proj_dim=256;scorer_hidden=128;tau_quantile=0.025;weight_decay=0.0,128,cosine,max,2e-05,2,256,128,0.025,0.0,47.29,91.81,0.02564,0.0,4.0,0.3,1,gcn,1,,,,,,,,
glue|bert-base-uncased|rte_wide|C|t36|s42|tune,glue,bert-base-uncased,rte_wide,rte,C,tune,36,42,acc,curvature=4.0;gat_hidden_dim=256;gnn_input_clip=0.0;gnn_input_scale=0;graph_metric=cosine;hyp_gnn_type=gcn;hyperbolic_gnn=1;jk_mode=cat;lr=0.0002;num_layers=2;proj_dim=128;scorer_hidden=128;tau_quantile=0.1;weight_decay=0.0,256,cosine,cat,0.0002,2,128,128,0.1,0.0,54.87,90.54,0.09919,0.0,4.0,0.0,0,gcn,1,,,,,,,,
glue|bert-base-uncased|rte_wide|C|t37|s42|tune,glue,bert-base-uncased,rte_wide,rte,C,tune,37,42,acc,curvature=4.0;gat_hidden_dim=128;gnn_input_clip=0.0;gnn_input_scale=0;graph_metric=cosine;hyp_gnn_type=gcn;hyperbolic_gnn=1;jk_mode=cat;lr=0.0002;num_layers=4;proj_dim=256;scorer_hidden=256;tau_quantile=0.05;weight_decay=0.0,128,cosine,cat,0.0002,4,256,256,0.05,0.0,54.51,101.05,0.05012,0.0,4.0,0.0,0,gcn,1,,,,,,,,
glue|bert-base-uncased|rte_wide|C|t38|s42|tune,glue,bert-base-uncased,rte_wide,rte,C,tune,38,42,acc,curvature=1.0;gat_hidden_dim=256;gnn_input_clip=0.0;gnn_input_scale=0;graph_metric=cosine;hyp_gnn_type=gcn;hyperbolic_gnn=1;jk_mode=max;lr=0.001;num_layers=4;proj_dim=256;scorer_hidden=128;tau_quantile=0.025;weight_decay=1e-05,256,cosine,max,0.001,4,256,128,0.025,1e-05,53.07,101.98,0.02469,0.01172,1.0,0.0,0,gcn,1,,,,,,,,
glue|bert-base-uncased|rte_wide|C|t39|s42|tune,glue,bert-base-uncased,rte_wide,rte,C,tune,39,42,acc,curvature=0.25;gat_hidden_dim=128;gnn_input_clip=0.0;gnn_input_scale=0;graph_metric=cosine;hyp_gnn_type=gat;hyperbolic_gnn=1;jk_mode=max;lr=0.001;num_layers=4;proj_dim=256;scorer_hidden=128;tau_quantile=0.2;weight_decay=5e-05,128,cosine,max,0.001,4,256,128,0.2,5e-05,52.71,98.55,0.19889,0.0,0.25,0.0,0,gat,1,,,,,,,,
glue|bert-base-uncased|rte_wide|ABC|t0|s42|tune,glue,bert-base-uncased,rte_wide,rte,ABC,tune,0,42,acc,curvature=1.0;feature_mode=center_unit;gat_hidden_dim=128;gnn_input_clip=1.0;gnn_input_scale=1;graph_curvature=4.0;graph_metric=poincare;hyp_gnn_type=gat;hyperbolic_gnn=1;hyperbolic_readout=1;jk_mode=max;learnable_curvature=0;lr=2e-05;num_layers=4;proj_dim=512;readout_clip=0.7;readout_scale=1;rho_quantile=0.05;scorer_hidden=128;weight_decay=1e-05,128,poincare,max,2e-05,4,512,128,,1e-05,47.29,116.13,0.04964,0.00391,1.0,1.0,1,gat,1,center_unit,4.0,1,0,0.7,1,0.05,
glue|bert-base-uncased|rte_wide|ABC|t1|s42|tune,glue,bert-base-uncased,rte_wide,rte,ABC,tune,1,42,acc,curvature=1.0;feature_mode=unit;gat_hidden_dim=64;gnn_input_clip=1.0;gnn_input_scale=1;graph_curvature=0.25;graph_metric=poincare;hyp_gnn_type=gcn;hyperbolic_gnn=1;hyperbolic_readout=1;jk_mode=cat;learnable_curvature=1;lr=0.0002;num_layers=2;proj_dim=128;readout_clip=0.7;readout_scale=1;rho_quantile=0.1;scorer_hidden=128;weight_decay=5e-05,64,poincare,cat,0.0002,2,128,128,,5e-05,55.6,113.06,0.09979,0.0,1.0,1.0,1,gcn,1,unit,0.25,1,1,0.7,1,0.1,
glue|bert-base-uncased|rte_wide|ABC|t2|s42|tune,glue,bert-base-uncased,rte_wide,rte,ABC,tune,2,42,acc,curvature=4.0;feature_mode=center;gat_hidden_dim=64;gnn_input_clip=0.7;gnn_input_scale=1;graph_curvature=4.0;graph_metric=poincare;hyp_gnn_type=gat;hyperbolic_gnn=1;hyperbolic_readout=1;jk_mode=cat;learnable_curvature=1;lr=2e-05;num_layers=2;proj_dim=128;readout_clip=0.7;readout_scale=0;rho_quantile=0.2;scorer_hidden=128;weight_decay=5e-05,64,poincare,cat,2e-05,2,128,128,,5e-05,48.38,109.39,0.19763,0.0,4.0,0.7,1,gat,1,center,4.0,1,1,0.7,0,0.2,
glue|bert-base-uncased|rte_wide|ABC|t3|s42|tune,glue,bert-base-uncased,rte_wide,rte,ABC,tune,3,42,acc,curvature=0.25;feature_mode=center;gat_hidden_dim=64;gnn_input_clip=0.7;gnn_input_scale=1;graph_curvature=0.25;graph_metric=poincare;hyp_gnn_type=gat;hyperbolic_gnn=1;hyperbolic_readout=1;jk_mode=max;learnable_curvature=0;lr=0.0002;num_layers=2;proj_dim=128;readout_clip=1.0;readout_scale=0;rho_quantile=0.1;scorer_hidden=128;weight_decay=0.0,64,poincare,max,0.0002,2,128,128,,0.0,53.07,106.13,0.09912,0.0,0.25,0.7,1,gat,1,center,0.25,1,0,1.0,0,0.1,
glue|bert-base-uncased|rte_wide|ABC|t4|s42|tune,glue,bert-base-uncased,rte_wide,rte,ABC,tune,4,42,acc,curvature=1.0;feature_mode=center_unit;gat_hidden_dim=128;gnn_input_clip=0.3;gnn_input_scale=1;graph_curvature=2.25;graph_metric=poincare;hyp_gnn_type=gcn;hyperbolic_gnn=1;hyperbolic_readout=1;jk_mode=cat;learnable_curvature=0;lr=0.001;num_layers=4;proj_dim=256;readout_clip=0.0;readout_scale=0;rho_quantile=0.05;scorer_hidden=128;weight_decay=0.0,128,poincare,cat,0.001,4,256,128,,0.0,57.76,119.02,0.04984,0.0,1.0,0.3,1,gcn,1,center_unit,2.25,1,0,0.0,0,0.05,
glue|bert-base-uncased|rte_wide|ABC|t5|s42|tune,glue,bert-base-uncased,rte_wide,rte,ABC,tune,5,42,acc,curvature=4.0;feature_mode=cls_root_unit;gat_hidden_dim=128;gnn_input_clip=0.7;gnn_input_scale=1;graph_curvature=4.0;graph_metric=poincare;hyp_gnn_type=gat;hyperbolic_gnn=1;hyperbolic_readout=1;jk_mode=max;learnable_curvature=0;lr=0.001;num_layers=4;proj_dim=128;readout_clip=0.7;readout_scale=0;rho_quantile=0.025;scorer_hidden=128;weight_decay=5e-05,128,poincare,max,0.001,4,128,128,,5e-05,54.87,117.67,0.0249,0.00781,4.0,0.7,1,gat,1,cls_root_unit,4.0,1,0,0.7,0,0.025,
glue|bert-base-uncased|rte_wide|ABC|t6|s42|tune,glue,bert-base-uncased,rte_wide,rte,ABC,tune,6,42,acc,curvature=4.0;feature_mode=center;gat_hidden_dim=128;gnn_input_clip=0.0;gnn_input_scale=1;graph_curvature=4.0;graph_metric=poincare;hyp_gnn_type=gat;hyperbolic_gnn=1;hyperbolic_readout=1;jk_mode=cat;learnable_curvature=1;lr=0.0002;num_layers=2;proj_dim=256;readout_clip=0.7;readout_scale=1;rho_quantile=0.05;scorer_hidden=128;weight_decay=5e-05,128,poincare,cat,0.0002,2,256,128,,5e-05,53.43,110.27,0.04942,0.00391,4.0,0.0,1,gat,1,center,4.0,1,1,0.7,1,0.05,
glue|bert-base-uncased|rte_wide|ABC|t7|s42|tune,glue,bert-base-uncased,rte_wide,rte,ABC,tune,7,42,acc,curvature=0.25;feature_mode=unit;gat_hidden_dim=64;gnn_input_clip=1.0;gnn_input_scale=1;graph_curvature=0.25;graph_metric=poincare;hyp_gnn_type=gat;hyperbolic_gnn=1;hyperbolic_readout=1;jk_mode=max;learnable_curvature=1;lr=0.0002;num_layers=4;proj_dim=512;readout_clip=0.3;readout_scale=0;rho_quantile=0.38;scorer_hidden=256;weight_decay=1e-05,64,poincare,max,0.0002,4,512,256,,1e-05,55.23,121.02,0.37801,0.0,0.25,1.0,1,gat,1,unit,0.25,1,1,0.3,0,0.38,
glue|bert-base-uncased|rte_wide|ABC|t8|s42|tune,glue,bert-base-uncased,rte_wide,rte,ABC,tune,8,42,acc,curvature=4.0;feature_mode=center_unit;gat_hidden_dim=128;gnn_input_clip=1.0;gnn_input_scale=1;graph_curvature=9.0;graph_metric=poincare;hyp_gnn_type=gat;hyperbolic_gnn=1;hyperbolic_readout=1;jk_mode=max;learnable_curvature=0;lr=2e-05;num_layers=4;proj_dim=512;readout_clip=1.0;readout_scale=1;rho_quantile=0.025;scorer_hidden=128;weight_decay=0.0,128,poincare,max,2e-05,4,512,128,,0.0,47.29,116.69,0.0249,0.00781,4.0,1.0,1,gat,1,center_unit,9.0,1,0,1.0,1,0.025,
glue|bert-base-uncased|rte_wide|ABC|t9|s42|tune,glue,bert-base-uncased,rte_wide,rte,ABC,tune,9,42,acc,curvature=4.0;feature_mode=cls_root_unit;gat_hidden_dim=64;gnn_input_clip=1.0;gnn_input_scale=1;graph_curvature=4.0;graph_metric=poincare;hyp_gnn_type=gcn;hyperbolic_gnn=1;hyperbolic_readout=1;jk_mode=cat;learnable_curvature=0;lr=0.001;num_layers=2;proj_dim=256;readout_clip=0.7;readout_scale=0;rho_quantile=0.38;scorer_hidden=128;weight_decay=0.0,64,poincare,cat,0.001,2,256,128,,0.0,54.15,107.83,0.37816,0.0,4.0,1.0,1,gcn,1,cls_root_unit,4.0,1,0,0.7,0,0.38,
glue|bert-base-uncased|rte_wide|ABC|t10|s42|tune,glue,bert-base-uncased,rte_wide,rte,ABC,tune,10,42,acc,curvature=4.0;feature_mode=center;gat_hidden_dim=256;gnn_input_clip=1.0;gnn_input_scale=1;graph_curvature=2.25;graph_metric=poincare;hyp_gnn_type=gcn;hyperbolic_gnn=1;hyperbolic_readout=1;jk_mode=max;learnable_curvature=1;lr=2e-05;num_layers=2;proj_dim=128;readout_clip=0.7;readout_scale=0;rho_quantile=0.1;scorer_hidden=256;weight_decay=1e-05,256,poincare,max,2e-05,2,128,256,,1e-05,47.29,130.45,0.09877,0.0,4.0,1.0,1,gcn,1,center,2.25,1,1,0.7,0,0.1,
glue|bert-base-uncased|rte_wide|ABC|t11|s42|tune,glue,bert-base-uncased,rte_wide,rte,ABC,tune,11,42,acc,curvature=0.25;feature_mode=center_unit;gat_hidden_dim=128;gnn_input_clip=0.3;gnn_input_scale=0;graph_curvature=4.0;graph_metric=poincare;hyp_gnn_type=gcn;hyperbolic_gnn=1;hyperbolic_readout=1;jk_mode=cat;learnable_curvature=1;lr=0.0002;num_layers=2;proj_dim=128;readout_clip=0.0;readout_scale=0;rho_quantile=0.05;scorer_hidden=256;weight_decay=5e-05,128,poincare,cat,0.0002,2,128,256,,5e-05,52.71,168.39,0.04976,0.00391,0.25,0.3,0,gcn,1,center_unit,4.0,1,1,0.0,0,0.05,
glue|bert-base-uncased|rte_wide|ABC|t12|s42|tune,glue,bert-base-uncased,rte_wide,rte,ABC,tune,12,42,acc,curvature=4.0;feature_mode=cls_root_unit;gat_hidden_dim=256;gnn_input_clip=0.7;gnn_input_scale=0;graph_curvature=1.0;graph_metric=poincare;hyp_gnn_type=gcn;hyperbolic_gnn=1;hyperbolic_readout=1;jk_mode=max;learnable_curvature=1;lr=2e-05;num_layers=4;proj_dim=256;readout_clip=0.3;readout_scale=0;rho_quantile=0.38;scorer_hidden=256;weight_decay=1e-05,256,poincare,max,2e-05,4,256,256,,1e-05,47.29,157.41,0.37846,0.0,4.0,0.7,0,gcn,1,cls_root_unit,1.0,1,1,0.3,0,0.38,
glue|bert-base-uncased|rte_wide|ABC|t13|s42|tune,glue,bert-base-uncased,rte_wide,rte,ABC,tune,13,42,acc,curvature=0.25;feature_mode=center_unit;gat_hidden_dim=128;gnn_input_clip=0.0;gnn_input_scale=0;graph_curvature=0.25;graph_metric=poincare;hyp_gnn_type=gat;hyperbolic_gnn=1;hyperbolic_readout=1;jk_mode=max;learnable_curvature=0;lr=0.0002;num_layers=4;proj_dim=512;readout_clip=0.0;readout_scale=0;rho_quantile=0.1;scorer_hidden=256;weight_decay=0.0,128,poincare,max,0.0002,4,512,256,,0.0,55.96,126.08,0.09951,0.0,0.25,0.0,0,gat,1,center_unit,0.25,1,0,0.0,0,0.1,
glue|bert-base-uncased|rte_wide|ABC|t14|s42|tune,glue,bert-base-uncased,rte_wide,rte,ABC,tune,14,42,acc,curvature=1.0;feature_mode=center_unit;gat_hidden_dim=128;gnn_input_clip=0.3;gnn_input_scale=0;graph_curvature=1.0;graph_metric=poincare;hyp_gnn_type=gcn;hyperbolic_gnn=1;hyperbolic_readout=1;jk_mode=cat;learnable_curvature=1;lr=0.0002;num_layers=2;proj_dim=512;readout_clip=0.7;readout_scale=0;rho_quantile=0.1;scorer_hidden=128;weight_decay=5e-05,128,poincare,cat,0.0002,2,512,128,,5e-05,55.23,119.71,0.09977,0.0,1.0,0.3,0,gcn,1,center_unit,1.0,1,1,0.7,0,0.1,
glue|bert-base-uncased|rte_wide|ABC|t15|s42|tune,glue,bert-base-uncased,rte_wide,rte,ABC,tune,15,42,acc,curvature=1.0;feature_mode=center_unit;gat_hidden_dim=64;gnn_input_clip=0.3;gnn_input_scale=0;graph_curvature=1.0;graph_metric=poincare;hyp_gnn_type=gcn;hyperbolic_gnn=1;hyperbolic_readout=1;jk_mode=cat;learnable_curvature=1;lr=0.0002;num_layers=2;proj_dim=256;readout_clip=0.7;readout_scale=1;rho_quantile=0.38;scorer_hidden=256;weight_decay=1e-05,64,poincare,cat,0.0002,2,256,256,,1e-05,55.23,122.78,0.37817,0.0,1.0,0.3,0,gcn,1,center_unit,1.0,1,1,0.7,1,0.38,
glue|bert-base-uncased|rte_wide|ABC|t16|s42|tune,glue,bert-base-uncased,rte_wide,rte,ABC,tune,16,42,acc,curvature=1.0;feature_mode=cls_root_unit;gat_hidden_dim=128;gnn_input_clip=1.0;gnn_input_scale=0;graph_curvature=1.0;graph_metric=poincare;hyp_gnn_type=gat;hyperbolic_gnn=1;hyperbolic_readout=1;jk_mode=max;learnable_curvature=1;lr=0.001;num_layers=4;proj_dim=256;readout_clip=1.0;readout_scale=1;rho_quantile=0.1;scorer_hidden=256;weight_decay=5e-05,128,poincare,max,0.001,4,256,256,,5e-05,56.32,128.25,0.09951,0.0,1.0,1.0,0,gat,1,cls_root_unit,1.0,1,1,1.0,1,0.1,
glue|bert-base-uncased|rte_wide|ABC|t17|s42|tune,glue,bert-base-uncased,rte_wide,rte,ABC,tune,17,42,acc,curvature=1.0;feature_mode=cls_root_unit;gat_hidden_dim=64;gnn_input_clip=0.7;gnn_input_scale=1;graph_curvature=4.0;graph_metric=poincare;hyp_gnn_type=gcn;hyperbolic_gnn=1;hyperbolic_readout=1;jk_mode=cat;learnable_curvature=1;lr=0.0002;num_layers=2;proj_dim=512;readout_clip=1.0;readout_scale=1;rho_quantile=0.1;scorer_hidden=128;weight_decay=1e-05,64,poincare,cat,0.0002,2,512,128,,1e-05,55.23,120.35,0.09979,0.0,1.0,0.7,1,gcn,1,cls_root_unit,4.0,1,1,1.0,1,0.1,
glue|bert-base-uncased|rte_wide|ABC|t18|s42|tune,glue,bert-base-uncased,rte_wide,rte,ABC,tune,18,42,acc,curvature=1.0;feature_mode=cls_root_unit;gat_hidden_dim=64;gnn_input_clip=0.7;gnn_input_scale=1;graph_curvature=0.25;graph_metric=poincare;hyp_gnn_type=gat;hyperbolic_gnn=1;hyperbolic_readout=1;jk_mode=cat;learnable_curvature=0;lr=0.0002;num_layers=2;proj_dim=128;readout_clip=0.0;readout_scale=0;rho_quantile=0.38;scorer_hidden=128;weight_decay=1e-05,64,poincare,cat,0.0002,2,128,128,,1e-05,55.23,116.56,0.37774,0.0,1.0,0.7,1,gat,1,cls_root_unit,0.25,1,0,0.0,0,0.38,
glue|bert-base-uncased|rte_wide|ABC|t19|s42|tune,glue,bert-base-uncased,rte_wide,rte,ABC,tune,19,42,acc,curvature=4.0;feature_mode=center_unit;gat_hidden_dim=128;gnn_input_clip=0.7;gnn_input_scale=1;graph_curvature=1.0;graph_metric=poincare;hyp_gnn_type=gcn;hyperbolic_gnn=1;hyperbolic_readout=1;jk_mode=cat;learnable_curvature=0;lr=2e-05;num_layers=4;proj_dim=256;readout_clip=0.0;readout_scale=1;rho_quantile=0.05;scorer_hidden=128;weight_decay=1e-05,128,poincare,cat,2e-05,4,256,128,,1e-05,51.99,126.42,0.04984,0.0,4.0,0.7,1,gcn,1,center_unit,1.0,1,0,0.0,1,0.05,
glue|bert-base-uncased|rte_wide|ABC|t20|s42|tune,glue,bert-base-uncased,rte_wide,rte,ABC,tune,20,42,acc,curvature=4.0;feature_mode=center;gat_hidden_dim=64;gnn_input_clip=0.0;gnn_input_scale=1;graph_curvature=0.25;graph_metric=poincare;hyp_gnn_type=gcn;hyperbolic_gnn=1;hyperbolic_readout=1;jk_mode=max;learnable_curvature=0;lr=2e-05;num_layers=2;proj_dim=128;readout_clip=1.0;readout_scale=1;rho_quantile=0.38;scorer_hidden=128;weight_decay=0.0,64,poincare,max,2e-05,2,128,128,,0.0,52.71,113.84,0.37608,0.0,4.0,0.0,1,gcn,1,center,0.25,1,0,1.0,1,0.38,
glue|bert-base-uncased|rte_wide|ABC|t21|s42|tune,glue,bert-base-uncased,rte_wide,rte,ABC,tune,21,42,acc,curvature=4.0;feature_mode=unit;gat_hidden_dim=64;gnn_input_clip=0.3;gnn_input_scale=0;graph_curvature=0.25;graph_metric=poincare;hyp_gnn_type=gat;hyperbolic_gnn=1;hyperbolic_readout=1;jk_mode=max;learnable_curvature=1;lr=0.0002;num_layers=4;proj_dim=128;readout_clip=1.0;readout_scale=0;rho_quantile=0.2;scorer_hidden=128;weight_decay=1e-05,64,poincare,max,0.0002,4,128,128,,1e-05,53.43,130.4,0.19847,0.0,4.0,0.3,0,gat,1,unit,0.25,1,1,1.0,0,0.2,
glue|bert-base-uncased|rte_wide|ABC|t22|s42|tune,glue,bert-base-uncased,rte_wide,rte,ABC,tune,22,42,acc,curvature=4.0;feature_mode=unit;gat_hidden_dim=128;gnn_input_clip=0.7;gnn_input_scale=0;graph_curvature=4.0;graph_metric=poincare;hyp_gnn_type=gat;hyperbolic_gnn=1;hyperbolic_readout=1;jk_mode=max;learnable_curvature=0;lr=0.001;num_layers=4;proj_dim=512;readout_clip=0.0;readout_scale=1;rho_quantile=0.025;scorer_hidden=256;weight_decay=0.0,128,poincare,max,0.001,4,512,256,,0.0,55.6,123.53,0.0249,0.00781,4.0,0.7,0,gat,1,unit,4.0,1,0,0.0,1,0.025,
glue|bert-base-uncased|rte_wide|ABC|t23|s42|tune,glue,bert-base-uncased,rte_wide,rte,ABC,tune,23,42,acc,curvature=0.25;feature_mode=cls_root_unit;gat_hidden_dim=64;gnn_input_clip=0.0;gnn_input_scale=1;graph_curvature=4.0;graph_metric=poincare;hyp_gnn_type=gat;hyperbolic_gnn=1;hyperbolic_readout=1;jk_mode=cat;learnable_curvature=1;lr=2e-05;num_layers=2;proj_dim=256;readout_clip=1.0;readout_scale=0;rho_quantile=0.38;scorer_hidden=256;weight_decay=1e-05,64,poincare,cat,2e-05,2,256,256,,1e-05,47.29,118.07,0.37774,0.0,0.25,0.0,1,gat,1,cls_root_unit,4.0,1,1,1.0,0,0.38,
glue|bert-base-uncased|rte_wide|ABC|t24|s42|tune,glue,bert-base-uncased,rte_wide,rte,ABC,tune,24,42,acc,curvature=1.0;feature_mode=cls_root_unit;gat_hidden_dim=64;gnn_input_clip=0.0;gnn_input_scale=1;graph_curvature=4.0;graph_metric=poincare;hyp_gnn_type=gcn;hyperbolic_gnn=1;hyperbolic_readout=1;jk_mode=max;learnable_curvature=1;lr=2e-05;num_layers=4;proj_dim=512;readout_clip=1.0;readout_scale=1;rho_quantile=0.1;scorer_hidden=256;weight_decay=1e-05,64,poincare,max,2e-05,4,512,256,,1e-05,52.71,133.52,0.09942,0.0,1.0,0.0,1,gcn,1,cls_root_unit,4.0,1,1,1.0,1,0.1,
glue|bert-base-uncased|rte_wide|ABC|t25|s42|tune,glue,bert-base-uncased,rte_wide,rte,ABC,tune,25,42,acc,curvature=1.0;feature_mode=center;gat_hidden_dim=128;gnn_input_clip=0.7;gnn_input_scale=0;graph_curvature=0.25;graph_metric=poincare;hyp_gnn_type=gcn;hyperbolic_gnn=1;hyperbolic_readout=1;jk_mode=cat;learnable_curvature=1;lr=0.001;num_layers=4;proj_dim=256;readout_clip=0.3;readout_scale=0;rho_quantile=0.025;scorer_hidden=128;weight_decay=0.0,128,poincare,cat,0.001,4,256,128,,0.0,57.4,133.16,0.0251,0.0,1.0,0.7,0,gcn,1,center,0.25,1,1,0.3,0,0.025,
glue|bert-base-uncased|rte_wide|ABC|t26|s42|tune,glue,bert-base-uncased,rte_wide,rte,ABC,tune,26,42,acc,curvature=1.0;feature_mode=unit;gat_hidden_dim=64;gnn_input_clip=0.7;gnn_input_scale=0;graph_curvature=2.25;graph_metric=poincare;hyp_gnn_type=gat;hyperbolic_gnn=1;hyperbolic_readout=1;jk_mode=cat;learnable_curvature=0;lr=0.0002;num_layers=4;proj_dim=128;readout_clip=0.3;readout_scale=0;rho_quantile=0.025;scorer_hidden=256;weight_decay=0.0,64,poincare,cat,0.0002,4,128,256,,0.0,53.79,123.02,0.02498,0.00391,1.0,0.7,0,gat,1,unit,2.25,1,0,0.3,0,0.025,
glue|bert-base-uncased|rte_wide|ABC|t27|s42|tune,glue,bert-base-uncased,rte_wide,rte,ABC,tune,27,42,acc,curvature=0.25;feature_mode=center;gat_hidden_dim=128;gnn_input_clip=0.0;gnn_input_scale=1;graph_curvature=4.0;graph_metric=poincare;hyp_gnn_type=gat;hyperbolic_gnn=1;hyperbolic_readout=1;jk_mode=cat;learnable_curvature=0;lr=2e-05;num_layers=2;proj_dim=512;readout_clip=0.0;readout_scale=1;rho_quantile=0.38;scorer_hidden=128;weight_decay=5e-05,128,poincare,cat,2e-05,2,512,128,,5e-05,53.79,114.28,0.37617,0.0,0.25,0.0,1,gat,1,center,4.0,1,0,0.0,1,0.38,
glue|bert-base-uncased|rte_wide|ABC|t28|s42|tune,glue,bert-base-uncased,rte_wide,rte,ABC,tune,28,42,acc,curvature=1.0;feature_mode=center_unit;gat_hidden_dim=256;gnn_input_clip=0.3;gnn_input_scale=1;graph_curvature=2.25;graph_metric=poincare;hyp_gnn_type=gat;hyperbolic_gnn=1;hyperbolic_readout=1;jk_mode=max;learnable_curvature=1;lr=0.0002;num_layers=4;proj_dim=256;readout_clip=0.3;readout_scale=1;rho_quantile=0.38;scorer_hidden=256;weight_decay=1e-05,256,poincare,max,0.0002,4,256,256,,1e-05,52.71,130.03,0.37805,0.0,1.0,0.3,1,gat,1,center_unit,2.25,1,1,0.3,1,0.38,
glue|bert-base-uncased|rte_wide|ABC|t29|s42|tune,glue,bert-base-uncased,rte_wide,rte,ABC,tune,29,42,acc,curvature=4.0;feature_mode=center;gat_hidden_dim=128;gnn_input_clip=0.7;gnn_input_scale=0;graph_curvature=9.0;graph_metric=poincare;hyp_gnn_type=gcn;hyperbolic_gnn=1;hyperbolic_readout=1;jk_mode=cat;learnable_curvature=0;lr=0.0002;num_layers=2;proj_dim=256;readout_clip=0.3;readout_scale=1;rho_quantile=0.025;scorer_hidden=128;weight_decay=5e-05,128,poincare,cat,0.0002,2,256,128,,5e-05,53.07,116.48,0.02484,0.00781,4.0,0.7,0,gcn,1,center,9.0,1,0,0.3,1,0.025,
glue|bert-base-uncased|rte_wide|ABC|t30|s42|tune,glue,bert-base-uncased,rte_wide,rte,ABC,tune,30,42,acc,curvature=1.0;feature_mode=cls_root_unit;gat_hidden_dim=256;gnn_input_clip=0.7;gnn_input_scale=1;graph_curvature=9.0;graph_metric=poincare;hyp_gnn_type=gcn;hyperbolic_gnn=1;hyperbolic_readout=1;jk_mode=max;learnable_curvature=0;lr=2e-05;num_layers=4;proj_dim=512;readout_clip=0.3;readout_scale=0;rho_quantile=0.1;scorer_hidden=256;weight_decay=1e-05,256,poincare,max,2e-05,4,512,256,,1e-05,47.29,125.96,0.0883,0.0,1.0,0.7,1,gcn,1,cls_root_unit,9.0,1,0,0.3,0,0.1,
glue|bert-base-uncased|rte_wide|ABC|t31|s42|tune,glue,bert-base-uncased,rte_wide,rte,ABC,tune,31,42,acc,curvature=1.0;feature_mode=unit;gat_hidden_dim=256;gnn_input_clip=0.0;gnn_input_scale=1;graph_curvature=0.25;graph_metric=poincare;hyp_gnn_type=gcn;hyperbolic_gnn=1;hyperbolic_readout=1;jk_mode=max;learnable_curvature=1;lr=0.001;num_layers=4;proj_dim=128;readout_clip=0.3;readout_scale=1;rho_quantile=0.38;scorer_hidden=128;weight_decay=5e-05,256,poincare,max,0.001,4,128,128,,5e-05,61.37,134.04,0.37846,0.0,1.0,0.0,1,gcn,1,unit,0.25,1,1,0.3,1,0.38,
glue|bert-base-uncased|rte_wide|ABC|t32|s42|tune,glue,bert-base-uncased,rte_wide,rte,ABC,tune,32,42,acc,curvature=1.0;feature_mode=unit;gat_hidden_dim=128;gnn_input_clip=0.3;gnn_input_scale=0;graph_curvature=2.25;graph_metric=poincare;hyp_gnn_type=gat;hyperbolic_gnn=1;hyperbolic_readout=1;jk_mode=cat;learnable_curvature=1;lr=2e-05;num_layers=4;proj_dim=256;readout_clip=1.0;readout_scale=0;rho_quantile=0.05;scorer_hidden=128;weight_decay=1e-05,128,poincare,cat,2e-05,4,256,128,,1e-05,47.65,128.81,0.05015,0.0,1.0,0.3,0,gat,1,unit,2.25,1,1,1.0,0,0.05,
glue|bert-base-uncased|rte_wide|ABC|t33|s42|tune,glue,bert-base-uncased,rte_wide,rte,ABC,tune,33,42,acc,curvature=0.25;feature_mode=center_unit;gat_hidden_dim=128;gnn_input_clip=0.3;gnn_input_scale=0;graph_curvature=0.25;graph_metric=poincare;hyp_gnn_type=gcn;hyperbolic_gnn=1;hyperbolic_readout=1;jk_mode=max;learnable_curvature=0;lr=0.0002;num_layers=2;proj_dim=128;readout_clip=0.0;readout_scale=0;rho_quantile=0.38;scorer_hidden=128;weight_decay=0.0,128,poincare,max,0.0002,2,128,128,,0.0,53.43,115.23,0.37754,0.0,0.25,0.3,0,gcn,1,center_unit,0.25,1,0,0.0,0,0.38,
glue|bert-base-uncased|rte_wide|ABC|t34|s42|tune,glue,bert-base-uncased,rte_wide,rte,ABC,tune,34,42,acc,curvature=1.0;feature_mode=cls_root_unit;gat_hidden_dim=64;gnn_input_clip=0.0;gnn_input_scale=0;graph_curvature=2.25;graph_metric=poincare;hyp_gnn_type=gat;hyperbolic_gnn=1;hyperbolic_readout=1;jk_mode=cat;learnable_curvature=0;lr=2e-05;num_layers=2;proj_dim=512;readout_clip=0.7;readout_scale=1;rho_quantile=0.025;scorer_hidden=128;weight_decay=5e-05,64,poincare,cat,2e-05,2,512,128,,5e-05,46.57,114.03,0.02511,0.0,1.0,0.0,0,gat,1,cls_root_unit,2.25,1,0,0.7,1,0.025,
glue|bert-base-uncased|rte_wide|ABC|t35|s42|tune,glue,bert-base-uncased,rte_wide,rte,ABC,tune,35,42,acc,curvature=1.0;feature_mode=cls_root_unit;gat_hidden_dim=256;gnn_input_clip=0.7;gnn_input_scale=0;graph_curvature=2.25;graph_metric=poincare;hyp_gnn_type=gcn;hyperbolic_gnn=1;hyperbolic_readout=1;jk_mode=cat;learnable_curvature=0;lr=0.0002;num_layers=2;proj_dim=512;readout_clip=0.7;readout_scale=1;rho_quantile=0.38;scorer_hidden=256;weight_decay=1e-05,256,poincare,cat,0.0002,2,512,256,,1e-05,55.6,116.17,0.37839,0.0,1.0,0.7,0,gcn,1,cls_root_unit,2.25,1,0,0.7,1,0.38,
glue|bert-base-uncased|rte_wide|ABC|t36|s42|tune,glue,bert-base-uncased,rte_wide,rte,ABC,tune,36,42,acc,curvature=1.0;feature_mode=center;gat_hidden_dim=256;gnn_input_clip=0.3;gnn_input_scale=1;graph_curvature=0.25;graph_metric=poincare;hyp_gnn_type=gat;hyperbolic_gnn=1;hyperbolic_readout=1;jk_mode=max;learnable_curvature=0;lr=0.0002;num_layers=4;proj_dim=256;readout_clip=0.3;readout_scale=1;rho_quantile=0.2;scorer_hidden=256;weight_decay=5e-05,256,poincare,max,0.0002,4,256,256,,5e-05,52.71,124.51,0.19752,0.0,1.0,0.3,1,gat,1,center,0.25,1,0,0.3,1,0.2,
glue|bert-base-uncased|rte_wide|ABC|t37|s42|tune,glue,bert-base-uncased,rte_wide,rte,ABC,tune,37,42,acc,curvature=0.25;feature_mode=center;gat_hidden_dim=256;gnn_input_clip=0.3;gnn_input_scale=0;graph_curvature=2.25;graph_metric=poincare;hyp_gnn_type=gcn;hyperbolic_gnn=1;hyperbolic_readout=1;jk_mode=cat;learnable_curvature=1;lr=0.0002;num_layers=2;proj_dim=512;readout_clip=0.7;readout_scale=1;rho_quantile=0.2;scorer_hidden=128;weight_decay=5e-05,256,poincare,cat,0.0002,2,512,128,,5e-05,55.23,120.03,0.19752,0.0,0.25,0.3,0,gcn,1,center,2.25,1,1,0.7,1,0.2,
glue|bert-base-uncased|rte_wide|ABC|t38|s42|tune,glue,bert-base-uncased,rte_wide,rte,ABC,tune,38,42,acc,curvature=1.0;feature_mode=center;gat_hidden_dim=128;gnn_input_clip=0.7;gnn_input_scale=1;graph_curvature=1.0;graph_metric=poincare;hyp_gnn_type=gat;hyperbolic_gnn=1;hyperbolic_readout=1;jk_mode=cat;learnable_curvature=0;lr=2e-05;num_layers=4;proj_dim=512;readout_clip=0.3;readout_scale=0;rho_quantile=0.1;scorer_hidden=128;weight_decay=0.0,128,poincare,cat,2e-05,4,512,128,,0.0,47.29,124.8,0.0996,0.0,1.0,0.7,1,gat,1,center,1.0,1,0,0.3,0,0.1,
glue|bert-base-uncased|rte_wide|ABC|t39|s42|tune,glue,bert-base-uncased,rte_wide,rte,ABC,tune,39,42,acc,curvature=4.0;feature_mode=center_unit;gat_hidden_dim=128;gnn_input_clip=0.0;gnn_input_scale=1;graph_curvature=0.25;graph_metric=poincare;hyp_gnn_type=gcn;hyperbolic_gnn=1;hyperbolic_readout=1;jk_mode=cat;learnable_curvature=1;lr=0.001;num_layers=4;proj_dim=128;readout_clip=1.0;readout_scale=1;rho_quantile=0.1;scorer_hidden=128;weight_decay=1e-05,128,poincare,cat,0.001,4,128,128,,1e-05,57.04,133.69,0.09967,0.0,4.0,0.0,1,gcn,1,center_unit,0.25,1,1,1.0,1,0.1,
glue|bert-base-uncased|rte_wide|ABC|t31|s1|confirm,glue,bert-base-uncased,rte_wide,rte,ABC,confirm,31,1,acc,curvature=1.0;feature_mode=unit;gat_hidden_dim=256;gnn_input_clip=0.0;gnn_input_scale=1;graph_curvature=0.25;graph_metric=poincare;hyp_gnn_type=gcn;hyperbolic_gnn=1;hyperbolic_readout=1;jk_mode=max;learnable_curvature=1;lr=0.001;num_layers=4;proj_dim=128;readout_clip=0.3;readout_scale=1;rho_quantile=0.38;scorer_hidden=128;weight_decay=5e-05,256,poincare,max,0.001,4,128,128,,5e-05,53.43,133.95,0.3779,0.0,1.0,0.0,1,gcn,1,unit,0.25,1,1,0.3,1,0.38,
glue|bert-base-uncased|rte_wide|ABC|t31|s2|confirm,glue,bert-base-uncased,rte_wide,rte,ABC,confirm,31,2,acc,curvature=1.0;feature_mode=unit;gat_hidden_dim=256;gnn_input_clip=0.0;gnn_input_scale=1;graph_curvature=0.25;graph_metric=poincare;hyp_gnn_type=gcn;hyperbolic_gnn=1;hyperbolic_readout=1;jk_mode=max;learnable_curvature=1;lr=0.001;num_layers=4;proj_dim=128;readout_clip=0.3;readout_scale=1;rho_quantile=0.38;scorer_hidden=128;weight_decay=5e-05,256,poincare,max,0.001,4,128,128,,5e-05,53.79,137.05,0.3776,0.0,1.0,0.0,1,gcn,1,unit,0.25,1,1,0.3,1,0.38,
glue|bert-base-uncased|rte_wide|ABC|t31|s3|confirm,glue,bert-base-uncased,rte_wide,rte,ABC,confirm,31,3,acc,curvature=1.0;feature_mode=unit;gat_hidden_dim=256;gnn_input_clip=0.0;gnn_input_scale=1;graph_curvature=0.25;graph_metric=poincare;hyp_gnn_type=gcn;hyperbolic_gnn=1;hyperbolic_readout=1;jk_mode=max;learnable_curvature=1;lr=0.001;num_layers=4;proj_dim=128;readout_clip=0.3;readout_scale=1;rho_quantile=0.38;scorer_hidden=128;weight_decay=5e-05,256,poincare,max,0.001,4,128,128,,5e-05,54.87,134.4,0.37768,0.0,1.0,0.0,1,gcn,1,unit,0.25,1,1,0.3,1,0.38,
glue|bert-base-uncased|rte_wide|ABC|t31|s4|confirm,glue,bert-base-uncased,rte_wide,rte,ABC,confirm,31,4,acc,curvature=1.0;feature_mode=unit;gat_hidden_dim=256;gnn_input_clip=0.0;gnn_input_scale=1;graph_curvature=0.25;graph_metric=poincare;hyp_gnn_type=gcn;hyperbolic_gnn=1;hyperbolic_readout=1;jk_mode=max;learnable_curvature=1;lr=0.001;num_layers=4;proj_dim=128;readout_clip=0.3;readout_scale=1;rho_quantile=0.38;scorer_hidden=128;weight_decay=5e-05,256,poincare,max,0.001,4,128,128,,5e-05,55.96,135.2,0.37818,0.0,1.0,0.0,1,gcn,1,unit,0.25,1,1,0.3,1,0.38,
glue|bert-base-uncased|rte_wide|ABC|t31|s5|confirm,glue,bert-base-uncased,rte_wide,rte,ABC,confirm,31,5,acc,curvature=1.0;feature_mode=unit;gat_hidden_dim=256;gnn_input_clip=0.0;gnn_input_scale=1;graph_curvature=0.25;graph_metric=poincare;hyp_gnn_type=gcn;hyperbolic_gnn=1;hyperbolic_readout=1;jk_mode=max;learnable_curvature=1;lr=0.001;num_layers=4;proj_dim=128;readout_clip=0.3;readout_scale=1;rho_quantile=0.38;scorer_hidden=128;weight_decay=5e-05,256,poincare,max,0.001,4,128,128,,5e-05,57.04,134.56,0.37793,0.0,1.0,0.0,1,gcn,1,unit,0.25,1,1,0.3,1,0.38,
glue|bert-base-uncased|rte_wide|ABC|t31|s6|confirm,glue,bert-base-uncased,rte_wide,rte,ABC,confirm,31,6,acc,curvature=1.0;feature_mode=unit;gat_hidden_dim=256;gnn_input_clip=0.0;gnn_input_scale=1;graph_curvature=0.25;graph_metric=poincare;hyp_gnn_type=gcn;hyperbolic_gnn=1;hyperbolic_readout=1;jk_mode=max;learnable_curvature=1;lr=0.001;num_layers=4;proj_dim=128;readout_clip=0.3;readout_scale=1;rho_quantile=0.38;scorer_hidden=128;weight_decay=5e-05,256,poincare,max,0.001,4,128,128,,5e-05,55.23,136.97,0.37821,0.0,1.0,0.0,1,gcn,1,unit,0.25,1,1,0.3,1,0.38,
glue|bert-base-uncased|rte_wide|ABC|t31|s7|confirm,glue,bert-base-uncased,rte_wide,rte,ABC,confirm,31,7,acc,curvature=1.0;feature_mode=unit;gat_hidden_dim=256;gnn_input_clip=0.0;gnn_input_scale=1;graph_curvature=0.25;graph_metric=poincare;hyp_gnn_type=gcn;hyperbolic_gnn=1;hyperbolic_readout=1;jk_mode=max;learnable_curvature=1;lr=0.001;num_layers=4;proj_dim=128;readout_clip=0.3;readout_scale=1;rho_quantile=0.38;scorer_hidden=128;weight_decay=5e-05,256,poincare,max,0.001,4,128,128,,5e-05,53.43,136.09,0.37804,0.0,1.0,0.0,1,gcn,1,unit,0.25,1,1,0.3,1,0.38,
glue|bert-base-uncased|rte_wide|ABC|t31|s8|confirm,glue,bert-base-uncased,rte_wide,rte,ABC,confirm,31,8,acc,curvature=1.0;feature_mode=unit;gat_hidden_dim=256;gnn_input_clip=0.0;gnn_input_scale=1;graph_curvature=0.25;graph_metric=poincare;hyp_gnn_type=gcn;hyperbolic_gnn=1;hyperbolic_readout=1;jk_mode=max;learnable_curvature=1;lr=0.001;num_layers=4;proj_dim=128;readout_clip=0.3;readout_scale=1;rho_quantile=0.38;scorer_hidden=128;weight_decay=5e-05,256,poincare,max,0.001,4,128,128,,5e-05,52.71,133.77,0.37791,0.0,1.0,0.0,1,gcn,1,unit,0.25,1,1,0.3,1,0.38,
glue|bert-base-uncased|rte_wide|ABC|t31|s9|confirm,glue,bert-base-uncased,rte_wide,rte,ABC,confirm,31,9,acc,curvature=1.0;feature_mode=unit;gat_hidden_dim=256;gnn_input_clip=0.0;gnn_input_scale=1;graph_curvature=0.25;graph_metric=poincare;hyp_gnn_type=gcn;hyperbolic_gnn=1;hyperbolic_readout=1;jk_mode=max;learnable_curvature=1;lr=0.001;num_layers=4;proj_dim=128;readout_clip=0.3;readout_scale=1;rho_quantile=0.38;scorer_hidden=128;weight_decay=5e-05,256,poincare,max,0.001,4,128,128,,5e-05,54.87,136.31,0.3781,0.0,1.0,0.0,1,gcn,1,unit,0.25,1,1,0.3,1,0.38,
glue|bert-base-uncased|rte_wide|ABC|t31|s10|confirm,glue,bert-base-uncased,rte_wide,rte,ABC,confirm,31,10,acc,curvature=1.0;feature_mode=unit;gat_hidden_dim=256;gnn_input_clip=0.0;gnn_input_scale=1;graph_curvature=0.25;graph_metric=poincare;hyp_gnn_type=gcn;hyperbolic_gnn=1;hyperbolic_readout=1;jk_mode=max;learnable_curvature=1;lr=0.001;num_layers=4;proj_dim=128;readout_clip=0.3;readout_scale=1;rho_quantile=0.38;scorer_hidden=128;weight_decay=5e-05,256,poincare,max,0.001,4,128,128,,5e-05,54.51,135.25,0.37793,0.0,1.0,0.0,1,gcn,1,unit,0.25,1,1,0.3,1,0.38,
glue|bert-base-uncased|rte_wide|ABC|t31|s11|confirm,glue,bert-base-uncased,rte_wide,rte,ABC,confirm,31,11,acc,curvature=1.0;feature_mode=unit;gat_hidden_dim=256;gnn_input_clip=0.0;gnn_input_scale=1;graph_curvature=0.25;graph_metric=poincare;hyp_gnn_type=gcn;hyperbolic_gnn=1;hyperbolic_readout=1;jk_mode=max;learnable_curvature=1;lr=0.001;num_layers=4;proj_dim=128;readout_clip=0.3;readout_scale=1;rho_quantile=0.38;scorer_hidden=128;weight_decay=5e-05,256,poincare,max,0.001,4,128,128,,5e-05,57.04,140.43,0.37798,0.0,1.0,0.0,1,gcn,1,unit,0.25,1,1,0.3,1,0.38,
glue|bert-base-uncased|rte_wide|ABC|t31|s12|confirm,glue,bert-base-uncased,rte_wide,rte,ABC,confirm,31,12,acc,curvature=1.0;feature_mode=unit;gat_hidden_dim=256;gnn_input_clip=0.0;gnn_input_scale=1;graph_curvature=0.25;graph_metric=poincare;hyp_gnn_type=gcn;hyperbolic_gnn=1;hyperbolic_readout=1;jk_mode=max;learnable_curvature=1;lr=0.001;num_layers=4;proj_dim=128;readout_clip=0.3;readout_scale=1;rho_quantile=0.38;scorer_hidden=128;weight_decay=5e-05,256,poincare,max,0.001,4,128,128,,5e-05,55.23,134.65,0.37768,0.0,1.0,0.0,1,gcn,1,unit,0.25,1,1,0.3,1,0.38,
glue|bert-base-uncased|rte_wide|ABC|t31|s13|confirm,glue,bert-base-uncased,rte_wide,rte,ABC,confirm,31,13,acc,curvature=1.0;feature_mode=unit;gat_hidden_dim=256;gnn_input_clip=0.0;gnn_input_scale=1;graph_curvature=0.25;graph_metric=poincare;hyp_gnn_type=gcn;hyperbolic_gnn=1;hyperbolic_readout=1;jk_mode=max;learnable_curvature=1;lr=0.001;num_layers=4;proj_dim=128;readout_clip=0.3;readout_scale=1;rho_quantile=0.38;scorer_hidden=128;weight_decay=5e-05,256,poincare,max,0.001,4,128,128,,5e-05,57.4,133.37,0.37805,0.0,1.0,0.0,1,gcn,1,unit,0.25,1,1,0.3,1,0.38,
glue|bert-base-uncased|rte_wide|ABC|t31|s14|confirm,glue,bert-base-uncased,rte_wide,rte,ABC,confirm,31,14,acc,curvature=1.0;feature_mode=unit;gat_hidden_dim=256;gnn_input_clip=0.0;gnn_input_scale=1;graph_curvature=0.25;graph_metric=poincare;hyp_gnn_type=gcn;hyperbolic_gnn=1;hyperbolic_readout=1;jk_mode=max;learnable_curvature=1;lr=0.001;num_layers=4;proj_dim=128;readout_clip=0.3;readout_scale=1;rho_quantile=0.38;scorer_hidden=128;weight_decay=5e-05,256,poincare,max,0.001,4,128,128,,5e-05,52.71,134.85,0.3777,0.0,1.0,0.0,1,gcn,1,unit,0.25,1,1,0.3,1,0.38,
glue|bert-base-uncased|rte_wide|ABC|t31|s15|confirm,glue,bert-base-uncased,rte_wide,rte,ABC,confirm,31,15,acc,curvature=1.0;feature_mode=unit;gat_hidden_dim=256;gnn_input_clip=0.0;gnn_input_scale=1;graph_curvature=0.25;graph_metric=poincare;hyp_gnn_type=gcn;hyperbolic_gnn=1;hyperbolic_readout=1;jk_mode=max;learnable_curvature=1;lr=0.001;num_layers=4;proj_dim=128;readout_clip=0.3;readout_scale=1;rho_quantile=0.38;scorer_hidden=128;weight_decay=5e-05,256,poincare,max,0.001,4,128,128,,5e-05,54.51,134.99,0.37813,0.0,1.0,0.0,1,gcn,1,unit,0.25,1,1,0.3,1,0.38,
glue|bert-base-uncased|rte_wide|C|t22|s1|confirm,glue,bert-base-uncased,rte_wide,rte,C,confirm,22,1,acc,curvature=1.0;gat_hidden_dim=256;gnn_input_clip=0.0;gnn_input_scale=1;graph_metric=cosine;hyp_gnn_type=gat;hyperbolic_gnn=1;jk_mode=max;lr=0.0002;num_layers=4;proj_dim=128;scorer_hidden=256;tau_quantile=0.2;weight_decay=1e-05,256,cosine,max,0.0002,4,128,256,0.2,1e-05,52.35,106.4,0.19884,0.0,1.0,0.0,1,gat,1,,,,,,,,
glue|bert-base-uncased|rte_wide|C|t22|s2|confirm,glue,bert-base-uncased,rte_wide,rte,C,confirm,22,2,acc,curvature=1.0;gat_hidden_dim=256;gnn_input_clip=0.0;gnn_input_scale=1;graph_metric=cosine;hyp_gnn_type=gat;hyperbolic_gnn=1;jk_mode=max;lr=0.0002;num_layers=4;proj_dim=128;scorer_hidden=256;tau_quantile=0.2;weight_decay=1e-05,256,cosine,max,0.0002,4,128,256,0.2,1e-05,53.79,105.96,0.19859,0.0,1.0,0.0,1,gat,1,,,,,,,,
glue|bert-base-uncased|rte_wide|C|t22|s3|confirm,glue,bert-base-uncased,rte_wide,rte,C,confirm,22,3,acc,curvature=1.0;gat_hidden_dim=256;gnn_input_clip=0.0;gnn_input_scale=1;graph_metric=cosine;hyp_gnn_type=gat;hyperbolic_gnn=1;jk_mode=max;lr=0.0002;num_layers=4;proj_dim=128;scorer_hidden=256;tau_quantile=0.2;weight_decay=1e-05,256,cosine,max,0.0002,4,128,256,0.2,1e-05,56.68,105.81,0.19871,0.0,1.0,0.0,1,gat,1,,,,,,,,
glue|bert-base-uncased|rte_wide|C|t22|s4|confirm,glue,bert-base-uncased,rte_wide,rte,C,confirm,22,4,acc,curvature=1.0;gat_hidden_dim=256;gnn_input_clip=0.0;gnn_input_scale=1;graph_metric=cosine;hyp_gnn_type=gat;hyperbolic_gnn=1;jk_mode=max;lr=0.0002;num_layers=4;proj_dim=128;scorer_hidden=256;tau_quantile=0.2;weight_decay=1e-05,256,cosine,max,0.0002,4,128,256,0.2,1e-05,55.96,107.1,0.19898,0.0,1.0,0.0,1,gat,1,,,,,,,,
glue|bert-base-uncased|rte_wide|C|t22|s5|confirm,glue,bert-base-uncased,rte_wide,rte,C,confirm,22,5,acc,curvature=1.0;gat_hidden_dim=256;gnn_input_clip=0.0;gnn_input_scale=1;graph_metric=cosine;hyp_gnn_type=gat;hyperbolic_gnn=1;jk_mode=max;lr=0.0002;num_layers=4;proj_dim=128;scorer_hidden=256;tau_quantile=0.2;weight_decay=1e-05,256,cosine,max,0.0002,4,128,256,0.2,1e-05,54.87,105.31,0.19884,0.0,1.0,0.0,1,gat,1,,,,,,,,
glue|bert-base-uncased|rte_wide|C|t22|s6|confirm,glue,bert-base-uncased,rte_wide,rte,C,confirm,22,6,acc,curvature=1.0;gat_hidden_dim=256;gnn_input_clip=0.0;gnn_input_scale=1;graph_metric=cosine;hyp_gnn_type=gat;hyperbolic_gnn=1;jk_mode=max;lr=0.0002;num_layers=4;proj_dim=128;scorer_hidden=256;tau_quantile=0.2;weight_decay=1e-05,256,cosine,max,0.0002,4,128,256,0.2,1e-05,54.51,105.36,0.19854,0.0,1.0,0.0,1,gat,1,,,,,,,,
glue|bert-base-uncased|rte_wide|C|t22|s7|confirm,glue,bert-base-uncased,rte_wide,rte,C,confirm,22,7,acc,curvature=1.0;gat_hidden_dim=256;gnn_input_clip=0.0;gnn_input_scale=1;graph_metric=cosine;hyp_gnn_type=gat;hyperbolic_gnn=1;jk_mode=max;lr=0.0002;num_layers=4;proj_dim=128;scorer_hidden=256;tau_quantile=0.2;weight_decay=1e-05,256,cosine,max,0.0002,4,128,256,0.2,1e-05,56.32,104.55,0.19874,0.0,1.0,0.0,1,gat,1,,,,,,,,
glue|bert-base-uncased|rte_wide|C|t22|s8|confirm,glue,bert-base-uncased,rte_wide,rte,C,confirm,22,8,acc,curvature=1.0;gat_hidden_dim=256;gnn_input_clip=0.0;gnn_input_scale=1;graph_metric=cosine;hyp_gnn_type=gat;hyperbolic_gnn=1;jk_mode=max;lr=0.0002;num_layers=4;proj_dim=128;scorer_hidden=256;tau_quantile=0.2;weight_decay=1e-05,256,cosine,max,0.0002,4,128,256,0.2,1e-05,54.15,107.24,0.19829,0.0,1.0,0.0,1,gat,1,,,,,,,,
glue|bert-base-uncased|rte_wide|C|t22|s9|confirm,glue,bert-base-uncased,rte_wide,rte,C,confirm,22,9,acc,curvature=1.0;gat_hidden_dim=256;gnn_input_clip=0.0;gnn_input_scale=1;graph_metric=cosine;hyp_gnn_type=gat;hyperbolic_gnn=1;jk_mode=max;lr=0.0002;num_layers=4;proj_dim=128;scorer_hidden=256;tau_quantile=0.2;weight_decay=1e-05,256,cosine,max,0.0002,4,128,256,0.2,1e-05,55.23,107.74,0.1987,0.0,1.0,0.0,1,gat,1,,,,,,,,
glue|bert-base-uncased|rte_wide|C|t22|s10|confirm,glue,bert-base-uncased,rte_wide,rte,C,confirm,22,10,acc,curvature=1.0;gat_hidden_dim=256;gnn_input_clip=0.0;gnn_input_scale=1;graph_metric=cosine;hyp_gnn_type=gat;hyperbolic_gnn=1;jk_mode=max;lr=0.0002;num_layers=4;proj_dim=128;scorer_hidden=256;tau_quantile=0.2;weight_decay=1e-05,256,cosine,max,0.0002,4,128,256,0.2,1e-05,53.79,106.18,0.19876,0.0,1.0,0.0,1,gat,1,,,,,,,,
glue|bert-base-uncased|rte_wide|C|t22|s11|confirm,glue,bert-base-uncased,rte_wide,rte,C,confirm,22,11,acc,curvature=1.0;gat_hidden_dim=256;gnn_input_clip=0.0;gnn_input_scale=1;graph_metric=cosine;hyp_gnn_type=gat;hyperbolic_gnn=1;jk_mode=max;lr=0.0002;num_layers=4;proj_dim=128;scorer_hidden=256;tau_quantile=0.2;weight_decay=1e-05,256,cosine,max,0.0002,4,128,256,0.2,1e-05,55.6,105.95,0.1989,0.0,1.0,0.0,1,gat,1,,,,,,,,
glue|bert-base-uncased|rte_wide|C|t22|s12|confirm,glue,bert-base-uncased,rte_wide,rte,C,confirm,22,12,acc,curvature=1.0;gat_hidden_dim=256;gnn_input_clip=0.0;gnn_input_scale=1;graph_metric=cosine;hyp_gnn_type=gat;hyperbolic_gnn=1;jk_mode=max;lr=0.0002;num_layers=4;proj_dim=128;scorer_hidden=256;tau_quantile=0.2;weight_decay=1e-05,256,cosine,max,0.0002,4,128,256,0.2,1e-05,48.74,106.31,0.19888,0.0,1.0,0.0,1,gat,1,,,,,,,,
glue|bert-base-uncased|rte_wide|C|t22|s13|confirm,glue,bert-base-uncased,rte_wide,rte,C,confirm,22,13,acc,curvature=1.0;gat_hidden_dim=256;gnn_input_clip=0.0;gnn_input_scale=1;graph_metric=cosine;hyp_gnn_type=gat;hyperbolic_gnn=1;jk_mode=max;lr=0.0002;num_layers=4;proj_dim=128;scorer_hidden=256;tau_quantile=0.2;weight_decay=1e-05,256,cosine,max,0.0002,4,128,256,0.2,1e-05,52.35,105.32,0.19891,0.0,1.0,0.0,1,gat,1,,,,,,,,
glue|bert-base-uncased|rte_wide|C|t22|s14|confirm,glue,bert-base-uncased,rte_wide,rte,C,confirm,22,14,acc,curvature=1.0;gat_hidden_dim=256;gnn_input_clip=0.0;gnn_input_scale=1;graph_metric=cosine;hyp_gnn_type=gat;hyperbolic_gnn=1;jk_mode=max;lr=0.0002;num_layers=4;proj_dim=128;scorer_hidden=256;tau_quantile=0.2;weight_decay=1e-05,256,cosine,max,0.0002,4,128,256,0.2,1e-05,56.68,106.13,0.19892,0.0,1.0,0.0,1,gat,1,,,,,,,,
glue|bert-base-uncased|rte_wide|C|t22|s15|confirm,glue,bert-base-uncased,rte_wide,rte,C,confirm,22,15,acc,curvature=1.0;gat_hidden_dim=256;gnn_input_clip=0.0;gnn_input_scale=1;graph_metric=cosine;hyp_gnn_type=gat;hyperbolic_gnn=1;jk_mode=max;lr=0.0002;num_layers=4;proj_dim=128;scorer_hidden=256;tau_quantile=0.2;weight_decay=1e-05,256,cosine,max,0.0002,4,128,256,0.2,1e-05,54.15,104.61,0.19858,0.0,1.0,0.0,1,gat,1,,,,,,,,
glue|bert-base-uncased|rte_wide|baseline|t23|s1|confirm,glue,bert-base-uncased,rte_wide,rte,baseline,confirm,23,1,acc,gat_hidden_dim=64;graph_metric=cosine;jk_mode=max;lr=0.0002;num_layers=4;proj_dim=512;scorer_hidden=128;tau_quantile=0.2;weight_decay=0.0,64,cosine,max,0.0002,4,512,128,0.2,0.0,55.23,89.51,0.19904,0.0,,,,,,,,,,,,,
glue|bert-base-uncased|rte_wide|baseline|t23|s2|confirm,glue,bert-base-uncased,rte_wide,rte,baseline,confirm,23,2,acc,gat_hidden_dim=64;graph_metric=cosine;jk_mode=max;lr=0.0002;num_layers=4;proj_dim=512;scorer_hidden=128;tau_quantile=0.2;weight_decay=0.0,64,cosine,max,0.0002,4,512,128,0.2,0.0,55.6,87.51,0.19864,0.0,,,,,,,,,,,,,
glue|bert-base-uncased|rte_wide|baseline|t23|s3|confirm,glue,bert-base-uncased,rte_wide,rte,baseline,confirm,23,3,acc,gat_hidden_dim=64;graph_metric=cosine;jk_mode=max;lr=0.0002;num_layers=4;proj_dim=512;scorer_hidden=128;tau_quantile=0.2;weight_decay=0.0,64,cosine,max,0.0002,4,512,128,0.2,0.0,53.07,88.36,0.19837,0.0,,,,,,,,,,,,,
glue|bert-base-uncased|rte_wide|baseline|t23|s4|confirm,glue,bert-base-uncased,rte_wide,rte,baseline,confirm,23,4,acc,gat_hidden_dim=64;graph_metric=cosine;jk_mode=max;lr=0.0002;num_layers=4;proj_dim=512;scorer_hidden=128;tau_quantile=0.2;weight_decay=0.0,64,cosine,max,0.0002,4,512,128,0.2,0.0,53.79,89.18,0.19897,0.0,,,,,,,,,,,,,
glue|bert-base-uncased|rte_wide|baseline|t23|s5|confirm,glue,bert-base-uncased,rte_wide,rte,baseline,confirm,23,5,acc,gat_hidden_dim=64;graph_metric=cosine;jk_mode=max;lr=0.0002;num_layers=4;proj_dim=512;scorer_hidden=128;tau_quantile=0.2;weight_decay=0.0,64,cosine,max,0.0002,4,512,128,0.2,0.0,57.04,89.55,0.19872,0.0,,,,,,,,,,,,,
glue|bert-base-uncased|rte_wide|baseline|t23|s6|confirm,glue,bert-base-uncased,rte_wide,rte,baseline,confirm,23,6,acc,gat_hidden_dim=64;graph_metric=cosine;jk_mode=max;lr=0.0002;num_layers=4;proj_dim=512;scorer_hidden=128;tau_quantile=0.2;weight_decay=0.0,64,cosine,max,0.0002,4,512,128,0.2,0.0,49.1,87.97,0.19886,0.0,,,,,,,,,,,,,
glue|bert-base-uncased|rte_wide|baseline|t23|s7|confirm,glue,bert-base-uncased,rte_wide,rte,baseline,confirm,23,7,acc,gat_hidden_dim=64;graph_metric=cosine;jk_mode=max;lr=0.0002;num_layers=4;proj_dim=512;scorer_hidden=128;tau_quantile=0.2;weight_decay=0.0,64,cosine,max,0.0002,4,512,128,0.2,0.0,50.18,89.58,0.19873,0.0,,,,,,,,,,,,,
glue|bert-base-uncased|rte_wide|baseline|t23|s8|confirm,glue,bert-base-uncased,rte_wide,rte,baseline,confirm,23,8,acc,gat_hidden_dim=64;graph_metric=cosine;jk_mode=max;lr=0.0002;num_layers=4;proj_dim=512;scorer_hidden=128;tau_quantile=0.2;weight_decay=0.0,64,cosine,max,0.0002,4,512,128,0.2,0.0,53.07,88.53,0.19859,0.0,,,,,,,,,,,,,
glue|bert-base-uncased|rte_wide|baseline|t23|s9|confirm,glue,bert-base-uncased,rte_wide,rte,baseline,confirm,23,9,acc,gat_hidden_dim=64;graph_metric=cosine;jk_mode=max;lr=0.0002;num_layers=4;proj_dim=512;scorer_hidden=128;tau_quantile=0.2;weight_decay=0.0,64,cosine,max,0.0002,4,512,128,0.2,0.0,57.04,89.15,0.19854,0.0,,,,,,,,,,,,,
glue|bert-base-uncased|rte_wide|baseline|t23|s10|confirm,glue,bert-base-uncased,rte_wide,rte,baseline,confirm,23,10,acc,gat_hidden_dim=64;graph_metric=cosine;jk_mode=max;lr=0.0002;num_layers=4;proj_dim=512;scorer_hidden=128;tau_quantile=0.2;weight_decay=0.0,64,cosine,max,0.0002,4,512,128,0.2,0.0,60.65,88.21,0.19848,0.0,,,,,,,,,,,,,
glue|bert-base-uncased|rte_wide|baseline|t23|s11|confirm,glue,bert-base-uncased,rte_wide,rte,baseline,confirm,23,11,acc,gat_hidden_dim=64;graph_metric=cosine;jk_mode=max;lr=0.0002;num_layers=4;proj_dim=512;scorer_hidden=128;tau_quantile=0.2;weight_decay=0.0,64,cosine,max,0.0002,4,512,128,0.2,0.0,56.68,90.4,0.19859,0.0,,,,,,,,,,,,,
glue|bert-base-uncased|rte_wide|baseline|t23|s12|confirm,glue,bert-base-uncased,rte_wide,rte,baseline,confirm,23,12,acc,gat_hidden_dim=64;graph_metric=cosine;jk_mode=max;lr=0.0002;num_layers=4;proj_dim=512;scorer_hidden=128;tau_quantile=0.2;weight_decay=0.0,64,cosine,max,0.0002,4,512,128,0.2,0.0,50.18,89.36,0.19872,0.0,,,,,,,,,,,,,
glue|bert-base-uncased|rte_wide|baseline|t23|s13|confirm,glue,bert-base-uncased,rte_wide,rte,baseline,confirm,23,13,acc,gat_hidden_dim=64;graph_metric=cosine;jk_mode=max;lr=0.0002;num_layers=4;proj_dim=512;scorer_hidden=128;tau_quantile=0.2;weight_decay=0.0,64,cosine,max,0.0002,4,512,128,0.2,0.0,49.1,86.8,0.19894,0.0,,,,,,,,,,,,,
glue|bert-base-uncased|rte_wide|baseline|t23|s14|confirm,glue,bert-base-uncased,rte_wide,rte,baseline,confirm,23,14,acc,gat_hidden_dim=64;graph_metric=cosine;jk_mode=max;lr=0.0002;num_layers=4;proj_dim=512;scorer_hidden=128;tau_quantile=0.2;weight_decay=0.0,64,cosine,max,0.0002,4,512,128,0.2,0.0,54.51,85.51,0.19898,0.0,,,,,,,,,,,,,
glue|bert-base-uncased|rte_wide|baseline|t23|s15|confirm,glue,bert-base-uncased,rte_wide,rte,baseline,confirm,23,15,acc,gat_hidden_dim=64;graph_metric=cosine;jk_mode=max;lr=0.0002;num_layers=4;proj_dim=512;scorer_hidden=128;tau_quantile=0.2;weight_decay=0.0,64,cosine,max,0.0002,4,512,128,0.2,0.0,51.62,83.47,0.19887,0.0,,,,,,,,,,,,,
glue|bert-base-uncased|rte_wide|no_graph|t0|s42|tune,glue,bert-base-uncased,rte_wide,rte,no_graph,tune,0,42,acc,gat_hidden_dim=128;graph_metric=cosine;jk_mode=cat;lr=0.001;num_layers=2;proj_dim=512;scorer_hidden=256;tau=0.999;weight_decay=1e-05,128,cosine,cat,0.001,2,512,256,,1e-05,56.32,259.81,6e-05,0.85938,,,,,,,,,,,,,0.999
glue|bert-base-uncased|rte_wide|no_graph|t1|s42|tune,glue,bert-base-uncased,rte_wide,rte,no_graph,tune,1,42,acc,gat_hidden_dim=256;graph_metric=cosine;jk_mode=cat;lr=0.0002;num_layers=2;proj_dim=128;scorer_hidden=256;tau=0.999;weight_decay=0.0,256,cosine,cat,0.0002,2,128,256,,0.0,54.15,225.7,7e-05,0.85547,,,,,,,,,,,,,0.999
glue|bert-base-uncased|rte_wide|no_graph|t2|s42|tune,glue,bert-base-uncased,rte_wide,rte,no_graph,tune,2,42,acc,gat_hidden_dim=64;graph_metric=cosine;jk_mode=cat;lr=0.001;num_layers=2;proj_dim=256;scorer_hidden=256;tau=0.999;weight_decay=5e-05,64,cosine,cat,0.001,2,256,256,,5e-05,53.43,213.84,0.00013,0.85547,,,,,,,,,,,,,0.999
glue|bert-base-uncased|rte_wide|no_graph|t3|s42|tune,glue,bert-base-uncased,rte_wide,rte,no_graph,tune,3,42,acc,gat_hidden_dim=128;graph_metric=cosine;jk_mode=cat;lr=0.001;num_layers=2;proj_dim=512;scorer_hidden=128;tau=0.999;weight_decay=1e-05,128,cosine,cat,0.001,2,512,128,,1e-05,56.32,217.34,6e-05,0.85938,,,,,,,,,,,,,0.999
glue|bert-base-uncased|rte_wide|no_graph|t4|s42|tune,glue,bert-base-uncased,rte_wide,rte,no_graph,tune,4,42,acc,gat_hidden_dim=256;graph_metric=cosine;jk_mode=cat;lr=0.0002;num_layers=4;proj_dim=128;scorer_hidden=256;tau=0.999;weight_decay=0.0,256,cosine,cat,0.0002,4,128,256,,0.0,49.1,203.23,5e-05,0.875,,,,,,,,,,,,,0.999
glue|bert-base-uncased|rte_wide|no_graph|t5|s42|tune,glue,bert-base-uncased,rte_wide,rte,no_graph,tune,5,42,acc,gat_hidden_dim=128;graph_metric=cosine;jk_mode=cat;lr=0.001;num_layers=2;proj_dim=512;scorer_hidden=256;tau=0.999;weight_decay=5e-05,128,cosine,cat,0.001,2,512,256,,5e-05,55.96,105.62,6e-05,0.85938,,,,,,,,,,,,,0.999
glue|bert-base-uncased|rte_wide|no_graph|t6|s42|tune,glue,bert-base-uncased,rte_wide,rte,no_graph,tune,6,42,acc,gat_hidden_dim=64;graph_metric=cosine;jk_mode=cat;lr=0.001;num_layers=2;proj_dim=128;scorer_hidden=256;tau=0.999;weight_decay=5e-05,64,cosine,cat,0.001,2,128,256,,5e-05,53.43,128.62,0.00013,0.85547,,,,,,,,,,,,,0.999
glue|bert-base-uncased|rte_wide|no_graph|t7|s42|tune,glue,bert-base-uncased,rte_wide,rte,no_graph,tune,7,42,acc,gat_hidden_dim=64;graph_metric=cosine;jk_mode=cat;lr=0.001;num_layers=2;proj_dim=128;scorer_hidden=128;tau=0.999;weight_decay=0.0,64,cosine,cat,0.001,2,128,128,,0.0,54.15,156.01,0.00013,0.85547,,,,,,,,,,,,,0.999
glue|bert-base-uncased|rte_wide|no_graph|t8|s42|tune,glue,bert-base-uncased,rte_wide,rte,no_graph,tune,8,42,acc,gat_hidden_dim=64;graph_metric=cosine;jk_mode=cat;lr=0.001;num_layers=4;proj_dim=512;scorer_hidden=256;tau=0.999;weight_decay=1e-05,64,cosine,cat,0.001,4,512,256,,1e-05,57.4,190.36,5e-05,0.85547,,,,,,,,,,,,,0.999
glue|bert-base-uncased|rte_wide|no_graph|t9|s42|tune,glue,bert-base-uncased,rte_wide,rte,no_graph,tune,9,42,acc,gat_hidden_dim=64;graph_metric=cosine;jk_mode=max;lr=0.0002;num_layers=4;proj_dim=256;scorer_hidden=256;tau=0.999;weight_decay=1e-05,64,cosine,max,0.0002,4,256,256,,1e-05,57.76,180.51,5e-05,0.88672,,,,,,,,,,,,,0.999
glue|bert-base-uncased|rte_wide|no_graph|t10|s42|tune,glue,bert-base-uncased,rte_wide,rte,no_graph,tune,10,42,acc,gat_hidden_dim=128;graph_metric=cosine;jk_mode=cat;lr=0.001;num_layers=2;proj_dim=256;scorer_hidden=256;tau=0.999;weight_decay=5e-05,128,cosine,cat,0.001,2,256,256,,5e-05,55.96,152.44,6e-05,0.85938,,,,,,,,,,,,,0.999
glue|bert-base-uncased|rte_wide|no_graph|t11|s42|tune,glue,bert-base-uncased,rte_wide,rte,no_graph,tune,11,42,acc,gat_hidden_dim=256;graph_metric=cosine;jk_mode=cat;lr=0.001;num_layers=4;proj_dim=512;scorer_hidden=256;tau=0.999;weight_decay=1e-05,256,cosine,cat,0.001,4,512,256,,1e-05,51.99,143.11,5e-05,0.875,,,,,,,,,,,,,0.999
glue|bert-base-uncased|rte_wide|no_graph|t12|s42|tune,glue,bert-base-uncased,rte_wide,rte,no_graph,tune,12,42,acc,gat_hidden_dim=64;graph_metric=cosine;jk_mode=max;lr=0.001;num_layers=4;proj_dim=256;scorer_hidden=256;tau=0.999;weight_decay=0.0,64,cosine,max,0.001,4,256,256,,0.0,51.62,162.52,5e-05,0.88672,,,,,,,,,,,,,0.999
glue|bert-base-uncased|rte_wide|no_graph|t13|s42|tune,glue,bert-base-uncased,rte_wide,rte,no_graph,tune,13,42,acc,gat_hidden_dim=256;graph_metric=cosine;jk_mode=cat;lr=0.0002;num_layers=4;proj_dim=256;scorer_hidden=128;tau=0.999;weight_decay=0.0,256,cosine,cat,0.0002,4,256,128,,0.0,49.46,162.6,5e-05,0.875,,,,,,,,,,,,,0.999
glue|bert-base-uncased|rte_wide|no_graph|t14|s42|tune,glue,bert-base-uncased,rte_wide,rte,no_graph,tune,14,42,acc,gat_hidden_dim=256;graph_metric=cosine;jk_mode=max;lr=0.0002;num_layers=4;proj_dim=256;scorer_hidden=256;tau=0.999;weight_decay=5e-05,256,cosine,max,0.0002,4,256,256,,5e-05,48.38,186.16,5e-05,0.85938,,,,,,,,,,,,,0.999
glue|bert-base-uncased|rte_wide|no_graph|t15|s42|tune,glue,bert-base-uncased,rte_wide,rte,no_graph,tune,15,42,acc,gat_hidden_dim=256;graph_metric=cosine;jk_mode=cat;lr=0.0002;num_layers=4;proj_dim=128;scorer_hidden=256;tau=0.999;weight_decay=1e-05,256,cosine,cat,0.0002,4,128,256,,1e-05,49.82,185.3,5e-05,0.875,,,,,,,,,,,,,0.999
glue|bert-base-uncased|rte_wide|no_graph|t16|s42|tune,glue,bert-base-uncased,rte_wide,rte,no_graph,tune,16,42,acc,gat_hidden_dim=256;graph_metric=cosine;jk_mode=cat;lr=2e-05;num_layers=2;proj_dim=512;scorer_hidden=256;tau=0.999;weight_decay=5e-05,256,cosine,cat,2e-05,2,512,256,,5e-05,51.99,152.49,7e-05,0.85547,,,,,,,,,,,,,0.999
glue|bert-base-uncased|rte_wide|no_graph|t17|s42|tune,glue,bert-base-uncased,rte_wide,rte,no_graph,tune,17,42,acc,gat_hidden_dim=64;graph_metric=cosine;jk_mode=max;lr=0.0002;num_layers=4;proj_dim=128;scorer_hidden=128;tau=0.999;weight_decay=1e-05,64,cosine,max,0.0002,4,128,128,,1e-05,57.76,193.87,5e-05,0.88672,,,,,,,,,,,,,0.999
glue|bert-base-uncased|rte_wide|no_graph|t18|s42|tune,glue,bert-base-uncased,rte_wide,rte,no_graph,tune,18,42,acc,gat_hidden_dim=256;graph_metric=cosine;jk_mode=cat;lr=0.0002;num_layers=2;proj_dim=256;scorer_hidden=256;tau=0.999;weight_decay=0.0,256,cosine,cat,0.0002,2,256,256,,0.0,54.15,129.84,7e-05,0.85547,,,,,,,,,,,,,0.999
glue|bert-base-uncased|rte_wide|no_graph|t19|s42|tune,glue,bert-base-uncased,rte_wide,rte,no_graph,tune,19,42,acc,gat_hidden_dim=256;graph_metric=cosine;jk_mode=max;lr=2e-05;num_layers=2;proj_dim=128;scorer_hidden=128;tau=0.999;weight_decay=5e-05,256,cosine,max,2e-05,2,128,128,,5e-05,53.07,242.12,4e-05,0.86719,,,,,,,,,,,,,0.999
glue|bert-base-uncased|rte_wide|no_graph|t20|s42|tune,glue,bert-base-uncased,rte_wide,rte,no_graph,tune,20,42,acc,gat_hidden_dim=64;graph_metric=cosine;jk_mode=max;lr=0.0002;num_layers=2;proj_dim=256;scorer_hidden=128;tau=0.999;weight_decay=1e-05,64,cosine,max,0.0002,2,256,128,,1e-05,53.79,170.69,0.00014,0.82422,,,,,,,,,,,,,0.999
glue|bert-base-uncased|rte_wide|no_graph|t21|s42|tune,glue,bert-base-uncased,rte_wide,rte,no_graph,tune,21,42,acc,gat_hidden_dim=256;graph_metric=cosine;jk_mode=cat;lr=0.001;num_layers=4;proj_dim=256;scorer_hidden=128;tau=0.999;weight_decay=5e-05,256,cosine,cat,0.001,4,256,128,,5e-05,52.71,135.72,5e-05,0.875,,,,,,,,,,,,,0.999
glue|bert-base-uncased|rte_wide|no_graph|t22|s42|tune,glue,bert-base-uncased,rte_wide,rte,no_graph,tune,22,42,acc,gat_hidden_dim=64;graph_metric=cosine;jk_mode=max;lr=2e-05;num_layers=4;proj_dim=512;scorer_hidden=128;tau=0.999;weight_decay=0.0,64,cosine,max,2e-05,4,512,128,,0.0,54.87,180.89,5e-05,0.88672,,,,,,,,,,,,,0.999
glue|bert-base-uncased|rte_wide|no_graph|t23|s42|tune,glue,bert-base-uncased,rte_wide,rte,no_graph,tune,23,42,acc,gat_hidden_dim=64;graph_metric=cosine;jk_mode=max;lr=2e-05;num_layers=2;proj_dim=512;scorer_hidden=256;tau=0.999;weight_decay=0.0,64,cosine,max,2e-05,2,512,256,,0.0,48.01,165.26,0.00014,0.82422,,,,,,,,,,,,,0.999
glue|bert-base-uncased|rte_wide|no_graph|t24|s42|tune,glue,bert-base-uncased,rte_wide,rte,no_graph,tune,24,42,acc,gat_hidden_dim=128;graph_metric=cosine;jk_mode=max;lr=0.0002;num_layers=4;proj_dim=256;scorer_hidden=128;tau=0.999;weight_decay=0.0,128,cosine,max,0.0002,4,256,128,,0.0,56.32,190.5,6e-05,0.85938,,,,,,,,,,,,,0.999
glue|bert-base-uncased|rte_wide|no_graph|t25|s42|tune,glue,bert-base-uncased,rte_wide,rte,no_graph,tune,25,42,acc,gat_hidden_dim=256;graph_metric=cosine;jk_mode=cat;lr=0.001;num_layers=2;proj_dim=256;scorer_hidden=256;tau=0.999;weight_decay=1e-05,256,cosine,cat,0.001,2,256,256,,1e-05,52.35,165.71,7e-05,0.85547,,,,,,,,,,,,,0.999
glue|bert-base-uncased|rte_wide|no_graph|t26|s42|tune,glue,bert-base-uncased,rte_wide,rte,no_graph,tune,26,42,acc,gat_hidden_dim=64;graph_metric=cosine;jk_mode=cat;lr=2e-05;num_layers=2;proj_dim=256;scorer_hidden=256;tau=0.999;weight_decay=1e-05,64,cosine,cat,2e-05,2,256,256,,1e-05,49.82,176.9,0.00013,0.85547,,,,,,,,,,,,,0.999
glue|bert-base-uncased|rte_wide|no_graph|t27|s42|tune,glue,bert-base-uncased,rte_wide,rte,no_graph,tune,27,42,acc,gat_hidden_dim=64;graph_metric=cosine;jk_mode=cat;lr=0.0002;num_layers=4;proj_dim=512;scorer_hidden=128;tau=0.999;weight_decay=1e-05,64,cosine,cat,0.0002,4,512,128,,1e-05,53.43,177.59,5e-05,0.85547,,,,,,,,,,,,,0.999
glue|bert-base-uncased|rte_wide|no_graph|t28|s42|tune,glue,bert-base-uncased,rte_wide,rte,no_graph,tune,28,42,acc,gat_hidden_dim=64;graph_metric=cosine;jk_mode=max;lr=0.001;num_layers=4;proj_dim=512;scorer_hidden=256;tau=0.999;weight_decay=5e-05,64,cosine,max,0.001,4,512,256,,5e-05,51.99,177.51,5e-05,0.88672,,,,,,,,,,,,,0.999
glue|bert-base-uncased|rte_wide|no_graph|t29|s42|tune,glue,bert-base-uncased,rte_wide,rte,no_graph,tune,29,42,acc,gat_hidden_dim=128;graph_metric=cosine;jk_mode=max;lr=0.001;num_layers=2;proj_dim=128;scorer_hidden=128;tau=0.999;weight_decay=1e-05,128,cosine,max,0.001,2,128,128,,1e-05,51.62,172.32,4e-05,0.87109,,,,,,,,,,,,,0.999
glue|bert-base-uncased|rte_wide|no_graph|t30|s42|tune,glue,bert-base-uncased,rte_wide,rte,no_graph,tune,30,42,acc,gat_hidden_dim=256;graph_metric=cosine;jk_mode=cat;lr=2e-05;num_layers=4;proj_dim=128;scorer_hidden=128;tau=0.999;weight_decay=0.0,256,cosine,cat,2e-05,4,128,128,,0.0,52.35,128.05,5e-05,0.875,,,,,,,,,,,,,0.999
glue|bert-base-uncased|rte_wide|no_graph|t31|s42|tune,glue,bert-base-uncased,rte_wide,rte,no_graph,tune,31,42,acc,gat_hidden_dim=256;graph_metric=cosine;jk_mode=max;lr=0.001;num_layers=4;proj_dim=256;scorer_hidden=256;tau=0.999;weight_decay=5e-05,256,cosine,max,0.001,4,256,256,,5e-05,51.26,162.12,5e-05,0.85938,,,,,,,,,,,,,0.999
glue|bert-base-uncased|rte_wide|no_graph|t32|s42|tune,glue,bert-base-uncased,rte_wide,rte,no_graph,tune,32,42,acc,gat_hidden_dim=256;graph_metric=cosine;jk_mode=cat;lr=0.0002;num_layers=4;proj_dim=512;scorer_hidden=128;tau=0.999;weight_decay=5e-05,256,cosine,cat,0.0002,4,512,128,,5e-05,49.82,150.48,5e-05,0.875,,,,,,,,,,,,,0.999
glue|bert-base-uncased|rte_wide|no_graph|t33|s42|tune,glue,bert-base-uncased,rte_wide,rte,no_graph,tune,33,42,acc,gat_hidden_dim=128;graph_metric=cosine;jk_mode=max;lr=0.0002;num_layers=2;proj_dim=512;scorer_hidden=128;tau=0.999;weight_decay=1e-05,128,cosine,max,0.0002,2,512,128,,1e-05,55.6,139.01,4e-05,0.87109,,,,,,,,,,,,,0.999
glue|bert-base-uncased|rte_wide|no_graph|t34|s42|tune,glue,bert-base-uncased,rte_wide,rte,no_graph,tune,34,42,acc,gat_hidden_dim=128;graph_metric=cosine;jk_mode=max;lr=0.0002;num_layers=4;proj_dim=128;scorer_hidden=256;tau=0.999;weight_decay=0.0,128,cosine,max,0.0002,4,128,256,,0.0,56.68,145.42,6e-05,0.85938,,,,,,,,,,,,,0.999
glue|bert-base-uncased|rte_wide|no_graph|t35|s42|tune,glue,bert-base-uncased,rte_wide,rte,no_graph,tune,35,42,acc,gat_hidden_dim=128;graph_metric=cosine;jk_mode=max;lr=2e-05;num_layers=2;proj_dim=512;scorer_hidden=128;tau=0.999;weight_decay=5e-05,128,cosine,max,2e-05,2,512,128,,5e-05,53.43,137.89,4e-05,0.87109,,,,,,,,,,,,,0.999
glue|bert-base-uncased|rte_wide|no_graph|t36|s42|tune,glue,bert-base-uncased,rte_wide,rte,no_graph,tune,36,42,acc,gat_hidden_dim=128;graph_metric=cosine;jk_mode=max;lr=0.001;num_layers=2;proj_dim=512;scorer_hidden=256;tau=0.999;weight_decay=5e-05,128,cosine,max,0.001,2,512,256,,5e-05,51.99,183.41,4e-05,0.87109,,,,,,,,,,,,,0.999
glue|bert-base-uncased|rte_wide|no_graph|t37|s42|tune,glue,bert-base-uncased,rte_wide,rte,no_graph,tune,37,42,acc,gat_hidden_dim=64;graph_metric=cosine;jk_mode=max;lr=2e-05;num_layers=4;proj_dim=256;scorer_hidden=128;tau=0.999;weight_decay=5e-05,64,cosine,max,2e-05,4,256,128,,5e-05,54.87,150.51,5e-05,0.88672,,,,,,,,,,,,,0.999
glue|bert-base-uncased|rte_wide|no_graph|t38|s42|tune,glue,bert-base-uncased,rte_wide,rte,no_graph,tune,38,42,acc,gat_hidden_dim=256;graph_metric=cosine;jk_mode=cat;lr=2e-05;num_layers=2;proj_dim=512;scorer_hidden=128;tau=0.999;weight_decay=1e-05,256,cosine,cat,2e-05,2,512,128,,1e-05,51.99,138.65,7e-05,0.85547,,,,,,,,,,,,,0.999
glue|bert-base-uncased|rte_wide|no_graph|t39|s42|tune,glue,bert-base-uncased,rte_wide,rte,no_graph,tune,39,42,acc,gat_hidden_dim=128;graph_metric=cosine;jk_mode=max;lr=2e-05;num_layers=2;proj_dim=256;scorer_hidden=128;tau=0.999;weight_decay=1e-05,128,cosine,max,2e-05,2,256,128,,1e-05,53.43,133.2,4e-05,0.87109,,,,,,,,,,,,,0.999
glue|bert-base-uncased|rte_wide|AB|t0|s42|tune,glue,bert-base-uncased,rte_wide,rte,AB,tune,0,42,acc,curvature=1.0;feature_mode=unit;gat_hidden_dim=256;graph_curvature=2.25;graph_metric=poincare;hyperbolic_readout=1;jk_mode=max;learnable_curvature=0;lr=0.001;num_layers=4;proj_dim=128;readout_clip=0.0;readout_scale=1;rho_quantile=0.1;scorer_hidden=256;weight_decay=0.0,256,poincare,max,0.001,4,128,256,,0.0,49.82,174.14,0.10041,0.0,1.0,,,,,unit,2.25,1,0,0.0,1,0.1,
glue|bert-base-uncased|rte_wide|AB|t1|s42|tune,glue,bert-base-uncased,rte_wide,rte,AB,tune,1,42,acc,curvature=0.25;feature_mode=center_unit;gat_hidden_dim=256;graph_curvature=9.0;graph_metric=poincare;hyperbolic_readout=1;jk_mode=cat;learnable_curvature=0;lr=2e-05;num_layers=4;proj_dim=256;readout_clip=0.0;readout_scale=0;rho_quantile=0.1;scorer_hidden=256;weight_decay=1e-05,256,poincare,cat,2e-05,4,256,256,,1e-05,56.32,162.19,0.09932,0.0,0.25,,,,,center_unit,9.0,1,0,0.0,0,0.1,
glue|bert-base-uncased|rte_wide|AB|t2|s42|tune,glue,bert-base-uncased,rte_wide,rte,AB,tune,2,42,acc,curvature=1.0;feature_mode=center;gat_hidden_dim=128;graph_curvature=0.25;graph_metric=poincare;hyperbolic_readout=1;jk_mode=cat;learnable_curvature=0;lr=0.001;num_layers=4;proj_dim=512;readout_clip=0.0;readout_scale=0;rho_quantile=0.1;scorer_hidden=256;weight_decay=1e-05,128,poincare,cat,0.001,4,512,256,,1e-05,59.21,161.14,0.09912,0.0,1.0,,,,,center,0.25,1,0,0.0,0,0.1,
glue|bert-base-uncased|rte_wide|AB|t3|s42|tune,glue,bert-base-uncased,rte_wide,rte,AB,tune,3,42,acc,curvature=0.25;feature_mode=cls_root_unit;gat_hidden_dim=128;graph_curvature=1.0;graph_metric=poincare;hyperbolic_readout=1;jk_mode=max;learnable_curvature=1;lr=2e-05;num_layers=2;proj_dim=512;readout_clip=0.0;readout_scale=1;rho_quantile=0.025;scorer_hidden=128;weight_decay=0.0,128,poincare,max,2e-05,2,512,128,,0.0,51.62,151.39,0.02522,0.00781,0.25,,,,,cls_root_unit,1.0,1,1,0.0,1,0.025,
glue|bert-base-uncased|rte_wide|AB|t4|s42|tune,glue,bert-base-uncased,rte_wide,rte,AB,tune,4,42,acc,curvature=0.25;feature_mode=center_unit;gat_hidden_dim=64;graph_curvature=9.0;graph_metric=poincare;hyperbolic_readout=1;jk_mode=max;learnable_curvature=0;lr=2e-05;num_layers=2;proj_dim=128;readout_clip=1.0;readout_scale=0;rho_quantile=0.2;scorer_hidden=128;weight_decay=0.0,64,poincare,max,2e-05,2,128,128,,0.0,49.82,148.97,0.19854,0.0,0.25,,,,,center_unit,9.0,1,0,1.0,0,0.2,
glue|bert-base-uncased|rte_wide|AB|t5|s42|tune,glue,bert-base-uncased,rte_wide,rte,AB,tune,5,42,acc,curvature=0.25;feature_mode=cls_root_unit;gat_hidden_dim=256;graph_curvature=0.25;graph_metric=poincare;hyperbolic_readout=1;jk_mode=cat;learnable_curvature=0;lr=2e-05;num_layers=2;proj_dim=256;readout_clip=0.0;readout_scale=0;rho_quantile=0.025;scorer_hidden=128;weight_decay=1e-05,256,poincare,cat,2e-05,2,256,128,,1e-05,52.71,171.43,0.02508,0.00391,0.25,,,,,cls_root_unit,0.25,1,0,0.0,0,0.025,
glue|bert-base-uncased|rte_wide|AB|t6|s42|tune,glue,bert-base-uncased,rte_wide,rte,AB,tune,6,42,acc,curvature=1.0;feature_mode=unit;gat_hidden_dim=128;graph_curvature=2.25;graph_metric=poincare;hyperbolic_readout=1;jk_mode=max;learnable_curvature=0;lr=0.001;num_layers=4;proj_dim=128;readout_clip=0.7;readout_scale=1;rho_quantile=0.2;scorer_hidden=128;weight_decay=0.0,128,poincare,max,0.001,4,128,128,,0.0,58.84,156.09,0.19863,0.0,1.0,,,,,unit,2.25,1,0,0.7,1,0.2,
glue|bert-base-uncased|rte_wide|AB|t7|s42|tune,glue,bert-base-uncased,rte_wide,rte,AB,tune,7,42,acc,curvature=0.25;feature_mode=center_unit;gat_hidden_dim=128;graph_curvature=4.0;graph_metric=poincare;hyperbolic_readout=1;jk_mode=max;learnable_curvature=0;lr=0.0002;num_layers=2;proj_dim=128;readout_clip=0.7;readout_scale=1;rho_quantile=0.025;scorer_hidden=128;weight_decay=1e-05,128,poincare,max,0.0002,2,128,128,,1e-05,57.4,167.99,0.02522,0.00781,0.25,,,,,center_unit,4.0,1,0,0.7,1,0.025,
glue|bert-base-uncased|rte_wide|AB|t8|s42|tune,glue,bert-base-uncased,rte_wide,rte,AB,tune,8,42,acc,curvature=0.25;feature_mode=center_unit;gat_hidden_dim=64;graph_curvature=9.0;graph_metric=poincare;hyperbolic_readout=1;jk_mode=cat;learnable_curvature=1;lr=0.001;num_layers=4;proj_dim=128;readout_clip=0.7;readout_scale=0;rho_quantile=0.38;scorer_hidden=128;weight_decay=5e-05,64,poincare,cat,0.001,4,128,128,,5e-05,55.6,169.28,0.37776,0.0,0.25,,,,,center_unit,9.0,1,1,0.7,0,0.38,
glue|bert-base-uncased|rte_wide|AB|t9|s42|tune,glue,bert-base-uncased,rte_wide,rte,AB,tune,9,42,acc,curvature=0.25;feature_mode=unit;gat_hidden_dim=64;graph_curvature=1.0;graph_metric=poincare;hyperbolic_readout=1;jk_mode=cat;learnable_curvature=1;lr=0.0002;num_layers=4;proj_dim=256;readout_clip=0.3;readout_scale=1;rho_quantile=0.1;scorer_hidden=256;weight_decay=0.0,64,poincare,cat,0.0002,4,256,256,,0.0,57.4,140.63,0.09972,0.0,0.25,,,,,unit,1.0,1,1,0.3,1,0.1,
glue|bert-base-uncased|rte_wide|AB|t10|s42|tune,glue,bert-base-uncased,rte_wide,rte,AB,tune,10,42,acc,curvature=1.0;feature_mode=center;gat_hidden_dim=128;graph_curvature=0.25;graph_metric=poincare;hyperbolic_readout=1;jk_mode=cat;learnable_curvature=1;lr=0.001;num_layers=4;proj_dim=512;readout_clip=0.3;readout_scale=1;rho_quantile=0.2;scorer_hidden=128;weight_decay=1e-05,128,poincare,cat,0.001,4,512,128,,1e-05,49.46,153.51,0.1976,0.0,1.0,,,,,center,0.25,1,1,0.3,1,0.2,
glue|bert-base-uncased|rte_wide|AB|t11|s42|tune,glue,bert-base-uncased,rte_wide,rte,AB,tune,11,42,acc,curvature=0.25;feature_mode=center_unit;gat_hidden_dim=128;graph_curvature=9.0;graph_metric=poincare;hyperbolic_readout=1;jk_mode=cat;learnable_curvature=1;lr=0.0002;num_layers=2;proj_dim=512;readout_clip=1.0;readout_scale=0;rho_quantile=0.1;scorer_hidden=128;weight_decay=5e-05,128,poincare,cat,0.0002,2,512,128,,5e-05,54.51,162.26,0.09911,0.0,0.25,,,,,center_unit,9.0,1,1,1.0,0,0.1,
glue|bert-base-uncased|rte_wide|AB|t12|s42|tune,glue,bert-base-uncased,rte_wide,rte,AB,tune,12,42,acc,curvature=0.25;feature_mode=center;gat_hidden_dim=128;graph_curvature=0.25;graph_metric=poincare;hyperbolic_readout=1;jk_mode=max;learnable_curvature=1;lr=2e-05;num_layers=2;proj_dim=256;readout_clip=0.3;readout_scale=1;rho_quantile=0.025;scorer_hidden=256;weight_decay=5e-05,128,poincare,max,2e-05,2,256,256,,5e-05,47.29,155.77,0.02518,0.00781,0.25,,,,,center,0.25,1,1,0.3,1,0.025,
glue|bert-base-uncased|rte_wide|AB|t13|s42|tune,glue,bert-base-uncased,rte_wide,rte,AB,tune,13,42,acc,curvature=4.0;feature_mode=center;gat_hidden_dim=128;graph_curvature=1.0;graph_metric=poincare;hyperbolic_readout=1;jk_mode=max;learnable_curvature=1;lr=0.0002;num_layers=4;proj_dim=512;readout_clip=0.0;readout_scale=1;rho_quantile=0.05;scorer_hidden=128;weight_decay=0.0,128,poincare,max,0.0002,4,512,128,,0.0,53.79,123.68,0.0499,0.00391,4.0,,,,,center,1.0,1,1,0.0,1,0.05,
glue|bert-base-uncased|rte_wide|AB|t14|s42|tune,glue,bert-base-uncased,rte_wide,rte,AB,tune,14,42,acc,curvature=0.25;feature_mode=cls_root_unit;gat_hidden_dim=64;graph_curvature=0.25;graph_metric=poincare;hyperbolic_readout=1;jk_mode=cat;learnable_curvature=0;lr=0.001;num_layers=4;proj_dim=128;readout_clip=0.0;readout_scale=0;rho_quantile=0.025;scorer_hidden=128;weight_decay=5e-05,64,poincare,cat,0.001,4,128,128,,5e-05,54.15,174.9,0.0252,0.0,0.25,,,,,cls_root_unit,0.25,1,0,0.0,0,0.025,
glue|bert-base-uncased|rte_wide|AB|t15|s42|tune,glue,bert-base-uncased,rte_wide,rte,AB,tune,15,42,acc,curvature=0.25;feature_mode=center;gat_hidden_dim=128;graph_curvature=0.25;graph_metric=poincare;hyperbolic_readout=1;jk_mode=cat;learnable_curvature=0;lr=0.0002;num_layers=4;proj_dim=128;readout_clip=1.0;readout_scale=1;rho_quantile=0.2;scorer_hidden=256;weight_decay=1e-05,128,poincare,cat,0.0002,4,128,256,,1e-05,53.07,162.02,0.1976,0.0,0.25,,,,,center,0.25,1,0,1.0,1,0.2,
glue|bert-base-uncased|rte_wide|AB|t16|s42|tune,glue,bert-base-uncased,rte_wide,rte,AB,tune,16,42,acc,curvature=0.25;feature_mode=unit;gat_hidden_dim=128;graph_curvature=9.0;graph_metric=poincare;hyperbolic_readout=1;jk_mode=max;learnable_curvature=1;lr=0.0002;num_layers=2;proj_dim=128;readout_clip=0.3;readout_scale=1;rho_quantile=0.025;scorer_hidden=256;weight_decay=0.0,128,poincare,max,0.0002,2,128,256,,0.0,56.68,162.55,0.02521,0.00781,0.25,,,,,unit,9.0,1,1,0.3,1,0.025,
glue|bert-base-uncased|rte_wide|AB|t17|s42|tune,glue,bert-base-uncased,rte_wide,rte,AB,tune,17,42,acc,curvature=1.0;feature_mode=unit;gat_hidden_dim=128;graph_curvature=2.25;graph_metric=poincare;hyperbolic_readout=1;jk_mode=cat;learnable_curvature=1;lr=2e-05;num_layers=4;proj_dim=256;readout_clip=0.7;readout_scale=1;rho_quantile=0.025;scorer_hidden=128;weight_decay=1e-05,128,poincare,cat,2e-05,4,256,128,,1e-05,49.1,161.14,0.02492,0.01172,1.0,,,,,unit,2.25,1,1,0.7,1,0.025,
glue|bert-base-uncased|rte_wide|AB|t18|s42|tune,glue,bert-base-uncased,rte_wide,rte,AB,tune,18,42,acc,curvature=0.25;feature_mode=center_unit;gat_hidden_dim=256;graph_curvature=0.25;graph_metric=poincare;hyperbolic_readout=1;jk_mode=max;learnable_curvature=0;lr=0.001;num_layers=2;proj_dim=256;readout_clip=0.0;readout_scale=0;rho_quantile=0.05;scorer_hidden=128;weight_decay=0.0,256,poincare,max,0.001,2,256,128,,0.0,54.87,128.36,0.05018,0.0,0.25,,,,,center_unit,0.25,1,0,0.0,0,0.05,
glue|bert-base-uncased|rte_wide|AB|t19|s42|tune,glue,bert-base-uncased,rte_wide,rte,AB,tune,19,42,acc,curvature=4.0;feature_mode=center;gat_hidden_dim=256;graph_curvature=9.0;graph_metric=poincare;hyperbolic_readout=1;jk_mode=cat;learnable_curvature=1;lr=0.0002;num_layers=2;proj_dim=256;readout_clip=1.0;readout_scale=1;rho_quantile=0.05;scorer_hidden=256;weight_decay=5e-05,256,poincare,cat,0.0002,2,256,256,,5e-05,54.87,153.59,0.04982,0.00391,4.0,,,,,center,9.0,1,1,1.0,1,0.05,
glue|bert-base-uncased|rte_wide|AB|t20|s42|tune,glue,bert-base-uncased,rte_wide,rte,AB,tune,20,42,acc,curvature=4.0;feature_mode=unit;gat_hidden_dim=64;graph_curvature=2.25;graph_metric=poincare;hyperbolic_readout=1;jk_mode=max;learnable_curvature=1;lr=0.001;num_layers=4;proj_dim=128;readout_clip=1.0;readout_scale=0;rho_quantile=0.38;scorer_hidden=256;weight_decay=0.0,64,poincare,max,0.001,4,128,256,,0.0,54.51,182.42,0.37793,0.0,4.0,,,,,unit,2.25,1,1,1.0,0,0.38,
glue|bert-base-uncased|rte_wide|AB|t21|s42|tune,glue,bert-base-uncased,rte_wide,rte,AB,tune,21,42,acc,curvature=4.0;feature_mode=unit;gat_hidden_dim=128;graph_curvature=9.0;graph_metric=poincare;hyperbolic_readout=1;jk_mode=max;learnable_curvature=0;lr=0.001;num_layers=2;proj_dim=256;readout_clip=0.7;readout_scale=1;rho_quantile=0.2;scorer_hidden=256;weight_decay=1e-05,128,poincare,max,0.001,2,256,256,,1e-05,56.32,153.52,0.19807,0.0,4.0,,,,,unit,9.0,1,0,0.7,1,0.2,
glue|bert-base-uncased|rte_wide|AB|t22|s42|tune,glue,bert-base-uncased,rte_wide,rte,AB,tune,22,42,acc,curvature=4.0;feature_mode=center;gat_hidden_dim=128;graph_curvature=4.0;graph_metric=poincare;hyperbolic_readout=1;jk_mode=cat;learnable_curvature=0;lr=2e-05;num_layers=4;proj_dim=256;readout_clip=0.7;readout_scale=0;rho_quantile=0.38;scorer_hidden=128;weight_decay=5e-05,128,poincare,cat,2e-05,4,256,128,,5e-05,48.74,150.41,0.37565,0.0,4.0,,,,,center,4.0,1,0,0.7,0,0.38,
glue|bert-base-uncased|rte_wide|AB|t23|s42|tune,glue,bert-base-uncased,rte_wide,rte,AB,tune,23,42,acc,curvature=0.25;feature_mode=center;gat_hidden_dim=128;graph_curvature=4.0;graph_metric=poincare;hyperbolic_readout=1;jk_mode=max;learnable_curvature=0;lr=0.001;num_layers=4;proj_dim=128;readout_clip=0.7;readout_scale=1;rho_quantile=0.2;scorer_hidden=256;weight_decay=0.0,128,poincare,max,0.001,4,128,256,,0.0,56.68,162.74,0.19771,0.0,0.25,,,,,center,4.0,1,0,0.7,1,0.2,
glue|bert-base-uncased|rte_wide|AB|t24|s42|tune,glue,bert-base-uncased,rte_wide,rte,AB,tune,24,42,acc,curvature=1.0;feature_mode=center_unit;gat_hidden_dim=256;graph_curvature=0.25;graph_metric=poincare;hyperbolic_readout=1;jk_mode=cat;learnable_curvature=1;lr=0.001;num_layers=4;proj_dim=128;readout_clip=0.7;readout_scale=0;rho_quantile=0.05;scorer_hidden=128;weight_decay=0.0,256,poincare,cat,0.001,4,128,128,,0.0,49.1,159.5,0.05005,0.00391,1.0,,,,,center_unit,0.25,1,1,0.7,0,0.05,
glue|bert-base-uncased|rte_wide|AB|t25|s42|tune,glue,bert-base-uncased,rte_wide,rte,AB,tune,25,42,acc,curvature=1.0;feature_mode=center_unit;gat_hidden_dim=256;graph_curvature=2.25;graph_metric=poincare;hyperbolic_readout=1;jk_mode=cat;learnable_curvature=1;lr=2e-05;num_layers=4;proj_dim=512;readout_clip=0.0;readout_scale=1;rho_quantile=0.025;scorer_hidden=128;weight_decay=5e-05,256,poincare,cat,2e-05,4,512,128,,5e-05,53.79,138.71,0.0247,0.00781,1.0,,,,,center_unit,2.25,1,1,0.0,1,0.025,
glue|bert-base-uncased|rte_wide|AB|t26|s42|tune,glue,bert-base-uncased,rte_wide,rte,AB,tune,26,42,acc,curvature=1.0;feature_mode=center_unit;gat_hidden_dim=256;graph_curvature=4.0;graph_metric=poincare;hyperbolic_readout=1;jk_mode=cat;learnable_curvature=0;lr=0.0002;num_layers=4;proj_dim=512;readout_clip=0.0;readout_scale=0;rho_quantile=0.025;scorer_hidden=128;weight_decay=5e-05,256,poincare,cat,0.0002,4,512,128,,5e-05,52.71,164.14,0.0247,0.00781,1.0,,,,,center_unit,4.0,1,0,0.0,0,0.025,
glue|bert-base-uncased|rte_wide|AB|t27|s42|tune,glue,bert-base-uncased,rte_wide,rte,AB,tune,27,42,acc,curvature=1.0;feature_mode=center;gat_hidden_dim=128;graph_curvature=2.25;graph_metric=poincare;hyperbolic_readout=1;jk_mode=cat;learnable_curvature=1;lr=2e-05;num_layers=4;proj_dim=256;readout_clip=0.0;readout_scale=1;rho_quantile=0.05;scorer_hidden=256;weight_decay=1e-05,128,poincare,cat,2e-05,4,256,256,,1e-05,50.54,168.48,0.04958,0.00391,1.0,,,,,center,2.25,1,1,0.0,1,0.05,
glue|bert-base-uncased|rte_wide|AB|t28|s42|tune,glue,bert-base-uncased,rte_wide,rte,AB,tune,28,42,acc,curvature=4.0;feature_mode=center_unit;gat_hidden_dim=128;graph_curvature=4.0;graph_metric=poincare;hyperbolic_readout=1;jk_mode=max;learnable_curvature=0;lr=0.0002;num_layers=4;proj_dim=128;readout_clip=0.7;readout_scale=0;rho_quantile=0.025;scorer_hidden=256;weight_decay=5e-05,128,poincare,max,0.0002,4,128,256,,5e-05,53.79,169.51,0.02499,0.00781,4.0,,,,,center_unit,4.0,1,0,0.7,0,0.025,
glue|bert-base-uncased|rte_wide|AB|t29|s42|tune,glue,bert-base-uncased,rte_wide,rte,AB,tune,29,42,acc,curvature=0.25;feature_mode=cls_root_unit;gat_hidden_dim=128;graph_curvature=2.25;graph_metric=poincare;hyperbolic_readout=1;jk_mode=cat;learnable_curvature=0;lr=0.0002;num_layers=2;proj_dim=128;readout_clip=1.0;readout_scale=1;rho_quantile=0.025;scorer_hidden=128;weight_decay=1e-05,128,poincare,cat,0.0002,2,128,128,,1e-05,53.07,160.47,0.02473,0.00781,0.25,,,,,cls_root_unit,2.25,1,0,1.0,1,0.025,
glue|bert-base-uncased|rte_wide|AB|t30|s42|tune,glue,bert-base-uncased,rte_wide,rte,AB,tune,30,42,acc,curvature=4.0;feature_mode=cls_root_unit;gat_hidden_dim=256;graph_curvature=4.0;graph_metric=poincare;hyperbolic_readout=1;jk_mode=cat;learnable_curvature=0;lr=0.001;num_layers=4;proj_dim=128;readout_clip=0.3;readout_scale=1;rho_quantile=0.05;scorer_hidden=128;weight_decay=1e-05,256,poincare,cat,0.001,4,128,128,,1e-05,53.07,156.41,0.05005,0.00391,4.0,,,,,cls_root_unit,4.0,1,0,0.3,1,0.05,
glue|bert-base-uncased|rte_wide|AB|t31|s42|tune,glue,bert-base-uncased,rte_wide,rte,AB,tune,31,42,acc,curvature=0.25;feature_mode=center_unit;gat_hidden_dim=64;graph_curvature=2.25;graph_metric=poincare;hyperbolic_readout=1;jk_mode=cat;learnable_curvature=1;lr=0.0002;num_layers=4;proj_dim=512;readout_clip=1.0;readout_scale=1;rho_quantile=0.1;scorer_hidden=256;weight_decay=5e-05,64,poincare,cat,0.0002,4,512,256,,5e-05,56.68,158.92,0.09972,0.0,0.25,,,,,center_unit,2.25,1,1,1.0,1,0.1,
glue|bert-base-uncased|rte_wide|AB|t32|s42|tune,glue,bert-base-uncased,rte_wide,rte,AB,tune,32,42,acc,curvature=1.0;feature_mode=cls_root_unit;gat_hidden_dim=256;graph_curvature=1.0;graph_metric=poincare;hyperbolic_readout=1;jk_mode=max;learnable_curvature=0;lr=0.001;num_layers=2;proj_dim=256;readout_clip=0.0;readout_scale=1;rho_quantile=0.05;scorer_hidden=256;weight_decay=1e-05,256,poincare,max,0.001,2,256,256,,1e-05,55.23,154.31,0.05018,0.0,1.0,,,,,cls_root_unit,1.0,1,0,0.0,1,0.05,
glue|bert-base-uncased|rte_wide|AB|t33|s42|tune,glue,bert-base-uncased,rte_wide,rte,AB,tune,33,42,acc,curvature=1.0;feature_mode=cls_root_unit;gat_hidden_dim=256;graph_curvature=1.0;graph_metric=poincare;hyperbolic_readout=1;jk_mode=max;learnable_curvature=0;lr=0.001;num_layers=2;proj_dim=256;readout_clip=0.3;readout_scale=0;rho_quantile=0.025;scorer_hidden=256;weight_decay=1e-05,256,poincare,max,0.001,2,256,256,,1e-05,55.6,124.96,0.02496,0.0,1.0,,,,,cls_root_unit,1.0,1,0,0.3,0,0.025,
glue|bert-base-uncased|rte_wide|AB|t34|s42|tune,glue,bert-base-uncased,rte_wide,rte,AB,tune,34,42,acc,curvature=4.0;feature_mode=unit;gat_hidden_dim=64;graph_curvature=4.0;graph_metric=poincare;hyperbolic_readout=1;jk_mode=max;learnable_curvature=0;lr=0.0002;num_layers=2;proj_dim=128;readout_clip=0.7;readout_scale=1;rho_quantile=0.2;scorer_hidden=128;weight_decay=1e-05,64,poincare,max,0.0002,2,128,128,,1e-05,56.32,177.89,0.19856,0.0,4.0,,,,,unit,4.0,1,0,0.7,1,0.2,
glue|bert-base-uncased|rte_wide|AB|t35|s42|tune,glue,bert-base-uncased,rte_wide,rte,AB,tune,35,42,acc,curvature=1.0;feature_mode=cls_root_unit;gat_hidden_dim=64;graph_curvature=9.0;graph_metric=poincare;hyperbolic_readout=1;jk_mode=cat;learnable_curvature=0;lr=0.0002;num_layers=4;proj_dim=128;readout_clip=0.7;readout_scale=1;rho_quantile=0.025;scorer_hidden=256;weight_decay=1e-05,64,poincare,cat,0.0002,4,128,256,,1e-05,58.12,178.34,0.02487,0.0,1.0,,,,,cls_root_unit,9.0,1,0,0.7,1,0.025,
glue|bert-base-uncased|rte_wide|AB|t36|s42|tune,glue,bert-base-uncased,rte_wide,rte,AB,tune,36,42,acc,curvature=4.0;feature_mode=center;gat_hidden_dim=256;graph_curvature=0.25;graph_metric=poincare;hyperbolic_readout=1;jk_mode=cat;learnable_curvature=1;lr=0.0002;num_layers=4;proj_dim=128;readout_clip=0.0;readout_scale=1;rho_quantile=0.38;scorer_hidden=128;weight_decay=0.0,256,poincare,cat,0.0002,4,128,128,,0.0,52.71,164.01,0.37613,0.0,4.0,,,,,center,0.25,1,1,0.0,1,0.38,
glue|bert-base-uncased|rte_wide|AB|t37|s42|tune,glue,bert-base-uncased,rte_wide,rte,AB,tune,37,42,acc,curvature=4.0;feature_mode=unit;gat_hidden_dim=256;graph_curvature=1.0;graph_metric=poincare;hyperbolic_readout=1;jk_mode=cat;learnable_curvature=0;lr=0.001;num_layers=2;proj_dim=256;readout_clip=1.0;readout_scale=0;rho_quantile=0.2;scorer_hidden=128;weight_decay=0.0,256,poincare,cat,0.001,2,256,128,,0.0,55.23,169.49,0.19869,0.0,4.0,,,,,unit,1.0,1,0,1.0,0,0.2,
glue|bert-base-uncased|rte_wide|AB|t38|s42|tune,glue,bert-base-uncased,rte_wide,rte,AB,tune,38,42,acc,curvature=0.25;feature_mode=unit;gat_hidden_dim=64;graph_curvature=0.25;graph_metric=poincare;hyperbolic_readout=1;jk_mode=max;learnable_curvature=0;lr=0.001;num_layers=2;proj_dim=128;readout_clip=0.0;readout_scale=1;rho_quantile=0.2;scorer_hidden=256;weight_decay=1e-05,64,poincare,max,0.001,2,128,256,,1e-05,55.96,149.39,0.19856,0.0,0.25,,,,,unit,0.25,1,0,0.0,1,0.2,
glue|bert-base-uncased|rte_wide|AB|t39|s42|tune,glue,bert-base-uncased,rte_wide,rte,AB,tune,39,42,acc,curvature=4.0;feature_mode=center_unit;gat_hidden_dim=128;graph_curvature=4.0;graph_metric=poincare;hyperbolic_readout=1;jk_mode=max;learnable_curvature=0;lr=0.001;num_layers=2;proj_dim=512;readout_clip=1.0;readout_scale=0;rho_quantile=0.38;scorer_hidden=128;weight_decay=1e-05,128,poincare,max,0.001,2,512,128,,1e-05,56.32,131.62,0.37784,0.0,4.0,,,,,center_unit,4.0,1,0,1.0,0,0.38,
glue|bert-base-uncased|rte_wide|AB|t2|s1|confirm,glue,bert-base-uncased,rte_wide,rte,AB,confirm,2,1,acc,curvature=1.0;feature_mode=center;gat_hidden_dim=128;graph_curvature=0.25;graph_metric=poincare;hyperbolic_readout=1;jk_mode=cat;learnable_curvature=0;lr=0.001;num_layers=4;proj_dim=512;readout_clip=0.0;readout_scale=0;rho_quantile=0.1;scorer_hidden=256;weight_decay=1e-05,128,poincare,cat,0.001,4,512,256,,1e-05,54.87,160.9,0.09906,0.0,1.0,,,,,center,0.25,1,0,0.0,0,0.1,
glue|bert-base-uncased|rte_wide|AB|t2|s2|confirm,glue,bert-base-uncased,rte_wide,rte,AB,confirm,2,2,acc,curvature=1.0;feature_mode=center;gat_hidden_dim=128;graph_curvature=0.25;graph_metric=poincare;hyperbolic_readout=1;jk_mode=cat;learnable_curvature=0;lr=0.001;num_layers=4;proj_dim=512;readout_clip=0.0;readout_scale=0;rho_quantile=0.1;scorer_hidden=256;weight_decay=1e-05,128,poincare,cat,0.001,4,512,256,,1e-05,55.6,153.07,0.09984,0.0,1.0,,,,,center,0.25,1,0,0.0,0,0.1,
glue|bert-base-uncased|rte_wide|AB|t2|s3|confirm,glue,bert-base-uncased,rte_wide,rte,AB,confirm,2,3,acc,curvature=1.0;feature_mode=center;gat_hidden_dim=128;graph_curvature=0.25;graph_metric=poincare;hyperbolic_readout=1;jk_mode=cat;learnable_curvature=0;lr=0.001;num_layers=4;proj_dim=512;readout_clip=0.0;readout_scale=0;rho_quantile=0.1;scorer_hidden=256;weight_decay=1e-05,128,poincare,cat,0.001,4,512,256,,1e-05,53.79,173.49,0.09895,0.0,1.0,,,,,center,0.25,1,0,0.0,0,0.1,
glue|bert-base-uncased|rte_wide|AB|t2|s4|confirm,glue,bert-base-uncased,rte_wide,rte,AB,confirm,2,4,acc,curvature=1.0;feature_mode=center;gat_hidden_dim=128;graph_curvature=0.25;graph_metric=poincare;hyperbolic_readout=1;jk_mode=cat;learnable_curvature=0;lr=0.001;num_layers=4;proj_dim=512;readout_clip=0.0;readout_scale=0;rho_quantile=0.1;scorer_hidden=256;weight_decay=1e-05,128,poincare,cat,0.001,4,512,256,,1e-05,53.79,168.24,0.09931,0.0,1.0,,,,,center,0.25,1,0,0.0,0,0.1,
glue|bert-base-uncased|rte_wide|AB|t2|s5|confirm,glue,bert-base-uncased,rte_wide,rte,AB,confirm,2,5,acc,curvature=1.0;feature_mode=center;gat_hidden_dim=128;graph_curvature=0.25;graph_metric=poincare;hyperbolic_readout=1;jk_mode=cat;learnable_curvature=0;lr=0.001;num_layers=4;proj_dim=512;readout_clip=0.0;readout_scale=0;rho_quantile=0.1;scorer_hidden=256;weight_decay=1e-05,128,poincare,cat,0.001,4,512,256,,1e-05,55.96,172.65,0.09958,0.0,1.0,,,,,center,0.25,1,0,0.0,0,0.1,
glue|bert-base-uncased|rte_wide|AB|t2|s6|confirm,glue,bert-base-uncased,rte_wide,rte,AB,confirm,2,6,acc,curvature=1.0;feature_mode=center;gat_hidden_dim=128;graph_curvature=0.25;graph_metric=poincare;hyperbolic_readout=1;jk_mode=cat;learnable_curvature=0;lr=0.001;num_layers=4;proj_dim=512;readout_clip=0.0;readout_scale=0;rho_quantile=0.1;scorer_hidden=256;weight_decay=1e-05,128,poincare,cat,0.001,4,512,256,,1e-05,54.51,149.63,0.09866,0.0,1.0,,,,,center,0.25,1,0,0.0,0,0.1,
glue|bert-base-uncased|rte_wide|AB|t2|s7|confirm,glue,bert-base-uncased,rte_wide,rte,AB,confirm,2,7,acc,curvature=1.0;feature_mode=center;gat_hidden_dim=128;graph_curvature=0.25;graph_metric=poincare;hyperbolic_readout=1;jk_mode=cat;learnable_curvature=0;lr=0.001;num_layers=4;proj_dim=512;readout_clip=0.0;readout_scale=0;rho_quantile=0.1;scorer_hidden=256;weight_decay=1e-05,128,poincare,cat,0.001,4,512,256,,1e-05,60.29,152.0,0.09907,0.0,1.0,,,,,center,0.25,1,0,0.0,0,0.1,
glue|bert-base-uncased|rte_wide|AB|t2|s8|confirm,glue,bert-base-uncased,rte_wide,rte,AB,confirm,2,8,acc,curvature=1.0;feature_mode=center;gat_hidden_dim=128;graph_curvature=0.25;graph_metric=poincare;hyperbolic_readout=1;jk_mode=cat;learnable_curvature=0;lr=0.001;num_layers=4;proj_dim=512;readout_clip=0.0;readout_scale=0;rho_quantile=0.1;scorer_hidden=256;weight_decay=1e-05,128,poincare,cat,0.001,4,512,256,,1e-05,48.38,127.85,0.09914,0.0,1.0,,,,,center,0.25,1,0,0.0,0,0.1,
glue|bert-base-uncased|rte_wide|AB|t2|s9|confirm,glue,bert-base-uncased,rte_wide,rte,AB,confirm,2,9,acc,curvature=1.0;feature_mode=center;gat_hidden_dim=128;graph_curvature=0.25;graph_metric=poincare;hyperbolic_readout=1;jk_mode=cat;learnable_curvature=0;lr=0.001;num_layers=4;proj_dim=512;readout_clip=0.0;readout_scale=0;rho_quantile=0.1;scorer_hidden=256;weight_decay=1e-05,128,poincare,cat,0.001,4,512,256,,1e-05,51.99,166.2,0.0992,0.0,1.0,,,,,center,0.25,1,0,0.0,0,0.1,
glue|bert-base-uncased|rte_wide|AB|t2|s10|confirm,glue,bert-base-uncased,rte_wide,rte,AB,confirm,2,10,acc,curvature=1.0;feature_mode=center;gat_hidden_dim=128;graph_curvature=0.25;graph_metric=poincare;hyperbolic_readout=1;jk_mode=cat;learnable_curvature=0;lr=0.001;num_layers=4;proj_dim=512;readout_clip=0.0;readout_scale=0;rho_quantile=0.1;scorer_hidden=256;weight_decay=1e-05,128,poincare,cat,0.001,4,512,256,,1e-05,57.04,154.53,0.0994,0.0,1.0,,,,,center,0.25,1,0,0.0,0,0.1,
glue|bert-base-uncased|rte_wide|AB|t2|s11|confirm,glue,bert-base-uncased,rte_wide,rte,AB,confirm,2,11,acc,curvature=1.0;feature_mode=center;gat_hidden_dim=128;graph_curvature=0.25;graph_metric=poincare;hyperbolic_readout=1;jk_mode=cat;learnable_curvature=0;lr=0.001;num_layers=4;proj_dim=512;readout_clip=0.0;readout_scale=0;rho_quantile=0.1;scorer_hidden=256;weight_decay=1e-05,128,poincare,cat,0.001,4,512,256,,1e-05,51.62,174.91,0.09971,0.0,1.0,,,,,center,0.25,1,0,0.0,0,0.1,
glue|bert-base-uncased|rte_wide|AB|t2|s12|confirm,glue,bert-base-uncased,rte_wide,rte,AB,confirm,2,12,acc,curvature=1.0;feature_mode=center;gat_hidden_dim=128;graph_curvature=0.25;graph_metric=poincare;hyperbolic_readout=1;jk_mode=cat;learnable_curvature=0;lr=0.001;num_layers=4;proj_dim=512;readout_clip=0.0;readout_scale=0;rho_quantile=0.1;scorer_hidden=256;weight_decay=1e-05,128,poincare,cat,0.001,4,512,256,,1e-05,52.71,149.66,0.09925,0.0,1.0,,,,,center,0.25,1,0,0.0,0,0.1,
glue|bert-base-uncased|rte_wide|AB|t2|s13|confirm,glue,bert-base-uncased,rte_wide,rte,AB,confirm,2,13,acc,curvature=1.0;feature_mode=center;gat_hidden_dim=128;graph_curvature=0.25;graph_metric=poincare;hyperbolic_readout=1;jk_mode=cat;learnable_curvature=0;lr=0.001;num_layers=4;proj_dim=512;readout_clip=0.0;readout_scale=0;rho_quantile=0.1;scorer_hidden=256;weight_decay=1e-05,128,poincare,cat,0.001,4,512,256,,1e-05,56.32,147.33,0.0991,0.0,1.0,,,,,center,0.25,1,0,0.0,0,0.1,
glue|bert-base-uncased|rte_wide|AB|t2|s14|confirm,glue,bert-base-uncased,rte_wide,rte,AB,confirm,2,14,acc,curvature=1.0;feature_mode=center;gat_hidden_dim=128;graph_curvature=0.25;graph_metric=poincare;hyperbolic_readout=1;jk_mode=cat;learnable_curvature=0;lr=0.001;num_layers=4;proj_dim=512;readout_clip=0.0;readout_scale=0;rho_quantile=0.1;scorer_hidden=256;weight_decay=1e-05,128,poincare,cat,0.001,4,512,256,,1e-05,58.48,140.22,0.09885,0.0,1.0,,,,,center,0.25,1,0,0.0,0,0.1,
glue|bert-base-uncased|rte_wide|AB|t2|s15|confirm,glue,bert-base-uncased,rte_wide,rte,AB,confirm,2,15,acc,curvature=1.0;feature_mode=center;gat_hidden_dim=128;graph_curvature=0.25;graph_metric=poincare;hyperbolic_readout=1;jk_mode=cat;learnable_curvature=0;lr=0.001;num_layers=4;proj_dim=512;readout_clip=0.0;readout_scale=0;rho_quantile=0.1;scorer_hidden=256;weight_decay=1e-05,128,poincare,cat,0.001,4,512,256,,1e-05,53.43,149.48,0.099,0.0,1.0,,,,,center,0.25,1,0,0.0,0,0.1,
glue|bert-base-uncased|rte_wide|no_graph|t9|s1|confirm,glue,bert-base-uncased,rte_wide,rte,no_graph,confirm,9,1,acc,gat_hidden_dim=64;graph_metric=cosine;jk_mode=max;lr=0.0002;num_layers=4;proj_dim=256;scorer_hidden=256;tau=0.999;weight_decay=1e-05,64,cosine,max,0.0002,4,256,256,,1e-05,56.32,132.74,8e-05,0.82031,,,,,,,,,,,,,0.999
glue|bert-base-uncased|rte_wide|no_graph|t9|s2|confirm,glue,bert-base-uncased,rte_wide,rte,no_graph,confirm,9,2,acc,gat_hidden_dim=64;graph_metric=cosine;jk_mode=max;lr=0.0002;num_layers=4;proj_dim=256;scorer_hidden=256;tau=0.999;weight_decay=1e-05,64,cosine,max,0.0002,4,256,256,,1e-05,55.23,144.04,4e-05,0.875,,,,,,,,,,,,,0.999
glue|bert-base-uncased|rte_wide|no_graph|t9|s3|confirm,glue,bert-base-uncased,rte_wide,rte,no_graph,confirm,9,3,acc,gat_hidden_dim=64;graph_metric=cosine;jk_mode=max;lr=0.0002;num_layers=4;proj_dim=256;scorer_hidden=256;tau=0.999;weight_decay=1e-05,64,cosine,max,0.0002,4,256,256,,1e-05,50.9,112.23,6e-05,0.875,,,,,,,,,,,,,0.999
glue|bert-base-uncased|rte_wide|no_graph|t9|s4|confirm,glue,bert-base-uncased,rte_wide,rte,no_graph,confirm,9,4,acc,gat_hidden_dim=64;graph_metric=cosine;jk_mode=max;lr=0.0002;num_layers=4;proj_dim=256;scorer_hidden=256;tau=0.999;weight_decay=1e-05,64,cosine,max,0.0002,4,256,256,,1e-05,54.51,136.56,0.00011,0.84766,,,,,,,,,,,,,0.999
glue|bert-base-uncased|rte_wide|no_graph|t9|s5|confirm,glue,bert-base-uncased,rte_wide,rte,no_graph,confirm,9,5,acc,gat_hidden_dim=64;graph_metric=cosine;jk_mode=max;lr=0.0002;num_layers=4;proj_dim=256;scorer_hidden=256;tau=0.999;weight_decay=1e-05,64,cosine,max,0.0002,4,256,256,,1e-05,58.12,138.93,4e-05,0.88672,,,,,,,,,,,,,0.999
glue|bert-base-uncased|rte_wide|no_graph|t9|s6|confirm,glue,bert-base-uncased,rte_wide,rte,no_graph,confirm,9,6,acc,gat_hidden_dim=64;graph_metric=cosine;jk_mode=max;lr=0.0002;num_layers=4;proj_dim=256;scorer_hidden=256;tau=0.999;weight_decay=1e-05,64,cosine,max,0.0002,4,256,256,,1e-05,51.26,106.24,7e-05,0.86328,,,,,,,,,,,,,0.999
glue|bert-base-uncased|rte_wide|no_graph|t9|s7|confirm,glue,bert-base-uncased,rte_wide,rte,no_graph,confirm,9,7,acc,gat_hidden_dim=64;graph_metric=cosine;jk_mode=max;lr=0.0002;num_layers=4;proj_dim=256;scorer_hidden=256;tau=0.999;weight_decay=1e-05,64,cosine,max,0.0002,4,256,256,,1e-05,51.99,105.74,5e-05,0.86719,,,,,,,,,,,,,0.999
glue|bert-base-uncased|rte_wide|no_graph|t9|s8|confirm,glue,bert-base-uncased,rte_wide,rte,no_graph,confirm,9,8,acc,gat_hidden_dim=64;graph_metric=cosine;jk_mode=max;lr=0.0002;num_layers=4;proj_dim=256;scorer_hidden=256;tau=0.999;weight_decay=1e-05,64,cosine,max,0.0002,4,256,256,,1e-05,54.87,142.13,5e-05,0.87891,,,,,,,,,,,,,0.999
glue|bert-base-uncased|rte_wide|no_graph|t9|s9|confirm,glue,bert-base-uncased,rte_wide,rte,no_graph,confirm,9,9,acc,gat_hidden_dim=64;graph_metric=cosine;jk_mode=max;lr=0.0002;num_layers=4;proj_dim=256;scorer_hidden=256;tau=0.999;weight_decay=1e-05,64,cosine,max,0.0002,4,256,256,,1e-05,57.04,132.75,5e-05,0.86328,,,,,,,,,,,,,0.999
glue|bert-base-uncased|rte_wide|no_graph|t9|s10|confirm,glue,bert-base-uncased,rte_wide,rte,no_graph,confirm,9,10,acc,gat_hidden_dim=64;graph_metric=cosine;jk_mode=max;lr=0.0002;num_layers=4;proj_dim=256;scorer_hidden=256;tau=0.999;weight_decay=1e-05,64,cosine,max,0.0002,4,256,256,,1e-05,55.6,112.74,7e-05,0.86328,,,,,,,,,,,,,0.999
glue|bert-base-uncased|rte_wide|no_graph|t9|s11|confirm,glue,bert-base-uncased,rte_wide,rte,no_graph,confirm,9,11,acc,gat_hidden_dim=64;graph_metric=cosine;jk_mode=max;lr=0.0002;num_layers=4;proj_dim=256;scorer_hidden=256;tau=0.999;weight_decay=1e-05,64,cosine,max,0.0002,4,256,256,,1e-05,56.68,164.96,6e-05,0.85938,,,,,,,,,,,,,0.999
glue|bert-base-uncased|rte_wide|no_graph|t9|s12|confirm,glue,bert-base-uncased,rte_wide,rte,no_graph,confirm,9,12,acc,gat_hidden_dim=64;graph_metric=cosine;jk_mode=max;lr=0.0002;num_layers=4;proj_dim=256;scorer_hidden=256;tau=0.999;weight_decay=1e-05,64,cosine,max,0.0002,4,256,256,,1e-05,52.35,116.84,5e-05,0.875,,,,,,,,,,,,,0.999
glue|bert-base-uncased|rte_wide|no_graph|t9|s13|confirm,glue,bert-base-uncased,rte_wide,rte,no_graph,confirm,9,13,acc,gat_hidden_dim=64;graph_metric=cosine;jk_mode=max;lr=0.0002;num_layers=4;proj_dim=256;scorer_hidden=256;tau=0.999;weight_decay=1e-05,64,cosine,max,0.0002,4,256,256,,1e-05,48.74,119.22,5e-05,0.875,,,,,,,,,,,,,0.999
glue|bert-base-uncased|rte_wide|no_graph|t9|s14|confirm,glue,bert-base-uncased,rte_wide,rte,no_graph,confirm,9,14,acc,gat_hidden_dim=64;graph_metric=cosine;jk_mode=max;lr=0.0002;num_layers=4;proj_dim=256;scorer_hidden=256;tau=0.999;weight_decay=1e-05,64,cosine,max,0.0002,4,256,256,,1e-05,53.43,136.11,8e-05,0.84766,,,,,,,,,,,,,0.999
glue|bert-base-uncased|rte_wide|no_graph|t9|s15|confirm,glue,bert-base-uncased,rte_wide,rte,no_graph,confirm,9,15,acc,gat_hidden_dim=64;graph_metric=cosine;jk_mode=max;lr=0.0002;num_layers=4;proj_dim=256;scorer_hidden=256;tau=0.999;weight_decay=1e-05,64,cosine,max,0.0002,4,256,256,,1e-05,50.9,107.3,5e-05,0.87109,,,,,,,,,,,,,0.999
glue|bert-base-uncased|rte_wide|A|t0|s42|tune,glue,bert-base-uncased,rte_wide,rte,A,tune,0,42,acc,feature_mode=center;gat_hidden_dim=128;graph_curvature=9.0;graph_metric=poincare;jk_mode=max;lr=0.001;num_layers=2;proj_dim=128;rho_quantile=0.2;scorer_hidden=256;weight_decay=0.0,128,poincare,max,0.001,2,128,256,,0.0,48.74,134.83,0.197,0.0,,,,,,center,9.0,,,,,0.2,
glue|bert-base-uncased|rte_wide|A|t1|s42|tune,glue,bert-base-uncased,rte_wide,rte,A,tune,1,42,acc,feature_mode=center_unit;gat_hidden_dim=64;graph_curvature=2.25;graph_metric=poincare;jk_mode=max;lr=2e-05;num_layers=4;proj_dim=128;rho_quantile=0.38;scorer_hidden=256;weight_decay=1e-05,64,poincare,max,2e-05,4,128,256,,1e-05,57.4,158.11,0.37793,0.0,,,,,,center_unit,2.25,,,,,0.38,
glue|bert-base-uncased|rte_wide|A|t2|s42|tune,glue,bert-base-uncased,rte_wide,rte,A,tune,2,42,acc,feature_mode=cls_root_unit;gat_hidden_dim=256;graph_curvature=4.0;graph_metric=poincare;jk_mode=cat;lr=0.001;num_layers=4;proj_dim=128;rho_quantile=0.05;scorer_hidden=128;weight_decay=5e-05,256,poincare,cat,0.001,4,128,128,,5e-05,51.62,154.79,0.05005,0.00391,,,,,,cls_root_unit,4.0,,,,,0.05,
glue|bert-base-uncased|rte_wide|A|t3|s42|tune,glue,bert-base-uncased,rte_wide,rte,A,tune,3,42,acc,feature_mode=center;gat_hidden_dim=256;graph_curvature=4.0;graph_metric=poincare;jk_mode=max;lr=2e-05;num_layers=2;proj_dim=512;rho_quantile=0.38;scorer_hidden=256;weight_decay=0.0,256,poincare,max,2e-05,2,512,256,,0.0,53.07,145.63,0.37586,0.0,,,,,,center,4.0,,,,,0.38,
glue|bert-base-uncased|rte_wide|A|t4|s42|tune,glue,bert-base-uncased,rte_wide,rte,A,tune,4,42,acc,feature_mode=center;gat_hidden_dim=128;graph_curvature=9.0;graph_metric=poincare;jk_mode=cat;lr=0.0002;num_layers=2;proj_dim=256;rho_quantile=0.1;scorer_hidden=128;weight_decay=0.0,128,poincare,cat,0.0002,2,256,128,,0.0,55.96,134.94,0.09866,0.0,,,,,,center,9.0,,,,,0.1,
glue|bert-base-uncased|rte_wide|A|t5|s42|tune,glue,bert-base-uncased,rte_wide,rte,A,tune,5,42,acc,feature_mode=center_unit;gat_hidden_dim=64;graph_curvature=4.0;graph_metric=poincare;jk_mode=max;lr=2e-05;num_layers=2;proj_dim=512;rho_quantile=0.38;scorer_hidden=256;weight_decay=0.0,64,poincare,max,2e-05,2,512,256,,0.0,48.01,141.01,0.37799,0.0,,,,,,center_unit,4.0,,,,,0.38,
glue|bert-base-uncased|rte_wide|A|t6|s42|tune,glue,bert-base-uncased,rte_wide,rte,A,tune,6,42,acc,feature_mode=unit;gat_hidden_dim=128;graph_curvature=2.25;graph_metric=poincare;jk_mode=max;lr=0.001;num_layers=2;proj_dim=512;rho_quantile=0.1;scorer_hidden=256;weight_decay=1e-05,128,poincare,max,0.001,2,512,256,,1e-05,52.71,179.83,0.09987,0.0,,,,,,unit,2.25,,,,,0.1,
glue|bert-base-uncased|rte_wide|A|t7|s42|tune,glue,bert-base-uncased,rte_wide,rte,A,tune,7,42,acc,feature_mode=center_unit;gat_hidden_dim=64;graph_curvature=1.0;graph_metric=poincare;jk_mode=max;lr=0.0002;num_layers=4;proj_dim=256;rho_quantile=0.2;scorer_hidden=128;weight_decay=0.0,64,poincare,max,0.0002,4,256,128,,0.0,59.93,161.25,0.19861,0.0,,,,,,center_unit,1.0,,,,,0.2,
glue|bert-base-uncased|rte_wide|A|t8|s42|tune,glue,bert-base-uncased,rte_wide,rte,A,tune,8,42,acc,feature_mode=cls_root_unit;gat_hidden_dim=256;graph_curvature=0.25;graph_metric=poincare;jk_mode=cat;lr=0.001;num_layers=4;proj_dim=128;rho_quantile=0.2;scorer_hidden=128;weight_decay=1e-05,256,poincare,cat,0.001,4,128,128,,1e-05,48.74,154.81,0.19873,0.0,,,,,,cls_root_unit,0.25,,,,,0.2,
glue|bert-base-uncased|rte_wide|A|t9|s42|tune,glue,bert-base-uncased,rte_wide,rte,A,tune,9,42,acc,feature_mode=center_unit;gat_hidden_dim=128;graph_curvature=4.0;graph_metric=poincare;jk_mode=cat;lr=2e-05;num_layers=2;proj_dim=256;rho_quantile=0.05;scorer_hidden=256;weight_decay=5e-05,128,poincare,cat,2e-05,2,256,256,,5e-05,55.6,118.9,0.04969,0.00391,,,,,,center_unit,4.0,,,,,0.05,
glue|bert-base-uncased|rte_wide|A|t10|s42|tune,glue,bert-base-uncased,rte_wide,rte,A,tune,10,42,acc,feature_mode=unit;gat_hidden_dim=128;graph_curvature=1.0;graph_metric=poincare;jk_mode=cat;lr=0.001;num_layers=2;proj_dim=512;rho_quantile=0.1;scorer_hidden=256;weight_decay=0.0,128,poincare,cat,0.001,2,512,256,,0.0,55.6,155.62,0.09911,0.0,,,,,,unit,1.0,,,,,0.1,
glue|bert-base-uncased|rte_wide|A|t11|s42|tune,glue,bert-base-uncased,rte_wide,rte,A,tune,11,42,acc,feature_mode=cls_root_unit;gat_hidden_dim=64;graph_curvature=0.25;graph_metric=poincare;jk_mode=max;lr=0.001;num_layers=2;proj_dim=128;rho_quantile=0.1;scorer_hidden=256;weight_decay=1e-05,64,poincare,max,0.001,2,128,256,,1e-05,57.76,160.13,0.09953,0.0,,,,,,cls_root_unit,0.25,,,,,0.1,
glue|bert-base-uncased|rte_wide|A|t12|s42|tune,glue,bert-base-uncased,rte_wide,rte,A,tune,12,42,acc,feature_mode=center_unit;gat_hidden_dim=64;graph_curvature=4.0;graph_metric=poincare;jk_mode=cat;lr=0.001;num_layers=2;proj_dim=512;rho_quantile=0.38;scorer_hidden=256;weight_decay=0.0,64,poincare,cat,0.001,2,512,256,,0.0,54.15,162.01,0.37886,0.0,,,,,,center_unit,4.0,,,,,0.38,
glue|bert-base-uncased|rte_wide|A|t13|s42|tune,glue,bert-base-uncased,rte_wide,rte,A,tune,13,42,acc,feature_mode=center_unit;gat_hidden_dim=256;graph_curvature=0.25;graph_metric=poincare;jk_mode=cat;lr=2e-05;num_layers=2;proj_dim=512;rho_quantile=0.2;scorer_hidden=256;weight_decay=0.0,256,poincare,cat,2e-05,2,512,256,,0.0,52.71,152.89,0.19869,0.0,,,,,,center_unit,0.25,,,,,0.2,
glue|bert-base-uncased|rte_wide|A|t14|s42|tune,glue,bert-base-uncased,rte_wide,rte,A,tune,14,42,acc,feature_mode=unit;gat_hidden_dim=64;graph_curvature=0.25;graph_metric=poincare;jk_mode=max;lr=0.0002;num_layers=2;proj_dim=128;rho_quantile=0.2;scorer_hidden=256;weight_decay=5e-05,64,poincare,max,0.0002,2,128,256,,5e-05,55.6,146.11,0.19856,0.0,,,,,,unit,0.25,,,,,0.2,
glue|bert-base-uncased|rte_wide|A|t15|s42|tune,glue,bert-base-uncased,rte_wide,rte,A,tune,15,42,acc,feature_mode=center;gat_hidden_dim=256;graph_curvature=9.0;graph_metric=poincare;jk_mode=max;lr=2e-05;num_layers=4;proj_dim=512;rho_quantile=0.2;scorer_hidden=128;weight_decay=1e-05,256,poincare,max,2e-05,4,512,128,,1e-05,47.29,176.41,0.19661,0.0,,,,,,center,9.0,,,,,0.2,
glue|bert-base-uncased|rte_wide|A|t16|s42|tune,glue,bert-base-uncased,rte_wide,rte,A,tune,16,42,acc,feature_mode=center_unit;gat_hidden_dim=256;graph_curvature=9.0;graph_metric=poincare;jk_mode=max;lr=0.0002;num_layers=2;proj_dim=512;rho_quantile=0.025;scorer_hidden=256;weight_decay=5e-05,256,poincare,max,0.0002,2,512,256,,5e-05,54.15,149.75,0.02496,0.0,,,,,,center_unit,9.0,,,,,0.025,
glue|bert-base-uncased|rte_wide|A|t17|s42|tune,glue,bert-base-uncased,rte_wide,rte,A,tune,17,42,acc,feature_mode=unit;gat_hidden_dim=128;graph_curvature=9.0;graph_metric=poincare;jk_mode=cat;lr=0.001;num_layers=2;proj_dim=256;rho_quantile=0.38;scorer_hidden=256;weight_decay=1e-05,128,poincare,cat,0.001,2,256,256,,1e-05,56.68,176.03,0.37809,0.0,,,,,,unit,9.0,,,,,0.38,
glue|bert-base-uncased|rte_wide|A|t18|s42|tune,glue,bert-base-uncased,rte_wide,rte,A,tune,18,42,acc,feature_mode=center;gat_hidden_dim=64;graph_curvature=0.25;graph_metric=poincare;jk_mode=max;lr=0.0002;num_layers=2;proj_dim=256;rho_quantile=0.05;scorer_hidden=256;weight_decay=0.0,64,poincare,max,0.0002,2,256,256,,0.0,54.15,167.37,0.04979,0.0,,,,,,center,0.25,,,,,0.05,
glue|bert-base-uncased|rte_wide|A|t19|s42|tune,glue,bert-base-uncased,rte_wide,rte,A,tune,19,42,acc,feature_mode=cls_root_unit;gat_hidden_dim=256;graph_curvature=2.25;graph_metric=poincare;jk_mode=cat;lr=2e-05;num_layers=2;proj_dim=512;rho_quantile=0.025;scorer_hidden=256;weight_decay=1e-05,256,poincare,cat,2e-05,2,512,256,,1e-05,51.26,142.53,0.02508,0.00391,,,,,,cls_root_unit,2.25,,,,,0.025,
glue|bert-base-uncased|rte_wide|A|t20|s42|tune,glue,bert-base-uncased,rte_wide,rte,A,tune,20,42,acc,feature_mode=center_unit;gat_hidden_dim=64;graph_curvature=4.0;graph_metric=poincare;jk_mode=max;lr=0.001;num_layers=4;proj_dim=128;rho_quantile=0.2;scorer_hidden=256;weight_decay=5e-05,64,poincare,max,0.001,4,128,256,,5e-05,54.87,153.55,0.19861,0.0,,,,,,center_unit,4.0,,,,,0.2,
glue|bert-base-uncased|rte_wide|A|t21|s42|tune,glue,bert-base-uncased,rte_wide,rte,A,tune,21,42,acc,feature_mode=cls_root_unit;gat_hidden_dim=64;graph_curvature=0.25;graph_metric=poincare;jk_mode=cat;lr=0.001;num_layers=4;proj_dim=128;rho_quantile=0.1;scorer_hidden=128;weight_decay=1e-05,64,poincare,cat,0.001,4,128,128,,1e-05,58.12,162.27,0.09972,0.0,,,,,,cls_root_unit,0.25,,,,,0.1,
glue|bert-base-uncased|rte_wide|A|t22|s42|tune,glue,bert-base-uncased,rte_wide,rte,A,tune,22,42,acc,feature_mode=center;gat_hidden_dim=256;graph_curvature=4.0;graph_metric=poincare;jk_mode=cat;lr=0.0002;num_layers=4;proj_dim=256;rho_quantile=0.05;scorer_hidden=256;weight_decay=5e-05,256,poincare,cat,0.0002,4,256,256,,5e-05,50.54,153.98,0.04996,0.00391,,,,,,center,4.0,,,,,0.05,
glue|bert-base-uncased|rte_wide|A|t23|s42|tune,glue,bert-base-uncased,rte_wide,rte,A,tune,23,42,acc,feature_mode=center;gat_hidden_dim=256;graph_curvature=0.25;graph_metric=poincare;jk_mode=max;lr=0.001;num_layers=2;proj_dim=512;rho_quantile=0.2;scorer_hidden=256;weight_decay=0.0,256,poincare,max,0.001,2,512,256,,0.0,53.07,123.16,0.19776,0.0,,,,,,center,0.25,,,,,0.2,
glue|bert-base-uncased|rte_wide|A|t24|s42|tune,glue,bert-base-uncased,rte_wide,rte,A,tune,24,42,acc,feature_mode=cls_root_unit;gat_hidden_dim=64;graph_curvature=1.0;graph_metric=poincare;jk_mode=cat;lr=0.001;num_layers=4;proj_dim=512;rho_quantile=0.025;scorer_hidden=256;weight_decay=5e-05,64,poincare,cat,0.001,4,512,256,,5e-05,55.6,177.19,0.0252,0.0,,,,,,cls_root_unit,1.0,,,,,0.025,
glue|bert-base-uncased|rte_wide|A|t25|s42|tune,glue,bert-base-uncased,rte_wide,rte,A,tune,25,42,acc,feature_mode=cls_root_unit;gat_hidden_dim=64;graph_curvature=2.25;graph_metric=poincare;jk_mode=max;lr=0.0002;num_layers=2;proj_dim=128;rho_quantile=0.2;scorer_hidden=256;weight_decay=0.0,64,poincare,max,0.0002,2,128,256,,0.0,55.23,162.07,0.19856,0.0,,,,,,cls_root_unit,2.25,,,,,0.2,
glue|bert-base-uncased|rte_wide|A|t26|s42|tune,glue,bert-base-uncased,rte_wide,rte,A,tune,26,42,acc,feature_mode=unit;gat_hidden_dim=64;graph_curvature=2.25;graph_metric=poincare;jk_mode=cat;lr=0.0002;num_layers=2;proj_dim=256;rho_quantile=0.1;scorer_hidden=128;weight_decay=5e-05,64,poincare,cat,0.0002,2,256,128,,5e-05,52.35,162.59,0.09888,0.0,,,,,,unit,2.25,,,,,0.1,
glue|bert-base-uncased|rte_wide|A|t27|s42|tune,glue,bert-base-uncased,rte_wide,rte,A,tune,27,42,acc,feature_mode=center_unit;gat_hidden_dim=256;graph_curvature=1.0;graph_metric=poincare;jk_mode=max;lr=2e-05;num_layers=4;proj_dim=256;rho_quantile=0.38;scorer_hidden=128;weight_decay=1e-05,256,poincare,max,2e-05,4,256,128,,1e-05,49.82,159.63,0.37706,0.0,,,,,,center_unit,1.0,,,,,0.38,
glue|bert-base-uncased|rte_wide|A|t28|s42|tune,glue,bert-base-uncased,rte_wide,rte,A,tune,28,42,acc,feature_mode=cls_root_unit;gat_hidden_dim=256;graph_curvature=2.25;graph_metric=poincare;jk_mode=max;lr=0.0002;num_layers=2;proj_dim=256;rho_quantile=0.05;scorer_hidden=256;weight_decay=0.0,256,poincare,max,0.0002,2,256,256,,0.0,54.87,129.79,0.05018,0.0,,,,,,cls_root_unit,2.25,,,,,0.05,
glue|bert-base-uncased|rte_wide|A|t29|s42|tune,glue,bert-base-uncased,rte_wide,rte,A,tune,29,42,acc,feature_mode=center;gat_hidden_dim=256;graph_curvature=4.0;graph_metric=poincare;jk_mode=max;lr=0.0002;num_layers=4;proj_dim=512;rho_quantile=0.05;scorer_hidden=128;weight_decay=0.0,256,poincare,max,0.0002,4,512,128,,0.0,47.65,153.64,0.04927,0.00391,,,,,,center,4.0,,,,,0.05,
glue|bert-base-uncased|rte_wide|A|t30|s42|tune,glue,bert-base-uncased,rte_wide,rte,A,tune,30,42,acc,feature_mode=center;gat_hidden_dim=128;graph_curvature=2.25;graph_metric=poincare;jk_mode=cat;lr=0.001;num_layers=4;proj_dim=512;rho_quantile=0.1;scorer_hidden=256;weight_decay=0.0,128,poincare,cat,0.001,4,512,256,,0.0,50.54,182.4,0.09896,0.0,,,,,,center,2.25,,,,,0.1,
glue|bert-base-uncased|rte_wide|A|t31|s42|tune,glue,bert-base-uncased,rte_wide,rte,A,tune,31,42,acc,feature_mode=cls_root_unit;gat_hidden_dim=256;graph_curvature=1.0;graph_metric=poincare;jk_mode=cat;lr=0.0002;num_layers=4;proj_dim=512;rho_quantile=0.05;scorer_hidden=256;weight_decay=0.0,256,poincare,cat,0.0002,4,512,256,,0.0,48.38,153.56,0.05005,0.00391,,,,,,cls_root_unit,1.0,,,,,0.05,
glue|bert-base-uncased|rte_wide|A|t32|s42|tune,glue,bert-base-uncased,rte_wide,rte,A,tune,32,42,acc,feature_mode=cls_root_unit;gat_hidden_dim=64;graph_curvature=0.25;graph_metric=poincare;jk_mode=max;lr=2e-05;num_layers=2;proj_dim=512;rho_quantile=0.38;scorer_hidden=128;weight_decay=1e-05,64,poincare,max,2e-05,2,512,128,,1e-05,48.38,150.56,0.37799,0.0,,,,,,cls_root_unit,0.25,,,,,0.38,
glue|bert-base-uncased|rte_wide|A|t33|s42|tune,glue,bert-base-uncased,rte_wide,rte,A,tune,33,42,acc,feature_mode=center;gat_hidden_dim=256;graph_curvature=4.0;graph_metric=poincare;jk_mode=cat;lr=0.001;num_layers=4;proj_dim=256;rho_quantile=0.38;scorer_hidden=128;weight_decay=1e-05,256,poincare,cat,0.001,4,256,128,,1e-05,50.18,162.64,0.37603,0.0,,,,,,center,4.0,,,,,0.38,
glue|bert-base-uncased|rte_wide|A|t34|s42|tune,glue,bert-base-uncased,rte_wide,rte,A,tune,34,42,acc,feature_mode=center_unit;gat_hidden_dim=256;graph_curvature=9.0;graph_metric=poincare;jk_mode=max;lr=2e-05;num_layers=2;proj_dim=256;rho_quantile=0.2;scorer_hidden=256;weight_decay=0.0,256,poincare,max,2e-05,2,256,256,,0.0,53.79,152.69,0.19854,0.0,,,,,,center_unit,9.0,,,,,0.2,
glue|bert-base-uncased|rte_wide|A|t35|s42|tune,glue,bert-base-uncased,rte_wide,rte,A,tune,35,42,acc,feature_mode=unit;gat_hidden_dim=64;graph_curvature=0.25;graph_metric=poincare;jk_mode=max;lr=0.001;num_layers=2;proj_dim=256;rho_quantile=0.1;scorer_hidden=256;weight_decay=1e-05,64,poincare,max,0.001,2,256,256,,1e-05,60.29,145.37,0.09953,0.0,,,,,,unit,0.25,,,,,0.1,
glue|bert-base-uncased|rte_wide|A|t36|s42|tune,glue,bert-base-uncased,rte_wide,rte,A,tune,36,42,acc,feature_mode=center;gat_hidden_dim=128;graph_curvature=1.0;graph_metric=poincare;jk_mode=cat;lr=0.001;num_layers=4;proj_dim=256;rho_quantile=0.05;scorer_hidden=256;weight_decay=5e-05,128,poincare,cat,0.001,4,256,256,,5e-05,50.54,164.25,0.04972,0.00391,,,,,,center,1.0,,,,,0.05,
glue|bert-base-uncased|rte_wide|A|t37|s42|tune,glue,bert-base-uncased,rte_wide,rte,A,tune,37,42,acc,feature_mode=cls_root_unit;gat_hidden_dim=256;graph_curvature=2.25;graph_metric=poincare;jk_mode=max;lr=0.001;num_layers=2;proj_dim=256;rho_quantile=0.025;scorer_hidden=128;weight_decay=0.0,256,poincare,max,0.001,2,256,128,,0.0,54.51,168.44,0.02496,0.0,,,,,,cls_root_unit,2.25,,,,,0.025,
glue|bert-base-uncased|rte_wide|A|t38|s42|tune,glue,bert-base-uncased,rte_wide,rte,A,tune,38,42,acc,feature_mode=cls_root_unit;gat_hidden_dim=256;graph_curvature=9.0;graph_metric=poincare;jk_mode=max;lr=0.001;num_layers=4;proj_dim=512;rho_quantile=0.38;scorer_hidden=128;weight_decay=5e-05,256,poincare,max,0.001,4,512,128,,5e-05,54.87,169.55,0.37674,0.0,,,,,,cls_root_unit,9.0,,,,,0.38,
glue|bert-base-uncased|rte_wide|A|t39|s42|tune,glue,bert-base-uncased,rte_wide,rte,A,tune,39,42,acc,feature_mode=unit;gat_hidden_dim=128;graph_curvature=9.0;graph_metric=poincare;jk_mode=cat;lr=0.001;num_layers=4;proj_dim=512;rho_quantile=0.025;scorer_hidden=256;weight_decay=0.0,128,poincare,cat,0.001,4,512,256,,0.0,54.87,160.33,0.02492,0.01172,,,,,,unit,9.0,,,,,0.025,
glue|bert-base-uncased|rte_wide|AC|t0|s42|tune,glue,bert-base-uncased,rte_wide,rte,AC,tune,0,42,acc,curvature=1.0;feature_mode=center;gat_hidden_dim=128;gnn_input_clip=1.0;gnn_input_scale=1;graph_curvature=9.0;graph_metric=poincare;hyp_gnn_type=gat;hyperbolic_gnn=1;jk_mode=max;lr=0.0002;num_layers=2;proj_dim=256;rho_quantile=0.2;scorer_hidden=256;weight_decay=5e-05,128,poincare,max,0.0002,2,256,256,,5e-05,55.96,156.43,0.19716,0.0,1.0,1.0,1,gat,1,center,9.0,,,,,0.2,
glue|bert-base-uncased|rte_wide|AC|t1|s42|tune,glue,bert-base-uncased,rte_wide,rte,AC,tune,1,42,acc,curvature=0.25;feature_mode=center;gat_hidden_dim=256;gnn_input_clip=0.7;gnn_input_scale=1;graph_curvature=9.0;graph_metric=poincare;hyp_gnn_type=gat;hyperbolic_gnn=1;jk_mode=max;lr=0.0002;num_layers=2;proj_dim=512;rho_quantile=0.2;scorer_hidden=128;weight_decay=0.0,256,poincare,max,0.0002,2,512,128,,0.0,55.23,158.86,0.19689,0.0,0.25,0.7,1,gat,1,center,9.0,,,,,0.2,
glue|bert-base-uncased|rte_wide|AC|t2|s42|tune,glue,bert-base-uncased,rte_wide,rte,AC,tune,2,42,acc,curvature=4.0;feature_mode=cls_root_unit;gat_hidden_dim=256;gnn_input_clip=0.7;gnn_input_scale=0;graph_curvature=1.0;graph_metric=poincare;hyp_gnn_type=gcn;hyperbolic_gnn=1;jk_mode=cat;lr=2e-05;num_layers=2;proj_dim=256;rho_quantile=0.1;scorer_hidden=128;weight_decay=5e-05,256,poincare,cat,2e-05,2,256,128,,5e-05,51.26,168.52,0.09874,0.0,4.0,0.7,0,gcn,1,cls_root_unit,1.0,,,,,0.1,
glue|bert-base-uncased|rte_wide|AC|t3|s42|tune,glue,bert-base-uncased,rte_wide,rte,AC,tune,3,42,acc,curvature=0.25;feature_mode=unit;gat_hidden_dim=64;gnn_input_clip=0.0;gnn_input_scale=1;graph_curvature=9.0;graph_metric=poincare;hyp_gnn_type=gat;hyperbolic_gnn=1;jk_mode=max;lr=2e-05;num_layers=4;proj_dim=128;rho_quantile=0.38;scorer_hidden=256;weight_decay=5e-05,64,poincare,max,2e-05,4,128,256,,5e-05,47.29,134.85,0.37774,0.0,0.25,0.0,1,gat,1,unit,9.0,,,,,0.38,
glue|bert-base-uncased|rte_wide|AC|t4|s42|tune,glue,bert-base-uncased,rte_wide,rte,AC,tune,4,42,acc,curvature=1.0;feature_mode=cls_root_unit;gat_hidden_dim=128;gnn_input_clip=1.0;gnn_input_scale=0;graph_curvature=9.0;graph_metric=poincare;hyp_gnn_type=gcn;hyperbolic_gnn=1;jk_mode=cat;lr=0.001;num_layers=4;proj_dim=256;rho_quantile=0.1;scorer_hidden=128;weight_decay=5e-05,128,poincare,cat,0.001,4,256,128,,5e-05,55.96,154.01,0.09023,0.0,1.0,1.0,0,gcn,1,cls_root_unit,9.0,,,,,0.1,
glue|bert-base-uncased|rte_wide|AC|t5|s42|tune,glue,bert-base-uncased,rte_wide,rte,AC,tune,5,42,acc,curvature=4.0;feature_mode=center_unit;gat_hidden_dim=256;gnn_input_clip=0.3;gnn_input_scale=0;graph_curvature=4.0;graph_metric=poincare;hyp_gnn_type=gat;hyperbolic_gnn=1;jk_mode=cat;lr=0.001;num_layers=4;proj_dim=256;rho_quantile=0.1;scorer_hidden=256;weight_decay=1e-05,256,poincare,cat,0.001,4,256,256,,1e-05,55.23,178.3,0.09964,0.0,4.0,0.3,0,gat,1,center_unit,4.0,,,,,0.1,
glue|bert-base-uncased|rte_wide|AC|t6|s42|tune,glue,bert-base-uncased,rte_wide,rte,AC,tune,6,42,acc,curvature=0.25;feature_mode=cls_root_unit;gat_hidden_dim=64;gnn_input_clip=0.0;gnn_input_scale=0;graph_curvature=2.25;graph_metric=poincare;hyp_gnn_type=gcn;hyperbolic_gnn=1;jk_mode=cat;lr=0.001;num_layers=4;proj_dim=128;rho_quantile=0.2;scorer_hidden=256;weight_decay=0.0,64,poincare,cat,0.001,4,128,256,,0.0,51.99,179.85,0.19866,0.0,0.25,0.0,0,gcn,1,cls_root_unit,2.25,,,,,0.2,
glue|bert-base-uncased|rte_wide|AC|t7|s42|tune,glue,bert-base-uncased,rte_wide,rte,AC,tune,7,42,acc,curvature=4.0;feature_mode=center;gat_hidden_dim=128;gnn_input_clip=0.7;gnn_input_scale=1;graph_curvature=4.0;graph_metric=poincare;hyp_gnn_type=gcn;hyperbolic_gnn=1;jk_mode=max;lr=0.001;num_layers=4;proj_dim=128;rho_quantile=0.05;scorer_hidden=128;weight_decay=0.0,128,poincare,max,0.001,4,128,128,,0.0,54.51,153.56,0.04984,0.0,4.0,0.7,1,gcn,1,center,4.0,,,,,0.05,
glue|bert-base-uncased|rte_wide|AC|t8|s42|tune,glue,bert-base-uncased,rte_wide,rte,AC,tune,8,42,acc,curvature=0.25;feature_mode=center;gat_hidden_dim=64;gnn_input_clip=0.0;gnn_input_scale=1;graph_curvature=2.25;graph_metric=poincare;hyp_gnn_type=gat;hyperbolic_gnn=1;jk_mode=cat;lr=0.001;num_layers=2;proj_dim=256;rho_quantile=0.38;scorer_hidden=128;weight_decay=5e-05,64,poincare,cat,0.001,2,256,128,,5e-05,52.71,154.92,0.37434,0.0,0.25,0.0,1,gat,1,center,2.25,,,,,0.38,
glue|bert-base-uncased|rte_wide|AC|t9|s42|tune,glue,bert-base-uncased,rte_wide,rte,AC,tune,9,42,acc,curvature=1.0;feature_mode=unit;gat_hidden_dim=256;gnn_input_clip=1.0;gnn_input_scale=0;graph_curvature=4.0;graph_metric=poincare;hyp_gnn_type=gat;hyperbolic_gnn=1;jk_mode=max;lr=0.0002;num_layers=2;proj_dim=256;rho_quantile=0.38;scorer_hidden=128;weight_decay=0.0,256,poincare,max,0.0002,2,256,128,,0.0,52.35,126.16,0.37791,0.0,1.0,1.0,0,gat,1,unit,4.0,,,,,0.38,
glue|bert-base-uncased|rte_wide|AC|t10|s42|tune,glue,bert-base-uncased,rte_wide,rte,AC,tune,10,42,acc,curvature=1.0;feature_mode=unit;gat_hidden_dim=64;gnn_input_clip=0.3;gnn_input_scale=0;graph_curvature=1.0;graph_metric=poincare;hyp_gnn_type=gcn;hyperbolic_gnn=1;jk_mode=max;lr=0.0002;num_layers=2;proj_dim=128;rho_quantile=0.38;scorer_hidden=256;weight_decay=5e-05,64,poincare,max,0.0002,2,128,256,,5e-05,52.71,160.71,0.37799,0.0,1.0,0.3,0,gcn,1,unit,1.0,,,,,0.38,
glue|bert-base-uncased|rte_wide|AC|t11|s42|tune,glue,bert-base-uncased,rte_wide,rte,AC,tune,11,42,acc,curvature=4.0;feature_mode=center;gat_hidden_dim=64;gnn_input_clip=1.0;gnn_input_scale=1;graph_curvature=2.25;graph_metric=poincare;hyp_gnn_type=gcn;hyperbolic_gnn=1;jk_mode=max;lr=2e-05;num_layers=2;proj_dim=128;rho_quantile=0.05;scorer_hidden=256;weight_decay=0.0,64,poincare,max,2e-05,2,128,256,,0.0,52.71,153.09,0.04981,0.0,4.0,1.0,1,gcn,1,center,2.25,,,,,0.05,
glue|bert-base-uncased|rte_wide|AC|t12|s42|tune,glue,bert-base-uncased,rte_wide,rte,AC,tune,12,42,acc,curvature=1.0;feature_mode=unit;gat_hidden_dim=128;gnn_input_clip=0.3;gnn_input_scale=0;graph_curvature=0.25;graph_metric=poincare;hyp_gnn_type=gat;hyperbolic_gnn=1;jk_mode=max;lr=0.0002;num_layers=4;proj_dim=256;rho_quantile=0.2;scorer_hidden=256;weight_decay=0.0,128,poincare,max,0.0002,4,256,256,,0.0,51.99,173.46,0.19866,0.0,1.0,0.3,0,gat,1,unit,0.25,,,,,0.2,
glue|bert-base-uncased|rte_wide|AC|t13|s42|tune,glue,bert-base-uncased,rte_wide,rte,AC,tune,13,42,acc,curvature=4.0;feature_mode=center_unit;gat_hidden_dim=64;gnn_input_clip=0.3;gnn_input_scale=1;graph_curvature=9.0;graph_metric=poincare;hyp_gnn_type=gcn;hyperbolic_gnn=1;jk_mode=cat;lr=0.0002;num_layers=2;proj_dim=128;rho_quantile=0.2;scorer_hidden=256;weight_decay=5e-05,64,poincare,cat,0.0002,2,128,256,,5e-05,57.4,168.37,0.19859,0.0,4.0,0.3,1,gcn,1,center_unit,9.0,,,,,0.2,
glue|bert-base-uncased|rte_wide|AC|t14|s42|tune,glue,bert-base-uncased,rte_wide,rte,AC,tune,14,42,acc,curvature=1.0;feature_mode=center;gat_hidden_dim=128;gnn_input_clip=1.0;gnn_input_scale=0;graph_curvature=9.0;graph_metric=poincare;hyp_gnn_type=gcn;hyperbolic_gnn=1;jk_mode=max;lr=2e-05;num_layers=4;proj_dim=512;rho_quantile=0.05;scorer_hidden=256;weight_decay=1e-05,128,poincare,max,2e-05,4,512,256,,1e-05,47.29,172.7,0.04975,0.0,1.0,1.0,0,gcn,1,center,9.0,,,,,0.05,
glue|bert-base-uncased|rte_wide|AC|t15|s42|tune,glue,bert-base-uncased,rte_wide,rte,AC,tune,15,42,acc,curvature=1.0;feature_mode=cls_root_unit;gat_hidden_dim=64;gnn_input_clip=1.0;gnn_input_scale=0;graph_curvature=9.0;graph_metric=poincare;hyp_gnn_type=gat;hyperbolic_gnn=1;jk_mode=max;lr=0.001;num_layers=4;proj_dim=128;rho_quantile=0.05;scorer_hidden=256;weight_decay=0.0,64,poincare,max,0.001,4,128,256,,0.0,56.68,158.95,0.04375,0.00781,1.0,1.0,0,gat,1,cls_root_unit,9.0,,,,,0.05,
glue|bert-base-uncased|rte_wide|AC|t16|s42|tune,glue,bert-base-uncased,rte_wide,rte,AC,tune,16,42,acc,curvature=1.0;feature_mode=center;gat_hidden_dim=256;gnn_input_clip=0.0;gnn_input_scale=0;graph_curvature=2.25;graph_metric=poincare;hyp_gnn_type=gcn;hyperbolic_gnn=1;jk_mode=max;lr=0.001;num_layers=4;proj_dim=256;rho_quantile=0.1;scorer_hidden=128;weight_decay=1e-05,256,poincare,max,0.001,4,256,128,,1e-05,52.35,160.44,0.09836,0.0,1.0,0.0,0,gcn,1,center,2.25,,,,,0.1,
glue|bert-base-uncased|rte_wide|AC|t17|s42|tune,glue,bert-base-uncased,rte_wide,rte,AC,tune,17,42,acc,curvature=0.25;feature_mode=center_unit;gat_hidden_dim=128;gnn_input_clip=1.0;gnn_input_scale=0;graph_curvature=4.0;graph_metric=poincare;hyp_gnn_type=gcn;hyperbolic_gnn=1;jk_mode=cat;lr=2e-05;num_layers=4;proj_dim=512;rho_quantile=0.025;scorer_hidden=256;weight_decay=0.0,128,poincare,cat,2e-05,4,512,256,,0.0,55.6,155.42,0.02512,0.0,0.25,1.0,0,gcn,1,center_unit,4.0,,,,,0.025,
glue|bert-base-uncased|rte_wide|AC|t18|s42|tune,glue,bert-base-uncased,rte_wide,rte,AC,tune,18,42,acc,curvature=4.0;feature_mode=center;gat_hidden_dim=128;gnn_input_clip=0.0;gnn_input_scale=1;graph_curvature=2.25;graph_metric=poincare;hyp_gnn_type=gcn;hyperbolic_gnn=1;jk_mode=cat;lr=0.001;num_layers=2;proj_dim=128;rho_quantile=0.2;scorer_hidden=128;weight_decay=1e-05,128,poincare,cat,0.001,2,128,128,,1e-05,54.51,159.35,0.19705,0.0,4.0,0.0,1,gcn,1,center,2.25,,,,,0.2,
glue|bert-base-uncased|rte_wide|AC|t19|s42|tune,glue,bert-base-uncased,rte_wide,rte,AC,tune,19,42,acc,curvature=4.0;feature_mode=cls_root_unit;gat_hidden_dim=64;gnn_input_clip=0.3;gnn_input_scale=1;graph_curvature=4.0;graph_metric=poincare;hyp_gnn_type=gat;hyperbolic_gnn=1;jk_mode=max;lr=0.0002;num_layers=2;proj_dim=512;rho_quantile=0.2;scorer_hidden=128;weight_decay=1e-05,64,poincare,max,0.0002,2,512,128,,1e-05,54.15,122.6,0.19887,0.0,4.0,0.3,1,gat,1,cls_root_unit,4.0,,,,,0.2,
glue|bert-base-uncased|rte_wide|AC|t20|s42|tune,glue,bert-base-uncased,rte_wide,rte,AC,tune,20,42,acc,curvature=4.0;feature_mode=center;gat_hidden_dim=128;gnn_input_clip=0.3;gnn_input_scale=1;graph_curvature=9.0;graph_metric=poincare;hyp_gnn_type=gat;hyperbolic_gnn=1;jk_mode=cat;lr=2e-05;num_layers=2;proj_dim=512;rho_quantile=0.2;scorer_hidden=256;weight_decay=0.0,128,poincare,cat,2e-05,2,512,256,,0.0,48.74,168.33,0.19743,0.0,4.0,0.3,1,gat,1,center,9.0,,,,,0.2,
glue|bert-base-uncased|rte_wide|AC|t21|s42|tune,glue,bert-base-uncased,rte_wide,rte,AC,tune,21,42,acc,curvature=4.0;feature_mode=cls_root_unit;gat_hidden_dim=256;gnn_input_clip=0.7;gnn_input_scale=1;graph_curvature=0.25;graph_metric=poincare;hyp_gnn_type=gcn;hyperbolic_gnn=1;jk_mode=max;lr=2e-05;num_layers=2;proj_dim=512;rho_quantile=0.1;scorer_hidden=128;weight_decay=1e-05,256,poincare,max,2e-05,2,512,128,,1e-05,48.01,155.05,0.09919,0.0,4.0,0.7,1,gcn,1,cls_root_unit,0.25,,,,,0.1,
glue|bert-base-uncased|rte_wide|AC|t22|s42|tune,glue,bert-base-uncased,rte_wide,rte,AC,tune,22,42,acc,curvature=1.0;feature_mode=center;gat_hidden_dim=256;gnn_input_clip=0.3;gnn_input_scale=1;graph_curvature=4.0;graph_metric=poincare;hyp_gnn_type=gcn;hyperbolic_gnn=1;jk_mode=cat;lr=0.0002;num_layers=4;proj_dim=512;rho_quantile=0.025;scorer_hidden=128;weight_decay=0.0,256,poincare,cat,0.0002,4,512,128,,0.0,53.07,159.93,0.02519,0.0,1.0,0.3,1,gcn,1,center,4.0,,,,,0.025,
glue|bert-base-uncased|rte_wide|AC|t23|s42|tune,glue,bert-base-uncased,rte_wide,rte,AC,tune,23,42,acc,curvature=1.0;feature_mode=center;gat_hidden_dim=64;gnn_input_clip=1.0;gnn_input_scale=1;graph_curvature=0.25;graph_metric=poincare;hyp_gnn_type=gcn;hyperbolic_gnn=1;jk_mode=max;lr=0.001;num_layers=2;proj_dim=256;rho_quantile=0.05;scorer_hidden=128;weight_decay=0.0,64,poincare,max,0.001,2,256,128,,0.0,56.68,130.26,0.04987,0.0,1.0,1.0,1,gcn,1,center,0.25,,,,,0.05,
glue|bert-base-uncased|rte_wide|AC|t24|s42|tune,glue,bert-base-uncased,rte_wide,rte,AC,tune,24,42,acc,curvature=4.0;feature_mode=center;gat_hidden_dim=64;gnn_input_clip=0.7;gnn_input_scale=1;graph_curvature=4.0;graph_metric=poincare;hyp_gnn_type=gcn;hyperbolic_gnn=1;jk_mode=cat;lr=2e-05;num_layers=2;proj_dim=128;rho_quantile=0.025;scorer_hidden=128;weight_decay=1e-05,64,poincare,cat,2e-05,2,128,128,,1e-05,54.51,146.17,0.02539,0.00391,4.0,0.7,1,gcn,1,center,4.0,,,,,0.025,
glue|bert-base-uncased|rte_wide|AC|t25|s42|tune,glue,bert-base-uncased,rte_wide,rte,AC,tune,25,42,acc,curvature=1.0;feature_mode=unit;gat_hidden_dim=256;gnn_input_clip=0.0;gnn_input_scale=0;graph_curvature=1.0;graph_metric=poincare;hyp_gnn_type=gcn;hyperbolic_gnn=1;jk_mode=max;lr=0.0002;num_layers=4;proj_dim=256;rho_quantile=0.2;scorer_hidden=128;weight_decay=0.0,256,poincare,max,0.0002,4,256,128,,0.0,56.32,160.54,0.19887,0.0,1.0,0.0,0,gcn,1,unit,1.0,,,,,0.2,
glue|bert-base-uncased|rte_wide|AC|t26|s42|tune,glue,bert-base-uncased,rte_wide,rte,AC,tune,26,42,acc,curvature=4.0;feature_mode=center_unit;gat_hidden_dim=128;gnn_input_clip=0.0;gnn_input_scale=0;graph_curvature=9.0;graph_metric=poincare;hyp_gnn_type=gcn;hyperbolic_gnn=1;jk_mode=cat;lr=0.001;num_layers=2;proj_dim=128;rho_quantile=0.38;scorer_hidden=128;weight_decay=1e-05,128,poincare,cat,0.001,2,128,128,,1e-05,55.23,126.97,0.37769,0.0,4.0,0.0,0,gcn,1,center_unit,9.0,,,,,0.38,
glue|bert-base-uncased|rte_wide|AC|t27|s42|tune,glue,bert-base-uncased,rte_wide,rte,AC,tune,27,42,acc,curvature=1.0;feature_mode=unit;gat_hidden_dim=64;gnn_input_clip=0.7;gnn_input_scale=0;graph_curvature=0.25;graph_metric=poincare;hyp_gnn_type=gat;hyperbolic_gnn=1;jk_mode=cat;lr=0.0002;num_layers=4;proj_dim=512;rho_quantile=0.2;scorer_hidden=256;weight_decay=0.0,64,poincare,cat,0.0002,4,512,256,,0.0,55.23,136.02,0.1986,0.0,1.0,0.7,0,gat,1,unit,0.25,,,,,0.2,
glue|bert-base-uncased|rte_wide|AC|t28|s42|tune,glue,bert-base-uncased,rte_wide,rte,AC,tune,28,42,acc,curvature=1.0;feature_mode=center;gat_hidden_dim=128;gnn_input_clip=1.0;gnn_input_scale=0;graph_curvature=2.25;graph_metric=poincare;hyp_gnn_type=gat;hyperbolic_gnn=1;jk_mode=max;lr=0.0002;num_layers=2;proj_dim=128;rho_quantile=0.2;scorer_hidden=256;weight_decay=5e-05,128,poincare,max,0.0002,2,128,256,,5e-05,55.96,123.17,0.19716,0.0,1.0,1.0,0,gat,1,center,2.25,,,,,0.2,
glue|bert-base-uncased|rte_wide|AC|t29|s42|tune,glue,bert-base-uncased,rte_wide,rte,AC,tune,29,42,acc,curvature=0.25;feature_mode=center_unit;gat_hidden_dim=128;gnn_input_clip=0.3;gnn_input_scale=0;graph_curvature=0.25;graph_metric=poincare;hyp_gnn_type=gat;hyperbolic_gnn=1;jk_mode=cat;lr=0.0002;num_layers=4;proj_dim=256;rho_quantile=0.05;scorer_hidden=128;weight_decay=0.0,128,poincare,cat,0.0002,4,256,128,,0.0,56.32,148.73,0.05015,0.0,0.25,0.3,0,gat,1,center_unit,0.25,,,,,0.05,
glue|bert-base-uncased|rte_wide|AC|t30|s42|tune,glue,bert-base-uncased,rte_wide,rte,AC,tune,30,42,acc,curvature=0.25;feature_mode=unit;gat_hidden_dim=128;gnn_input_clip=1.0;gnn_input_scale=1;graph_curvature=9.0;graph_metric=poincare;hyp_gnn_type=gcn;hyperbolic_gnn=1;jk_mode=cat;lr=0.0002;num_layers=4;proj_dim=512;rho_quantile=0.05;scorer_hidden=128;weight_decay=0.0,128,poincare,cat,0.0002,4,512,128,,0.0,54.15,173.31,0.04983,0.0,0.25,1.0,1,gcn,1,unit,9.0,,,,,0.05,
glue|bert-base-uncased|rte_wide|AC|t31|s42|tune,glue,bert-base-uncased,rte_wide,rte,AC,tune,31,42,acc,curvature=1.0;feature_mode=cls_root_unit;gat_hidden_dim=128;gnn_input_clip=0.3;gnn_input_scale=1;graph_curvature=0.25;graph_metric=poincare;hyp_gnn_type=gcn;hyperbolic_gnn=1;jk_mode=cat;lr=2e-05;num_layers=4;proj_dim=256;rho_quantile=0.38;scorer_hidden=256;weight_decay=5e-05,128,poincare,cat,2e-05,4,256,256,,5e-05,54.87,169.24,0.37802,0.0,1.0,0.3,1,gcn,1,cls_root_unit,0.25,,,,,0.38,
glue|bert-base-uncased|rte_wide|AC|t32|s42|tune,glue,bert-base-uncased,rte_wide,rte,AC,tune,32,42,acc,curvature=4.0;feature_mode=unit;gat_hidden_dim=128;gnn_input_clip=0.0;gnn_input_scale=0;graph_curvature=0.25;graph_metric=poincare;hyp_gnn_type=gat;hyperbolic_gnn=1;jk_mode=max;lr=0.001;num_layers=2;proj_dim=128;rho_quantile=0.025;scorer_hidden=128;weight_decay=5e-05,128,poincare,max,0.001,2,128,128,,5e-05,58.12,138.96,0.02481,0.0,4.0,0.0,0,gat,1,unit,0.25,,,,,0.025,
glue|bert-base-uncased|rte_wide|AC|t33|s42|tune,glue,bert-base-uncased,rte_wide,rte,AC,tune,33,42,acc,curvature=4.0;feature_mode=unit;gat_hidden_dim=256;gnn_input_clip=0.3;gnn_input_scale=1;graph_curvature=2.25;graph_metric=poincare;hyp_gnn_type=gcn;hyperbolic_gnn=1;jk_mode=cat;lr=0.001;num_layers=4;proj_dim=512;rho_quantile=0.025;scorer_hidden=256;weight_decay=1e-05,256,poincare,cat,0.001,4,512,256,,1e-05,53.07,144.7,0.02521,0.0,4.0,0.3,1,gcn,1,unit,2.25,,,,,0.025,
glue|bert-base-uncased|rte_wide|AC|t34|s42|tune,glue,bert-base-uncased,rte_wide,rte,AC,tune,34,42,acc,curvature=4.0;feature_mode=unit;gat_hidden_dim=128;gnn_input_clip=1.0;gnn_input_scale=0;graph_curvature=9.0;graph_metric=poincare;hyp_gnn_type=gat;hyperbolic_gnn=1;jk_mode=cat;lr=0.0002;num_layers=4;proj_dim=256;rho_quantile=0.38;scorer_hidden=128;weight_decay=1e-05,128,poincare,cat,0.0002,4,256,128,,1e-05,55.96,184.59,0.37775,0.0,4.0,1.0,0,gat,1,unit,9.0,,,,,0.38,
glue|bert-base-uncased|rte_wide|AC|t35|s42|tune,glue,bert-base-uncased,rte_wide,rte,AC,tune,35,42,acc,curvature=0.25;feature_mode=center;gat_hidden_dim=128;gnn_input_clip=0.0;gnn_input_scale=1;graph_curvature=4.0;graph_metric=poincare;hyp_gnn_type=gat;hyperbolic_gnn=1;jk_mode=max;lr=0.0002;num_layers=4;proj_dim=128;rho_quantile=0.025;scorer_hidden=128;weight_decay=5e-05,128,poincare,max,0.0002,4,128,128,,5e-05,55.23,170.86,0.02488,0.00781,0.25,0.0,1,gat,1,center,4.0,,,,,0.025,
glue|bert-base-uncased|rte_wide|AC|t36|s42|tune,glue,bert-base-uncased,rte_wide,rte,AC,tune,36,42,acc,curvature=4.0;feature_mode=center;gat_hidden_dim=64;gnn_input_clip=0.7;gnn_input_scale=0;graph_curvature=9.0;graph_metric=poincare;hyp_gnn_type=gcn;hyperbolic_gnn=1;jk_mode=cat;lr=2e-05;num_layers=2;proj_dim=128;rho_quantile=0.025;scorer_hidden=128;weight_decay=5e-05,64,poincare,cat,2e-05,2,128,128,,5e-05,54.51,152.04,0.02537,0.00391,4.0,0.7,0,gcn,1,center,9.0,,,,,0.025,
glue|bert-base-uncased|rte_wide|AC|t37|s42|tune,glue,bert-base-uncased,rte_wide,rte,AC,tune,37,42,acc,curvature=4.0;feature_mode=center_unit;gat_hidden_dim=64;gnn_input_clip=0.7;gnn_input_scale=1;graph_curvature=9.0;graph_metric=poincare;hyp_gnn_type=gcn;hyperbolic_gnn=1;jk_mode=max;lr=0.001;num_layers=4;proj_dim=512;rho_quantile=0.05;scorer_hidden=256;weight_decay=1e-05,64,poincare,max,0.001,4,512,256,,1e-05,52.71,134.9,0.04992,0.0,4.0,0.7,1,gcn,1,center_unit,9.0,,,,,0.05,
glue|bert-base-uncased|rte_wide|AC|t38|s42|tune,glue,bert-base-uncased,rte_wide,rte,AC,tune,38,42,acc,curvature=1.0;feature_mode=center_unit;gat_hidden_dim=64;gnn_input_clip=1.0;gnn_input_scale=1;graph_curvature=0.25;graph_metric=poincare;hyp_gnn_type=gcn;hyperbolic_gnn=1;jk_mode=max;lr=0.001;num_layers=4;proj_dim=256;rho_quantile=0.2;scorer_hidden=256;weight_decay=1e-05,64,poincare,max,0.001,4,256,256,,1e-05,53.43,172.04,0.19878,0.0,1.0,1.0,1,gcn,1,center_unit,0.25,,,,,0.2,
glue|bert-base-uncased|rte_wide|AC|t39|s42|tune,glue,bert-base-uncased,rte_wide,rte,AC,tune,39,42,acc,curvature=0.25;feature_mode=unit;gat_hidden_dim=256;gnn_input_clip=1.0;gnn_input_scale=1;graph_curvature=2.25;graph_metric=poincare;hyp_gnn_type=gcn;hyperbolic_gnn=1;jk_mode=cat;lr=2e-05;num_layers=4;proj_dim=512;rho_quantile=0.025;scorer_hidden=256;weight_decay=1e-05,256,poincare,cat,2e-05,4,512,256,,1e-05,51.62,159.14,0.02521,0.0,0.25,1.0,1,gcn,1,unit,2.25,,,,,0.025,
glue|bert-base-uncased|rte_wide|A|t35|s1|confirm,glue,bert-base-uncased,rte_wide,rte,A,confirm,35,1,acc,feature_mode=unit;gat_hidden_dim=64;graph_curvature=0.25;graph_metric=poincare;jk_mode=max;lr=0.001;num_layers=2;proj_dim=256;rho_quantile=0.1;scorer_hidden=256;weight_decay=1e-05,64,poincare,max,0.001,2,256,256,,1e-05,53.43,125.76,0.0999,0.0,,,,,,unit,0.25,,,,,0.1,
glue|bert-base-uncased|rte_wide|A|t35|s2|confirm,glue,bert-base-uncased,rte_wide,rte,A,confirm,35,2,acc,feature_mode=unit;gat_hidden_dim=64;graph_curvature=0.25;graph_metric=poincare;jk_mode=max;lr=0.001;num_layers=2;proj_dim=256;rho_quantile=0.1;scorer_hidden=256;weight_decay=1e-05,64,poincare,max,0.001,2,256,256,,1e-05,54.15,113.58,0.09973,0.0,,,,,,unit,0.25,,,,,0.1,
glue|bert-base-uncased|rte_wide|A|t35|s3|confirm,glue,bert-base-uncased,rte_wide,rte,A,confirm,35,3,acc,feature_mode=unit;gat_hidden_dim=64;graph_curvature=0.25;graph_metric=poincare;jk_mode=max;lr=0.001;num_layers=2;proj_dim=256;rho_quantile=0.1;scorer_hidden=256;weight_decay=1e-05,64,poincare,max,0.001,2,256,256,,1e-05,52.35,114.76,0.09978,0.0,,,,,,unit,0.25,,,,,0.1,
glue|bert-base-uncased|rte_wide|A|t35|s4|confirm,glue,bert-base-uncased,rte_wide,rte,A,confirm,35,4,acc,feature_mode=unit;gat_hidden_dim=64;graph_curvature=0.25;graph_metric=poincare;jk_mode=max;lr=0.001;num_layers=2;proj_dim=256;rho_quantile=0.1;scorer_hidden=256;weight_decay=1e-05,64,poincare,max,0.001,2,256,256,,1e-05,53.07,105.68,0.09948,0.0,,,,,,unit,0.25,,,,,0.1,
glue|bert-base-uncased|rte_wide|A|t35|s5|confirm,glue,bert-base-uncased,rte_wide,rte,A,confirm,35,5,acc,feature_mode=unit;gat_hidden_dim=64;graph_curvature=0.25;graph_metric=poincare;jk_mode=max;lr=0.001;num_layers=2;proj_dim=256;rho_quantile=0.1;scorer_hidden=256;weight_decay=1e-05,64,poincare,max,0.001,2,256,256,,1e-05,52.35,116.47,0.09945,0.0,,,,,,unit,0.25,,,,,0.1,
glue|bert-base-uncased|rte_wide|A|t35|s6|confirm,glue,bert-base-uncased,rte_wide,rte,A,confirm,35,6,acc,feature_mode=unit;gat_hidden_dim=64;graph_curvature=0.25;graph_metric=poincare;jk_mode=max;lr=0.001;num_layers=2;proj_dim=256;rho_quantile=0.1;scorer_hidden=256;weight_decay=1e-05,64,poincare,max,0.001,2,256,256,,1e-05,55.6,104.12,0.09942,0.0,,,,,,unit,0.25,,,,,0.1,
glue|bert-base-uncased|rte_wide|A|t35|s7|confirm,glue,bert-base-uncased,rte_wide,rte,A,confirm,35,7,acc,feature_mode=unit;gat_hidden_dim=64;graph_curvature=0.25;graph_metric=poincare;jk_mode=max;lr=0.001;num_layers=2;proj_dim=256;rho_quantile=0.1;scorer_hidden=256;weight_decay=1e-05,64,poincare,max,0.001,2,256,256,,1e-05,53.43,112.04,0.09968,0.0,,,,,,unit,0.25,,,,,0.1,
glue|bert-base-uncased|rte_wide|A|t35|s8|confirm,glue,bert-base-uncased,rte_wide,rte,A,confirm,35,8,acc,feature_mode=unit;gat_hidden_dim=64;graph_curvature=0.25;graph_metric=poincare;jk_mode=max;lr=0.001;num_layers=2;proj_dim=256;rho_quantile=0.1;scorer_hidden=256;weight_decay=1e-05,64,poincare,max,0.001,2,256,256,,1e-05,52.71,107.56,0.09959,0.0,,,,,,unit,0.25,,,,,0.1,
glue|bert-base-uncased|rte_wide|A|t35|s9|confirm,glue,bert-base-uncased,rte_wide,rte,A,confirm,35,9,acc,feature_mode=unit;gat_hidden_dim=64;graph_curvature=0.25;graph_metric=poincare;jk_mode=max;lr=0.001;num_layers=2;proj_dim=256;rho_quantile=0.1;scorer_hidden=256;weight_decay=1e-05,64,poincare,max,0.001,2,256,256,,1e-05,53.43,105.78,0.09932,0.0,,,,,,unit,0.25,,,,,0.1,
glue|bert-base-uncased|rte_wide|A|t35|s10|confirm,glue,bert-base-uncased,rte_wide,rte,A,confirm,35,10,acc,feature_mode=unit;gat_hidden_dim=64;graph_curvature=0.25;graph_metric=poincare;jk_mode=max;lr=0.001;num_layers=2;proj_dim=256;rho_quantile=0.1;scorer_hidden=256;weight_decay=1e-05,64,poincare,max,0.001,2,256,256,,1e-05,50.54,117.2,0.0997,0.0,,,,,,unit,0.25,,,,,0.1,
glue|bert-base-uncased|rte_wide|A|t35|s11|confirm,glue,bert-base-uncased,rte_wide,rte,A,confirm,35,11,acc,feature_mode=unit;gat_hidden_dim=64;graph_curvature=0.25;graph_metric=poincare;jk_mode=max;lr=0.001;num_layers=2;proj_dim=256;rho_quantile=0.1;scorer_hidden=256;weight_decay=1e-05,64,poincare,max,0.001,2,256,256,,1e-05,54.87,109.35,0.09939,0.0,,,,,,unit,0.25,,,,,0.1,
glue|bert-base-uncased|rte_wide|A|t35|s12|confirm,glue,bert-base-uncased,rte_wide,rte,A,confirm,35,12,acc,feature_mode=unit;gat_hidden_dim=64;graph_curvature=0.25;graph_metric=poincare;jk_mode=max;lr=0.001;num_layers=2;proj_dim=256;rho_quantile=0.1;scorer_hidden=256;weight_decay=1e-05,64,poincare,max,0.001,2,256,256,,1e-05,56.68,108.19,0.09936,0.0,,,,,,unit,0.25,,,,,0.1,
glue|bert-base-uncased|rte_wide|A|t35|s13|confirm,glue,bert-base-uncased,rte_wide,rte,A,confirm,35,13,acc,feature_mode=unit;gat_hidden_dim=64;graph_curvature=0.25;graph_metric=poincare;jk_mode=max;lr=0.001;num_layers=2;proj_dim=256;rho_quantile=0.1;scorer_hidden=256;weight_decay=1e-05,64,poincare,max,0.001,2,256,256,,1e-05,54.15,116.78,0.09927,0.0,,,,,,unit,0.25,,,,,0.1,
glue|bert-base-uncased|rte_wide|A|t35|s14|confirm,glue,bert-base-uncased,rte_wide,rte,A,confirm,35,14,acc,feature_mode=unit;gat_hidden_dim=64;graph_curvature=0.25;graph_metric=poincare;jk_mode=max;lr=0.001;num_layers=2;proj_dim=256;rho_quantile=0.1;scorer_hidden=256;weight_decay=1e-05,64,poincare,max,0.001,2,256,256,,1e-05,55.96,106.41,0.09965,0.0,,,,,,unit,0.25,,,,,0.1,
glue|bert-base-uncased|rte_wide|A|t35|s15|confirm,glue,bert-base-uncased,rte_wide,rte,A,confirm,35,15,acc,feature_mode=unit;gat_hidden_dim=64;graph_curvature=0.25;graph_metric=poincare;jk_mode=max;lr=0.001;num_layers=2;proj_dim=256;rho_quantile=0.1;scorer_hidden=256;weight_decay=1e-05,64,poincare,max,0.001,2,256,256,,1e-05,54.51,106.2,0.09991,0.0,,,,,,unit,0.25,,,,,0.1,
glue|bert-base-uncased|rte_wide|AC|t32|s1|confirm,glue,bert-base-uncased,rte_wide,rte,AC,confirm,32,1,acc,curvature=4.0;feature_mode=unit;gat_hidden_dim=128;gnn_input_clip=0.0;gnn_input_scale=0;graph_curvature=0.25;graph_metric=poincare;hyp_gnn_type=gat;hyperbolic_gnn=1;jk_mode=max;lr=0.001;num_layers=2;proj_dim=128;rho_quantile=0.025;scorer_hidden=128;weight_decay=5e-05,128,poincare,max,0.001,2,128,128,,5e-05,56.68,115.38,0.02488,0.00391,4.0,0.0,0,gat,1,unit,0.25,,,,,0.025,
glue|bert-base-uncased|rte_wide|AC|t32|s2|confirm,glue,bert-base-uncased,rte_wide,rte,AC,confirm,32,2,acc,curvature=4.0;feature_mode=unit;gat_hidden_dim=128;gnn_input_clip=0.0;gnn_input_scale=0;graph_curvature=0.25;graph_metric=poincare;hyp_gnn_type=gat;hyperbolic_gnn=1;jk_mode=max;lr=0.001;num_layers=2;proj_dim=128;rho_quantile=0.025;scorer_hidden=128;weight_decay=5e-05,128,poincare,max,0.001,2,128,128,,5e-05,58.12,115.97,0.02538,0.0,4.0,0.0,0,gat,1,unit,0.25,,,,,0.025,
glue|bert-base-uncased|rte_wide|AC|t32|s3|confirm,glue,bert-base-uncased,rte_wide,rte,AC,confirm,32,3,acc,curvature=4.0;feature_mode=unit;gat_hidden_dim=128;gnn_input_clip=0.0;gnn_input_scale=0;graph_curvature=0.25;graph_metric=poincare;hyp_gnn_type=gat;hyperbolic_gnn=1;jk_mode=max;lr=0.001;num_layers=2;proj_dim=128;rho_quantile=0.025;scorer_hidden=128;weight_decay=5e-05,128,poincare,max,0.001,2,128,128,,5e-05,56.68,129.23,0.02514,0.01562,4.0,0.0,0,gat,1,unit,0.25,,,,,0.025,
glue|bert-base-uncased|rte_wide|AC|t32|s4|confirm,glue,bert-base-uncased,rte_wide,rte,AC,confirm,32,4,acc,curvature=4.0;feature_mode=unit;gat_hidden_dim=128;gnn_input_clip=0.0;gnn_input_scale=0;graph_curvature=0.25;graph_metric=poincare;hyp_gnn_type=gat;hyperbolic_gnn=1;jk_mode=max;lr=0.001;num_layers=2;proj_dim=128;rho_quantile=0.025;scorer_hidden=128;weight_decay=5e-05,128,poincare,max,0.001,2,128,128,,5e-05,54.15,123.59,0.02493,0.00391,4.0,0.0,0,gat,1,unit,0.25,,,,,0.025,
glue|bert-base-uncased|rte_wide|AC|t32|s5|confirm,glue,bert-base-uncased,rte_wide,rte,AC,confirm,32,5,acc,curvature=4.0;feature_mode=unit;gat_hidden_dim=128;gnn_input_clip=0.0;gnn_input_scale=0;graph_curvature=0.25;graph_metric=poincare;hyp_gnn_type=gat;hyperbolic_gnn=1;jk_mode=max;lr=0.001;num_layers=2;proj_dim=128;rho_quantile=0.025;scorer_hidden=128;weight_decay=5e-05,128,poincare,max,0.001,2,128,128,,5e-05,52.71,119.05,0.02548,0.0,4.0,0.0,0,gat,1,unit,0.25,,,,,0.025,
glue|bert-base-uncased|rte_wide|AC|t32|s6|confirm,glue,bert-base-uncased,rte_wide,rte,AC,confirm,32,6,acc,curvature=4.0;feature_mode=unit;gat_hidden_dim=128;gnn_input_clip=0.0;gnn_input_scale=0;graph_curvature=0.25;graph_metric=poincare;hyp_gnn_type=gat;hyperbolic_gnn=1;jk_mode=max;lr=0.001;num_layers=2;proj_dim=128;rho_quantile=0.025;scorer_hidden=128;weight_decay=5e-05,128,poincare,max,0.001,2,128,128,,5e-05,52.71,117.04,0.02508,0.0,4.0,0.0,0,gat,1,unit,0.25,,,,,0.025,
glue|bert-base-uncased|rte_wide|AC|t32|s7|confirm,glue,bert-base-uncased,rte_wide,rte,AC,confirm,32,7,acc,curvature=4.0;feature_mode=unit;gat_hidden_dim=128;gnn_input_clip=0.0;gnn_input_scale=0;graph_curvature=0.25;graph_metric=poincare;hyp_gnn_type=gat;hyperbolic_gnn=1;jk_mode=max;lr=0.001;num_layers=2;proj_dim=128;rho_quantile=0.025;scorer_hidden=128;weight_decay=5e-05,128,poincare,max,0.001,2,128,128,,5e-05,53.79,114.22,0.02513,0.00781,4.0,0.0,0,gat,1,unit,0.25,,,,,0.025,
glue|bert-base-uncased|rte_wide|AC|t32|s8|confirm,glue,bert-base-uncased,rte_wide,rte,AC,confirm,32,8,acc,curvature=4.0;feature_mode=unit;gat_hidden_dim=128;gnn_input_clip=0.0;gnn_input_scale=0;graph_curvature=0.25;graph_metric=poincare;hyp_gnn_type=gat;hyperbolic_gnn=1;jk_mode=max;lr=0.001;num_layers=2;proj_dim=128;rho_quantile=0.025;scorer_hidden=128;weight_decay=5e-05,128,poincare,max,0.001,2,128,128,,5e-05,53.79,115.35,0.0251,0.00391,4.0,0.0,0,gat,1,unit,0.25,,,,,0.025,
glue|bert-base-uncased|rte_wide|AC|t32|s9|confirm,glue,bert-base-uncased,rte_wide,rte,AC,confirm,32,9,acc,curvature=4.0;feature_mode=unit;gat_hidden_dim=128;gnn_input_clip=0.0;gnn_input_scale=0;graph_curvature=0.25;graph_metric=poincare;hyp_gnn_type=gat;hyperbolic_gnn=1;jk_mode=max;lr=0.001;num_layers=2;proj_dim=128;rho_quantile=0.025;scorer_hidden=128;weight_decay=5e-05,128,poincare,max,0.001,2,128,128,,5e-05,54.87,114.52,0.02487,0.00391,4.0,0.0,0,gat,1,unit,0.25,,,,,0.025,
glue|bert-base-uncased|rte_wide|AC|t32|s10|confirm,glue,bert-base-uncased,rte_wide,rte,AC,confirm,32,10,acc,curvature=4.0;feature_mode=unit;gat_hidden_dim=128;gnn_input_clip=0.0;gnn_input_scale=0;graph_curvature=0.25;graph_metric=poincare;hyp_gnn_type=gat;hyperbolic_gnn=1;jk_mode=max;lr=0.001;num_layers=2;proj_dim=128;rho_quantile=0.025;scorer_hidden=128;weight_decay=5e-05,128,poincare,max,0.001,2,128,128,,5e-05,55.23,115.94,0.02523,0.00391,4.0,0.0,0,gat,1,unit,0.25,,,,,0.025,
glue|bert-base-uncased|rte_wide|AC|t32|s11|confirm,glue,bert-base-uncased,rte_wide,rte,AC,confirm,32,11,acc,curvature=4.0;feature_mode=unit;gat_hidden_dim=128;gnn_input_clip=0.0;gnn_input_scale=0;graph_curvature=0.25;graph_metric=poincare;hyp_gnn_type=gat;hyperbolic_gnn=1;jk_mode=max;lr=0.001;num_layers=2;proj_dim=128;rho_quantile=0.025;scorer_hidden=128;weight_decay=5e-05,128,poincare,max,0.001,2,128,128,,5e-05,57.04,120.69,0.0251,0.00391,4.0,0.0,0,gat,1,unit,0.25,,,,,0.025,
glue|bert-base-uncased|rte_wide|AC|t32|s12|confirm,glue,bert-base-uncased,rte_wide,rte,AC,confirm,32,12,acc,curvature=4.0;feature_mode=unit;gat_hidden_dim=128;gnn_input_clip=0.0;gnn_input_scale=0;graph_curvature=0.25;graph_metric=poincare;hyp_gnn_type=gat;hyperbolic_gnn=1;jk_mode=max;lr=0.001;num_layers=2;proj_dim=128;rho_quantile=0.025;scorer_hidden=128;weight_decay=5e-05,128,poincare,max,0.001,2,128,128,,5e-05,54.51,115.49,0.02476,0.00781,4.0,0.0,0,gat,1,unit,0.25,,,,,0.025,
glue|bert-base-uncased|rte_wide|AC|t32|s13|confirm,glue,bert-base-uncased,rte_wide,rte,AC,confirm,32,13,acc,curvature=4.0;feature_mode=unit;gat_hidden_dim=128;gnn_input_clip=0.0;gnn_input_scale=0;graph_curvature=0.25;graph_metric=poincare;hyp_gnn_type=gat;hyperbolic_gnn=1;jk_mode=max;lr=0.001;num_layers=2;proj_dim=128;rho_quantile=0.025;scorer_hidden=128;weight_decay=5e-05,128,poincare,max,0.001,2,128,128,,5e-05,58.12,112.64,0.02491,0.00391,4.0,0.0,0,gat,1,unit,0.25,,,,,0.025,
glue|bert-base-uncased|rte_wide|AC|t32|s14|confirm,glue,bert-base-uncased,rte_wide,rte,AC,confirm,32,14,acc,curvature=4.0;feature_mode=unit;gat_hidden_dim=128;gnn_input_clip=0.0;gnn_input_scale=0;graph_curvature=0.25;graph_metric=poincare;hyp_gnn_type=gat;hyperbolic_gnn=1;jk_mode=max;lr=0.001;num_layers=2;proj_dim=128;rho_quantile=0.025;scorer_hidden=128;weight_decay=5e-05,128,poincare,max,0.001,2,128,128,,5e-05,54.15,114.02,0.02468,0.01172,4.0,0.0,0,gat,1,unit,0.25,,,,,0.025,
glue|bert-base-uncased|rte_wide|AC|t32|s15|confirm,glue,bert-base-uncased,rte_wide,rte,AC,confirm,32,15,acc,curvature=4.0;feature_mode=unit;gat_hidden_dim=128;gnn_input_clip=0.0;gnn_input_scale=0;graph_curvature=0.25;graph_metric=poincare;hyp_gnn_type=gat;hyperbolic_gnn=1;jk_mode=max;lr=0.001;num_layers=2;proj_dim=128;rho_quantile=0.025;scorer_hidden=128;weight_decay=5e-05,128,poincare,max,0.001,2,128,128,,5e-05,56.32,113.34,0.02505,0.0,4.0,0.0,0,gat,1,unit,0.25,,,,,0.025,
glue|bert-base-uncased|rte_wide|B|t0|s42|tune,glue,bert-base-uncased,rte_wide,rte,B,tune,0,42,acc,curvature=4.0;gat_hidden_dim=128;graph_metric=cosine;hyperbolic_readout=1;jk_mode=max;learnable_curvature=1;lr=2e-05;num_layers=2;proj_dim=128;readout_clip=0.7;readout_scale=1;scorer_hidden=128;tau_quantile=0.025;weight_decay=1e-05,128,cosine,max,2e-05,2,128,128,0.025,1e-05,47.29,152.56,0.02566,0.00391,4.0,,,,,,,1,1,0.7,1,,
glue|bert-base-uncased|rte_wide|B|t1|s42|tune,glue,bert-base-uncased,rte_wide,rte,B,tune,1,42,acc,curvature=4.0;gat_hidden_dim=256;graph_metric=cosine;hyperbolic_readout=1;jk_mode=cat;learnable_curvature=0;lr=0.001;num_layers=2;proj_dim=512;readout_clip=0.3;readout_scale=1;scorer_hidden=128;tau_quantile=0.1;weight_decay=0.0,256,cosine,cat,0.001,2,512,128,0.1,0.0,55.6,143.42,0.1001,0.0,4.0,,,,,,,1,0,0.3,1,,
glue|bert-base-uncased|rte_wide|B|t2|s42|tune,glue,bert-base-uncased,rte_wide,rte,B,tune,2,42,acc,curvature=4.0;gat_hidden_dim=128;graph_metric=cosine;hyperbolic_readout=1;jk_mode=cat;learnable_curvature=0;lr=0.0002;num_layers=4;proj_dim=512;readout_clip=0.0;readout_scale=1;scorer_hidden=128;tau_quantile=0.025;weight_decay=1e-05,128,cosine,cat,0.0002,4,512,128,0.025,1e-05,55.96,155.96,0.02557,0.00391,4.0,,,,,,,1,0,0.0,1,,
glue|bert-base-uncased|rte_wide|B|t3|s42|tune,glue,bert-base-uncased,rte_wide,rte,B,tune,3,42,acc,curvature=4.0;gat_hidden_dim=128;graph_metric=cosine;hyperbolic_readout=1;jk_mode=cat;learnable_curvature=0;lr=0.0002;num_layers=2;proj_dim=128;readout_clip=0.3;readout_scale=1;scorer_hidden=128;tau_quantile=0.025;weight_decay=5e-05,128,cosine,cat,0.0002,2,128,128,0.025,5e-05,55.96,190.46,0.02494,0.00781,4.0,,,,,,,1,0,0.3,1,,
glue|bert-base-uncased|rte_wide|B|t4|s42|tune,glue,bert-base-uncased,rte_wide,rte,B,tune,4,42,acc,curvature=1.0;gat_hidden_dim=128;graph_metric=cosine;hyperbolic_readout=1;jk_mode=max;learnable_curvature=0;lr=0.001;num_layers=4;proj_dim=256;readout_clip=1.0;readout_scale=1;scorer_hidden=256;tau_quantile=0.05;weight_decay=1e-05,128,cosine,max,0.001,4,256,256,0.05,1e-05,56.68,180.35,0.05023,0.00391,1.0,,,,,,,1,0,1.0,1,,
glue|bert-base-uncased|rte_wide|B|t5|s42|tune,glue,bert-base-uncased,rte_wide,rte,B,tune,5,42,acc,curvature=0.25;gat_hidden_dim=256;graph_metric=cosine;hyperbolic_readout=1;jk_mode=cat;learnable_curvature=1;lr=2e-05;num_layers=2;proj_dim=128;readout_clip=0.0;readout_scale=0;scorer_hidden=256;tau_quantile=0.1;weight_decay=1e-05,256,cosine,cat,2e-05,2,128,256,0.1,1e-05,53.07,152.47,0.1001,0.0,0.25,,,,,,,1,1,0.0,0,,
glue|bert-base-uncased|rte_wide|B|t6|s42|tune,glue,bert-base-uncased,rte_wide,rte,B,tune,6,42,acc,curvature=0.25;gat_hidden_dim=64;graph_metric=cosine;hyperbolic_readout=1;jk_mode=cat;learnable_curvature=1;lr=0.001;num_layers=2;proj_dim=128;readout_clip=1.0;readout_scale=1;scorer_hidden=256;tau_quantile=0.025;weight_decay=1e-05,64,cosine,cat,0.001,2,128,256,0.025,1e-05,58.12,143.1,0.0251,0.00781,0.25,,,,,,,1,1,1.0,1,,
glue|bert-base-uncased|rte_wide|B|t7|s42|tune,glue,bert-base-uncased,rte_wide,rte,B,tune,7,42,acc,curvature=1.0;gat_hidden_dim=128;graph_metric=cosine;hyperbolic_readout=1;jk_mode=cat;learnable_curvature=0;lr=2e-05;num_layers=4;proj_dim=256;readout_clip=0.0;readout_scale=0;scorer_hidden=256;tau_quantile=0.38;weight_decay=1e-05,128,cosine,cat,2e-05,4,256,256,0.38,1e-05,49.1,171.13,0.37853,0.0,1.0,,,,,,,1,0,0.0,0,,
glue|bert-base-uncased|rte_wide|B|t8|s42|tune,glue,bert-base-uncased,rte_wide,rte,B,tune,8,42,acc,curvature=0.25;gat_hidden_dim=64;graph_metric=cosine;hyperbolic_readout=1;jk_mode=cat;learnable_curvature=0;lr=0.001;num_layers=4;proj_dim=256;readout_clip=0.0;readout_scale=0;scorer_hidden=128;tau_quantile=0.1;weight_decay=1e-05,64,cosine,cat,0.001,4,256,128,0.1,1e-05,54.15,153.99,0.10005,0.0,0.25,,,,,,,1,0,0.0,0,,
glue|bert-base-uncased|rte_wide|B|t9|s42|tune,glue,bert-base-uncased,rte_wide,rte,B,tune,9,42,acc,curvature=4.0;gat_hidden_dim=128;graph_metric=cosine;hyperbolic_readout=1;jk_mode=cat;learnable_curvature=1;lr=0.0002;num_layers=2;proj_dim=512;readout_clip=0.3;readout_scale=1;scorer_hidden=256;tau_quantile=0.05;weight_decay=0.0,128,cosine,cat,0.0002,2,512,256,0.05,0.0,55.96,186.32,0.04999,0.00391,4.0,,,,,,,1,1,0.3,1,,
glue|bert-base-uncased|rte_wide|B|t10|s42|tune,glue,bert-base-uncased,rte_wide,rte,B,tune,10,42,acc,curvature=4.0;gat_hidden_dim=256;graph_metric=cosine;hyperbolic_readout=1;jk_mode=cat;learnable_curvature=0;lr=0.0002;num_layers=4;proj_dim=256;readout_clip=1.0;readout_scale=0;scorer_hidden=256;tau_quantile=0.1;weight_decay=1e-05,256,cosine,cat,0.0002,4,256,256,0.1,1e-05,52.71,185.13,0.0996,0.0,4.0,,,,,,,1,0,1.0,0,,
glue|bert-base-uncased|rte_wide|B|t11|s42|tune,glue,bert-base-uncased,rte_wide,rte,B,tune,11,42,acc,curvature=4.0;gat_hidden_dim=256;graph_metric=cosine;hyperbolic_readout=1;jk_mode=max;learnable_curvature=0;lr=0.001;num_layers=4;proj_dim=512;readout_clip=1.0;readout_scale=1;scorer_hidden=128;tau_quantile=0.05;weight_decay=1e-05,256,cosine,max,0.001,4,512,128,0.05,1e-05,49.1,152.6,0.05036,0.0,4.0,,,,,,,1,0,1.0,1,,
glue|bert-base-uncased|rte_wide|B|t12|s42|tune,glue,bert-base-uncased,rte_wide,rte,B,tune,12,42,acc,curvature=0.25;gat_hidden_dim=128;graph_metric=cosine;hyperbolic_readout=1;jk_mode=cat;learnable_curvature=0;lr=0.001;num_layers=4;proj_dim=256;readout_clip=0.3;readout_scale=0;scorer_hidden=256;tau_quantile=0.2;weight_decay=0.0,128,cosine,cat,0.001,4,256,256,0.2,0.0,52.35,195.95,0.19874,0.0,0.25,,,,,,,1,0,0.3,0,,
glue|bert-base-uncased|rte_wide|B|t13|s42|tune,glue,bert-base-uncased,rte_wide,rte,B,tune,13,42,acc,curvature=1.0;gat_hidden_dim=64;graph_metric=cosine;hyperbolic_readout=1;jk_mode=cat;learnable_curvature=1;lr=0.0002;num_layers=4;proj_dim=512;readout_clip=0.0;readout_scale=0;scorer_hidden=128;tau_quantile=0.025;weight_decay=1e-05,64,cosine,cat,0.0002,4,512,128,0.025,1e-05,55.96,127.84,0.02539,0.0,1.0,,,,,,,1,1,0.0,0,,
glue|bert-base-uncased|rte_wide|B|t14|s42|tune,glue,bert-base-uncased,rte_wide,rte,B,tune,14,42,acc,curvature=1.0;gat_hidden_dim=256;graph_metric=cosine;hyperbolic_readout=1;jk_mode=max;learnable_curvature=0;lr=0.001;num_layers=2;proj_dim=256;readout_clip=1.0;readout_scale=1;scorer_hidden=128;tau_quantile=0.1;weight_decay=5e-05,256,cosine,max,0.001,2,256,128,0.1,5e-05,54.87,241.94,0.10026,0.0,1.0,,,,,,,1,0,1.0,1,,
glue|bert-base-uncased|rte_wide|B|t15|s42|tune,glue,bert-base-uncased,rte_wide,rte,B,tune,15,42,acc,curvature=0.25;gat_hidden_dim=64;graph_metric=cosine;hyperbolic_readout=1;jk_mode=max;learnable_curvature=1;lr=2e-05;num_layers=4;proj_dim=512;readout_clip=0.7;readout_scale=0;scorer_hidden=256;tau_quantile=0.38;weight_decay=1e-05,64,cosine,max,2e-05,4,512,256,0.38,1e-05,47.29,177.6,0.37826,0.0,0.25,,,,,,,1,1,0.7,0,,
glue|bert-base-uncased|rte_wide|B|t16|s42|tune,glue,bert-base-uncased,rte_wide,rte,B,tune,16,42,acc,curvature=1.0;gat_hidden_dim=128;graph_metric=cosine;hyperbolic_readout=1;jk_mode=cat;learnable_curvature=0;lr=2e-05;num_layers=2;proj_dim=512;readout_clip=0.3;readout_scale=1;scorer_hidden=128;tau_quantile=0.05;weight_decay=5e-05,128,cosine,cat,2e-05,2,512,128,0.05,5e-05,53.07,128.93,0.04999,0.00391,1.0,,,,,,,1,0,0.3,1,,
glue|bert-base-uncased|rte_wide|B|t17|s42|tune,glue,bert-base-uncased,rte_wide,rte,B,tune,17,42,acc,curvature=0.25;gat_hidden_dim=256;graph_metric=cosine;hyperbolic_readout=1;jk_mode=max;learnable_curvature=0;lr=0.001;num_layers=2;proj_dim=256;readout_clip=0.0;readout_scale=1;scorer_hidden=128;tau_quantile=0.05;weight_decay=0.0,256,cosine,max,0.001,2,256,128,0.05,0.0,55.23,180.9,0.05043,0.0,0.25,,,,,,,1,0,0.0,1,,
glue|bert-base-uncased|rte_wide|B|t18|s42|tune,glue,bert-base-uncased,rte_wide,rte,B,tune,18,42,acc,curvature=0.25;gat_hidden_dim=128;graph_metric=cosine;hyperbolic_readout=1;jk_mode=max;learnable_curvature=0;lr=2e-05;num_layers=4;proj_dim=256;readout_clip=0.0;readout_scale=1;scorer_hidden=256;tau_quantile=0.025;weight_decay=5e-05,128,cosine,max,2e-05,4,256,256,0.025,5e-05,53.07,165.3,0.02543,0.00391,0.25,,,,,,,1,0,0.0,1,,
glue|bert-base-uncased|rte_wide|B|t19|s42|tune,glue,bert-base-uncased,rte_wide,rte,B,tune,19,42,acc,curvature=0.25;gat_hidden_dim=256;graph_metric=cosine;hyperbolic_readout=1;jk_mode=max;learnable_curvature=1;lr=0.001;num_layers=2;proj_dim=128;readout_clip=0.0;readout_scale=1;scorer_hidden=128;tau_quantile=0.1;weight_decay=0.0,256,cosine,max,0.001,2,128,128,0.1,0.0,54.51,190.51,0.10026,0.0,0.25,,,,,,,1,1,0.0,1,,
glue|bert-base-uncased|rte_wide|B|t20|s42|tune,glue,bert-base-uncased,rte_wide,rte,B,tune,20,42,acc,curvature=1.0;gat_hidden_dim=256;graph_metric=cosine;hyperbolic_readout=1;jk_mode=max;learnable_curvature=0;lr=0.001;num_layers=2;proj_dim=128;readout_clip=0.7;readout_scale=1;scorer_hidden=256;tau_quantile=0.025;weight_decay=5e-05,256,cosine,max,0.001,2,128,256,0.025,5e-05,54.87,165.75,0.02525,0.0,1.0,,,,,,,1,0,0.7,1,,
glue|bert-base-uncased|rte_wide|B|t21|s42|tune,glue,bert-base-uncased,rte_wide,rte,B,tune,21,42,acc,curvature=0.25;gat_hidden_dim=128;graph_metric=cosine;hyperbolic_readout=1;jk_mode=max;learnable_curvature=0;lr=0.001;num_layers=2;proj_dim=128;readout_clip=0.7;readout_scale=1;scorer_hidden=256;tau_quantile=0.025;weight_decay=5e-05,128,cosine,max,0.001,2,128,256,0.025,5e-05,59.21,176.81,0.02566,0.00391,0.25,,,,,,,1,0,0.7,1,,
glue|bert-base-uncased|rte_wide|B|t22|s42|tune,glue,bert-base-uncased,rte_wide,rte,B,tune,22,42,acc,curvature=0.25;gat_hidden_dim=64;graph_metric=cosine;hyperbolic_readout=1;jk_mode=max;learnable_curvature=1;lr=2e-05;num_layers=2;proj_dim=512;readout_clip=0.3;readout_scale=0;scorer_hidden=256;tau_quantile=0.05;weight_decay=5e-05,64,cosine,max,2e-05,2,512,256,0.05,5e-05,47.29,177.55,0.05026,0.0,0.25,,,,,,,1,1,0.3,0,,
glue|bert-base-uncased|rte_wide|B|t23|s42|tune,glue,bert-base-uncased,rte_wide,rte,B,tune,23,42,acc,curvature=1.0;gat_hidden_dim=128;graph_metric=cosine;hyperbolic_readout=1;jk_mode=max;learnable_curvature=0;lr=2e-05;num_layers=2;proj_dim=128;readout_clip=0.7;readout_scale=0;scorer_hidden=128;tau_quantile=0.1;weight_decay=0.0,128,cosine,max,2e-05,2,128,128,0.1,0.0,53.43,177.47,0.10007,0.0,1.0,,,,,,,1,0,0.7,0,,
glue|bert-base-uncased|rte_wide|B|t24|s42|tune,glue,bert-base-uncased,rte_wide,rte,B,tune,24,42,acc,curvature=0.25;gat_hidden_dim=64;graph_metric=cosine;hyperbolic_readout=1;jk_mode=max;learnable_curvature=0;lr=0.0002;num_layers=2;proj_dim=256;readout_clip=0.7;readout_scale=0;scorer_hidden=256;tau_quantile=0.025;weight_decay=5e-05,64,cosine,max,0.0002,2,256,256,0.025,5e-05,54.15,177.06,0.02536,0.0,0.25,,,,,,,1,0,0.7,0,,
glue|bert-base-uncased|rte_wide|B|t25|s42|tune,glue,bert-base-uncased,rte_wide,rte,B,tune,25,42,acc,curvature=4.0;gat_hidden_dim=256;graph_metric=cosine;hyperbolic_readout=1;jk_mode=max;learnable_curvature=1;lr=2e-05;num_layers=4;proj_dim=256;readout_clip=0.0;readout_scale=0;scorer_hidden=128;tau_quantile=0.1;weight_decay=1e-05,256,cosine,max,2e-05,4,256,128,0.1,1e-05,54.51,123.35,0.10061,0.0,4.0,,,,,,,1,1,0.0,0,,
glue|bert-base-uncased|rte_wide|B|t26|s42|tune,glue,bert-base-uncased,rte_wide,rte,B,tune,26,42,acc,curvature=4.0;gat_hidden_dim=256;graph_metric=cosine;hyperbolic_readout=1;jk_mode=cat;learnable_curvature=1;lr=0.001;num_layers=4;proj_dim=128;readout_clip=0.3;readout_scale=1;scorer_hidden=256;tau_quantile=0.1;weight_decay=1e-05,256,cosine,cat,0.001,4,128,256,0.1,1e-05,53.43,162.13,0.0996,0.0,4.0,,,,,,,1,1,0.3,1,,
glue|bert-base-uncased|rte_wide|B|t27|s42|tune,glue,bert-base-uncased,rte_wide,rte,B,tune,27,42,acc,curvature=0.25;gat_hidden_dim=256;graph_metric=cosine;hyperbolic_readout=1;jk_mode=cat;learnable_curvature=0;lr=0.001;num_layers=2;proj_dim=128;readout_clip=1.0;readout_scale=1;scorer_hidden=256;tau_quantile=0.1;weight_decay=1e-05,256,cosine,cat,0.001,2,128,256,0.1,1e-05,55.23,150.42,0.1001,0.0,0.25,,,,,,,1,0,1.0,1,,
glue|bert-base-uncased|rte_wide|B|t28|s42|tune,glue,bert-base-uncased,rte_wide,rte,B,tune,28,42,acc,curvature=4.0;gat_hidden_dim=128;graph_metric=cosine;hyperbolic_readout=1;jk_mode=cat;learnable_curvature=0;lr=2e-05;num_layers=2;proj_dim=128;readout_clip=1.0;readout_scale=1;scorer_hidden=128;tau_quantile=0.38;weight_decay=5e-05,128,cosine,cat,2e-05,2,128,128,0.38,5e-05,53.07,139.06,0.37858,0.0,4.0,,,,,,,1,0,1.0,1,,
glue|bert-base-uncased|rte_wide|B|t29|s42|tune,glue,bert-base-uncased,rte_wide,rte,B,tune,29,42,acc,curvature=4.0;gat_hidden_dim=64;graph_metric=cosine;hyperbolic_readout=1;jk_mode=cat;learnable_curvature=1;lr=0.0002;num_layers=2;proj_dim=512;readout_clip=0.3;readout_scale=1;scorer_hidden=256;tau_quantile=0.025;weight_decay=0.0,64,cosine,cat,0.0002,2,512,256,0.025,0.0,53.79,145.4,0.0251,0.00781,4.0,,,,,,,1,1,0.3,1,,
glue|bert-base-uncased|rte_wide|B|t30|s42|tune,glue,bert-base-uncased,rte_wide,rte,B,tune,30,42,acc,curvature=0.25;gat_hidden_dim=256;graph_metric=cosine;hyperbolic_readout=1;jk_mode=max;learnable_curvature=1;lr=0.001;num_layers=4;proj_dim=256;readout_clip=0.0;readout_scale=0;scorer_hidden=128;tau_quantile=0.38;weight_decay=0.0,256,cosine,max,0.001,4,256,128,0.38,0.0,50.54,137.77,0.3775,0.0,0.25,,,,,,,1,1,0.0,0,,
glue|bert-base-uncased|rte_wide|B|t31|s42|tune,glue,bert-base-uncased,rte_wide,rte,B,tune,31,42,acc,curvature=4.0;gat_hidden_dim=128;graph_metric=cosine;hyperbolic_readout=1;jk_mode=max;learnable_curvature=1;lr=0.001;num_layers=2;proj_dim=256;readout_clip=1.0;readout_scale=0;scorer_hidden=128;tau_quantile=0.2;weight_decay=0.0,128,cosine,max,0.001,2,256,128,0.2,0.0,56.32,183.57,0.19863,0.0,4.0,,,,,,,1,1,1.0,0,,
glue|bert-base-uncased|rte_wide|B|t32|s42|tune,glue,bert-base-uncased,rte_wide,rte,B,tune,32,42,acc,curvature=4.0;gat_hidden_dim=128;graph_metric=cosine;hyperbolic_readout=1;jk_mode=max;learnable_curvature=0;lr=0.0002;num_layers=2;proj_dim=512;readout_clip=0.3;readout_scale=0;scorer_hidden=256;tau_quantile=0.025;weight_decay=5e-05,128,cosine,max,0.0002,2,512,256,0.025,5e-05,54.87,150.42,0.02566,0.00391,4.0,,,,,,,1,0,0.3,0,,
glue|bert-base-uncased|rte_wide|B|t33|s42|tune,glue,bert-base-uncased,rte_wide,rte,B,tune,33,42,acc,curvature=1.0;gat_hidden_dim=128;graph_metric=cosine;hyperbolic_readout=1;jk_mode=cat;learnable_curvature=0;lr=0.0002;num_layers=4;proj_dim=256;readout_clip=0.7;readout_scale=0;scorer_hidden=256;tau_quantile=0.38;weight_decay=0.0,128,cosine,cat,0.0002,4,256,256,0.38,0.0,53.43,148.68,0.37853,0.0,1.0,,,,,,,1,0,0.7,0,,
glue|bert-base-uncased|rte_wide|B|t34|s42|tune,glue,bert-base-uncased,rte_wide,rte,B,tune,34,42,acc,curvature=4.0;gat_hidden_dim=256;graph_metric=cosine;hyperbolic_readout=1;jk_mode=cat;learnable_curvature=1;lr=0.0002;num_layers=4;proj_dim=256;readout_clip=1.0;readout_scale=0;scorer_hidden=128;tau_quantile=0.025;weight_decay=5e-05,256,cosine,cat,0.0002,4,256,128,0.025,5e-05,52.71,123.19,0.02503,0.00391,4.0,,,,,,,1,1,1.0,0,,
glue|bert-base-uncased|rte_wide|B|t35|s42|tune,glue,bert-base-uncased,rte_wide,rte,B,tune,35,42,acc,curvature=4.0;gat_hidden_dim=128;graph_metric=cosine;hyperbolic_readout=1;jk_mode=max;learnable_curvature=1;lr=0.0002;num_layers=4;proj_dim=128;readout_clip=1.0;readout_scale=0;scorer_hidden=256;tau_quantile=0.05;weight_decay=0.0,128,cosine,max,0.0002,4,128,256,0.05,0.0,53.79,168.71,0.05023,0.00391,4.0,,,,,,,1,1,1.0,0,,
glue|bert-base-uncased|rte_wide|B|t36|s42|tune,glue,bert-base-uncased,rte_wide,rte,B,tune,36,42,acc,curvature=4.0;gat_hidden_dim=128;graph_metric=cosine;hyperbolic_readout=1;jk_mode=max;learnable_curvature=0;lr=0.0002;num_layers=4;proj_dim=512;readout_clip=0.3;readout_scale=0;scorer_hidden=128;tau_quantile=0.38;weight_decay=5e-05,128,cosine,max,0.0002,4,512,128,0.38,5e-05,53.79,157.02,0.37841,0.0,4.0,,,,,,,1,0,0.3,0,,
glue|bert-base-uncased|rte_wide|B|t37|s42|tune,glue,bert-base-uncased,rte_wide,rte,B,tune,37,42,acc,curvature=4.0;gat_hidden_dim=256;graph_metric=cosine;hyperbolic_readout=1;jk_mode=cat;learnable_curvature=0;lr=0.001;num_layers=4;proj_dim=128;readout_clip=1.0;readout_scale=1;scorer_hidden=128;tau_quantile=0.2;weight_decay=1e-05,256,cosine,cat,0.001,4,128,128,0.2,1e-05,50.54,156.89,0.19894,0.0,4.0,,,,,,,1,0,1.0,1,,
glue|bert-base-uncased|rte_wide|B|t38|s42|tune,glue,bert-base-uncased,rte_wide,rte,B,tune,38,42,acc,curvature=0.25;gat_hidden_dim=128;graph_metric=cosine;hyperbolic_readout=1;jk_mode=max;learnable_curvature=1;lr=2e-05;num_layers=4;proj_dim=256;readout_clip=0.3;readout_scale=0;scorer_hidden=128;tau_quantile=0.38;weight_decay=0.0,128,cosine,max,2e-05,4,256,128,0.38,0.0,52.71,151.69,0.37841,0.0,0.25,,,,,,,1,1,0.3,0,,
glue|bert-base-uncased|rte_wide|B|t39|s42|tune,glue,bert-base-uncased,rte_wide,rte,B,tune,39,42,acc,curvature=4.0;gat_hidden_dim=256;graph_metric=cosine;hyperbolic_readout=1;jk_mode=cat;learnable_curvature=0;lr=0.0002;num_layers=2;proj_dim=128;readout_clip=0.7;readout_scale=1;scorer_hidden=128;tau_quantile=0.025;weight_decay=0.0,256,cosine,cat,0.0002,2,128,128,0.025,0.0,55.6,152.93,0.02549,0.0,4.0,,,,,,,1,0,0.7,1,,
glue|bert-base-uncased|rte_wide|BC|t0|s42|tune,glue,bert-base-uncased,rte_wide,rte,BC,tune,0,42,acc,curvature=4.0;gat_hidden_dim=256;gnn_input_clip=0.0;gnn_input_scale=1;graph_metric=cosine;hyp_gnn_type=gcn;hyperbolic_gnn=1;hyperbolic_readout=1;jk_mode=cat;learnable_curvature=1;lr=0.001;num_layers=2;proj_dim=512;readout_clip=0.3;readout_scale=1;scorer_hidden=128;tau_quantile=0.025;weight_decay=5e-05,256,cosine,cat,0.001,2,512,128,0.025,5e-05,53.07,178.09,0.02488,0.00781,4.0,0.0,1,gcn,1,,,1,1,0.3,1,,
glue|bert-base-uncased|rte_wide|BC|t1|s42|tune,glue,bert-base-uncased,rte_wide,rte,BC,tune,1,42,acc,curvature=0.25;gat_hidden_dim=64;gnn_input_clip=0.3;gnn_input_scale=0;graph_metric=cosine;hyp_gnn_type=gcn;hyperbolic_gnn=1;hyperbolic_readout=1;jk_mode=max;learnable_curvature=0;lr=0.001;num_layers=2;proj_dim=128;readout_clip=0.0;readout_scale=1;scorer_hidden=256;tau_quantile=0.2;weight_decay=0.0,64,cosine,max,0.001,2,128,256,0.2,0.0,57.4,146.8,0.19854,0.0,0.25,0.3,0,gcn,1,,,1,0,0.0,1,,
glue|bert-base-uncased|rte_wide|BC|t2|s42|tune,glue,bert-base-uncased,rte_wide,rte,BC,tune,2,42,acc,curvature=4.0;gat_hidden_dim=128;gnn_input_clip=1.0;gnn_input_scale=1;graph_metric=cosine;hyp_gnn_type=gat;hyperbolic_gnn=1;hyperbolic_readout=1;jk_mode=cat;learnable_curvature=0;lr=0.001;num_layers=4;proj_dim=128;readout_clip=0.7;readout_scale=0;scorer_hidden=256;tau_quantile=0.05;weight_decay=5e-05,128,cosine,cat,0.001,4,128,256,0.05,5e-05,57.76,181.13,0.05036,0.0,4.0,1.0,1,gat,1,,,1,0,0.7,0,,
glue|bert-base-uncased|rte_wide|BC|t3|s42|tune,glue,bert-base-uncased,rte_wide,rte,BC,tune,3,42,acc,curvature=4.0;gat_hidden_dim=256;gnn_input_clip=0.7;gnn_input_scale=0;graph_metric=cosine;hyp_gnn_type=gat;hyperbolic_gnn=1;hyperbolic_readout=1;jk_mode=max;learnable_curvature=0;lr=0.001;num_layers=4;proj_dim=256;readout_clip=0.7;readout_scale=0;scorer_hidden=256;tau_quantile=0.1;weight_decay=1e-05,256,cosine,max,0.001,4,256,256,0.1,1e-05,55.6,168.11,0.09993,0.0,4.0,0.7,0,gat,1,,,1,0,0.7,0,,
glue|bert-base-uncased|rte_wide|BC|t4|s42|tune,glue,bert-base-uncased,rte_wide,rte,BC,tune,4,42,acc,curvature=1.0;gat_hidden_dim=256;gnn_input_clip=1.0;gnn_input_scale=1;graph_metric=cosine;hyp_gnn_type=gat;hyperbolic_gnn=1;hyperbolic_readout=1;jk_mode=max;learnable_curvature=1;lr=0.001;num_layers=2;proj_dim=128;readout_clip=0.7;readout_scale=1;scorer_hidden=128;tau_quantile=0.05;weight_decay=0.0,256,cosine,max,0.001,2,128,128,0.05,0.0,50.9,141.77,0.05041,0.0,1.0,1.0,1,gat,1,,,1,1,0.7,1,,
glue|bert-base-uncased|rte_wide|BC|t5|s42|tune,glue,bert-base-uncased,rte_wide,rte,BC,tune,5,42,acc,curvature=0.25;gat_hidden_dim=64;gnn_input_clip=0.0;gnn_input_scale=0;graph_metric=cosine;hyp_gnn_type=gat;hyperbolic_gnn=1;hyperbolic_readout=1;jk_mode=max;learnable_curvature=0;lr=2e-05;num_layers=2;proj_dim=128;readout_clip=0.3;readout_scale=1;scorer_hidden=256;tau_quantile=0.1;weight_decay=5e-05,64,cosine,max,2e-05,2,128,256,0.1,5e-05,52.35,153.65,0.09979,0.0,0.25,0.0,0,gat,1,,,1,0,0.3,1,,
glue|bert-base-uncased|rte_wide|BC|t6|s42|tune,glue,bert-base-uncased,rte_wide,rte,BC,tune,6,42,acc,curvature=1.0;gat_hidden_dim=64;gnn_input_clip=1.0;gnn_input_scale=0;graph_metric=cosine;hyp_gnn_type=gcn;hyperbolic_gnn=1;hyperbolic_readout=1;jk_mode=max;learnable_curvature=0;lr=2e-05;num_layers=4;proj_dim=512;readout_clip=0.7;readout_scale=0;scorer_hidden=256;tau_quantile=0.2;weight_decay=1e-05,64,cosine,max,2e-05,4,512,256,0.2,1e-05,52.71,162.21,0.19898,0.0,1.0,1.0,0,gcn,1,,,1,0,0.7,0,,
glue|bert-base-uncased|rte_wide|BC|t7|s42|tune,glue,bert-base-uncased,rte_wide,rte,BC,tune,7,42,acc,curvature=4.0;gat_hidden_dim=64;gnn_input_clip=0.3;gnn_input_scale=0;graph_metric=cosine;hyp_gnn_type=gcn;hyperbolic_gnn=1;hyperbolic_readout=1;jk_mode=cat;learnable_curvature=0;lr=0.001;num_layers=2;proj_dim=128;readout_clip=0.7;readout_scale=0;scorer_hidden=128;tau_quantile=0.2;weight_decay=5e-05,64,cosine,cat,0.001,2,128,128,0.2,5e-05,57.4,148.19,0.19875,0.0,4.0,0.3,0,gcn,1,,,1,0,0.7,0,,
glue|bert-base-uncased|rte_wide|BC|t8|s42|tune,glue,bert-base-uncased,rte_wide,rte,BC,tune,8,42,acc,curvature=4.0;gat_hidden_dim=128;gnn_input_clip=0.3;gnn_input_scale=1;graph_metric=cosine;hyp_gnn_type=gat;hyperbolic_gnn=1;hyperbolic_readout=1;jk_mode=cat;learnable_curvature=0;lr=2e-05;num_layers=4;proj_dim=128;readout_clip=0.7;readout_scale=1;scorer_hidden=128;tau_quantile=0.05;weight_decay=1e-05,128,cosine,cat,2e-05,4,128,128,0.05,1e-05,47.29,129.07,0.05036,0.0,4.0,0.3,1,gat,1,,,1,0,0.7,1,,
glue|bert-base-uncased|rte_wide|BC|t9|s42|tune,glue,bert-base-uncased,rte_wide,rte,BC,tune,9,42,acc,curvature=1.0;gat_hidden_dim=256;gnn_input_clip=0.0;gnn_input_scale=1;graph_metric=cosine;hyp_gnn_type=gcn;hyperbolic_gnn=1;hyperbolic_readout=1;jk_mode=max;learnable_curvature=1;lr=2e-05;num_layers=2;proj_dim=256;readout_clip=0.0;readout_scale=0;scorer_hidden=128;tau_quantile=0.2;weight_decay=5e-05,256,cosine,max,2e-05,2,256,128,0.2,5e-05,57.04,177.16,0.19877,0.0,1.0,0.0,1,gcn,1,,,1,1,0.0,0,,
glue|bert-base-uncased|rte_wide|BC|t10|s42|tune,glue,bert-base-uncased,rte_wide,rte,BC,tune,10,42,acc,curvature=4.0;gat_hidden_dim=256;gnn_input_clip=0.3;gnn_input_scale=0;graph_metric=cosine;hyp_gnn_type=gat;hyperbolic_gnn=1;hyperbolic_readout=1;jk_mode=cat;learnable_curvature=1;lr=2e-05;num_layers=2;proj_dim=512;readout_clip=0.0;readout_scale=1;scorer_hidden=128;tau_quantile=0.38;weight_decay=1e-05,256,cosine,cat,2e-05,2,512,128,0.38,1e-05,54.15,162.01,0.37822,0.0,4.0,0.3,0,gat,1,,,1,1,0.0,1,,
glue|bert-base-uncased|rte_wide|BC|t11|s42|tune,glue,bert-base-uncased,rte_wide,rte,BC,tune,11,42,acc,curvature=1.0;gat_hidden_dim=128;gnn_input_clip=1.0;gnn_input_scale=0;graph_metric=cosine;hyp_gnn_type=gat;hyperbolic_gnn=1;hyperbolic_readout=1;jk_mode=max;learnable_curvature=0;lr=2e-05;num_layers=4;proj_dim=128;readout_clip=0.3;readout_scale=1;scorer_hidden=128;tau_quantile=0.2;weight_decay=1e-05,128,cosine,max,2e-05,4,128,128,0.2,1e-05,47.29,162.68,0.19889,0.0,1.0,1.0,0,gat,1,,,1,0,0.3,1,,
glue|bert-base-uncased|rte_wide|BC|t12|s42|tune,glue,bert-base-uncased,rte_wide,rte,BC,tune,12,42,acc,curvature=1.0;gat_hidden_dim=128;gnn_input_clip=0.7;gnn_input_scale=0;graph_metric=cosine;hyp_gnn_type=gcn;hyperbolic_gnn=1;hyperbolic_readout=1;jk_mode=cat;learnable_curvature=1;lr=0.001;num_layers=4;proj_dim=512;readout_clip=0.7;readout_scale=0;scorer_hidden=256;tau_quantile=0.2;weight_decay=5e-05,128,cosine,cat,0.001,4,512,256,0.2,5e-05,57.4,169.23,0.1989,0.0,1.0,0.7,0,gcn,1,,,1,1,0.7,0,,
glue|bert-base-uncased|rte_wide|BC|t13|s42|tune,glue,bert-base-uncased,rte_wide,rte,BC,tune,13,42,acc,curvature=0.25;gat_hidden_dim=128;gnn_input_clip=0.0;gnn_input_scale=1;graph_metric=cosine;hyp_gnn_type=gat;hyperbolic_gnn=1;hyperbolic_readout=1;jk_mode=max;learnable_curvature=1;lr=0.0002;num_layers=2;proj_dim=256;readout_clip=0.0;readout_scale=1;scorer_hidden=256;tau_quantile=0.05;weight_decay=1e-05,128,cosine,max,0.0002,2,256,256,0.05,1e-05,57.76,120.07,0.0502,0.0,0.25,0.0,1,gat,1,,,1,1,0.0,1,,
glue|bert-base-uncased|rte_wide|BC|t14|s42|tune,glue,bert-base-uncased,rte_wide,rte,BC,tune,14,42,acc,curvature=0.25;gat_hidden_dim=128;gnn_input_clip=1.0;gnn_input_scale=1;graph_metric=cosine;hyp_gnn_type=gcn;hyperbolic_gnn=1;hyperbolic_readout=1;jk_mode=max;learnable_curvature=0;lr=0.001;num_layers=2;proj_dim=512;readout_clip=0.7;readout_scale=1;scorer_hidden=128;tau_quantile=0.05;weight_decay=5e-05,128,cosine,max,0.001,2,512,128,0.05,5e-05,53.79,153.69,0.04994,0.0,0.25,1.0,1,gcn,1,,,1,0,0.7,1,,
glue|bert-base-uncased|rte_wide|BC|t15|s42|tune,glue,bert-base-uncased,rte_wide,rte,BC,tune,15,42,acc,curvature=1.0;gat_hidden_dim=256;gnn_input_clip=1.0;gnn_input_scale=0;graph_metric=cosine;hyp_gnn_type=gcn;hyperbolic_gnn=1;hyperbolic_readout=1;jk_mode=max;learnable_curvature=0;lr=0.001;num_layers=2;proj_dim=256;readout_clip=1.0;readout_scale=0;scorer_hidden=128;tau_quantile=0.05;weight_decay=5e-05,256,cosine,max,0.001,2,256,128,0.05,5e-05,59.21,182.36,0.05053,0.0,1.0,1.0,0,gcn,1,,,1,0,1.0,0,,
glue|bert-base-uncased|rte_wide|BC|t16|s42|tune,glue,bert-base-uncased,rte_wide,rte,BC,tune,16,42,acc,curvature=0.25;gat_hidden_dim=128;gnn_input_clip=0.3;gnn_input_scale=0;graph_metric=cosine;hyp_gnn_type=gat;hyperbolic_gnn=1;hyperbolic_readout=1;jk_mode=cat;learnable_curvature=0;lr=2e-05;num_layers=2;proj_dim=128;readout_clip=0.0;readout_scale=0;scorer_hidden=128;tau_quantile=0.025;weight_decay=0.0,128,cosine,cat,2e-05,2,128,128,0.025,0.0,52.71,153.64,0.02565,0.0,0.25,0.3,0,gat,1,,,1,0,0.0,0,,
glue|bert-base-uncased|rte_wide|BC|t17|s42|tune,glue,bert-base-uncased,rte_wide,rte,BC,tune,17,42,acc,curvature=1.0;gat_hidden_dim=128;gnn_input_clip=0.3;gnn_input_scale=1;graph_metric=cosine;hyp_gnn_type=gat;hyperbolic_gnn=1;hyperbolic_readout=1;jk_mode=cat;learnable_curvature=0;lr=0.001;num_layers=2;proj_dim=512;readout_clip=0.0;readout_scale=1;scorer_hidden=128;tau_quantile=0.38;weight_decay=0.0,128,cosine,cat,0.001,2,512,128,0.38,0.0,55.23,150.5,0.37849,0.0,1.0,0.3,1,gat,1,,,1,0,0.0,1,,
glue|bert-base-uncased|rte_wide|BC|t18|s42|tune,glue,bert-base-uncased,rte_wide,rte,BC,tune,18,42,acc,curvature=0.25;gat_hidden_dim=256;gnn_input_clip=0.3;gnn_input_scale=0;graph_metric=cosine;hyp_gnn_type=gat;hyperbolic_gnn=1;hyperbolic_readout=1;jk_mode=max;learnable_curvature=1;lr=0.0002;num_layers=4;proj_dim=128;readout_clip=1.0;readout_scale=0;scorer_hidden=128;tau_quantile=0.025;weight_decay=1e-05,256,cosine,max,0.0002,4,128,128,0.025,1e-05,57.76,162.7,0.0255,0.0,0.25,0.3,0,gat,1,,,1,1,1.0,0,,
glue|bert-base-uncased|rte_wide|BC|t19|s42|tune,glue,bert-base-uncased,rte_wide,rte,BC,tune,19,42,acc,curvature=0.25;gat_hidden_dim=64;gnn_input_clip=0.0;gnn_input_scale=1;graph_metric=cosine;hyp_gnn_type=gcn;hyperbolic_gnn=1;hyperbolic_readout=1;jk_mode=max;learnable_curvature=1;lr=0.001;num_layers=4;proj_dim=512;readout_clip=0.7;readout_scale=0;scorer_hidden=128;tau_quantile=0.05;weight_decay=5e-05,64,cosine,max,0.001,4,512,128,0.05,5e-05,53.43,169.34,0.0502,0.0,0.25,0.0,1,gcn,1,,,1,1,0.7,0,,
glue|bert-base-uncased|rte_wide|BC|t20|s42|tune,glue,bert-base-uncased,rte_wide,rte,BC,tune,20,42,acc,curvature=0.25;gat_hidden_dim=128;gnn_input_clip=0.7;gnn_input_scale=1;graph_metric=cosine;hyp_gnn_type=gcn;hyperbolic_gnn=1;hyperbolic_readout=1;jk_mode=cat;learnable_curvature=0;lr=0.0002;num_layers=2;proj_dim=256;readout_clip=1.0;readout_scale=1;scorer_hidden=256;tau_quantile=0.38;weight_decay=1e-05,128,cosine,cat,0.0002,2,256,256,0.38,1e-05,53.43,128.82,0.37817,0.0,0.25,0.7,1,gcn,1,,,1,0,1.0,1,,
glue|bert-base-uncased|rte_wide|BC|t21|s42|tune,glue,bert-base-uncased,rte_wide,rte,BC,tune,21,42,acc,curvature=0.25;gat_hidden_dim=256;gnn_input_clip=0.0;gnn_input_scale=0;graph_metric=cosine;hyp_gnn_type=gat;hyperbolic_gnn=1;hyperbolic_readout=1;jk_mode=max;learnable_curvature=0;lr=0.0002;num_layers=2;proj_dim=512;readout_clip=1.0;readout_scale=1;scorer_hidden=128;tau_quantile=0.38;weight_decay=0.0,256,cosine,max,0.0002,2,512,128,0.38,0.0,58.48,164.05,0.37832,0.0,0.25,0.0,0,gat,1,,,1,0,1.0,1,,
glue|bert-base-uncased|rte_wide|BC|t22|s42|tune,glue,bert-base-uncased,rte_wide,rte,BC,tune,22,42,acc,curvature=1.0;gat_hidden_dim=128;gnn_input_clip=0.0;gnn_input_scale=1;graph_metric=cosine;hyp_gnn_type=gcn;hyperbolic_gnn=1;hyperbolic_readout=1;jk_mode=cat;learnable_curvature=0;lr=2e-05;num_layers=2;proj_dim=128;readout_clip=1.0;readout_scale=1;scorer_hidden=128;tau_quantile=0.05;weight_decay=1e-05,128,cosine,cat,2e-05,2,128,128,0.05,1e-05,52.71,168.43,0.04997,0.00391,1.0,0.0,1,gcn,1,,,1,0,1.0,1,,
glue|bert-base-uncased|rte_wide|BC|t23|s42|tune,glue,bert-base-uncased,rte_wide,rte,BC,tune,23,42,acc,curvature=4.0;gat_hidden_dim=64;gnn_input_clip=0.3;gnn_input_scale=0;graph_metric=cosine;hyp_gnn_type=gcn;hyperbolic_gnn=1;hyperbolic_readout=1;jk_mode=cat;learnable_curvature=1;lr=2e-05;num_layers=2;proj_dim=256;readout_clip=0.0;readout_scale=0;scorer_hidden=128;tau_quantile=0.05;weight_decay=5e-05,64,cosine,cat,2e-05,2,256,128,0.05,5e-05,52.71,169.6,0.05012,0.0,4.0,0.3,0,gcn,1,,,1,1,0.0,0,,
glue|bert-base-uncased|rte_wide|BC|t24|s42|tune,glue,bert-base-uncased,rte_wide,rte,BC,tune,24,42,acc,curvature=1.0;gat_hidden_dim=128;gnn_input_clip=0.7;gnn_input_scale=1;graph_metric=cosine;hyp_gnn_type=gat;hyperbolic_gnn=1;hyperbolic_readout=1;jk_mode=max;learnable_curvature=0;lr=0.001;num_layers=4;proj_dim=128;readout_clip=0.0;readout_scale=1;scorer_hidden=256;tau_quantile=0.38;weight_decay=1e-05,128,cosine,max,0.001,4,128,256,0.38,1e-05,57.4,160.51,0.37853,0.0,1.0,0.7,1,gat,1,,,1,0,0.0,1,,
glue|bert-base-uncased|rte_wide|BC|t25|s42|tune,glue,bert-base-uncased,rte_wide,rte,BC,tune,25,42,acc,curvature=1.0;gat_hidden_dim=128;gnn_input_clip=1.0;gnn_input_scale=0;graph_metric=cosine;hyp_gnn_type=gcn;hyperbolic_gnn=1;hyperbolic_readout=1;jk_mode=cat;learnable_curvature=1;lr=2e-05;num_layers=2;proj_dim=128;readout_clip=1.0;readout_scale=1;scorer_hidden=128;tau_quantile=0.38;weight_decay=1e-05,128,cosine,cat,2e-05,2,128,128,0.38,1e-05,52.71,156.32,0.37817,0.0,1.0,1.0,0,gcn,1,,,1,1,1.0,1,,
glue|bert-base-uncased|rte_wide|BC|t26|s42|tune,glue,bert-base-uncased,rte_wide,rte,BC,tune,26,42,acc,curvature=1.0;gat_hidden_dim=256;gnn_input_clip=0.0;gnn_input_scale=1;graph_metric=cosine;hyp_gnn_type=gat;hyperbolic_gnn=1;hyperbolic_readout=1;jk_mode=cat;learnable_curvature=0;lr=0.0002;num_layers=2;proj_dim=256;readout_clip=0.7;readout_scale=0;scorer_hidden=128;tau_quantile=0.2;weight_decay=5e-05,256,cosine,cat,0.0002,2,256,128,0.2,5e-05,58.12,158.96,0.19859,0.0,1.0,0.0,1,gat,1,,,1,0,0.7,0,,
glue|bert-base-uncased|rte_wide|BC|t27|s42|tune,glue,bert-base-uncased,rte_wide,rte,BC,tune,27,42,acc,curvature=0.25;gat_hidden_dim=64;gnn_input_clip=1.0;gnn_input_scale=1;graph_metric=cosine;hyp_gnn_type=gat;hyperbolic_gnn=1;hyperbolic_readout=1;jk_mode=max;learnable_curvature=1;lr=2e-05;num_layers=2;proj_dim=128;readout_clip=0.0;readout_scale=0;scorer_hidden=256;tau_quantile=0.1;weight_decay=1e-05,64,cosine,max,2e-05,2,128,256,0.1,1e-05,51.99,150.13,0.09979,0.0,0.25,1.0,1,gat,1,,,1,1,0.0,0,,
glue|bert-base-uncased|rte_wide|BC|t28|s42|tune,glue,bert-base-uncased,rte_wide,rte,BC,tune,28,42,acc,curvature=0.25;gat_hidden_dim=64;gnn_input_clip=0.3;gnn_input_scale=0;graph_metric=cosine;hyp_gnn_type=gat;hyperbolic_gnn=1;hyperbolic_readout=1;jk_mode=cat;learnable_curvature=0;lr=0.0002;num_layers=2;proj_dim=512;readout_clip=0.3;readout_scale=1;scorer_hidden=256;tau_quantile=0.05;weight_decay=1e-05,64,cosine,cat,0.0002,2,512,256,0.05,1e-05,54.87,129.19,0.05022,0.0,0.25,0.3,0,gat,1,,,1,0,0.3,1,,
glue|bert-base-uncased|rte_wide|BC|t29|s42|tune,glue,bert-base-uncased,rte_wide,rte,BC,tune,29,42,acc,curvature=4.0;gat_hidden_dim=64;gnn_input_clip=0.0;gnn_input_scale=1;graph_metric=cosine;hyp_gnn_type=gcn;hyperbolic_gnn=1;hyperbolic_readout=1;jk_mode=cat;learnable_curvature=1;lr=0.001;num_layers=4;proj_dim=512;readout_clip=1.0;readout_scale=1;scorer_hidden=256;tau_quantile=0.025;weight_decay=5e-05,64,cosine,cat,0.001,4,512,256,0.025,5e-05,55.96,177.94,0.0253,0.0,4.0,0.0,1,gcn,1,,,1,1,1.0,1,,
glue|bert-base-uncased|rte_wide|BC|t30|s42|tune,glue,bert-base-uncased,rte_wide,rte,BC,tune,30,42,acc,curvature=0.25;gat_hidden_dim=256;gnn_input_clip=0.7;gnn_input_scale=1;graph_metric=cosine;hyp_gnn_type=gat;hyperbolic_gnn=1;hyperbolic_readout=1;jk_mode=cat;learnable_curvature=0;lr=2e-05;num_layers=2;proj_dim=256;readout_clip=1.0;readout_scale=0;scorer_hidden=256;tau_quantile=0.025;weight_decay=5e-05,256,cosine,cat,2e-05,2,256,256,0.025,5e-05,57.4,178.29,0.02589,0.0,0.25,0.7,1,gat,1,,,1,0,1.0,0,,
glue|bert-base-uncased|rte_wide|BC|t31|s42|tune,glue,bert-base-uncased,rte_wide,rte,BC,tune,31,42,acc,curvature=4.0;gat_hidden_dim=64;gnn_input_clip=1.0;gnn_input_scale=0;graph_metric=cosine;hyp_gnn_type=gat;hyperbolic_gnn=1;hyperbolic_readout=1;jk_mode=max;learnable_curvature=1;lr=0.0002;num_layers=2;proj_dim=512;readout_clip=0.7;readout_scale=1;scorer_hidden=256;tau_quantile=0.38;weight_decay=5e-05,64,cosine,max,0.0002,2,512,256,0.38,5e-05,52.71,162.83,0.37885,0.0,4.0,1.0,0,gat,1,,,1,1,0.7,1,,
glue|bert-base-uncased|rte_wide|BC|t32|s42|tune,glue,bert-base-uncased,rte_wide,rte,BC,tune,32,42,acc,curvature=1.0;gat_hidden_dim=128;gnn_input_clip=0.7;gnn_input_scale=0;graph_metric=cosine;hyp_gnn_type=gat;hyperbolic_gnn=1;hyperbolic_readout=1;jk_mode=max;learnable_curvature=1;lr=0.0002;num_layers=4;proj_dim=128;readout_clip=1.0;readout_scale=1;scorer_hidden=256;tau_quantile=0.1;weight_decay=5e-05,128,cosine,max,0.0002,4,128,256,0.1,5e-05,47.29,170.69,0.09976,0.0,1.0,0.7,0,gat,1,,,1,1,1.0,1,,
glue|bert-base-uncased|rte_wide|BC|t33|s42|tune,glue,bert-base-uncased,rte_wide,rte,BC,tune,33,42,acc,curvature=1.0;gat_hidden_dim=256;gnn_input_clip=0.0;gnn_input_scale=0;graph_metric=cosine;hyp_gnn_type=gat;hyperbolic_gnn=1;hyperbolic_readout=1;jk_mode=cat;learnable_curvature=1;lr=0.001;num_layers=2;proj_dim=512;readout_clip=0.0;readout_scale=1;scorer_hidden=128;tau_quantile=0.025;weight_decay=1e-05,256,cosine,cat,0.001,2,512,128,0.025,1e-05,57.04,146.35,0.02589,0.0,1.0,0.0,0,gat,1,,,1,1,0.0,1,,
glue|bert-base-uncased|rte_wide|BC|t34|s42|tune,glue,bert-base-uncased,rte_wide,rte,BC,tune,34,42,acc,curvature=0.25;gat_hidden_dim=128;gnn_input_clip=0.7;gnn_input_scale=0;graph_metric=cosine;hyp_gnn_type=gcn;hyperbolic_gnn=1;hyperbolic_readout=1;jk_mode=cat;learnable_curvature=1;lr=2e-05;num_layers=2;proj_dim=256;readout_clip=0.3;readout_scale=0;scorer_hidden=128;tau_quantile=0.05;weight_decay=0.0,128,cosine,cat,2e-05,2,256,128,0.05,0.0,52.71,134.67,0.04997,0.00391,0.25,0.7,0,gcn,1,,,1,1,0.3,0,,
glue|bert-base-uncased|rte_wide|BC|t35|s42|tune,glue,bert-base-uncased,rte_wide,rte,BC,tune,35,42,acc,curvature=1.0;gat_hidden_dim=256;gnn_input_clip=1.0;gnn_input_scale=0;graph_metric=cosine;hyp_gnn_type=gat;hyperbolic_gnn=1;hyperbolic_readout=1;jk_mode=max;learnable_curvature=1;lr=0.001;num_layers=2;proj_dim=128;readout_clip=0.7;readout_scale=0;scorer_hidden=128;tau_quantile=0.05;weight_decay=1e-05,256,cosine,max,0.001,2,128,128,0.05,1e-05,49.82,160.9,0.05041,0.0,1.0,1.0,0,gat,1,,,1,1,0.7,0,,
glue|bert-base-uncased|rte_wide|BC|t36|s42|tune,glue,bert-base-uncased,rte_wide,rte,BC,tune,36,42,acc,curvature=4.0;gat_hidden_dim=128;gnn_input_clip=0.0;gnn_input_scale=1;graph_metric=cosine;hyp_gnn_type=gcn;hyperbolic_gnn=1;hyperbolic_readout=1;jk_mode=max;learnable_curvature=0;lr=0.0002;num_layers=2;proj_dim=128;readout_clip=0.3;readout_scale=1;scorer_hidden=128;tau_quantile=0.05;weight_decay=5e-05,128,cosine,max,0.0002,2,128,128,0.05,5e-05,47.29,152.98,0.04994,0.0,4.0,0.0,1,gcn,1,,,1,0,0.3,1,,
glue|bert-base-uncased|rte_wide|BC|t37|s42|tune,glue,bert-base-uncased,rte_wide,rte,BC,tune,37,42,acc,curvature=1.0;gat_hidden_dim=64;gnn_input_clip=0.3;gnn_input_scale=1;graph_metric=cosine;hyp_gnn_type=gat;hyperbolic_gnn=1;hyperbolic_readout=1;jk_mode=cat;learnable_curvature=1;lr=2e-05;num_layers=2;proj_dim=512;readout_clip=0.3;readout_scale=0;scorer_hidden=256;tau_quantile=0.2;weight_decay=0.0,64,cosine,cat,2e-05,2,512,256,0.2,0.0,48.38,173.48,0.19856,0.0,1.0,0.3,1,gat,1,,,1,1,0.3,0,,
glue|bert-base-uncased|rte_wide|BC|t38|s42|tune,glue,bert-base-uncased,rte_wide,rte,BC,tune,38,42,acc,curvature=4.0;gat_hidden_dim=256;gnn_input_clip=1.0;gnn_input_scale=0;graph_metric=cosine;hyp_gnn_type=gcn;hyperbolic_gnn=1;hyperbolic_readout=1;jk_mode=cat;learnable_curvature=1;lr=2e-05;num_layers=2;proj_dim=256;readout_clip=1.0;readout_scale=1;scorer_hidden=128;tau_quantile=0.38;weight_decay=0.0,256,cosine,cat,2e-05,2,256,128,0.38,0.0,52.71,168.34,0.37859,0.0,4.0,1.0,0,gcn,1,,,1,1,1.0,1,,
glue|bert-base-uncased|rte_wide|BC|t39|s42|tune,glue,bert-base-uncased,rte_wide,rte,BC,tune,39,42,acc,curvature=4.0;gat_hidden_dim=128;gnn_input_clip=1.0;gnn_input_scale=0;graph_metric=cosine;hyp_gnn_type=gat;hyperbolic_gnn=1;hyperbolic_readout=1;jk_mode=max;learnable_curvature=1;lr=2e-05;num_layers=2;proj_dim=128;readout_clip=0.7;readout_scale=0;scorer_hidden=256;tau_quantile=0.38;weight_decay=5e-05,128,cosine,max,2e-05,2,128,256,0.38,5e-05,52.71,172.7,0.37844,0.0,4.0,1.0,0,gat,1,,,1,1,0.7,0,,
glue|bert-base-uncased|rte_wide|B|t21|s1|confirm,glue,bert-base-uncased,rte_wide,rte,B,confirm,21,1,acc,curvature=0.25;gat_hidden_dim=128;graph_metric=cosine;hyperbolic_readout=1;jk_mode=max;learnable_curvature=0;lr=0.001;num_layers=2;proj_dim=128;readout_clip=0.7;readout_scale=1;scorer_hidden=256;tau_quantile=0.025;weight_decay=5e-05,128,cosine,max,0.001,2,128,256,0.025,5e-05,54.87,149.63,0.02509,0.0,0.25,,,,,,,1,0,0.7,1,,
glue|bert-base-uncased|rte_wide|B|t21|s2|confirm,glue,bert-base-uncased,rte_wide,rte,B,confirm,21,2,acc,curvature=0.25;gat_hidden_dim=128;graph_metric=cosine;hyperbolic_readout=1;jk_mode=max;learnable_curvature=0;lr=0.001;num_layers=2;proj_dim=128;readout_clip=0.7;readout_scale=1;scorer_hidden=256;tau_quantile=0.025;weight_decay=5e-05,128,cosine,max,0.001,2,128,256,0.025,5e-05,54.87,136.39,0.02577,0.0,0.25,,,,,,,1,0,0.7,1,,
glue|bert-base-uncased|rte_wide|B|t21|s3|confirm,glue,bert-base-uncased,rte_wide,rte,B,confirm,21,3,acc,curvature=0.25;gat_hidden_dim=128;graph_metric=cosine;hyperbolic_readout=1;jk_mode=max;learnable_curvature=0;lr=0.001;num_layers=2;proj_dim=128;readout_clip=0.7;readout_scale=1;scorer_hidden=256;tau_quantile=0.025;weight_decay=5e-05,128,cosine,max,0.001,2,128,256,0.025,5e-05,55.23,113.2,0.02532,0.00391,0.25,,,,,,,1,0,0.7,1,,
glue|bert-base-uncased|rte_wide|B|t21|s4|confirm,glue,bert-base-uncased,rte_wide,rte,B,confirm,21,4,acc,curvature=0.25;gat_hidden_dim=128;graph_metric=cosine;hyperbolic_readout=1;jk_mode=max;learnable_curvature=0;lr=0.001;num_layers=2;proj_dim=128;readout_clip=0.7;readout_scale=1;scorer_hidden=256;tau_quantile=0.025;weight_decay=5e-05,128,cosine,max,0.001,2,128,256,0.025,5e-05,53.07,115.43,0.02533,0.0,0.25,,,,,,,1,0,0.7,1,,
glue|bert-base-uncased|rte_wide|B|t21|s5|confirm,glue,bert-base-uncased,rte_wide,rte,B,confirm,21,5,acc,curvature=0.25;gat_hidden_dim=128;graph_metric=cosine;hyperbolic_readout=1;jk_mode=max;learnable_curvature=0;lr=0.001;num_layers=2;proj_dim=128;readout_clip=0.7;readout_scale=1;scorer_hidden=256;tau_quantile=0.025;weight_decay=5e-05,128,cosine,max,0.001,2,128,256,0.025,5e-05,56.68,107.29,0.02598,0.00781,0.25,,,,,,,1,0,0.7,1,,
glue|bert-base-uncased|rte_wide|B|t21|s6|confirm,glue,bert-base-uncased,rte_wide,rte,B,confirm,21,6,acc,curvature=0.25;gat_hidden_dim=128;graph_metric=cosine;hyperbolic_readout=1;jk_mode=max;learnable_curvature=0;lr=0.001;num_layers=2;proj_dim=128;readout_clip=0.7;readout_scale=1;scorer_hidden=256;tau_quantile=0.025;weight_decay=5e-05,128,cosine,max,0.001,2,128,256,0.025,5e-05,53.79,128.32,0.02546,0.0,0.25,,,,,,,1,0,0.7,1,,
glue|bert-base-uncased|rte_wide|B|t21|s7|confirm,glue,bert-base-uncased,rte_wide,rte,B,confirm,21,7,acc,curvature=0.25;gat_hidden_dim=128;graph_metric=cosine;hyperbolic_readout=1;jk_mode=max;learnable_curvature=0;lr=0.001;num_layers=2;proj_dim=128;readout_clip=0.7;readout_scale=1;scorer_hidden=256;tau_quantile=0.025;weight_decay=5e-05,128,cosine,max,0.001,2,128,256,0.025,5e-05,57.76,174.9,0.02506,0.0,0.25,,,,,,,1,0,0.7,1,,
glue|bert-base-uncased|rte_wide|B|t21|s8|confirm,glue,bert-base-uncased,rte_wide,rte,B,confirm,21,8,acc,curvature=0.25;gat_hidden_dim=128;graph_metric=cosine;hyperbolic_readout=1;jk_mode=max;learnable_curvature=0;lr=0.001;num_layers=2;proj_dim=128;readout_clip=0.7;readout_scale=1;scorer_hidden=256;tau_quantile=0.025;weight_decay=5e-05,128,cosine,max,0.001,2,128,256,0.025,5e-05,56.68,149.59,0.02506,0.00781,0.25,,,,,,,1,0,0.7,1,,
glue|bert-base-uncased|rte_wide|B|t21|s9|confirm,glue,bert-base-uncased,rte_wide,rte,B,confirm,21,9,acc,curvature=0.25;gat_hidden_dim=128;graph_metric=cosine;hyperbolic_readout=1;jk_mode=max;learnable_curvature=0;lr=0.001;num_layers=2;proj_dim=128;readout_clip=0.7;readout_scale=1;scorer_hidden=256;tau_quantile=0.025;weight_decay=5e-05,128,cosine,max,0.001,2,128,256,0.025,5e-05,52.71,140.15,0.02545,0.0,0.25,,,,,,,1,0,0.7,1,,
glue|bert-base-uncased|rte_wide|B|t21|s10|confirm,glue,bert-base-uncased,rte_wide,rte,B,confirm,21,10,acc,curvature=0.25;gat_hidden_dim=128;graph_metric=cosine;hyperbolic_readout=1;jk_mode=max;learnable_curvature=0;lr=0.001;num_layers=2;proj_dim=128;readout_clip=0.7;readout_scale=1;scorer_hidden=256;tau_quantile=0.025;weight_decay=5e-05,128,cosine,max,0.001,2,128,256,0.025,5e-05,55.23,136.66,0.0251,0.00391,0.25,,,,,,,1,0,0.7,1,,
glue|bert-base-uncased|rte_wide|B|t21|s11|confirm,glue,bert-base-uncased,rte_wide,rte,B,confirm,21,11,acc,curvature=0.25;gat_hidden_dim=128;graph_metric=cosine;hyperbolic_readout=1;jk_mode=max;learnable_curvature=0;lr=0.001;num_layers=2;proj_dim=128;readout_clip=0.7;readout_scale=1;scorer_hidden=256;tau_quantile=0.025;weight_decay=5e-05,128,cosine,max,0.001,2,128,256,0.025,5e-05,53.79,159.77,0.02575,0.0,0.25,,,,,,,1,0,0.7,1,,
glue|bert-base-uncased|rte_wide|B|t21|s12|confirm,glue,bert-base-uncased,rte_wide,rte,B,confirm,21,12,acc,curvature=0.25;gat_hidden_dim=128;graph_metric=cosine;hyperbolic_readout=1;jk_mode=max;learnable_curvature=0;lr=0.001;num_layers=2;proj_dim=128;readout_clip=0.7;readout_scale=1;scorer_hidden=256;tau_quantile=0.025;weight_decay=5e-05,128,cosine,max,0.001,2,128,256,0.025,5e-05,54.15,133.22,0.025,0.00391,0.25,,,,,,,1,0,0.7,1,,
glue|bert-base-uncased|rte_wide|B|t21|s13|confirm,glue,bert-base-uncased,rte_wide,rte,B,confirm,21,13,acc,curvature=0.25;gat_hidden_dim=128;graph_metric=cosine;hyperbolic_readout=1;jk_mode=max;learnable_curvature=0;lr=0.001;num_layers=2;proj_dim=128;readout_clip=0.7;readout_scale=1;scorer_hidden=256;tau_quantile=0.025;weight_decay=5e-05,128,cosine,max,0.001,2,128,256,0.025,5e-05,55.6,143.92,0.0254,0.00391,0.25,,,,,,,1,0,0.7,1,,
glue|bert-base-uncased|rte_wide|B|t21|s14|confirm,glue,bert-base-uncased,rte_wide,rte,B,confirm,21,14,acc,curvature=0.25;gat_hidden_dim=128;graph_metric=cosine;hyperbolic_readout=1;jk_mode=max;learnable_curvature=0;lr=0.001;num_layers=2;proj_dim=128;readout_clip=0.7;readout_scale=1;scorer_hidden=256;tau_quantile=0.025;weight_decay=5e-05,128,cosine,max,0.001,2,128,256,0.025,5e-05,55.23,119.03,0.02547,0.0,0.25,,,,,,,1,0,0.7,1,,
glue|bert-base-uncased|rte_wide|B|t21|s15|confirm,glue,bert-base-uncased,rte_wide,rte,B,confirm,21,15,acc,curvature=0.25;gat_hidden_dim=128;graph_metric=cosine;hyperbolic_readout=1;jk_mode=max;learnable_curvature=0;lr=0.001;num_layers=2;proj_dim=128;readout_clip=0.7;readout_scale=1;scorer_hidden=256;tau_quantile=0.025;weight_decay=5e-05,128,cosine,max,0.001,2,128,256,0.025,5e-05,51.99,129.92,0.0251,0.00781,0.25,,,,,,,1,0,0.7,1,,
glue|bert-base-uncased|rte_wide|BC|t15|s1|confirm,glue,bert-base-uncased,rte_wide,rte,BC,confirm,15,1,acc,curvature=1.0;gat_hidden_dim=256;gnn_input_clip=1.0;gnn_input_scale=0;graph_metric=cosine;hyp_gnn_type=gcn;hyperbolic_gnn=1;hyperbolic_readout=1;jk_mode=max;learnable_curvature=0;lr=0.001;num_layers=2;proj_dim=256;readout_clip=1.0;readout_scale=0;scorer_hidden=128;tau_quantile=0.05;weight_decay=5e-05,256,cosine,max,0.001,2,256,128,0.05,5e-05,54.87,148.84,0.04999,0.00391,1.0,1.0,0,gcn,1,,,1,0,1.0,0,,
glue|bert-base-uncased|rte_wide|BC|t15|s2|confirm,glue,bert-base-uncased,rte_wide,rte,BC,confirm,15,2,acc,curvature=1.0;gat_hidden_dim=256;gnn_input_clip=1.0;gnn_input_scale=0;graph_metric=cosine;hyp_gnn_type=gcn;hyperbolic_gnn=1;hyperbolic_readout=1;jk_mode=max;learnable_curvature=0;lr=0.001;num_layers=2;proj_dim=256;readout_clip=1.0;readout_scale=0;scorer_hidden=128;tau_quantile=0.05;weight_decay=5e-05,256,cosine,max,0.001,2,256,128,0.05,5e-05,57.04,121.89,0.05035,0.0,1.0,1.0,0,gcn,1,,,1,0,1.0,0,,
glue|bert-base-uncased|rte_wide|BC|t15|s3|confirm,glue,bert-base-uncased,rte_wide,rte,BC,confirm,15,3,acc,curvature=1.0;gat_hidden_dim=256;gnn_input_clip=1.0;gnn_input_scale=0;graph_metric=cosine;hyp_gnn_type=gcn;hyperbolic_gnn=1;hyperbolic_readout=1;jk_mode=max;learnable_curvature=0;lr=0.001;num_layers=2;proj_dim=256;readout_clip=1.0;readout_scale=0;scorer_hidden=128;tau_quantile=0.05;weight_decay=5e-05,256,cosine,max,0.001,2,256,128,0.05,5e-05,57.4,117.45,0.05037,0.0,1.0,1.0,0,gcn,1,,,1,0,1.0,0,,
glue|bert-base-uncased|rte_wide|BC|t15|s4|confirm,glue,bert-base-uncased,rte_wide,rte,BC,confirm,15,4,acc,curvature=1.0;gat_hidden_dim=256;gnn_input_clip=1.0;gnn_input_scale=0;graph_metric=cosine;hyp_gnn_type=gcn;hyperbolic_gnn=1;hyperbolic_readout=1;jk_mode=max;learnable_curvature=0;lr=0.001;num_layers=2;proj_dim=256;readout_clip=1.0;readout_scale=0;scorer_hidden=128;tau_quantile=0.05;weight_decay=5e-05,256,cosine,max,0.001,2,256,128,0.05,5e-05,54.51,109.02,0.05017,0.0,1.0,1.0,0,gcn,1,,,1,0,1.0,0,,
glue|bert-base-uncased|rte_wide|BC|t15|s5|confirm,glue,bert-base-uncased,rte_wide,rte,BC,confirm,15,5,acc,curvature=1.0;gat_hidden_dim=256;gnn_input_clip=1.0;gnn_input_scale=0;graph_metric=cosine;hyp_gnn_type=gcn;hyperbolic_gnn=1;hyperbolic_readout=1;jk_mode=max;learnable_curvature=0;lr=0.001;num_layers=2;proj_dim=256;readout_clip=1.0;readout_scale=0;scorer_hidden=128;tau_quantile=0.05;weight_decay=5e-05,256,cosine,max,0.001,2,256,128,0.05,5e-05,53.43,143.74,0.05009,0.0,1.0,1.0,0,gcn,1,,,1,0,1.0,0,,
glue|bert-base-uncased|rte_wide|BC|t15|s6|confirm,glue,bert-base-uncased,rte_wide,rte,BC,confirm,15,6,acc,curvature=1.0;gat_hidden_dim=256;gnn_input_clip=1.0;gnn_input_scale=0;graph_metric=cosine;hyp_gnn_type=gcn;hyperbolic_gnn=1;hyperbolic_readout=1;jk_mode=max;learnable_curvature=0;lr=0.001;num_layers=2;proj_dim=256;readout_clip=1.0;readout_scale=0;scorer_hidden=128;tau_quantile=0.05;weight_decay=5e-05,256,cosine,max,0.001,2,256,128,0.05,5e-05,54.87,115.7,0.05043,0.0,1.0,1.0,0,gcn,1,,,1,0,1.0,0,,
glue|bert-base-uncased|rte_wide|BC|t15|s7|confirm,glue,bert-base-uncased,rte_wide,rte,BC,confirm,15,7,acc,curvature=1.0;gat_hidden_dim=256;gnn_input_clip=1.0;gnn_input_scale=0;graph_metric=cosine;hyp_gnn_type=gcn;hyperbolic_gnn=1;hyperbolic_readout=1;jk_mode=max;learnable_curvature=0;lr=0.001;num_layers=2;proj_dim=256;readout_clip=1.0;readout_scale=0;scorer_hidden=128;tau_quantile=0.05;weight_decay=5e-05,256,cosine,max,0.001,2,256,128,0.05,5e-05,54.87,146.91,0.05022,0.00391,1.0,1.0,0,gcn,1,,,1,0,1.0,0,,
glue|bert-base-uncased|rte_wide|BC|t15|s8|confirm,glue,bert-base-uncased,rte_wide,rte,BC,confirm,15,8,acc,curvature=1.0;gat_hidden_dim=256;gnn_input_clip=1.0;gnn_input_scale=0;graph_metric=cosine;hyp_gnn_type=gcn;hyperbolic_gnn=1;hyperbolic_readout=1;jk_mode=max;learnable_curvature=0;lr=0.001;num_layers=2;proj_dim=256;readout_clip=1.0;readout_scale=0;scorer_hidden=128;tau_quantile=0.05;weight_decay=5e-05,256,cosine,max,0.001,2,256,128,0.05,5e-05,54.15,136.04,0.05007,0.0,1.0,1.0,0,gcn,1,,,1,0,1.0,0,,
glue|bert-base-uncased|rte_wide|BC|t15|s9|confirm,glue,bert-base-uncased,rte_wide,rte,BC,confirm,15,9,acc,curvature=1.0;gat_hidden_dim=256;gnn_input_clip=1.0;gnn_input_scale=0;graph_metric=cosine;hyp_gnn_type=gcn;hyperbolic_gnn=1;hyperbolic_readout=1;jk_mode=max;learnable_curvature=0;lr=0.001;num_layers=2;proj_dim=256;readout_clip=1.0;readout_scale=0;scorer_hidden=128;tau_quantile=0.05;weight_decay=5e-05,256,cosine,max,0.001,2,256,128,0.05,5e-05,53.07,108.82,0.05022,0.0,1.0,1.0,0,gcn,1,,,1,0,1.0,0,,
glue|bert-base-uncased|rte_wide|BC|t15|s10|confirm,glue,bert-base-uncased,rte_wide,rte,BC,confirm,15,10,acc,curvature=1.0;gat_hidden_dim=256;gnn_input_clip=1.0;gnn_input_scale=0;graph_metric=cosine;hyp_gnn_type=gcn;hyperbolic_gnn=1;hyperbolic_readout=1;jk_mode=max;learnable_curvature=0;lr=0.001;num_layers=2;proj_dim=256;readout_clip=1.0;readout_scale=0;scorer_hidden=128;tau_quantile=0.05;weight_decay=5e-05,256,cosine,max,0.001,2,256,128,0.05,5e-05,57.4,145.14,0.05036,0.0,1.0,1.0,0,gcn,1,,,1,0,1.0,0,,
glue|bert-base-uncased|rte_wide|BC|t15|s11|confirm,glue,bert-base-uncased,rte_wide,rte,BC,confirm,15,11,acc,curvature=1.0;gat_hidden_dim=256;gnn_input_clip=1.0;gnn_input_scale=0;graph_metric=cosine;hyp_gnn_type=gcn;hyperbolic_gnn=1;hyperbolic_readout=1;jk_mode=max;learnable_curvature=0;lr=0.001;num_layers=2;proj_dim=256;readout_clip=1.0;readout_scale=0;scorer_hidden=128;tau_quantile=0.05;weight_decay=5e-05,256,cosine,max,0.001,2,256,128,0.05,5e-05,58.12,108.16,0.04984,0.0,1.0,1.0,0,gcn,1,,,1,0,1.0,0,,
glue|bert-base-uncased|rte_wide|BC|t15|s12|confirm,glue,bert-base-uncased,rte_wide,rte,BC,confirm,15,12,acc,curvature=1.0;gat_hidden_dim=256;gnn_input_clip=1.0;gnn_input_scale=0;graph_metric=cosine;hyp_gnn_type=gcn;hyperbolic_gnn=1;hyperbolic_readout=1;jk_mode=max;learnable_curvature=0;lr=0.001;num_layers=2;proj_dim=256;readout_clip=1.0;readout_scale=0;scorer_hidden=128;tau_quantile=0.05;weight_decay=5e-05,256,cosine,max,0.001,2,256,128,0.05,5e-05,56.32,142.12,0.05001,0.00391,1.0,1.0,0,gcn,1,,,1,0,1.0,0,,
glue|bert-base-uncased|rte_wide|BC|t15|s13|confirm,glue,bert-base-uncased,rte_wide,rte,BC,confirm,15,13,acc,curvature=1.0;gat_hidden_dim=256;gnn_input_clip=1.0;gnn_input_scale=0;graph_metric=cosine;hyp_gnn_type=gcn;hyperbolic_gnn=1;hyperbolic_readout=1;jk_mode=max;learnable_curvature=0;lr=0.001;num_layers=2;proj_dim=256;readout_clip=1.0;readout_scale=0;scorer_hidden=128;tau_quantile=0.05;weight_decay=5e-05,256,cosine,max,0.001,2,256,128,0.05,5e-05,53.07,150.01,0.05012,0.0,1.0,1.0,0,gcn,1,,,1,0,1.0,0,,
glue|bert-base-uncased|rte_wide|BC|t15|s14|confirm,glue,bert-base-uncased,rte_wide,rte,BC,confirm,15,14,acc,curvature=1.0;gat_hidden_dim=256;gnn_input_clip=1.0;gnn_input_scale=0;graph_metric=cosine;hyp_gnn_type=gcn;hyperbolic_gnn=1;hyperbolic_readout=1;jk_mode=max;learnable_curvature=0;lr=0.001;num_layers=2;proj_dim=256;readout_clip=1.0;readout_scale=0;scorer_hidden=128;tau_quantile=0.05;weight_decay=5e-05,256,cosine,max,0.001,2,256,128,0.05,5e-05,56.68,134.24,0.05041,0.0,1.0,1.0,0,gcn,1,,,1,0,1.0,0,,
glue|bert-base-uncased|rte_wide|BC|t15|s15|confirm,glue,bert-base-uncased,rte_wide,rte,BC,confirm,15,15,acc,curvature=1.0;gat_hidden_dim=256;gnn_input_clip=1.0;gnn_input_scale=0;graph_metric=cosine;hyp_gnn_type=gcn;hyperbolic_gnn=1;hyperbolic_readout=1;jk_mode=max;learnable_curvature=0;lr=0.001;num_layers=2;proj_dim=256;readout_clip=1.0;readout_scale=0;scorer_hidden=128;tau_quantile=0.05;weight_decay=5e-05,256,cosine,max,0.001,2,256,128,0.05,5e-05,58.84,134.7,0.05038,0.0,1.0,1.0,0,gcn,1,,,1,0,1.0,0,,
