run_key,target,model,setting,task,arm,stage,trial,seed,metric,detail,curvature,gat_hidden_dim,graph_metric,hyperbolic_readout,jk_mode,learnable_curvature,lr,num_layers,proj_dim,readout_clip,readout_scale,scorer_hidden,tau_quantile,weight_decay,score,elapsed_sec,mean_density,empty_frac,feature_mode,gnn_input_clip,gnn_input_scale,graph_curvature,hyp_gnn_type,hyperbolic_gnn,rho_quantile
glue|roberta-base|cola_wide|B|t0|s42|tune,glue,roberta-base,cola_wide,cola,B,tune,0,42,mcc,curvature=1.0;gat_hidden_dim=256;graph_metric=cosine;hyperbolic_readout=1;jk_mode=max;learnable_curvature=0;lr=0.001;num_layers=4;proj_dim=512;readout_clip=0.7;readout_scale=0;scorer_hidden=256;tau_quantile=0.38;weight_decay=0.0,1.0,256,cosine,1,max,0,0.001,4,512,0.7,0,256,0.38,0.0,54.03,166.53,0.37672,0.0,,,,,,,
glue|roberta-base|cola_wide|B|t1|s42|tune,glue,roberta-base,cola_wide,cola,B,tune,1,42,mcc,curvature=1.0;gat_hidden_dim=64;graph_metric=cosine;hyperbolic_readout=1;jk_mode=max;learnable_curvature=0;lr=0.001;num_layers=4;proj_dim=128;readout_clip=0.0;readout_scale=1;scorer_hidden=128;tau_quantile=0.1;weight_decay=0.0,1.0,64,cosine,1,max,0,0.001,4,128,0.0,1,128,0.1,0.0,56.31,149.66,0.10034,0.0,,,,,,,
glue|roberta-base|cola_wide|B|t2|s42|tune,glue,roberta-base,cola_wide,cola,B,tune,2,42,mcc,curvature=1.0;gat_hidden_dim=64;graph_metric=cosine;hyperbolic_readout=1;jk_mode=cat;learnable_curvature=0;lr=0.0002;num_layers=2;proj_dim=256;readout_clip=0.3;readout_scale=0;scorer_hidden=256;tau_quantile=0.05;weight_decay=1e-05,1.0,64,cosine,1,cat,0,0.0002,2,256,0.3,0,256,0.05,1e-05,0.0,146.65,0.05096,0.00781,,,,,,,
glue|roberta-base|cola_wide|B|t3|s42|tune,glue,roberta-base,cola_wide,cola,B,tune,3,42,mcc,curvature=0.25;gat_hidden_dim=128;graph_metric=cosine;hyperbolic_readout=1;jk_mode=cat;learnable_curvature=1;lr=2e-05;num_layers=2;proj_dim=256;readout_clip=0.3;readout_scale=0;scorer_hidden=256;tau_quantile=0.38;weight_decay=5e-05,0.25,128,cosine,1,cat,1,2e-05,2,256,0.3,0,256,0.38,5e-05,0.0,147.93,0.37745,0.0,,,,,,,
glue|roberta-base|cola_wide|B|t4|s42|tune,glue,roberta-base,cola_wide,cola,B,tune,4,42,mcc,curvature=0.25;gat_hidden_dim=128;graph_metric=cosine;hyperbolic_readout=1;jk_mode=cat;learnable_curvature=1;lr=0.001;num_layers=4;proj_dim=512;readout_clip=0.0;readout_scale=1;scorer_hidden=128;tau_quantile=0.38;weight_decay=0.0,0.25,128,cosine,1,cat,1,0.001,4,512,0.0,1,128,0.38,0.0,54.95,149.74,0.37708,0.0,,,,,,,
glue|roberta-base|cola_wide|B|t5|s42|tune,glue,roberta-base,cola_wide,cola,B,tune,5,42,mcc,curvature=0.25;gat_hidden_dim=64;graph_metric=cosine;hyperbolic_readout=1;jk_mode=max;learnable_curvature=0;lr=0.001;num_layers=4;proj_dim=512;readout_clip=0.7;readout_scale=0;scorer_hidden=256;tau_quantile=0.2;weight_decay=0.0,0.25,64,cosine,1,max,0,0.001,4,512,0.7,0,256,0.2,0.0,55.85,149.04,0.1967,0.0,,,,,,,
glue|roberta-base|cola_wide|B|t6|s42|tune,glue,roberta-base,cola_wide,cola,B,tune,6,42,mcc,curvature=0.25;gat_hidden_dim=128;graph_metric=cosine;hyperbolic_readout=1;jk_mode=max;learnable_curvature=0;lr=0.0002;num_layers=2;proj_dim=128;readout_clip=1.0;readout_scale=1;scorer_hidden=256;tau_quantile=0.38;weight_decay=1e-05,0.25,128,cosine,1,max,0,0.0002,2,128,1.0,1,256,0.38,1e-05,52.23,144.01,0.37693,0.0,,,,,,,
glue|roberta-base|cola_wide|B|t7|s42|tune,glue,roberta-base,cola_wide,cola,B,tune,7,42,mcc,curvature=0.25;gat_hidden_dim=64;graph_metric=cosine;hyperbolic_readout=1;jk_mode=cat;learnable_curvature=1;lr=0.0002;num_layers=2;proj_dim=512;readout_clip=0.3;readout_scale=0;scorer_hidden=256;tau_quantile=0.2;weight_decay=1e-05,0.25,64,cosine,1,cat,1,0.0002,2,512,0.3,0,256,0.2,1e-05,0.0,145.2,0.19687,0.0,,,,,,,
glue|roberta-base|cola_wide|B|t8|s42|tune,glue,roberta-base,cola_wide,cola,B,tune,8,42,mcc,curvature=0.25;gat_hidden_dim=64;graph_metric=cosine;hyperbolic_readout=1;jk_mode=max;learnable_curvature=0;lr=0.0002;num_layers=4;proj_dim=512;readout_clip=0.7;readout_scale=1;scorer_hidden=128;tau_quantile=0.1;weight_decay=0.0,0.25,64,cosine,1,max,0,0.0002,4,512,0.7,1,128,0.1,0.0,48.55,147.91,0.10034,0.0,,,,,,,
glue|roberta-base|cola_wide|B|t9|s42|tune,glue,roberta-base,cola_wide,cola,B,tune,9,42,mcc,curvature=4.0;gat_hidden_dim=128;graph_metric=cosine;hyperbolic_readout=1;jk_mode=max;learnable_curvature=1;lr=0.0002;num_layers=4;proj_dim=128;readout_clip=0.7;readout_scale=1;scorer_hidden=256;tau_quantile=0.05;weight_decay=5e-05,4.0,128,cosine,1,max,1,0.0002,4,128,0.7,1,256,0.05,5e-05,52.27,151.13,0.0513,0.00391,,,,,,,
glue|roberta-base|cola_wide|B|t10|s42|tune,glue,roberta-base,cola_wide,cola,B,tune,10,42,mcc,curvature=0.25;gat_hidden_dim=64;graph_metric=cosine;hyperbolic_readout=1;jk_mode=cat;learnable_curvature=1;lr=2e-05;num_layers=2;proj_dim=512;readout_clip=0.0;readout_scale=1;scorer_hidden=128;tau_quantile=0.2;weight_decay=0.0,0.25,64,cosine,1,cat,1,2e-05,2,512,0.0,1,128,0.2,0.0,0.0,146.37,0.19687,0.0,,,,,,,
glue|roberta-base|cola_wide|B|t11|s42|tune,glue,roberta-base,cola_wide,cola,B,tune,11,42,mcc,curvature=0.25;gat_hidden_dim=256;graph_metric=cosine;hyperbolic_readout=1;jk_mode=cat;learnable_curvature=0;lr=0.0002;num_layers=4;proj_dim=256;readout_clip=1.0;readout_scale=0;scorer_hidden=128;tau_quantile=0.38;weight_decay=5e-05,0.25,256,cosine,1,cat,0,0.0002,4,256,1.0,0,128,0.38,5e-05,53.87,148.31,0.37744,0.0,,,,,,,
glue|roberta-base|cola_wide|B|t12|s42|tune,glue,roberta-base,cola_wide,cola,B,tune,12,42,mcc,curvature=0.25;gat_hidden_dim=128;graph_metric=cosine;hyperbolic_readout=1;jk_mode=cat;learnable_curvature=0;lr=0.001;num_layers=2;proj_dim=128;readout_clip=0.7;readout_scale=0;scorer_hidden=128;tau_quantile=0.38;weight_decay=1e-05,0.25,128,cosine,1,cat,0,0.001,2,128,0.7,0,128,0.38,1e-05,55.01,143.29,0.37745,0.0,,,,,,,
glue|roberta-base|cola_wide|B|t13|s42|tune,glue,roberta-base,cola_wide,cola,B,tune,13,42,mcc,curvature=4.0;gat_hidden_dim=256;graph_metric=cosine;hyperbolic_readout=1;jk_mode=max;learnable_curvature=1;lr=2e-05;num_layers=4;proj_dim=512;readout_clip=0.0;readout_scale=1;scorer_hidden=128;tau_quantile=0.025;weight_decay=1e-05,4.0,256,cosine,1,max,1,2e-05,4,512,0.0,1,128,0.025,1e-05,0.0,147.17,0.02841,0.00391,,,,,,,
glue|roberta-base|cola_wide|B|t14|s42|tune,glue,roberta-base,cola_wide,cola,B,tune,14,42,mcc,curvature=4.0;gat_hidden_dim=64;graph_metric=cosine;hyperbolic_readout=1;jk_mode=max;learnable_curvature=1;lr=0.0002;num_layers=4;proj_dim=256;readout_clip=1.0;readout_scale=0;scorer_hidden=256;tau_quantile=0.05;weight_decay=0.0,4.0,64,cosine,1,max,1,0.0002,4,256,1.0,0,256,0.05,0.0,51.95,147.71,0.05179,0.00391,,,,,,,
glue|roberta-base|cola_wide|B|t15|s42|tune,glue,roberta-base,cola_wide,cola,B,tune,15,42,mcc,curvature=4.0;gat_hidden_dim=128;graph_metric=cosine;hyperbolic_readout=1;jk_mode=max;learnable_curvature=1;lr=2e-05;num_layers=4;proj_dim=512;readout_clip=0.3;readout_scale=1;scorer_hidden=256;tau_quantile=0.38;weight_decay=1e-05,4.0,128,cosine,1,max,1,2e-05,4,512,0.3,1,256,0.38,1e-05,0.0,148.21,0.3769,0.0,,,,,,,
glue|roberta-base|cola_wide|B|t16|s42|tune,glue,roberta-base,cola_wide,cola,B,tune,16,42,mcc,curvature=1.0;gat_hidden_dim=128;graph_metric=cosine;hyperbolic_readout=1;jk_mode=cat;learnable_curvature=1;lr=2e-05;num_layers=2;proj_dim=128;readout_clip=0.0;readout_scale=1;scorer_hidden=128;tau_quantile=0.2;weight_decay=5e-05,1.0,128,cosine,1,cat,1,2e-05,2,128,0.0,1,128,0.2,5e-05,0.0,145.39,0.19704,0.0,,,,,,,
glue|roberta-base|cola_wide|B|t17|s42|tune,glue,roberta-base,cola_wide,cola,B,tune,17,42,mcc,curvature=0.25;gat_hidden_dim=256;graph_metric=cosine;hyperbolic_readout=1;jk_mode=cat;learnable_curvature=0;lr=0.0002;num_layers=2;proj_dim=256;readout_clip=1.0;readout_scale=0;scorer_hidden=128;tau_quantile=0.025;weight_decay=1e-05,0.25,256,cosine,1,cat,0,0.0002,2,256,1.0,0,128,0.025,1e-05,54.35,143.87,0.02853,0.01562,,,,,,,
glue|roberta-base|cola_wide|B|t18|s42|tune,glue,roberta-base,cola_wide,cola,B,tune,18,42,mcc,curvature=0.25;gat_hidden_dim=256;graph_metric=cosine;hyperbolic_readout=1;jk_mode=max;learnable_curvature=0;lr=0.001;num_layers=2;proj_dim=512;readout_clip=0.3;readout_scale=0;scorer_hidden=128;tau_quantile=0.1;weight_decay=0.0,0.25,256,cosine,1,max,0,0.001,2,512,0.3,0,128,0.1,0.0,51.87,144.35,0.10086,0.0,,,,,,,
glue|roberta-base|cola_wide|B|t19|s42|tune,glue,roberta-base,cola_wide,cola,B,tune,19,42,mcc,curvature=0.25;gat_hidden_dim=64;graph_metric=cosine;hyperbolic_readout=1;jk_mode=cat;learnable_curvature=0;lr=2e-05;num_layers=2;proj_dim=256;readout_clip=0.0;readout_scale=0;scorer_hidden=128;tau_quantile=0.05;weight_decay=1e-05,0.25,64,cosine,1,cat,0,2e-05,2,256,0.0,0,128,0.05,1e-05,0.0,144.93,0.05096,0.00781,,,,,,,
glue|roberta-base|cola_wide|B|t20|s42|tune,glue,roberta-base,cola_wide,cola,B,tune,20,42,mcc,curvature=0.25;gat_hidden_dim=128;graph_metric=cosine;hyperbolic_readout=1;jk_mode=cat;learnable_curvature=0;lr=0.0002;num_layers=4;proj_dim=256;readout_clip=1.0;readout_scale=0;scorer_hidden=128;tau_quantile=0.38;weight_decay=5e-05,0.25,128,cosine,1,cat,0,0.0002,4,256,1.0,0,128,0.38,5e-05,52.01,148.43,0.37708,0.0,,,,,,,
glue|roberta-base|cola_wide|B|t21|s42|tune,glue,roberta-base,cola_wide,cola,B,tune,21,42,mcc,curvature=4.0;gat_hidden_dim=128;graph_metric=cosine;hyperbolic_readout=1;jk_mode=cat;learnable_curvature=0;lr=2e-05;num_layers=4;proj_dim=512;readout_clip=1.0;readout_scale=1;scorer_hidden=256;tau_quantile=0.05;weight_decay=0.0,4.0,128,cosine,1,cat,0,2e-05,4,512,1.0,1,256,0.05,0.0,0.0,147.3,0.05173,0.00391,,,,,,,
glue|roberta-base|cola_wide|B|t22|s42|tune,glue,roberta-base,cola_wide,cola,B,tune,22,42,mcc,curvature=0.25;gat_hidden_dim=128;graph_metric=cosine;hyperbolic_readout=1;jk_mode=cat;learnable_curvature=1;lr=0.0002;num_layers=4;proj_dim=256;readout_clip=1.0;readout_scale=0;scorer_hidden=256;tau_quantile=0.025;weight_decay=0.0,0.25,128,cosine,1,cat,1,0.0002,4,256,1.0,0,256,0.025,0.0,54.15,150.3,0.02829,0.01172,,,,,,,
glue|roberta-base|cola_wide|B|t23|s42|tune,glue,roberta-base,cola_wide,cola,B,tune,23,42,mcc,curvature=1.0;gat_hidden_dim=128;graph_metric=cosine;hyperbolic_readout=1;jk_mode=cat;learnable_curvature=0;lr=0.001;num_layers=4;proj_dim=512;readout_clip=0.7;readout_scale=0;scorer_hidden=128;tau_quantile=0.025;weight_decay=1e-05,1.0,128,cosine,1,cat,0,0.001,4,512,0.7,0,128,0.025,1e-05,54.82,146.04,0.02829,0.01172,,,,,,,
glue|roberta-base|cola_wide|B|t24|s42|tune,glue,roberta-base,cola_wide,cola,B,tune,24,42,mcc,curvature=0.25;gat_hidden_dim=128;graph_metric=cosine;hyperbolic_readout=1;jk_mode=cat;learnable_curvature=0;lr=0.001;num_layers=2;proj_dim=256;readout_clip=0.7;readout_scale=1;scorer_hidden=128;tau_quantile=0.05;weight_decay=5e-05,0.25,128,cosine,1,cat,0,0.001,2,256,0.7,1,128,0.05,5e-05,53.43,143.66,0.05129,0.0,,,,,,,
glue|roberta-base|cola_wide|B|t25|s42|tune,glue,roberta-base,cola_wide,cola,B,tune,25,42,mcc,curvature=0.25;gat_hidden_dim=64;graph_metric=cosine;hyperbolic_readout=1;jk_mode=cat;learnable_curvature=0;lr=2e-05;num_layers=4;proj_dim=256;readout_clip=0.0;readout_scale=1;scorer_hidden=256;tau_quantile=0.2;weight_decay=5e-05,0.25,64,cosine,1,cat,0,2e-05,4,256,0.0,1,256,0.2,5e-05,0.0,146.45,0.19678,0.0,,,,,,,
glue|roberta-base|cola_wide|B|t26|s42|tune,glue,roberta-base,cola_wide,cola,B,tune,26,42,mcc,curvature=0.25;gat_hidden_dim=256;graph_metric=cosine;hyperbolic_readout=1;jk_mode=max;learnable_curvature=0;lr=2e-05;num_layers=2;proj_dim=128;readout_clip=1.0;readout_scale=1;scorer_hidden=256;tau_quantile=0.38;weight_decay=1e-05,0.25,256,cosine,1,max,0,2e-05,2,128,1.0,1,256,0.38,1e-05,0.0,142.86,0.37646,0.0,,,,,,,
glue|roberta-base|cola_wide|B|t27|s42|tune,glue,roberta-base,cola_wide,cola,B,tune,27,42,mcc,curvature=4.0;gat_hidden_dim=128;graph_metric=cosine;hyperbolic_readout=1;jk_mode=max;learnable_curvature=0;lr=0.001;num_layers=2;proj_dim=512;readout_clip=1.0;readout_scale=0;scorer_hidden=128;tau_quantile=0.025;weight_decay=0.0,4.0,128,cosine,1,max,0,0.001,2,512,1.0,0,128,0.025,0.0,57.42,141.62,0.02813,0.00781,,,,,,,
glue|roberta-base|cola_wide|B|t28|s42|tune,glue,roberta-base,cola_wide,cola,B,tune,28,42,mcc,curvature=4.0;gat_hidden_dim=256;graph_metric=cosine;hyperbolic_readout=1;jk_mode=cat;learnable_curvature=1;lr=2e-05;num_layers=2;proj_dim=128;readout_clip=0.0;readout_scale=1;scorer_hidden=256;tau_quantile=0.38;weight_decay=0.0,4.0,256,cosine,1,cat,1,2e-05,2,128,0.0,1,256,0.38,0.0,0.0,144.07,0.37667,0.0,,,,,,,
glue|roberta-base|cola_wide|B|t29|s42|tune,glue,roberta-base,cola_wide,cola,B,tune,29,42,mcc,curvature=4.0;gat_hidden_dim=64;graph_metric=cosine;hyperbolic_readout=1;jk_mode=cat;learnable_curvature=1;lr=0.001;num_layers=2;proj_dim=512;readout_clip=0.0;readout_scale=1;scorer_hidden=128;tau_quantile=0.2;weight_decay=5e-05,4.0,64,cosine,1,cat,1,0.001,2,512,0.0,1,128,0.2,5e-05,53.61,143.04,0.19687,0.0,,,,,,,
glue|roberta-base|cola_wide|B|t30|s42|tune,glue,roberta-base,cola_wide,cola,B,tune,30,42,mcc,curvature=1.0;gat_hidden_dim=256;graph_metric=cosine;hyperbolic_readout=1;jk_mode=max;learnable_curvature=0;lr=0.0002;num_layers=2;proj_dim=256;readout_clip=0.3;readout_scale=0;scorer_hidden=256;tau_quantile=0.38;weight_decay=0.0,1.0,256,cosine,1,max,0,0.0002,2,256,0.3,0,256,0.38,0.0,51.58,144.66,0.37646,0.0,,,,,,,
glue|roberta-base|cola_wide|B|t31|s42|tune,glue,roberta-base,cola_wide,cola,B,tune,31,42,mcc,curvature=0.25;gat_hidden_dim=64;graph_metric=cosine;hyperbolic_readout=1;jk_mode=cat;learnable_curvature=0;lr=0.0002;num_layers=4;proj_dim=256;readout_clip=0.0;readout_scale=0;scorer_hidden=128;tau_quantile=0.38;weight_decay=0.0,0.25,64,cosine,1,cat,0,0.0002,4,256,0.0,0,128,0.38,0.0,52.79,145.07,0.37735,0.0,,,,,,,
glue|roberta-base|cola_wide|B|t32|s42|tune,glue,roberta-base,cola_wide,cola,B,tune,32,42,mcc,curvature=1.0;gat_hidden_dim=256;graph_metric=cosine;hyperbolic_readout=1;jk_mode=cat;learnable_curvature=1;lr=0.0002;num_layers=2;proj_dim=512;readout_clip=0.3;readout_scale=1;scorer_hidden=256;tau_quantile=0.05;weight_decay=1e-05,1.0,256,cosine,1,cat,1,0.0002,2,512,0.3,1,256,0.05,1e-05,0.0,143.01,0.05117,0.0,,,,,,,
glue|roberta-base|cola_wide|B|t33|s42|tune,glue,roberta-base,cola_wide,cola,B,tune,33,42,mcc,curvature=4.0;gat_hidden_dim=64;graph_metric=cosine;hyperbolic_readout=1;jk_mode=max;learnable_curvature=0;lr=0.0002;num_layers=2;proj_dim=128;readout_clip=0.0;readout_scale=1;scorer_hidden=256;tau_quantile=0.025;weight_decay=0.0,4.0,64,cosine,1,max,0,0.0002,2,128,0.0,1,256,0.025,0.0,52.29,141.89,0.02788,0.01953,,,,,,,
glue|roberta-base|cola_wide|B|t34|s42|tune,glue,roberta-base,cola_wide,cola,B,tune,34,42,mcc,curvature=1.0;gat_hidden_dim=64;graph_metric=cosine;hyperbolic_readout=1;jk_mode=max;learnable_curvature=1;lr=0.0002;num_layers=2;proj_dim=256;readout_clip=1.0;readout_scale=1;scorer_hidden=256;tau_quantile=0.2;weight_decay=1e-05,1.0,64,cosine,1,max,1,0.0002,2,256,1.0,1,256,0.2,1e-05,53.17,144.01,0.19691,0.0,,,,,,,
glue|roberta-base|cola_wide|B|t35|s42|tune,glue,roberta-base,cola_wide,cola,B,tune,35,42,mcc,curvature=4.0;gat_hidden_dim=256;graph_metric=cosine;hyperbolic_readout=1;jk_mode=cat;learnable_curvature=1;lr=0.0002;num_layers=2;proj_dim=512;readout_clip=1.0;readout_scale=1;scorer_hidden=256;tau_quantile=0.2;weight_decay=5e-05,4.0,256,cosine,1,cat,1,0.0002,2,512,1.0,1,256,0.2,5e-05,50.7,142.53,0.19597,0.0,,,,,,,
glue|roberta-base|cola_wide|B|t36|s42|tune,glue,roberta-base,cola_wide,cola,B,tune,36,42,mcc,curvature=1.0;gat_hidden_dim=128;graph_metric=cosine;hyperbolic_readout=1;jk_mode=max;learnable_curvature=0;lr=0.0002;num_layers=2;proj_dim=512;readout_clip=0.3;readout_scale=1;scorer_hidden=128;tau_quantile=0.2;weight_decay=1e-05,1.0,128,cosine,1,max,0,0.0002,2,512,0.3,1,128,0.2,1e-05,54.27,143.82,0.19666,0.0,,,,,,,
glue|roberta-base|cola_wide|B|t37|s42|tune,glue,roberta-base,cola_wide,cola,B,tune,37,42,mcc,curvature=0.25;gat_hidden_dim=128;graph_metric=cosine;hyperbolic_readout=1;jk_mode=cat;learnable_curvature=1;lr=0.001;num_layers=4;proj_dim=512;readout_clip=0.3;readout_scale=1;scorer_hidden=128;tau_quantile=0.2;weight_decay=5e-05,0.25,128,cosine,1,cat,1,0.001,4,512,0.3,1,128,0.2,5e-05,57.1,147.87,0.19697,0.0,,,,,,,
glue|roberta-base|cola_wide|B|t38|s42|tune,glue,roberta-base,cola_wide,cola,B,tune,38,42,mcc,curvature=0.25;gat_hidden_dim=256;graph_metric=cosine;hyperbolic_readout=1;jk_mode=cat;learnable_curvature=0;lr=0.0002;num_layers=4;proj_dim=256;readout_clip=0.3;readout_scale=1;scorer_hidden=128;tau_quantile=0.38;weight_decay=1e-05,0.25,256,cosine,1,cat,0,0.0002,4,256,0.3,1,128,0.38,1e-05,48.55,146.01,0.37744,0.0,,,,,,,
glue|roberta-base|cola_wide|B|t39|s42|tune,glue,roberta-base,cola_wide,cola,B,tune,39,42,mcc,curvature=0.25;gat_hidden_dim=128;graph_metric=cosine;hyperbolic_readout=1;jk_mode=cat;learnable_curvature=1;lr=0.0002;num_layers=4;proj_dim=512;readout_clip=0.0;readout_scale=0;scorer_hidden=256;tau_quantile=0.1;weight_decay=5e-05,0.25,128,cosine,1,cat,1,0.0002,4,512,0.0,0,256,0.1,5e-05,53.76,145.44,0.10113,0.0,,,,,,,
glue|roberta-base|cola_wide|AC|t0|s42|tune,glue,roberta-base,cola_wide,cola,AC,tune,0,42,mcc,curvature=1.0;feature_mode=center;gat_hidden_dim=256;gnn_input_clip=1.0;gnn_input_scale=1;graph_curvature=4.0;graph_metric=poincare;hyp_gnn_type=gat;hyperbolic_gnn=1;jk_mode=cat;lr=0.0002;num_layers=4;proj_dim=512;rho_quantile=0.38;scorer_hidden=256;weight_decay=5e-05,1.0,256,poincare,,cat,,0.0002,4,512,,,256,,5e-05,53.39,194.36,0.37239,0.0,center,1.0,1,4.0,gat,1,0.38
glue|roberta-base|cola_wide|AC|t1|s42|tune,glue,roberta-base,cola_wide,cola,AC,tune,1,42,mcc,curvature=1.0;feature_mode=center;gat_hidden_dim=128;gnn_input_clip=0.3;gnn_input_scale=0;graph_curvature=1.0;graph_metric=poincare;hyp_gnn_type=gcn;hyperbolic_gnn=1;jk_mode=cat;lr=2e-05;num_layers=4;proj_dim=512;rho_quantile=0.2;scorer_hidden=128;weight_decay=5e-05,1.0,128,poincare,,cat,,2e-05,4,512,,,128,,5e-05,0.0,201.19,0.19507,0.0,center,0.3,0,1.0,gcn,1,0.2
glue|roberta-base|cola_wide|AC|t2|s42|tune,glue,roberta-base,cola_wide,cola,AC,tune,2,42,mcc,curvature=4.0;feature_mode=unit;gat_hidden_dim=256;gnn_input_clip=0.3;gnn_input_scale=1;graph_curvature=1.0;graph_metric=poincare;hyp_gnn_type=gcn;hyperbolic_gnn=1;jk_mode=cat;lr=2e-05;num_layers=2;proj_dim=512;rho_quantile=0.05;scorer_hidden=256;weight_decay=0.0,4.0,256,poincare,,cat,,2e-05,2,512,,,256,,0.0,0.0,183.59,0.04973,0.0,unit,0.3,1,1.0,gcn,1,0.05
glue|roberta-base|cola_wide|AC|t3|s42|tune,glue,roberta-base,cola_wide,cola,AC,tune,3,42,mcc,curvature=4.0;feature_mode=center_unit;gat_hidden_dim=256;gnn_input_clip=1.0;gnn_input_scale=1;graph_curvature=9.0;graph_metric=poincare;hyp_gnn_type=gat;hyperbolic_gnn=1;jk_mode=cat;lr=0.0002;num_layers=4;proj_dim=256;rho_quantile=0.38;scorer_hidden=128;weight_decay=0.0,4.0,256,poincare,,cat,,0.0002,4,256,,,128,,0.0,55.79,199.58,0.37361,0.0,center_unit,1.0,1,9.0,gat,1,0.38
glue|roberta-base|cola_wide|AC|t4|s42|tune,glue,roberta-base,cola_wide,cola,AC,tune,4,42,mcc,curvature=4.0;feature_mode=center_unit;gat_hidden_dim=256;gnn_input_clip=1.0;gnn_input_scale=1;graph_curvature=2.25;graph_metric=poincare;hyp_gnn_type=gcn;hyperbolic_gnn=1;jk_mode=cat;lr=0.0002;num_layers=4;proj_dim=256;rho_quantile=0.05;scorer_hidden=256;weight_decay=0.0,4.0,256,poincare,,cat,,0.0002,4,256,,,256,,0.0,53.68,204.23,0.04955,0.00781,center_unit,1.0,1,2.25,gcn,1,0.05
glue|roberta-base|cola_wide|AC|t5|s42|tune,glue,roberta-base,cola_wide,cola,AC,tune,5,42,mcc,curvature=0.25;feature_mode=center_unit;gat_hidden_dim=64;gnn_input_clip=0.7;gnn_input_scale=0;graph_curvature=1.0;graph_metric=poincare;hyp_gnn_type=gcn;hyperbolic_gnn=1;jk_mode=max;lr=0.0002;num_layers=4;proj_dim=128;rho_quantile=0.1;scorer_hidden=256;weight_decay=0.0,0.25,64,poincare,,max,,0.0002,4,128,,,256,,0.0,43.25,202.04,0.09986,0.0,center_unit,0.7,0,1.0,gcn,1,0.1
glue|roberta-base|cola_wide|AC|t6|s42|tune,glue,roberta-base,cola_wide,cola,AC,tune,6,42,mcc,curvature=0.25;feature_mode=center_unit;gat_hidden_dim=64;gnn_input_clip=0.0;gnn_input_scale=1;graph_curvature=2.25;graph_metric=poincare;hyp_gnn_type=gat;hyperbolic_gnn=1;jk_mode=cat;lr=2e-05;num_layers=4;proj_dim=128;rho_quantile=0.1;scorer_hidden=128;weight_decay=0.0,0.25,64,poincare,,cat,,2e-05,4,128,,,128,,0.0,0.0,198.71,0.09879,0.0,center_unit,0.0,1,2.25,gat,1,0.1
glue|roberta-base|cola_wide|AC|t7|s42|tune,glue,roberta-base,cola_wide,cola,AC,tune,7,42,mcc,curvature=4.0;feature_mode=cls_root_unit;gat_hidden_dim=64;gnn_input_clip=1.0;gnn_input_scale=0;graph_curvature=4.0;graph_metric=poincare;hyp_gnn_type=gcn;hyperbolic_gnn=1;jk_mode=cat;lr=0.0002;num_layers=4;proj_dim=512;rho_quantile=0.05;scorer_hidden=256;weight_decay=5e-05,4.0,64,poincare,,cat,,0.0002,4,512,,,256,,5e-05,51.5,204.0,0.04884,0.01172,cls_root_unit,1.0,0,4.0,gcn,1,0.05
glue|roberta-base|cola_wide|AC|t8|s42|tune,glue,roberta-base,cola_wide,cola,AC,tune,8,42,mcc,curvature=4.0;feature_mode=cls_root_unit;gat_hidden_dim=256;gnn_input_clip=0.3;gnn_input_scale=1;graph_curvature=9.0;graph_metric=poincare;hyp_gnn_type=gat;hyperbolic_gnn=1;jk_mode=max;lr=0.001;num_layers=2;proj_dim=128;rho_quantile=0.025;scorer_hidden=256;weight_decay=1e-05,4.0,256,poincare,,max,,0.001,2,128,,,256,,1e-05,56.58,183.97,0.0261,0.05469,cls_root_unit,0.3,1,9.0,gat,1,0.025
glue|roberta-base|cola_wide|AC|t9|s42|tune,glue,roberta-base,cola_wide,cola,AC,tune,9,42,mcc,curvature=0.25;feature_mode=unit;gat_hidden_dim=64;gnn_input_clip=0.3;gnn_input_scale=1;graph_curvature=2.25;graph_metric=poincare;hyp_gnn_type=gat;hyperbolic_gnn=1;jk_mode=cat;lr=0.0002;num_layers=2;proj_dim=128;rho_quantile=0.1;scorer_hidden=128;weight_decay=1e-05,0.25,64,poincare,,cat,,0.0002,2,128,,,128,,1e-05,52.68,182.65,0.09942,0.0,unit,0.3,1,2.25,gat,1,0.1
glue|roberta-base|cola_wide|AC|t10|s42|tune,glue,roberta-base,cola_wide,cola,AC,tune,10,42,mcc,curvature=0.25;feature_mode=center;gat_hidden_dim=64;gnn_input_clip=0.3;gnn_input_scale=1;graph_curvature=4.0;graph_metric=poincare;hyp_gnn_type=gat;hyperbolic_gnn=1;jk_mode=cat;lr=0.0002;num_layers=2;proj_dim=256;rho_quantile=0.2;scorer_hidden=128;weight_decay=5e-05,0.25,64,poincare,,cat,,0.0002,2,256,,,128,,5e-05,49.26,181.24,0.1942,0.0,center,0.3,1,4.0,gat,1,0.2
glue|roberta-base|cola_wide|AC|t11|s42|tune,glue,roberta-base,cola_wide,cola,AC,tune,11,42,mcc,curvature=1.0;feature_mode=unit;gat_hidden_dim=256;gnn_input_clip=1.0;gnn_input_scale=1;graph_curvature=1.0;graph_metric=poincare;hyp_gnn_type=gat;hyperbolic_gnn=1;jk_mode=cat;lr=0.0002;num_layers=2;proj_dim=512;rho_quantile=0.2;scorer_hidden=256;weight_decay=0.0,1.0,256,poincare,,cat,,0.0002,2,512,,,256,,0.0,52.23,183.38,0.19516,0.0,unit,1.0,1,1.0,gat,1,0.2
glue|roberta-base|cola_wide|AC|t12|s42|tune,glue,roberta-base,cola_wide,cola,AC,tune,12,42,mcc,curvature=1.0;feature_mode=center_unit;gat_hidden_dim=128;gnn_input_clip=0.3;gnn_input_scale=0;graph_curvature=1.0;graph_metric=poincare;hyp_gnn_type=gat;hyperbolic_gnn=1;jk_mode=max;lr=2e-05;num_layers=2;proj_dim=128;rho_quantile=0.2;scorer_hidden=128;weight_decay=1e-05,1.0,128,poincare,,max,,2e-05,2,128,,,128,,1e-05,0.0,182.86,0.19537,0.0,center_unit,0.3,0,1.0,gat,1,0.2
glue|roberta-base|cola_wide|AC|t13|s42|tune,glue,roberta-base,cola_wide,cola,AC,tune,13,42,mcc,curvature=4.0;feature_mode=unit;gat_hidden_dim=128;gnn_input_clip=0.7;gnn_input_scale=0;graph_curvature=1.0;graph_metric=poincare;hyp_gnn_type=gcn;hyperbolic_gnn=1;jk_mode=max;lr=2e-05;num_layers=4;proj_dim=256;rho_quantile=0.1;scorer_hidden=128;weight_decay=0.0,4.0,128,poincare,,max,,2e-05,4,256,,,128,,0.0,0.0,206.69,0.10009,0.0,unit,0.7,0,1.0,gcn,1,0.1
glue|roberta-base|cola_wide|AC|t14|s42|tune,glue,roberta-base,cola_wide,cola,AC,tune,14,42,mcc,curvature=1.0;feature_mode=cls_root_unit;gat_hidden_dim=64;gnn_input_clip=0.7;gnn_input_scale=1;graph_curvature=0.25;graph_metric=poincare;hyp_gnn_type=gat;hyperbolic_gnn=1;jk_mode=cat;lr=0.0002;num_layers=4;proj_dim=128;rho_quantile=0.05;scorer_hidden=128;weight_decay=1e-05,1.0,64,poincare,,cat,,0.0002,4,128,,,128,,1e-05,51.18,198.59,0.04974,0.00391,cls_root_unit,0.7,1,0.25,gat,1,0.05
glue|roberta-base|cola_wide|AC|t15|s42|tune,glue,roberta-base,cola_wide,cola,AC,tune,15,42,mcc,curvature=0.25;feature_mode=unit;gat_hidden_dim=64;gnn_input_clip=0.3;gnn_input_scale=1;graph_curvature=1.0;graph_metric=poincare;hyp_gnn_type=gat;hyperbolic_gnn=1;jk_mode=max;lr=2e-05;num_layers=4;proj_dim=512;rho_quantile=0.05;scorer_hidden=256;weight_decay=5e-05,0.25,64,poincare,,max,,2e-05,4,512,,,256,,5e-05,0.0,196.93,0.0487,0.00781,unit,0.3,1,1.0,gat,1,0.05
glue|roberta-base|cola_wide|AC|t16|s42|tune,glue,roberta-base,cola_wide,cola,AC,tune,16,42,mcc,curvature=4.0;feature_mode=center;gat_hidden_dim=256;gnn_input_clip=1.0;gnn_input_scale=1;graph_curvature=0.25;graph_metric=poincare;hyp_gnn_type=gcn;hyperbolic_gnn=1;jk_mode=max;lr=0.001;num_layers=4;proj_dim=256;rho_quantile=0.38;scorer_hidden=256;weight_decay=1e-05,4.0,256,poincare,,max,,0.001,4,256,,,256,,1e-05,52.69,203.04,0.37474,0.0,center,1.0,1,0.25,gcn,1,0.38
glue|roberta-base|cola_wide|AC|t17|s42|tune,glue,roberta-base,cola_wide,cola,AC,tune,17,42,mcc,curvature=4.0;feature_mode=cls_root_unit;gat_hidden_dim=256;gnn_input_clip=0.3;gnn_input_scale=1;graph_curvature=4.0;graph_metric=poincare;hyp_gnn_type=gcn;hyperbolic_gnn=1;jk_mode=max;lr=0.0002;num_layers=4;proj_dim=512;rho_quantile=0.2;scorer_hidden=256;weight_decay=1e-05,4.0,256,poincare,,max,,0.0002,4,512,,,256,,1e-05,49.42,202.68,0.19488,0.0,cls_root_unit,0.3,1,4.0,gcn,1,0.2
glue|roberta-base|cola_wide|AC|t18|s42|tune,glue,roberta-base,cola_wide,cola,AC,tune,18,42,mcc,curvature=0.25;feature_mode=center;gat_hidden_dim=128;gnn_input_clip=0.7;gnn_input_scale=1;graph_curvature=9.0;graph_metric=poincare;hyp_gnn_type=gat;hyperbolic_gnn=1;jk_mode=max;lr=0.0002;num_layers=2;proj_dim=256;rho_quantile=0.1;scorer_hidden=128;weight_decay=1e-05,0.25,128,poincare,,max,,0.0002,2,256,,,128,,1e-05,50.74,179.84,0.09858,0.0,center,0.7,1,9.0,gat,1,0.1
glue|roberta-base|cola_wide|AC|t19|s42|tune,glue,roberta-base,cola_wide,cola,AC,tune,19,42,mcc,curvature=4.0;feature_mode=center;gat_hidden_dim=256;gnn_input_clip=0.0;gnn_input_scale=0;graph_curvature=0.25;graph_metric=poincare;hyp_gnn_type=gcn;hyperbolic_gnn=1;jk_mode=cat;lr=0.0002;num_layers=2;proj_dim=256;rho_quantile=0.025;scorer_hidden=256;weight_decay=1e-05,4.0,256,poincare,,cat,,0.0002,2,256,,,256,,1e-05,56.06,191.93,0.02641,0.03516,center,0.0,0,0.25,gcn,1,0.025
glue|roberta-base|cola_wide|AC|t20|s42|tune,glue,roberta-base,cola_wide,cola,AC,tune,20,42,mcc,curvature=0.25;feature_mode=center_unit;gat_hidden_dim=256;gnn_input_clip=0.0;gnn_input_scale=1;graph_curvature=2.25;graph_metric=poincare;hyp_gnn_type=gat;hyperbolic_gnn=1;jk_mode=max;lr=2e-05;num_layers=2;proj_dim=128;rho_quantile=0.2;scorer_hidden=128;weight_decay=1e-05,0.25,256,poincare,,max,,2e-05,2,128,,,128,,1e-05,0.0,236.45,0.19547,0.0,center_unit,0.0,1,2.25,gat,1,0.2
glue|roberta-base|cola_wide|AC|t21|s42|tune,glue,roberta-base,cola_wide,cola,AC,tune,21,42,mcc,curvature=0.25;feature_mode=cls_root_unit;gat_hidden_dim=128;gnn_input_clip=0.7;gnn_input_scale=0;graph_curvature=9.0;graph_metric=poincare;hyp_gnn_type=gat;hyperbolic_gnn=1;jk_mode=max;lr=0.0002;num_layers=2;proj_dim=256;rho_quantile=0.05;scorer_hidden=128;weight_decay=1e-05,0.25,128,poincare,,max,,0.0002,2,256,,,128,,1e-05,50.56,193.51,0.04814,0.00781,cls_root_unit,0.7,0,9.0,gat,1,0.05
glue|roberta-base|cola_wide|AC|t22|s42|tune,glue,roberta-base,cola_wide,cola,AC,tune,22,42,mcc,curvature=1.0;feature_mode=center;gat_hidden_dim=64;gnn_input_clip=1.0;gnn_input_scale=1;graph_curvature=4.0;graph_metric=poincare;hyp_gnn_type=gat;hyperbolic_gnn=1;jk_mode=cat;lr=0.0002;num_layers=4;proj_dim=512;rho_quantile=0.025;scorer_hidden=128;weight_decay=0.0,1.0,64,poincare,,cat,,0.0002,4,512,,,128,,0.0,51.37,217.25,0.02546,0.04688,center,1.0,1,4.0,gat,1,0.025
glue|roberta-base|cola_wide|AC|t23|s42|tune,glue,roberta-base,cola_wide,cola,AC,tune,23,42,mcc,curvature=4.0;feature_mode=unit;gat_hidden_dim=64;gnn_input_clip=1.0;gnn_input_scale=1;graph_curvature=4.0;graph_metric=poincare;hyp_gnn_type=gat;hyperbolic_gnn=1;jk_mode=max;lr=2e-05;num_layers=4;proj_dim=512;rho_quantile=0.1;scorer_hidden=128;weight_decay=0.0,4.0,64,poincare,,max,,2e-05,4,512,,,128,,0.0,0.0,211.4,0.09915,0.0,unit,1.0,1,4.0,gat,1,0.1
glue|roberta-base|cola_wide|AC|t24|s42|tune,glue,roberta-base,cola_wide,cola,AC,tune,24,42,mcc,curvature=0.25;feature_mode=unit;gat_hidden_dim=256;gnn_input_clip=0.3;gnn_input_scale=1;graph_curvature=9.0;graph_metric=poincare;hyp_gnn_type=gcn;hyperbolic_gnn=1;jk_mode=cat;lr=0.0002;num_layers=4;proj_dim=128;rho_quantile=0.05;scorer_hidden=256;weight_decay=5e-05,0.25,256,poincare,,cat,,0.0002,4,128,,,256,,5e-05,53.22,204.35,0.04955,0.00781,unit,0.3,1,9.0,gcn,1,0.05
glue|roberta-base|cola_wide|AC|t25|s42|tune,glue,roberta-base,cola_wide,cola,AC,tune,25,42,mcc,curvature=4.0;feature_mode=unit;gat_hidden_dim=128;gnn_input_clip=0.0;gnn_input_scale=1;graph_curvature=0.25;graph_metric=poincare;hyp_gnn_type=gcn;hyperbolic_gnn=1;jk_mode=max;lr=2e-05;num_layers=2;proj_dim=128;rho_quantile=0.025;scorer_hidden=128;weight_decay=1e-05,4.0,128,poincare,,max,,2e-05,2,128,,,128,,1e-05,0.0,186.07,0.02626,0.01953,unit,0.0,1,0.25,gcn,1,0.025
glue|roberta-base|cola_wide|AC|t26|s42|tune,glue,roberta-base,cola_wide,cola,AC,tune,26,42,mcc,curvature=0.25;feature_mode=center;gat_hidden_dim=128;gnn_input_clip=0.3;gnn_input_scale=1;graph_curvature=9.0;graph_metric=poincare;hyp_gnn_type=gcn;hyperbolic_gnn=1;jk_mode=max;lr=2e-05;num_layers=2;proj_dim=256;rho_quantile=0.025;scorer_hidden=256;weight_decay=0.0,0.25,128,poincare,,max,,2e-05,2,256,,,256,,0.0,0.0,186.1,0.02609,0.01953,center,0.3,1,9.0,gcn,1,0.025
glue|roberta-base|cola_wide|AC|t27|s42|tune,glue,roberta-base,cola_wide,cola,AC,tune,27,42,mcc,curvature=0.25;feature_mode=cls_root_unit;gat_hidden_dim=64;gnn_input_clip=1.0;gnn_input_scale=1;graph_curvature=2.25;graph_metric=poincare;hyp_gnn_type=gat;hyperbolic_gnn=1;jk_mode=max;lr=2e-05;num_layers=2;proj_dim=256;rho_quantile=0.2;scorer_hidden=128;weight_decay=1e-05,0.25,64,poincare,,max,,2e-05,2,256,,,128,,1e-05,0.0,186.22,0.1946,0.0,cls_root_unit,1.0,1,2.25,gat,1,0.2
glue|roberta-base|cola_wide|AC|t28|s42|tune,glue,roberta-base,cola_wide,cola,AC,tune,28,42,mcc,curvature=1.0;feature_mode=center;gat_hidden_dim=64;gnn_input_clip=0.7;gnn_input_scale=0;graph_curvature=1.0;graph_metric=poincare;hyp_gnn_type=gcn;hyperbolic_gnn=1;jk_mode=cat;lr=0.001;num_layers=2;proj_dim=256;rho_quantile=0.38;scorer_hidden=128;weight_decay=0.0,1.0,64,poincare,,cat,,0.001,2,256,,,128,,0.0,52.19,183.17,0.37424,0.0,center,0.7,0,1.0,gcn,1,0.38
glue|roberta-base|cola_wide|AC|t29|s42|tune,glue,roberta-base,cola_wide,cola,AC,tune,29,42,mcc,curvature=4.0;feature_mode=center;gat_hidden_dim=128;gnn_input_clip=0.0;gnn_input_scale=0;graph_curvature=4.0;graph_metric=poincare;hyp_gnn_type=gcn;hyperbolic_gnn=1;jk_mode=cat;lr=2e-05;num_layers=2;proj_dim=512;rho_quantile=0.38;scorer_hidden=128;weight_decay=0.0,4.0,128,poincare,,cat,,2e-05,2,512,,,128,,0.0,0.0,185.31,0.37395,0.0,center,0.0,0,4.0,gcn,1,0.38
glue|roberta-base|cola_wide|AC|t30|s42|tune,glue,roberta-base,cola_wide,cola,AC,tune,30,42,mcc,curvature=4.0;feature_mode=unit;gat_hidden_dim=64;gnn_input_clip=0.3;gnn_input_scale=1;graph_curvature=1.0;graph_metric=poincare;hyp_gnn_type=gat;hyperbolic_gnn=1;jk_mode=cat;lr=0.0002;num_layers=2;proj_dim=256;rho_quantile=0.38;scorer_hidden=256;weight_decay=1e-05,4.0,64,poincare,,cat,,0.0002,2,256,,,256,,1e-05,50.41,183.88,0.37334,0.0,unit,0.3,1,1.0,gat,1,0.38
glue|roberta-base|cola_wide|AC|t31|s42|tune,glue,roberta-base,cola_wide,cola,AC,tune,31,42,mcc,curvature=4.0;feature_mode=cls_root_unit;gat_hidden_dim=64;gnn_input_clip=0.7;gnn_input_scale=0;graph_curvature=1.0;graph_metric=poincare;hyp_gnn_type=gcn;hyperbolic_gnn=1;jk_mode=max;lr=2e-05;num_layers=2;proj_dim=128;rho_quantile=0.025;scorer_hidden=128;weight_decay=0.0,4.0,64,poincare,,max,,2e-05,2,128,,,128,,0.0,0.0,184.25,0.02706,0.03906,cls_root_unit,0.7,0,1.0,gcn,1,0.025
glue|roberta-base|cola_wide|AC|t32|s42|tune,glue,roberta-base,cola_wide,cola,AC,tune,32,42,mcc,curvature=0.25;feature_mode=cls_root_unit;gat_hidden_dim=128;gnn_input_clip=0.3;gnn_input_scale=1;graph_curvature=9.0;graph_metric=poincare;hyp_gnn_type=gat;hyperbolic_gnn=1;jk_mode=cat;lr=0.0002;num_layers=2;proj_dim=128;rho_quantile=0.38;scorer_hidden=256;weight_decay=0.0,0.25,128,poincare,,cat,,0.0002,2,128,,,256,,0.0,48.51,185.88,0.37341,0.0,cls_root_unit,0.3,1,9.0,gat,1,0.38
glue|roberta-base|cola_wide|AC|t33|s42|tune,glue,roberta-base,cola_wide,cola,AC,tune,33,42,mcc,curvature=0.25;feature_mode=center;gat_hidden_dim=256;gnn_input_clip=0.7;gnn_input_scale=0;graph_curvature=4.0;graph_metric=poincare;hyp_gnn_type=gcn;hyperbolic_gnn=1;jk_mode=cat;lr=0.0002;num_layers=4;proj_dim=512;rho_quantile=0.1;scorer_hidden=256;weight_decay=1e-05,0.25,256,poincare,,cat,,0.0002,4,512,,,256,,1e-05,53.69,204.08,0.09779,0.0,center,0.7,0,4.0,gcn,1,0.1
glue|roberta-base|cola_wide|AC|t34|s42|tune,glue,roberta-base,cola_wide,cola,AC,tune,34,42,mcc,curvature=4.0;feature_mode=center_unit;gat_hidden_dim=128;gnn_input_clip=0.3;gnn_input_scale=1;graph_curvature=1.0;graph_metric=poincare;hyp_gnn_type=gcn;hyperbolic_gnn=1;jk_mode=max;lr=0.0002;num_layers=2;proj_dim=512;rho_quantile=0.38;scorer_hidden=128;weight_decay=1e-05,4.0,128,poincare,,max,,0.0002,2,512,,,128,,1e-05,40.76,189.22,0.374,0.0,center_unit,0.3,1,1.0,gcn,1,0.38
glue|roberta-base|cola_wide|AC|t35|s42|tune,glue,roberta-base,cola_wide,cola,AC,tune,35,42,mcc,curvature=0.25;feature_mode=center;gat_hidden_dim=256;gnn_input_clip=0.7;gnn_input_scale=0;graph_curvature=0.25;graph_metric=poincare;hyp_gnn_type=gat;hyperbolic_gnn=1;jk_mode=cat;lr=0.0002;num_layers=4;proj_dim=256;rho_quantile=0.1;scorer_hidden=128;weight_decay=1e-05,0.25,256,poincare,,cat,,0.0002,4,256,,,128,,1e-05,54.53,193.85,0.09956,0.0,center,0.7,0,0.25,gat,1,0.1
glue|roberta-base|cola_wide|AC|t36|s42|tune,glue,roberta-base,cola_wide,cola,AC,tune,36,42,mcc,curvature=1.0;feature_mode=cls_root_unit;gat_hidden_dim=128;gnn_input_clip=0.3;gnn_input_scale=0;graph_curvature=4.0;graph_metric=poincare;hyp_gnn_type=gat;hyperbolic_gnn=1;jk_mode=cat;lr=0.0002;num_layers=2;proj_dim=512;rho_quantile=0.2;scorer_hidden=128;weight_decay=1e-05,1.0,128,poincare,,cat,,0.0002,2,512,,,128,,1e-05,49.13,180.97,0.19482,0.0,cls_root_unit,0.3,0,4.0,gat,1,0.2
glue|roberta-base|cola_wide|AC|t37|s42|tune,glue,roberta-base,cola_wide,cola,AC,tune,37,42,mcc,curvature=0.25;feature_mode=center_unit;gat_hidden_dim=256;gnn_input_clip=0.7;gnn_input_scale=0;graph_curvature=2.25;graph_metric=poincare;hyp_gnn_type=gcn;hyperbolic_gnn=1;jk_mode=cat;lr=2e-05;num_layers=2;proj_dim=128;rho_quantile=0.025;scorer_hidden=256;weight_decay=0.0,0.25,256,poincare,,cat,,2e-05,2,128,,,256,,0.0,0.0,187.04,0.02641,0.03516,center_unit,0.7,0,2.25,gcn,1,0.025
glue|roberta-base|cola_wide|AC|t38|s42|tune,glue,roberta-base,cola_wide,cola,AC,tune,38,42,mcc,curvature=0.25;feature_mode=center_unit;gat_hidden_dim=128;gnn_input_clip=0.0;gnn_input_scale=1;graph_curvature=1.0;graph_metric=poincare;hyp_gnn_type=gat;hyperbolic_gnn=1;jk_mode=max;lr=0.001;num_layers=2;proj_dim=256;rho_quantile=0.05;scorer_hidden=256;weight_decay=1e-05,0.25,128,poincare,,max,,0.001,2,256,,,256,,1e-05,53.3,182.47,0.04923,0.00781,center_unit,0.0,1,1.0,gat,1,0.05
glue|roberta-base|cola_wide|AC|t39|s42|tune,glue,roberta-base,cola_wide,cola,AC,tune,39,42,mcc,curvature=0.25;feature_mode=center;gat_hidden_dim=128;gnn_input_clip=0.7;gnn_input_scale=0;graph_curvature=0.25;graph_metric=poincare;hyp_gnn_type=gat;hyperbolic_gnn=1;jk_mode=max;lr=0.001;num_layers=4;proj_dim=128;rho_quantile=0.2;scorer_hidden=128;weight_decay=0.0,0.25,128,poincare,,max,,0.001,4,128,,,128,,0.0,52.24,194.97,0.19548,0.0,center,0.7,0,0.25,gat,1,0.2
glue|roberta-base|cola_wide|AC|t8|s1|confirm,glue,roberta-base,cola_wide,cola,AC,confirm,8,1,mcc,curvature=4.0;feature_mode=cls_root_unit;gat_hidden_dim=256;gnn_input_clip=0.3;gnn_input_scale=1;graph_curvature=9.0;graph_metric=poincare;hyp_gnn_type=gat;hyperbolic_gnn=1;jk_mode=max;lr=0.001;num_layers=2;proj_dim=128;rho_quantile=0.025;scorer_hidden=256;weight_decay=1e-05,4.0,256,poincare,,max,,0.001,2,128,,,256,,1e-05,52.56,183.86,0.02609,0.04688,cls_root_unit,0.3,1,9.0,gat,1,0.025
glue|roberta-base|cola_wide|AC|t8|s2|confirm,glue,roberta-base,cola_wide,cola,AC,confirm,8,2,mcc,curvature=4.0;feature_mode=cls_root_unit;gat_hidden_dim=256;gnn_input_clip=0.3;gnn_input_scale=1;graph_curvature=9.0;graph_metric=poincare;hyp_gnn_type=gat;hyperbolic_gnn=1;jk_mode=max;lr=0.001;num_layers=2;proj_dim=128;rho_quantile=0.025;scorer_hidden=256;weight_decay=1e-05,4.0,256,poincare,,max,,0.001,2,128,,,256,,1e-05,54.63,186.18,0.02661,0.03906,cls_root_unit,0.3,1,9.0,gat,1,0.025
glue|roberta-base|cola_wide|AC|t8|s3|confirm,glue,roberta-base,cola_wide,cola,AC,confirm,8,3,mcc,curvature=4.0;feature_mode=cls_root_unit;gat_hidden_dim=256;gnn_input_clip=0.3;gnn_input_scale=1;graph_curvature=9.0;graph_metric=poincare;hyp_gnn_type=gat;hyperbolic_gnn=1;jk_mode=max;lr=0.001;num_layers=2;proj_dim=128;rho_quantile=0.025;scorer_hidden=256;weight_decay=1e-05,4.0,256,poincare,,max,,0.001,2,128,,,256,,1e-05,53.42,184.16,0.02605,0.04297,cls_root_unit,0.3,1,9.0,gat,1,0.025
glue|roberta-base|cola_wide|AC|t8|s4|confirm,glue,roberta-base,cola_wide,cola,AC,confirm,8,4,mcc,curvature=4.0;feature_mode=cls_root_unit;gat_hidden_dim=256;gnn_input_clip=0.3;gnn_input_scale=1;graph_curvature=9.0;graph_metric=poincare;hyp_gnn_type=gat;hyperbolic_gnn=1;jk_mode=max;lr=0.001;num_layers=2;proj_dim=128;rho_quantile=0.025;scorer_hidden=256;weight_decay=1e-05,4.0,256,poincare,,max,,0.001,2,128,,,256,,1e-05,56.02,184.29,0.02572,0.06641,cls_root_unit,0.3,1,9.0,gat,1,0.025
glue|roberta-base|cola_wide|AC|t8|s5|confirm,glue,roberta-base,cola_wide,cola,AC,confirm,8,5,mcc,curvature=4.0;feature_mode=cls_root_unit;gat_hidden_dim=256;gnn_input_clip=0.3;gnn_input_scale=1;graph_curvature=9.0;graph_metric=poincare;hyp_gnn_type=gat;hyperbolic_gnn=1;jk_mode=max;lr=0.001;num_layers=2;proj_dim=128;rho_quantile=0.025;scorer_hidden=256;weight_decay=1e-05,4.0,256,poincare,,max,,0.001,2,128,,,256,,1e-05,55.63,185.54,0.0265,0.05469,cls_root_unit,0.3,1,9.0,gat,1,0.025
glue|roberta-base|cola_wide|AC|t8|s6|confirm,glue,roberta-base,cola_wide,cola,AC,confirm,8,6,mcc,curvature=4.0;feature_mode=cls_root_unit;gat_hidden_dim=256;gnn_input_clip=0.3;gnn_input_scale=1;graph_curvature=9.0;graph_metric=poincare;hyp_gnn_type=gat;hyperbolic_gnn=1;jk_mode=max;lr=0.001;num_layers=2;proj_dim=128;rho_quantile=0.025;scorer_hidden=256;weight_decay=1e-05,4.0,256,poincare,,max,,0.001,2,128,,,256,,1e-05,54.87,186.7,0.0267,0.03906,cls_root_unit,0.3,1,9.0,gat,1,0.025
glue|roberta-base|cola_wide|AC|t8|s7|confirm,glue,roberta-base,cola_wide,cola,AC,confirm,8,7,mcc,curvature=4.0;feature_mode=cls_root_unit;gat_hidden_dim=256;gnn_input_clip=0.3;gnn_input_scale=1;graph_curvature=9.0;graph_metric=poincare;hyp_gnn_type=gat;hyperbolic_gnn=1;jk_mode=max;lr=0.001;num_layers=2;proj_dim=128;rho_quantile=0.025;scorer_hidden=256;weight_decay=1e-05,4.0,256,poincare,,max,,0.001,2,128,,,256,,1e-05,54.12,184.57,0.0261,0.05859,cls_root_unit,0.3,1,9.0,gat,1,0.025
glue|roberta-base|cola_wide|AC|t8|s8|confirm,glue,roberta-base,cola_wide,cola,AC,confirm,8,8,mcc,curvature=4.0;feature_mode=cls_root_unit;gat_hidden_dim=256;gnn_input_clip=0.3;gnn_input_scale=1;graph_curvature=9.0;graph_metric=poincare;hyp_gnn_type=gat;hyperbolic_gnn=1;jk_mode=max;lr=0.001;num_layers=2;proj_dim=128;rho_quantile=0.025;scorer_hidden=256;weight_decay=1e-05,4.0,256,poincare,,max,,0.001,2,128,,,256,,1e-05,51.76,183.85,0.02657,0.03906,cls_root_unit,0.3,1,9.0,gat,1,0.025
glue|roberta-base|cola_wide|AC|t8|s9|confirm,glue,roberta-base,cola_wide,cola,AC,confirm,8,9,mcc,curvature=4.0;feature_mode=cls_root_unit;gat_hidden_dim=256;gnn_input_clip=0.3;gnn_input_scale=1;graph_curvature=9.0;graph_metric=poincare;hyp_gnn_type=gat;hyperbolic_gnn=1;jk_mode=max;lr=0.001;num_layers=2;proj_dim=128;rho_quantile=0.025;scorer_hidden=256;weight_decay=1e-05,4.0,256,poincare,,max,,0.001,2,128,,,256,,1e-05,55.75,186.18,0.02604,0.03516,cls_root_unit,0.3,1,9.0,gat,1,0.025
glue|roberta-base|cola_wide|AC|t8|s10|confirm,glue,roberta-base,cola_wide,cola,AC,confirm,8,10,mcc,curvature=4.0;feature_mode=cls_root_unit;gat_hidden_dim=256;gnn_input_clip=0.3;gnn_input_scale=1;graph_curvature=9.0;graph_metric=poincare;hyp_gnn_type=gat;hyperbolic_gnn=1;jk_mode=max;lr=0.001;num_layers=2;proj_dim=128;rho_quantile=0.025;scorer_hidden=256;weight_decay=1e-05,4.0,256,poincare,,max,,0.001,2,128,,,256,,1e-05,55.26,185.69,0.02593,0.05078,cls_root_unit,0.3,1,9.0,gat,1,0.025
glue|roberta-base|cola_wide|AC|t8|s11|confirm,glue,roberta-base,cola_wide,cola,AC,confirm,8,11,mcc,curvature=4.0;feature_mode=cls_root_unit;gat_hidden_dim=256;gnn_input_clip=0.3;gnn_input_scale=1;graph_curvature=9.0;graph_metric=poincare;hyp_gnn_type=gat;hyperbolic_gnn=1;jk_mode=max;lr=0.001;num_layers=2;proj_dim=128;rho_quantile=0.025;scorer_hidden=256;weight_decay=1e-05,4.0,256,poincare,,max,,0.001,2,128,,,256,,1e-05,54.9,186.18,0.02595,0.05078,cls_root_unit,0.3,1,9.0,gat,1,0.025
glue|roberta-base|cola_wide|AC|t8|s12|confirm,glue,roberta-base,cola_wide,cola,AC,confirm,8,12,mcc,curvature=4.0;feature_mode=cls_root_unit;gat_hidden_dim=256;gnn_input_clip=0.3;gnn_input_scale=1;graph_curvature=9.0;graph_metric=poincare;hyp_gnn_type=gat;hyperbolic_gnn=1;jk_mode=max;lr=0.001;num_layers=2;proj_dim=128;rho_quantile=0.025;scorer_hidden=256;weight_decay=1e-05,4.0,256,poincare,,max,,0.001,2,128,,,256,,1e-05,56.25,189.05,0.02631,0.05078,cls_root_unit,0.3,1,9.0,gat,1,0.025
glue|roberta-base|cola_wide|AC|t8|s13|confirm,glue,roberta-base,cola_wide,cola,AC,confirm,8,13,mcc,curvature=4.0;feature_mode=cls_root_unit;gat_hidden_dim=256;gnn_input_clip=0.3;gnn_input_scale=1;graph_curvature=9.0;graph_metric=poincare;hyp_gnn_type=gat;hyperbolic_gnn=1;jk_mode=max;lr=0.001;num_layers=2;proj_dim=128;rho_quantile=0.025;scorer_hidden=256;weight_decay=1e-05,4.0,256,poincare,,max,,0.001,2,128,,,256,,1e-05,53.49,196.49,0.02639,0.03125,cls_root_unit,0.3,1,9.0,gat,1,0.025
glue|roberta-base|cola_wide|AC|t8|s14|confirm,glue,roberta-base,cola_wide,cola,AC,confirm,8,14,mcc,curvature=4.0;feature_mode=cls_root_unit;gat_hidden_dim=256;gnn_input_clip=0.3;gnn_input_scale=1;graph_curvature=9.0;graph_metric=poincare;hyp_gnn_type=gat;hyperbolic_gnn=1;jk_mode=max;lr=0.001;num_layers=2;proj_dim=128;rho_quantile=0.025;scorer_hidden=256;weight_decay=1e-05,4.0,256,poincare,,max,,0.001,2,128,,,256,,1e-05,54.65,193.93,0.02599,0.05078,cls_root_unit,0.3,1,9.0,gat,1,0.025
glue|roberta-base|cola_wide|AC|t8|s15|confirm,glue,roberta-base,cola_wide,cola,AC,confirm,8,15,mcc,curvature=4.0;feature_mode=cls_root_unit;gat_hidden_dim=256;gnn_input_clip=0.3;gnn_input_scale=1;graph_curvature=9.0;graph_metric=poincare;hyp_gnn_type=gat;hyperbolic_gnn=1;jk_mode=max;lr=0.001;num_layers=2;proj_dim=128;rho_quantile=0.025;scorer_hidden=256;weight_decay=1e-05,4.0,256,poincare,,max,,0.001,2,128,,,256,,1e-05,55.75,217.82,0.02671,0.04297,cls_root_unit,0.3,1,9.0,gat,1,0.025
glue|roberta-base|cola_wide|B|t27|s1|confirm,glue,roberta-base,cola_wide,cola,B,confirm,27,1,mcc,curvature=4.0;gat_hidden_dim=128;graph_metric=cosine;hyperbolic_readout=1;jk_mode=max;learnable_curvature=0;lr=0.001;num_layers=2;proj_dim=512;readout_clip=1.0;readout_scale=0;scorer_hidden=128;tau_quantile=0.025;weight_decay=0.0,4.0,128,cosine,1,max,0,0.001,2,512,1.0,0,128,0.025,0.0,54.27,179.07,0.02784,0.01953,,,,,,,
glue|roberta-base|cola_wide|B|t27|s2|confirm,glue,roberta-base,cola_wide,cola,B,confirm,27,2,mcc,curvature=4.0;gat_hidden_dim=128;graph_metric=cosine;hyperbolic_readout=1;jk_mode=max;learnable_curvature=0;lr=0.001;num_layers=2;proj_dim=512;readout_clip=1.0;readout_scale=0;scorer_hidden=128;tau_quantile=0.025;weight_decay=0.0,4.0,128,cosine,1,max,0,0.001,2,512,1.0,0,128,0.025,0.0,52.09,143.34,0.02748,0.02344,,,,,,,
glue|roberta-base|cola_wide|B|t27|s3|confirm,glue,roberta-base,cola_wide,cola,B,confirm,27,3,mcc,curvature=4.0;gat_hidden_dim=128;graph_metric=cosine;hyperbolic_readout=1;jk_mode=max;learnable_curvature=0;lr=0.001;num_layers=2;proj_dim=512;readout_clip=1.0;readout_scale=0;scorer_hidden=128;tau_quantile=0.025;weight_decay=0.0,4.0,128,cosine,1,max,0,0.001,2,512,1.0,0,128,0.025,0.0,56.5,145.25,0.02806,0.00781,,,,,,,
glue|roberta-base|cola_wide|B|t27|s4|confirm,glue,roberta-base,cola_wide,cola,B,confirm,27,4,mcc,curvature=4.0;gat_hidden_dim=128;graph_metric=cosine;hyperbolic_readout=1;jk_mode=max;learnable_curvature=0;lr=0.001;num_layers=2;proj_dim=512;readout_clip=1.0;readout_scale=0;scorer_hidden=128;tau_quantile=0.025;weight_decay=0.0,4.0,128,cosine,1,max,0,0.001,2,512,1.0,0,128,0.025,0.0,57.4,144.91,0.02853,0.01172,,,,,,,
glue|roberta-base|cola_wide|B|t27|s5|confirm,glue,roberta-base,cola_wide,cola,B,confirm,27,5,mcc,curvature=4.0;gat_hidden_dim=128;graph_metric=cosine;hyperbolic_readout=1;jk_mode=max;learnable_curvature=0;lr=0.001;num_layers=2;proj_dim=512;readout_clip=1.0;readout_scale=0;scorer_hidden=128;tau_quantile=0.025;weight_decay=0.0,4.0,128,cosine,1,max,0,0.001,2,512,1.0,0,128,0.025,0.0,54.74,143.9,0.02755,0.02344,,,,,,,
glue|roberta-base|cola_wide|B|t27|s6|confirm,glue,roberta-base,cola_wide,cola,B,confirm,27,6,mcc,curvature=4.0;gat_hidden_dim=128;graph_metric=cosine;hyperbolic_readout=1;jk_mode=max;learnable_curvature=0;lr=0.001;num_layers=2;proj_dim=512;readout_clip=1.0;readout_scale=0;scorer_hidden=128;tau_quantile=0.025;weight_decay=0.0,4.0,128,cosine,1,max,0,0.001,2,512,1.0,0,128,0.025,0.0,55.19,145.32,0.02867,0.01172,,,,,,,
glue|roberta-base|cola_wide|B|t27|s7|confirm,glue,roberta-base,cola_wide,cola,B,confirm,27,7,mcc,curvature=4.0;gat_hidden_dim=128;graph_metric=cosine;hyperbolic_readout=1;jk_mode=max;learnable_curvature=0;lr=0.001;num_layers=2;proj_dim=512;readout_clip=1.0;readout_scale=0;scorer_hidden=128;tau_quantile=0.025;weight_decay=0.0,4.0,128,cosine,1,max,0,0.001,2,512,1.0,0,128,0.025,0.0,54.74,146.41,0.02818,0.01562,,,,,,,
glue|roberta-base|cola_wide|B|t27|s8|confirm,glue,roberta-base,cola_wide,cola,B,confirm,27,8,mcc,curvature=4.0;gat_hidden_dim=128;graph_metric=cosine;hyperbolic_readout=1;jk_mode=max;learnable_curvature=0;lr=0.001;num_layers=2;proj_dim=512;readout_clip=1.0;readout_scale=0;scorer_hidden=128;tau_quantile=0.025;weight_decay=0.0,4.0,128,cosine,1,max,0,0.001,2,512,1.0,0,128,0.025,0.0,51.27,145.68,0.02781,0.01172,,,,,,,
glue|roberta-base|cola_wide|B|t27|s9|confirm,glue,roberta-base,cola_wide,cola,B,confirm,27,9,mcc,curvature=4.0;gat_hidden_dim=128;graph_metric=cosine;hyperbolic_readout=1;jk_mode=max;learnable_curvature=0;lr=0.001;num_layers=2;proj_dim=512;readout_clip=1.0;readout_scale=0;scorer_hidden=128;tau_quantile=0.025;weight_decay=0.0,4.0,128,cosine,1,max,0,0.001,2,512,1.0,0,128,0.025,0.0,53.62,146.22,0.02856,0.01172,,,,,,,
glue|roberta-base|cola_wide|B|t27|s10|confirm,glue,roberta-base,cola_wide,cola,B,confirm,27,10,mcc,curvature=4.0;gat_hidden_dim=128;graph_metric=cosine;hyperbolic_readout=1;jk_mode=max;learnable_curvature=0;lr=0.001;num_layers=2;proj_dim=512;readout_clip=1.0;readout_scale=0;scorer_hidden=128;tau_quantile=0.025;weight_decay=0.0,4.0,128,cosine,1,max,0,0.001,2,512,1.0,0,128,0.025,0.0,54.35,144.93,0.02783,0.01562,,,,,,,
glue|roberta-base|cola_wide|B|t27|s11|confirm,glue,roberta-base,cola_wide,cola,B,confirm,27,11,mcc,curvature=4.0;gat_hidden_dim=128;graph_metric=cosine;hyperbolic_readout=1;jk_mode=max;learnable_curvature=0;lr=0.001;num_layers=2;proj_dim=512;readout_clip=1.0;readout_scale=0;scorer_hidden=128;tau_quantile=0.025;weight_decay=0.0,4.0,128,cosine,1,max,0,0.001,2,512,1.0,0,128,0.025,0.0,54.94,144.42,0.02882,0.01562,,,,,,,
glue|roberta-base|cola_wide|B|t27|s12|confirm,glue,roberta-base,cola_wide,cola,B,confirm,27,12,mcc,curvature=4.0;gat_hidden_dim=128;graph_metric=cosine;hyperbolic_readout=1;jk_mode=max;learnable_curvature=0;lr=0.001;num_layers=2;proj_dim=512;readout_clip=1.0;readout_scale=0;scorer_hidden=128;tau_quantile=0.025;weight_decay=0.0,4.0,128,cosine,1,max,0,0.001,2,512,1.0,0,128,0.025,0.0,52.07,145.13,0.02776,0.02344,,,,,,,
glue|roberta-base|cola_wide|B|t27|s13|confirm,glue,roberta-base,cola_wide,cola,B,confirm,27,13,mcc,curvature=4.0;gat_hidden_dim=128;graph_metric=cosine;hyperbolic_readout=1;jk_mode=max;learnable_curvature=0;lr=0.001;num_layers=2;proj_dim=512;readout_clip=1.0;readout_scale=0;scorer_hidden=128;tau_quantile=0.025;weight_decay=0.0,4.0,128,cosine,1,max,0,0.001,2,512,1.0,0,128,0.025,0.0,53.01,143.81,0.02824,0.01562,,,,,,,
glue|roberta-base|cola_wide|B|t27|s14|confirm,glue,roberta-base,cola_wide,cola,B,confirm,27,14,mcc,curvature=4.0;gat_hidden_dim=128;graph_metric=cosine;hyperbolic_readout=1;jk_mode=max;learnable_curvature=0;lr=0.001;num_layers=2;proj_dim=512;readout_clip=1.0;readout_scale=0;scorer_hidden=128;tau_quantile=0.025;weight_decay=0.0,4.0,128,cosine,1,max,0,0.001,2,512,1.0,0,128,0.025,0.0,54.77,145.57,0.029,0.00391,,,,,,,
glue|roberta-base|cola_wide|B|t27|s15|confirm,glue,roberta-base,cola_wide,cola,B,confirm,27,15,mcc,curvature=4.0;gat_hidden_dim=128;graph_metric=cosine;hyperbolic_readout=1;jk_mode=max;learnable_curvature=0;lr=0.001;num_layers=2;proj_dim=512;readout_clip=1.0;readout_scale=0;scorer_hidden=128;tau_quantile=0.025;weight_decay=0.0,4.0,128,cosine,1,max,0,0.001,2,512,1.0,0,128,0.025,0.0,54.56,145.52,0.02729,0.01953,,,,,,,
glue|roberta-base|cola_wide|C|t0|s42|tune,glue,roberta-base,cola_wide,cola,C,tune,0,42,mcc,curvature=1.0;gat_hidden_dim=64;gnn_input_clip=0.3;gnn_input_scale=0;graph_metric=cosine;hyp_gnn_type=gcn;hyperbolic_gnn=1;jk_mode=cat;lr=0.001;num_layers=2;proj_dim=128;scorer_hidden=128;tau_quantile=0.05;weight_decay=0.0,1.0,64,cosine,,cat,,0.001,2,128,,,128,0.05,0.0,55.34,175.05,0.0513,0.00781,,0.3,0,,gcn,1,
glue|roberta-base|cola_wide|C|t1|s42|tune,glue,roberta-base,cola_wide,cola,C,tune,1,42,mcc,curvature=1.0;gat_hidden_dim=256;gnn_input_clip=0.3;gnn_input_scale=1;graph_metric=cosine;hyp_gnn_type=gat;hyperbolic_gnn=1;jk_mode=max;lr=2e-05;num_layers=4;proj_dim=512;scorer_hidden=256;tau_quantile=0.2;weight_decay=1e-05,1.0,256,cosine,,max,,2e-05,4,512,,,256,0.2,1e-05,0.0,169.62,0.19727,0.0,,0.3,1,,gat,1,
glue|roberta-base|cola_wide|C|t2|s42|tune,glue,roberta-base,cola_wide,cola,C,tune,2,42,mcc,curvature=4.0;gat_hidden_dim=64;gnn_input_clip=0.0;gnn_input_scale=0;graph_metric=cosine;hyp_gnn_type=gat;hyperbolic_gnn=1;jk_mode=cat;lr=2e-05;num_layers=4;proj_dim=256;scorer_hidden=256;tau_quantile=0.1;weight_decay=5e-05,4.0,64,cosine,,cat,,2e-05,4,256,,,256,0.1,5e-05,0.0,169.78,0.10059,0.0,,0.0,0,,gat,1,
glue|roberta-base|cola_wide|C|t3|s42|tune,glue,roberta-base,cola_wide,cola,C,tune,3,42,mcc,curvature=0.25;gat_hidden_dim=128;gnn_input_clip=0.7;gnn_input_scale=1;graph_metric=cosine;hyp_gnn_type=gcn;hyperbolic_gnn=1;jk_mode=cat;lr=0.0002;num_layers=2;proj_dim=128;scorer_hidden=128;tau_quantile=0.2;weight_decay=0.0,0.25,128,cosine,,cat,,0.0002,2,128,,,128,0.2,0.0,50.11,157.67,0.1972,0.0,,0.7,1,,gcn,1,
glue|roberta-base|cola_wide|C|t4|s42|tune,glue,roberta-base,cola_wide,cola,C,tune,4,42,mcc,curvature=0.25;gat_hidden_dim=128;gnn_input_clip=1.0;gnn_input_scale=0;graph_metric=cosine;hyp_gnn_type=gcn;hyperbolic_gnn=1;jk_mode=max;lr=0.0002;num_layers=4;proj_dim=512;scorer_hidden=128;tau_quantile=0.1;weight_decay=5e-05,0.25,128,cosine,,max,,0.0002,4,512,,,128,0.1,5e-05,48.21,173.47,0.10153,0.0,,1.0,0,,gcn,1,
glue|roberta-base|cola_wide|C|t5|s42|tune,glue,roberta-base,cola_wide,cola,C,tune,5,42,mcc,curvature=1.0;gat_hidden_dim=128;gnn_input_clip=1.0;gnn_input_scale=1;graph_metric=cosine;hyp_gnn_type=gat;hyperbolic_gnn=1;jk_mode=max;lr=2e-05;num_layers=4;proj_dim=512;scorer_hidden=256;tau_quantile=0.38;weight_decay=0.0,1.0,128,cosine,,max,,2e-05,4,512,,,256,0.38,0.0,0.0,169.7,0.37747,0.0,,1.0,1,,gat,1,
glue|roberta-base|cola_wide|C|t6|s42|tune,glue,roberta-base,cola_wide,cola,C,tune,6,42,mcc,curvature=1.0;gat_hidden_dim=128;gnn_input_clip=0.0;gnn_input_scale=0;graph_metric=cosine;hyp_gnn_type=gcn;hyperbolic_gnn=1;jk_mode=max;lr=2e-05;num_layers=2;proj_dim=256;scorer_hidden=256;tau_quantile=0.05;weight_decay=1e-05,1.0,128,cosine,,max,,2e-05,2,256,,,256,0.05,1e-05,0.0,157.04,0.05128,0.0,,0.0,0,,gcn,1,
glue|roberta-base|cola_wide|C|t7|s42|tune,glue,roberta-base,cola_wide,cola,C,tune,7,42,mcc,curvature=4.0;gat_hidden_dim=64;gnn_input_clip=0.0;gnn_input_scale=0;graph_metric=cosine;hyp_gnn_type=gat;hyperbolic_gnn=1;jk_mode=max;lr=0.001;num_layers=2;proj_dim=128;scorer_hidden=128;tau_quantile=0.2;weight_decay=1e-05,4.0,64,cosine,,max,,0.001,2,128,,,128,0.2,1e-05,54.32,151.99,0.19654,0.0,,0.0,0,,gat,1,
glue|roberta-base|cola_wide|C|t8|s42|tune,glue,roberta-base,cola_wide,cola,C,tune,8,42,mcc,curvature=1.0;gat_hidden_dim=128;gnn_input_clip=0.0;gnn_input_scale=0;graph_metric=cosine;hyp_gnn_type=gat;hyperbolic_gnn=1;jk_mode=cat;lr=2e-05;num_layers=4;proj_dim=512;scorer_hidden=128;tau_quantile=0.1;weight_decay=0.0,1.0,128,cosine,,cat,,2e-05,4,512,,,128,0.1,0.0,0.0,168.96,0.1013,0.0,,0.0,0,,gat,1,
glue|roberta-base|cola_wide|C|t9|s42|tune,glue,roberta-base,cola_wide,cola,C,tune,9,42,mcc,curvature=1.0;gat_hidden_dim=256;gnn_input_clip=0.3;gnn_input_scale=1;graph_metric=cosine;hyp_gnn_type=gat;hyperbolic_gnn=1;jk_mode=max;lr=0.0002;num_layers=2;proj_dim=256;scorer_hidden=256;tau_quantile=0.38;weight_decay=0.0,1.0,256,cosine,,max,,0.0002,2,256,,,256,0.38,0.0,50.18,155.99,0.3779,0.0,,0.3,1,,gat,1,
glue|roberta-base|cola_wide|C|t10|s42|tune,glue,roberta-base,cola_wide,cola,C,tune,10,42,mcc,curvature=4.0;gat_hidden_dim=256;gnn_input_clip=1.0;gnn_input_scale=0;graph_metric=cosine;hyp_gnn_type=gat;hyperbolic_gnn=1;jk_mode=cat;lr=0.001;num_layers=2;proj_dim=512;scorer_hidden=256;tau_quantile=0.05;weight_decay=0.0,4.0,256,cosine,,cat,,0.001,2,512,,,256,0.05,0.0,56.07,153.4,0.05109,0.00391,,1.0,0,,gat,1,
glue|roberta-base|cola_wide|C|t11|s42|tune,glue,roberta-base,cola_wide,cola,C,tune,11,42,mcc,curvature=1.0;gat_hidden_dim=64;gnn_input_clip=1.0;gnn_input_scale=1;graph_metric=cosine;hyp_gnn_type=gat;hyperbolic_gnn=1;jk_mode=cat;lr=0.0002;num_layers=2;proj_dim=512;scorer_hidden=256;tau_quantile=0.025;weight_decay=1e-05,1.0,64,cosine,,cat,,0.0002,2,512,,,256,0.025,1e-05,51.74,154.39,0.02839,0.01172,,1.0,1,,gat,1,
glue|roberta-base|cola_wide|C|t12|s42|tune,glue,roberta-base,cola_wide,cola,C,tune,12,42,mcc,curvature=0.25;gat_hidden_dim=128;gnn_input_clip=1.0;gnn_input_scale=1;graph_metric=cosine;hyp_gnn_type=gat;hyperbolic_gnn=1;jk_mode=cat;lr=0.001;num_layers=4;proj_dim=256;scorer_hidden=256;tau_quantile=0.05;weight_decay=5e-05,0.25,128,cosine,,cat,,0.001,4,256,,,256,0.05,5e-05,54.89,169.52,0.05079,0.00781,,1.0,1,,gat,1,
glue|roberta-base|cola_wide|C|t13|s42|tune,glue,roberta-base,cola_wide,cola,C,tune,13,42,mcc,curvature=0.25;gat_hidden_dim=128;gnn_input_clip=0.7;gnn_input_scale=0;graph_metric=cosine;hyp_gnn_type=gat;hyperbolic_gnn=1;jk_mode=max;lr=0.0002;num_layers=4;proj_dim=128;scorer_hidden=256;tau_quantile=0.1;weight_decay=1e-05,0.25,128,cosine,,max,,0.0002,4,128,,,256,0.1,1e-05,48.7,168.04,0.10049,0.0,,0.7,0,,gat,1,
glue|roberta-base|cola_wide|C|t14|s42|tune,glue,roberta-base,cola_wide,cola,C,tune,14,42,mcc,curvature=4.0;gat_hidden_dim=128;gnn_input_clip=1.0;gnn_input_scale=0;graph_metric=cosine;hyp_gnn_type=gat;hyperbolic_gnn=1;jk_mode=cat;lr=0.001;num_layers=4;proj_dim=128;scorer_hidden=256;tau_quantile=0.025;weight_decay=5e-05,4.0,128,cosine,,cat,,0.001,4,128,,,256,0.025,5e-05,55.76,167.93,0.02791,0.01172,,1.0,0,,gat,1,
glue|roberta-base|cola_wide|C|t15|s42|tune,glue,roberta-base,cola_wide,cola,C,tune,15,42,mcc,curvature=4.0;gat_hidden_dim=256;gnn_input_clip=0.0;gnn_input_scale=1;graph_metric=cosine;hyp_gnn_type=gcn;hyperbolic_gnn=1;jk_mode=cat;lr=2e-05;num_layers=4;proj_dim=256;scorer_hidden=128;tau_quantile=0.1;weight_decay=1e-05,4.0,256,cosine,,cat,,2e-05,4,256,,,128,0.1,1e-05,0.0,173.14,0.10064,0.0,,0.0,1,,gcn,1,
glue|roberta-base|cola_wide|C|t16|s42|tune,glue,roberta-base,cola_wide,cola,C,tune,16,42,mcc,curvature=0.25;gat_hidden_dim=256;gnn_input_clip=0.0;gnn_input_scale=0;graph_metric=cosine;hyp_gnn_type=gcn;hyperbolic_gnn=1;jk_mode=cat;lr=0.0002;num_layers=4;proj_dim=256;scorer_hidden=256;tau_quantile=0.2;weight_decay=5e-05,0.25,256,cosine,,cat,,0.0002,4,256,,,256,0.2,5e-05,53.01,171.66,0.19685,0.0,,0.0,0,,gcn,1,
glue|roberta-base|cola_wide|C|t17|s42|tune,glue,roberta-base,cola_wide,cola,C,tune,17,42,mcc,curvature=4.0;gat_hidden_dim=64;gnn_input_clip=0.0;gnn_input_scale=0;graph_metric=cosine;hyp_gnn_type=gat;hyperbolic_gnn=1;jk_mode=max;lr=2e-05;num_layers=2;proj_dim=128;scorer_hidden=256;tau_quantile=0.2;weight_decay=1e-05,4.0,64,cosine,,max,,2e-05,2,128,,,256,0.2,1e-05,0.0,155.44,0.19654,0.0,,0.0,0,,gat,1,
glue|roberta-base|cola_wide|C|t18|s42|tune,glue,roberta-base,cola_wide,cola,C,tune,18,42,mcc,curvature=1.0;gat_hidden_dim=256;gnn_input_clip=1.0;gnn_input_scale=1;graph_metric=cosine;hyp_gnn_type=gat;hyperbolic_gnn=1;jk_mode=cat;lr=0.0002;num_layers=2;proj_dim=512;scorer_hidden=256;tau_quantile=0.025;weight_decay=0.0,1.0,256,cosine,,cat,,0.0002,2,512,,,256,0.025,0.0,52.52,151.43,0.02837,0.00781,,1.0,1,,gat,1,
glue|roberta-base|cola_wide|C|t19|s42|tune,glue,roberta-base,cola_wide,cola,C,tune,19,42,mcc,curvature=4.0;gat_hidden_dim=256;gnn_input_clip=0.3;gnn_input_scale=1;graph_metric=cosine;hyp_gnn_type=gat;hyperbolic_gnn=1;jk_mode=max;lr=0.0002;num_layers=2;proj_dim=256;scorer_hidden=256;tau_quantile=0.1;weight_decay=1e-05,4.0,256,cosine,,max,,0.0002,2,256,,,256,0.1,1e-05,50.51,154.51,0.1002,0.0,,0.3,1,,gat,1,
glue|roberta-base|cola_wide|C|t20|s42|tune,glue,roberta-base,cola_wide,cola,C,tune,20,42,mcc,curvature=1.0;gat_hidden_dim=64;gnn_input_clip=0.3;gnn_input_scale=0;graph_metric=cosine;hyp_gnn_type=gcn;hyperbolic_gnn=1;jk_mode=max;lr=0.001;num_layers=2;proj_dim=512;scorer_hidden=128;tau_quantile=0.05;weight_decay=1e-05,1.0,64,cosine,,max,,0.001,2,512,,,128,0.05,1e-05,51.55,156.38,0.05124,0.0,,0.3,0,,gcn,1,
glue|roberta-base|cola_wide|C|t21|s42|tune,glue,roberta-base,cola_wide,cola,C,tune,21,42,mcc,curvature=4.0;gat_hidden_dim=256;gnn_input_clip=0.0;gnn_input_scale=0;graph_metric=cosine;hyp_gnn_type=gat;hyperbolic_gnn=1;jk_mode=max;lr=0.001;num_layers=2;proj_dim=256;scorer_hidden=128;tau_quantile=0.025;weight_decay=1e-05,4.0,256,cosine,,max,,0.001,2,256,,,128,0.025,1e-05,56.51,153.0,0.02793,0.02344,,0.0,0,,gat,1,
glue|roberta-base|cola_wide|C|t22|s42|tune,glue,roberta-base,cola_wide,cola,C,tune,22,42,mcc,curvature=1.0;gat_hidden_dim=64;gnn_input_clip=0.7;gnn_input_scale=0;graph_metric=cosine;hyp_gnn_type=gat;hyperbolic_gnn=1;jk_mode=max;lr=0.001;num_layers=4;proj_dim=128;scorer_hidden=128;tau_quantile=0.1;weight_decay=5e-05,1.0,64,cosine,,max,,0.001,4,128,,,128,0.1,5e-05,50.43,170.01,0.10094,0.0,,0.7,0,,gat,1,
glue|roberta-base|cola_wide|C|t23|s42|tune,glue,roberta-base,cola_wide,cola,C,tune,23,42,mcc,curvature=0.25;gat_hidden_dim=256;gnn_input_clip=0.3;gnn_input_scale=1;graph_metric=cosine;hyp_gnn_type=gat;hyperbolic_gnn=1;jk_mode=max;lr=0.0002;num_layers=4;proj_dim=128;scorer_hidden=128;tau_quantile=0.025;weight_decay=5e-05,0.25,256,cosine,,max,,0.0002,4,128,,,128,0.025,5e-05,50.02,168.25,0.02764,0.01562,,0.3,1,,gat,1,
glue|roberta-base|cola_wide|C|t24|s42|tune,glue,roberta-base,cola_wide,cola,C,tune,24,42,mcc,curvature=0.25;gat_hidden_dim=128;gnn_input_clip=0.7;gnn_input_scale=1;graph_metric=cosine;hyp_gnn_type=gat;hyperbolic_gnn=1;jk_mode=cat;lr=0.0002;num_layers=4;proj_dim=512;scorer_hidden=128;tau_quantile=0.38;weight_decay=5e-05,0.25,128,cosine,,cat,,0.0002,4,512,,,128,0.38,5e-05,50.37,168.77,0.37658,0.0,,0.7,1,,gat,1,
glue|roberta-base|cola_wide|C|t25|s42|tune,glue,roberta-base,cola_wide,cola,C,tune,25,42,mcc,curvature=1.0;gat_hidden_dim=128;gnn_input_clip=0.7;gnn_input_scale=1;graph_metric=cosine;hyp_gnn_type=gat;hyperbolic_gnn=1;jk_mode=cat;lr=0.0002;num_layers=4;proj_dim=128;scorer_hidden=256;tau_quantile=0.1;weight_decay=0.0,1.0,128,cosine,,cat,,0.0002,4,128,,,256,0.1,0.0,52.43,168.02,0.1013,0.0,,0.7,1,,gat,1,
glue|roberta-base|cola_wide|C|t26|s42|tune,glue,roberta-base,cola_wide,cola,C,tune,26,42,mcc,curvature=0.25;gat_hidden_dim=64;gnn_input_clip=0.0;gnn_input_scale=1;graph_metric=cosine;hyp_gnn_type=gat;hyperbolic_gnn=1;jk_mode=cat;lr=2e-05;num_layers=4;proj_dim=128;scorer_hidden=128;tau_quantile=0.025;weight_decay=5e-05,0.25,64,cosine,,cat,,2e-05,4,128,,,128,0.025,5e-05,0.0,170.76,0.02785,0.01172,,0.0,1,,gat,1,
glue|roberta-base|cola_wide|C|t27|s42|tune,glue,roberta-base,cola_wide,cola,C,tune,27,42,mcc,curvature=0.25;gat_hidden_dim=128;gnn_input_clip=0.7;gnn_input_scale=1;graph_metric=cosine;hyp_gnn_type=gat;hyperbolic_gnn=1;jk_mode=cat;lr=0.001;num_layers=2;proj_dim=512;scorer_hidden=128;tau_quantile=0.05;weight_decay=5e-05,0.25,128,cosine,,cat,,0.001,2,512,,,128,0.05,5e-05,53.17,153.82,0.05072,0.0,,0.7,1,,gat,1,
glue|roberta-base|cola_wide|C|t28|s42|tune,glue,roberta-base,cola_wide,cola,C,tune,28,42,mcc,curvature=0.25;gat_hidden_dim=256;gnn_input_clip=0.0;gnn_input_scale=0;graph_metric=cosine;hyp_gnn_type=gat;hyperbolic_gnn=1;jk_mode=max;lr=2e-05;num_layers=4;proj_dim=256;scorer_hidden=256;tau_quantile=0.05;weight_decay=0.0,0.25,256,cosine,,max,,2e-05,4,256,,,256,0.05,0.0,0.0,169.16,0.05203,0.0,,0.0,0,,gat,1,
glue|roberta-base|cola_wide|C|t29|s42|tune,glue,roberta-base,cola_wide,cola,C,tune,29,42,mcc,curvature=1.0;gat_hidden_dim=64;gnn_input_clip=0.3;gnn_input_scale=1;graph_metric=cosine;hyp_gnn_type=gat;hyperbolic_gnn=1;jk_mode=max;lr=0.001;num_layers=4;proj_dim=256;scorer_hidden=256;tau_quantile=0.38;weight_decay=1e-05,1.0,64,cosine,,max,,0.001,4,256,,,256,0.38,1e-05,50.3,168.03,0.37706,0.0,,0.3,1,,gat,1,
glue|roberta-base|cola_wide|C|t30|s42|tune,glue,roberta-base,cola_wide,cola,C,tune,30,42,mcc,curvature=4.0;gat_hidden_dim=256;gnn_input_clip=0.7;gnn_input_scale=1;graph_metric=cosine;hyp_gnn_type=gcn;hyperbolic_gnn=1;jk_mode=max;lr=0.0002;num_layers=2;proj_dim=128;scorer_hidden=256;tau_quantile=0.1;weight_decay=5e-05,4.0,256,cosine,,max,,0.0002,2,128,,,256,0.1,5e-05,49.32,157.19,0.10058,0.0,,0.7,1,,gcn,1,
glue|roberta-base|cola_wide|C|t31|s42|tune,glue,roberta-base,cola_wide,cola,C,tune,31,42,mcc,curvature=1.0;gat_hidden_dim=256;gnn_input_clip=0.0;gnn_input_scale=1;graph_metric=cosine;hyp_gnn_type=gat;hyperbolic_gnn=1;jk_mode=cat;lr=0.0002;num_layers=4;proj_dim=128;scorer_hidden=128;tau_quantile=0.025;weight_decay=0.0,1.0,256,cosine,,cat,,0.0002,4,128,,,128,0.025,0.0,53.3,168.64,0.02815,0.01172,,0.0,1,,gat,1,
glue|roberta-base|cola_wide|C|t32|s42|tune,glue,roberta-base,cola_wide,cola,C,tune,32,42,mcc,curvature=0.25;gat_hidden_dim=64;gnn_input_clip=0.3;gnn_input_scale=1;graph_metric=cosine;hyp_gnn_type=gat;hyperbolic_gnn=1;jk_mode=max;lr=0.001;num_layers=2;proj_dim=128;scorer_hidden=128;tau_quantile=0.05;weight_decay=5e-05,0.25,64,cosine,,max,,0.001,2,128,,,128,0.05,5e-05,51.36,154.03,0.05088,0.0,,0.3,1,,gat,1,
glue|roberta-base|cola_wide|C|t33|s42|tune,glue,roberta-base,cola_wide,cola,C,tune,33,42,mcc,curvature=4.0;gat_hidden_dim=128;gnn_input_clip=0.7;gnn_input_scale=1;graph_metric=cosine;hyp_gnn_type=gat;hyperbolic_gnn=1;jk_mode=max;lr=0.0002;num_layers=4;proj_dim=256;scorer_hidden=256;tau_quantile=0.05;weight_decay=5e-05,4.0,128,cosine,,max,,0.0002,4,256,,,256,0.05,5e-05,50.47,166.42,0.05129,0.0,,0.7,1,,gat,1,
glue|roberta-base|cola_wide|C|t34|s42|tune,glue,roberta-base,cola_wide,cola,C,tune,34,42,mcc,curvature=1.0;gat_hidden_dim=256;gnn_input_clip=0.3;gnn_input_scale=1;graph_metric=cosine;hyp_gnn_type=gat;hyperbolic_gnn=1;jk_mode=cat;lr=0.0002;num_layers=4;proj_dim=128;scorer_hidden=128;tau_quantile=0.2;weight_decay=1e-05,1.0,256,cosine,,cat,,0.0002,4,128,,,128,0.2,1e-05,54.34,167.78,0.19698,0.0,,0.3,1,,gat,1,
glue|roberta-base|cola_wide|C|t35|s42|tune,glue,roberta-base,cola_wide,cola,C,tune,35,42,mcc,curvature=4.0;gat_hidden_dim=256;gnn_input_clip=1.0;gnn_input_scale=1;graph_metric=cosine;hyp_gnn_type=gat;hyperbolic_gnn=1;jk_mode=max;lr=2e-05;num_layers=4;proj_dim=256;scorer_hidden=128;tau_quantile=0.2;weight_decay=5e-05,4.0,256,cosine,,max,,2e-05,4,256,,,128,0.2,5e-05,0.0,170.21,0.19727,0.0,,1.0,1,,gat,1,
glue|roberta-base|cola_wide|C|t36|s42|tune,glue,roberta-base,cola_wide,cola,C,tune,36,42,mcc,curvature=4.0;gat_hidden_dim=64;gnn_input_clip=1.0;gnn_input_scale=0;graph_metric=cosine;hyp_gnn_type=gcn;hyperbolic_gnn=1;jk_mode=max;lr=0.0002;num_layers=2;proj_dim=256;scorer_hidden=128;tau_quantile=0.1;weight_decay=1e-05,4.0,64,cosine,,max,,0.0002,2,256,,,128,0.1,1e-05,46.85,156.62,0.1015,0.0,,1.0,0,,gcn,1,
glue|roberta-base|cola_wide|C|t37|s42|tune,glue,roberta-base,cola_wide,cola,C,tune,37,42,mcc,curvature=4.0;gat_hidden_dim=256;gnn_input_clip=0.7;gnn_input_scale=1;graph_metric=cosine;hyp_gnn_type=gat;hyperbolic_gnn=1;jk_mode=cat;lr=0.001;num_layers=4;proj_dim=256;scorer_hidden=256;tau_quantile=0.38;weight_decay=5e-05,4.0,256,cosine,,cat,,0.001,4,256,,,256,0.38,5e-05,53.27,170.17,0.37665,0.0,,0.7,1,,gat,1,
glue|roberta-base|cola_wide|C|t38|s42|tune,glue,roberta-base,cola_wide,cola,C,tune,38,42,mcc,curvature=1.0;gat_hidden_dim=64;gnn_input_clip=0.0;gnn_input_scale=1;graph_metric=cosine;hyp_gnn_type=gcn;hyperbolic_gnn=1;jk_mode=cat;lr=0.001;num_layers=2;proj_dim=512;scorer_hidden=256;tau_quantile=0.2;weight_decay=5e-05,1.0,64,cosine,,cat,,0.001,2,512,,,256,0.2,5e-05,54.44,155.96,0.19656,0.0,,0.0,1,,gcn,1,
glue|roberta-base|cola_wide|C|t39|s42|tune,glue,roberta-base,cola_wide,cola,C,tune,39,42,mcc,curvature=1.0;gat_hidden_dim=64;gnn_input_clip=1.0;gnn_input_scale=0;graph_metric=cosine;hyp_gnn_type=gcn;hyperbolic_gnn=1;jk_mode=cat;lr=2e-05;num_layers=2;proj_dim=512;scorer_hidden=128;tau_quantile=0.38;weight_decay=0.0,1.0,64,cosine,,cat,,2e-05,2,512,,,128,0.38,0.0,0.0,157.59,0.37758,0.0,,1.0,0,,gcn,1,
glue|roberta-base|cola_wide|BC|t0|s42|tune,glue,roberta-base,cola_wide,cola,BC,tune,0,42,mcc,curvature=1.0;gat_hidden_dim=64;gnn_input_clip=0.3;gnn_input_scale=0;graph_metric=cosine;hyp_gnn_type=gat;hyperbolic_gnn=1;hyperbolic_readout=1;jk_mode=max;learnable_curvature=1;lr=0.0002;num_layers=2;proj_dim=128;readout_clip=0.0;readout_scale=0;scorer_hidden=256;tau_quantile=0.38;weight_decay=5e-05,1.0,64,cosine,1,max,1,0.0002,2,128,0.0,0,256,0.38,5e-05,0.0,163.2,0.37631,0.0,,0.3,0,,gat,1,
glue|roberta-base|cola_wide|BC|t1|s42|tune,glue,roberta-base,cola_wide,cola,BC,tune,1,42,mcc,curvature=4.0;gat_hidden_dim=64;gnn_input_clip=0.0;gnn_input_scale=0;graph_metric=cosine;hyp_gnn_type=gcn;hyperbolic_gnn=1;hyperbolic_readout=1;jk_mode=cat;learnable_curvature=1;lr=2e-05;num_layers=4;proj_dim=512;readout_clip=1.0;readout_scale=0;scorer_hidden=128;tau_quantile=0.025;weight_decay=1e-05,4.0,64,cosine,1,cat,1,2e-05,4,512,1.0,0,128,0.025,1e-05,4.98,185.94,0.02758,0.01562,,0.0,0,,gcn,1,
glue|roberta-base|cola_wide|BC|t2|s42|tune,glue,roberta-base,cola_wide,cola,BC,tune,2,42,mcc,curvature=0.25;gat_hidden_dim=256;gnn_input_clip=1.0;gnn_input_scale=0;graph_metric=cosine;hyp_gnn_type=gat;hyperbolic_gnn=1;hyperbolic_readout=1;jk_mode=max;learnable_curvature=1;lr=2e-05;num_layers=2;proj_dim=128;readout_clip=1.0;readout_scale=0;scorer_hidden=128;tau_quantile=0.2;weight_decay=5e-05,0.25,256,cosine,1,max,1,2e-05,2,128,1.0,0,128,0.2,5e-05,0.0,162.58,0.19701,0.0,,1.0,0,,gat,1,
glue|roberta-base|cola_wide|BC|t3|s42|tune,glue,roberta-base,cola_wide,cola,BC,tune,3,42,mcc,curvature=0.25;gat_hidden_dim=64;gnn_input_clip=0.3;gnn_input_scale=0;graph_metric=cosine;hyp_gnn_type=gat;hyperbolic_gnn=1;hyperbolic_readout=1;jk_mode=cat;learnable_curvature=1;lr=2e-05;num_layers=2;proj_dim=256;readout_clip=0.0;readout_scale=0;scorer_hidden=256;tau_quantile=0.025;weight_decay=0.0,0.25,64,cosine,1,cat,1,2e-05,2,256,0.0,0,256,0.025,0.0,0.0,163.31,0.02839,0.01172,,0.3,0,,gat,1,
glue|roberta-base|cola_wide|BC|t4|s42|tune,glue,roberta-base,cola_wide,cola,BC,tune,4,42,mcc,curvature=1.0;gat_hidden_dim=64;gnn_input_clip=0.3;gnn_input_scale=1;graph_metric=cosine;hyp_gnn_type=gat;hyperbolic_gnn=1;hyperbolic_readout=1;jk_mode=max;learnable_curvature=0;lr=0.0002;num_layers=2;proj_dim=128;readout_clip=1.0;readout_scale=0;scorer_hidden=256;tau_quantile=0.1;weight_decay=5e-05,1.0,64,cosine,1,max,0,0.0002,2,128,1.0,0,256,0.1,5e-05,0.0,158.99,0.1016,0.0,,0.3,1,,gat,1,
glue|roberta-base|cola_wide|BC|t5|s42|tune,glue,roberta-base,cola_wide,cola,BC,tune,5,42,mcc,curvature=0.25;gat_hidden_dim=128;gnn_input_clip=1.0;gnn_input_scale=1;graph_metric=cosine;hyp_gnn_type=gat;hyperbolic_gnn=1;hyperbolic_readout=1;jk_mode=cat;learnable_curvature=0;lr=0.0002;num_layers=4;proj_dim=512;readout_clip=0.0;readout_scale=1;scorer_hidden=128;tau_quantile=0.025;weight_decay=5e-05,0.25,128,cosine,1,cat,0,0.0002,4,512,0.0,1,128,0.025,5e-05,47.77,171.89,0.02791,0.01172,,1.0,1,,gat,1,
glue|roberta-base|cola_wide|BC|t6|s42|tune,glue,roberta-base,cola_wide,cola,BC,tune,6,42,mcc,curvature=0.25;gat_hidden_dim=256;gnn_input_clip=0.0;gnn_input_scale=0;graph_metric=cosine;hyp_gnn_type=gat;hyperbolic_gnn=1;hyperbolic_readout=1;jk_mode=max;learnable_curvature=1;lr=2e-05;num_layers=2;proj_dim=512;readout_clip=1.0;readout_scale=0;scorer_hidden=128;tau_quantile=0.2;weight_decay=0.0,0.25,256,cosine,1,max,1,2e-05,2,512,1.0,0,128,0.2,0.0,0.0,162.09,0.19701,0.0,,0.0,0,,gat,1,
glue|roberta-base|cola_wide|BC|t7|s42|tune,glue,roberta-base,cola_wide,cola,BC,tune,7,42,mcc,curvature=1.0;gat_hidden_dim=128;gnn_input_clip=0.0;gnn_input_scale=1;graph_metric=cosine;hyp_gnn_type=gat;hyperbolic_gnn=1;hyperbolic_readout=1;jk_mode=cat;learnable_curvature=1;lr=2e-05;num_layers=4;proj_dim=512;readout_clip=1.0;readout_scale=1;scorer_hidden=256;tau_quantile=0.2;weight_decay=0.0,1.0,128,cosine,1,cat,1,2e-05,4,512,1.0,1,256,0.2,0.0,0.0,179.61,0.19695,0.0,,0.0,1,,gat,1,
glue|roberta-base|cola_wide|BC|t8|s42|tune,glue,roberta-base,cola_wide,cola,BC,tune,8,42,mcc,curvature=0.25;gat_hidden_dim=128;gnn_input_clip=0.3;gnn_input_scale=0;graph_metric=cosine;hyp_gnn_type=gcn;hyperbolic_gnn=1;hyperbolic_readout=1;jk_mode=max;learnable_curvature=1;lr=0.001;num_layers=2;proj_dim=512;readout_clip=0.3;readout_scale=1;scorer_hidden=256;tau_quantile=0.1;weight_decay=1e-05,0.25,128,cosine,1,max,1,0.001,2,512,0.3,1,256,0.1,1e-05,0.0,165.36,0.10132,0.0,,0.3,0,,gcn,1,
glue|roberta-base|cola_wide|BC|t9|s42|tune,glue,roberta-base,cola_wide,cola,BC,tune,9,42,mcc,curvature=0.25;gat_hidden_dim=64;gnn_input_clip=0.3;gnn_input_scale=1;graph_metric=cosine;hyp_gnn_type=gcn;hyperbolic_gnn=1;hyperbolic_readout=1;jk_mode=max;learnable_curvature=1;lr=0.0002;num_layers=2;proj_dim=256;readout_clip=0.0;readout_scale=0;scorer_hidden=128;tau_quantile=0.1;weight_decay=0.0,0.25,64,cosine,1,max,1,0.0002,2,256,0.0,0,128,0.1,0.0,0.0,165.69,0.1015,0.0,,0.3,1,,gcn,1,
glue|roberta-base|cola_wide|BC|t10|s42|tune,glue,roberta-base,cola_wide,cola,BC,tune,10,42,mcc,curvature=0.25;gat_hidden_dim=256;gnn_input_clip=1.0;gnn_input_scale=0;graph_metric=cosine;hyp_gnn_type=gcn;hyperbolic_gnn=1;hyperbolic_readout=1;jk_mode=max;learnable_curvature=1;lr=2e-05;num_layers=4;proj_dim=512;readout_clip=0.7;readout_scale=1;scorer_hidden=256;tau_quantile=0.2;weight_decay=1e-05,0.25,256,cosine,1,max,1,2e-05,4,512,0.7,1,256,0.2,1e-05,0.0,183.5,0.19656,0.0,,1.0,0,,gcn,1,
glue|roberta-base|cola_wide|BC|t11|s42|tune,glue,roberta-base,cola_wide,cola,BC,tune,11,42,mcc,curvature=4.0;gat_hidden_dim=256;gnn_input_clip=1.0;gnn_input_scale=0;graph_metric=cosine;hyp_gnn_type=gcn;hyperbolic_gnn=1;hyperbolic_readout=1;jk_mode=cat;learnable_curvature=0;lr=0.001;num_layers=4;proj_dim=256;readout_clip=0.3;readout_scale=1;scorer_hidden=128;tau_quantile=0.025;weight_decay=0.0,4.0,256,cosine,1,cat,0,0.001,4,256,0.3,1,128,0.025,0.0,50.65,179.87,0.02763,0.01562,,1.0,0,,gcn,1,
glue|roberta-base|cola_wide|BC|t12|s42|tune,glue,roberta-base,cola_wide,cola,BC,tune,12,42,mcc,curvature=1.0;gat_hidden_dim=128;gnn_input_clip=0.3;gnn_input_scale=0;graph_metric=cosine;hyp_gnn_type=gat;hyperbolic_gnn=1;hyperbolic_readout=1;jk_mode=cat;learnable_curvature=0;lr=0.0002;num_layers=4;proj_dim=256;readout_clip=0.0;readout_scale=1;scorer_hidden=256;tau_quantile=0.2;weight_decay=1e-05,1.0,128,cosine,1,cat,0,0.0002,4,256,0.0,1,256,0.2,1e-05,18.43,173.01,0.19695,0.0,,0.3,0,,gat,1,
glue|roberta-base|cola_wide|BC|t13|s42|tune,glue,roberta-base,cola_wide,cola,BC,tune,13,42,mcc,curvature=4.0;gat_hidden_dim=64;gnn_input_clip=0.7;gnn_input_scale=1;graph_metric=cosine;hyp_gnn_type=gat;hyperbolic_gnn=1;hyperbolic_readout=1;jk_mode=cat;learnable_curvature=0;lr=2e-05;num_layers=2;proj_dim=512;readout_clip=0.3;readout_scale=1;scorer_hidden=256;tau_quantile=0.05;weight_decay=0.0,4.0,64,cosine,1,cat,0,2e-05,2,512,0.3,1,256,0.05,0.0,0.0,158.99,0.05101,0.00391,,0.7,1,,gat,1,
glue|roberta-base|cola_wide|BC|t14|s42|tune,glue,roberta-base,cola_wide,cola,BC,tune,14,42,mcc,curvature=1.0;gat_hidden_dim=64;gnn_input_clip=1.0;gnn_input_scale=0;graph_metric=cosine;hyp_gnn_type=gcn;hyperbolic_gnn=1;hyperbolic_readout=1;jk_mode=max;learnable_curvature=0;lr=0.001;num_layers=2;proj_dim=256;readout_clip=1.0;readout_scale=1;scorer_hidden=256;tau_quantile=0.2;weight_decay=1e-05,1.0,64,cosine,1,max,0,0.001,2,256,1.0,1,256,0.2,1e-05,51.56,158.37,0.19619,0.0,,1.0,0,,gcn,1,
glue|roberta-base|cola_wide|BC|t15|s42|tune,glue,roberta-base,cola_wide,cola,BC,tune,15,42,mcc,curvature=0.25;gat_hidden_dim=64;gnn_input_clip=0.7;gnn_input_scale=0;graph_metric=cosine;hyp_gnn_type=gcn;hyperbolic_gnn=1;hyperbolic_readout=1;jk_mode=cat;learnable_curvature=0;lr=2e-05;num_layers=2;proj_dim=256;readout_clip=0.3;readout_scale=1;scorer_hidden=128;tau_quantile=0.1;weight_decay=0.0,0.25,64,cosine,1,cat,0,2e-05,2,256,0.3,1,128,0.1,0.0,0.0,161.12,0.10095,0.0,,0.7,0,,gcn,1,
glue|roberta-base|cola_wide|BC|t16|s42|tune,glue,roberta-base,cola_wide,cola,BC,tune,16,42,mcc,curvature=1.0;gat_hidden_dim=64;gnn_input_clip=0.0;gnn_input_scale=0;graph_metric=cosine;hyp_gnn_type=gat;hyperbolic_gnn=1;hyperbolic_readout=1;jk_mode=cat;learnable_curvature=1;lr=0.0002;num_layers=4;proj_dim=128;readout_clip=0.7;readout_scale=0;scorer_hidden=256;tau_quantile=0.1;weight_decay=5e-05,1.0,64,cosine,1,cat,1,0.0002,4,128,0.7,0,256,0.1,5e-05,0.0,180.75,0.10059,0.0,,0.0,0,,gat,1,
glue|roberta-base|cola_wide|BC|t17|s42|tune,glue,roberta-base,cola_wide,cola,BC,tune,17,42,mcc,curvature=1.0;gat_hidden_dim=256;gnn_input_clip=0.0;gnn_input_scale=0;graph_metric=cosine;hyp_gnn_type=gcn;hyperbolic_gnn=1;hyperbolic_readout=1;jk_mode=cat;learnable_curvature=1;lr=0.001;num_layers=4;proj_dim=128;readout_clip=0.7;readout_scale=0;scorer_hidden=128;tau_quantile=0.025;weight_decay=5e-05,1.0,256,cosine,1,cat,1,0.001,4,128,0.7,0,128,0.025,5e-05,53.57,182.82,0.02763,0.01562,,0.0,0,,gcn,1,
glue|roberta-base|cola_wide|BC|t18|s42|tune,glue,roberta-base,cola_wide,cola,BC,tune,18,42,mcc,curvature=1.0;gat_hidden_dim=128;gnn_input_clip=1.0;gnn_input_scale=1;graph_metric=cosine;hyp_gnn_type=gat;hyperbolic_gnn=1;hyperbolic_readout=1;jk_mode=max;learnable_curvature=0;lr=0.001;num_layers=4;proj_dim=512;readout_clip=0.7;readout_scale=0;scorer_hidden=256;tau_quantile=0.38;weight_decay=1e-05,1.0,128,cosine,1,max,0,0.001,4,512,0.7,0,256,0.38,1e-05,52.11,190.24,0.37747,0.0,,1.0,1,,gat,1,
glue|roberta-base|cola_wide|BC|t19|s42|tune,glue,roberta-base,cola_wide,cola,BC,tune,19,42,mcc,curvature=1.0;gat_hidden_dim=64;gnn_input_clip=1.0;gnn_input_scale=0;graph_metric=cosine;hyp_gnn_type=gcn;hyperbolic_gnn=1;hyperbolic_readout=1;jk_mode=max;learnable_curvature=1;lr=0.001;num_layers=4;proj_dim=128;readout_clip=1.0;readout_scale=0;scorer_hidden=128;tau_quantile=0.1;weight_decay=1e-05,1.0,64,cosine,1,max,1,0.001,4,128,1.0,0,128,0.1,1e-05,51.25,229.95,0.10159,0.0,,1.0,0,,gcn,1,
glue|roberta-base|cola_wide|BC|t20|s42|tune,glue,roberta-base,cola_wide,cola,BC,tune,20,42,mcc,curvature=0.25;gat_hidden_dim=256;gnn_input_clip=0.7;gnn_input_scale=1;graph_metric=cosine;hyp_gnn_type=gat;hyperbolic_gnn=1;hyperbolic_readout=1;jk_mode=max;learnable_curvature=1;lr=2e-05;num_layers=2;proj_dim=128;readout_clip=1.0;readout_scale=1;scorer_hidden=128;tau_quantile=0.025;weight_decay=1e-05,0.25,256,cosine,1,max,1,2e-05,2,128,1.0,1,128,0.025,1e-05,0.0,172.19,0.02793,0.02344,,0.7,1,,gat,1,
glue|roberta-base|cola_wide|BC|t21|s42|tune,glue,roberta-base,cola_wide,cola,BC,tune,21,42,mcc,curvature=4.0;gat_hidden_dim=256;gnn_input_clip=0.7;gnn_input_scale=1;graph_metric=cosine;hyp_gnn_type=gcn;hyperbolic_gnn=1;hyperbolic_readout=1;jk_mode=cat;learnable_curvature=1;lr=0.0002;num_layers=2;proj_dim=512;readout_clip=0.0;readout_scale=0;scorer_hidden=128;tau_quantile=0.38;weight_decay=5e-05,4.0,256,cosine,1,cat,1,0.0002,2,512,0.0,0,128,0.38,5e-05,49.28,180.86,0.37759,0.0,,0.7,1,,gcn,1,
glue|roberta-base|cola_wide|BC|t22|s42|tune,glue,roberta-base,cola_wide,cola,BC,tune,22,42,mcc,curvature=1.0;gat_hidden_dim=256;gnn_input_clip=0.0;gnn_input_scale=1;graph_metric=cosine;hyp_gnn_type=gat;hyperbolic_gnn=1;hyperbolic_readout=1;jk_mode=cat;learnable_curvature=1;lr=0.0002;num_layers=4;proj_dim=128;readout_clip=0.3;readout_scale=1;scorer_hidden=256;tau_quantile=0.2;weight_decay=5e-05,1.0,256,cosine,1,cat,1,0.0002,4,128,0.3,1,256,0.2,5e-05,0.0,206.06,0.19698,0.0,,0.0,1,,gat,1,
glue|roberta-base|cola_wide|BC|t23|s42|tune,glue,roberta-base,cola_wide,cola,BC,tune,23,42,mcc,curvature=4.0;gat_hidden_dim=256;gnn_input_clip=0.3;gnn_input_scale=0;graph_metric=cosine;hyp_gnn_type=gcn;hyperbolic_gnn=1;hyperbolic_readout=1;jk_mode=cat;learnable_curvature=1;lr=0.001;num_layers=4;proj_dim=256;readout_clip=0.3;readout_scale=1;scorer_hidden=128;tau_quantile=0.1;weight_decay=0.0,4.0,256,cosine,1,cat,1,0.001,4,256,0.3,1,128,0.1,0.0,48.59,197.02,0.10064,0.0,,0.3,0,,gcn,1,
glue|roberta-base|cola_wide|BC|t24|s42|tune,glue,roberta-base,cola_wide,cola,BC,tune,24,42,mcc,curvature=0.25;gat_hidden_dim=256;gnn_input_clip=1.0;gnn_input_scale=0;graph_metric=cosine;hyp_gnn_type=gat;hyperbolic_gnn=1;hyperbolic_readout=1;jk_mode=cat;learnable_curvature=0;lr=0.001;num_layers=4;proj_dim=512;readout_clip=0.3;readout_scale=1;scorer_hidden=128;tau_quantile=0.38;weight_decay=0.0,0.25,256,cosine,1,cat,0,0.001,4,512,0.3,1,128,0.38,0.0,52.31,172.03,0.37665,0.0,,1.0,0,,gat,1,
glue|roberta-base|cola_wide|BC|t25|s42|tune,glue,roberta-base,cola_wide,cola,BC,tune,25,42,mcc,curvature=0.25;gat_hidden_dim=128;gnn_input_clip=0.0;gnn_input_scale=1;graph_metric=cosine;hyp_gnn_type=gat;hyperbolic_gnn=1;hyperbolic_readout=1;jk_mode=cat;learnable_curvature=1;lr=2e-05;num_layers=4;proj_dim=512;readout_clip=1.0;readout_scale=1;scorer_hidden=128;tau_quantile=0.05;weight_decay=1e-05,0.25,128,cosine,1,cat,1,2e-05,4,512,1.0,1,128,0.05,1e-05,0.0,181.31,0.05079,0.00781,,0.0,1,,gat,1,
glue|roberta-base|cola_wide|BC|t26|s42|tune,glue,roberta-base,cola_wide,cola,BC,tune,26,42,mcc,curvature=4.0;gat_hidden_dim=128;gnn_input_clip=0.3;gnn_input_scale=0;graph_metric=cosine;hyp_gnn_type=gat;hyperbolic_gnn=1;hyperbolic_readout=1;jk_mode=cat;learnable_curvature=0;lr=0.001;num_layers=4;proj_dim=128;readout_clip=0.0;readout_scale=1;scorer_hidden=128;tau_quantile=0.025;weight_decay=0.0,4.0,128,cosine,1,cat,0,0.001,4,128,0.0,1,128,0.025,0.0,45.43,171.63,0.02791,0.01172,,0.3,0,,gat,1,
glue|roberta-base|cola_wide|BC|t27|s42|tune,glue,roberta-base,cola_wide,cola,BC,tune,27,42,mcc,curvature=0.25;gat_hidden_dim=64;gnn_input_clip=1.0;gnn_input_scale=1;graph_metric=cosine;hyp_gnn_type=gat;hyperbolic_gnn=1;hyperbolic_readout=1;jk_mode=cat;learnable_curvature=0;lr=2e-05;num_layers=2;proj_dim=512;readout_clip=1.0;readout_scale=1;scorer_hidden=256;tau_quantile=0.38;weight_decay=0.0,0.25,64,cosine,1,cat,0,2e-05,2,512,1.0,1,256,0.38,0.0,0.0,158.54,0.37638,0.0,,1.0,1,,gat,1,
glue|roberta-base|cola_wide|BC|t28|s42|tune,glue,roberta-base,cola_wide,cola,BC,tune,28,42,mcc,curvature=1.0;gat_hidden_dim=256;gnn_input_clip=0.7;gnn_input_scale=0;graph_metric=cosine;hyp_gnn_type=gat;hyperbolic_gnn=1;hyperbolic_readout=1;jk_mode=cat;learnable_curvature=0;lr=2e-05;num_layers=2;proj_dim=128;readout_clip=0.0;readout_scale=1;scorer_hidden=256;tau_quantile=0.38;weight_decay=5e-05,1.0,256,cosine,1,cat,0,2e-05,2,128,0.0,1,256,0.38,5e-05,0.0,158.47,0.3764,0.0,,0.7,0,,gat,1,
glue|roberta-base|cola_wide|BC|t29|s42|tune,glue,roberta-base,cola_wide,cola,BC,tune,29,42,mcc,curvature=4.0;gat_hidden_dim=256;gnn_input_clip=1.0;gnn_input_scale=1;graph_metric=cosine;hyp_gnn_type=gcn;hyperbolic_gnn=1;hyperbolic_readout=1;jk_mode=cat;learnable_curvature=0;lr=0.001;num_layers=4;proj_dim=256;readout_clip=1.0;readout_scale=0;scorer_hidden=128;tau_quantile=0.2;weight_decay=0.0,4.0,256,cosine,1,cat,0,0.001,4,256,1.0,0,128,0.2,0.0,51.64,177.65,0.19685,0.0,,1.0,1,,gcn,1,
glue|roberta-base|cola_wide|BC|t30|s42|tune,glue,roberta-base,cola_wide,cola,BC,tune,30,42,mcc,curvature=0.25;gat_hidden_dim=128;gnn_input_clip=1.0;gnn_input_scale=0;graph_metric=cosine;hyp_gnn_type=gat;hyperbolic_gnn=1;hyperbolic_readout=1;jk_mode=cat;learnable_curvature=0;lr=2e-05;num_layers=2;proj_dim=256;readout_clip=1.0;readout_scale=1;scorer_hidden=128;tau_quantile=0.025;weight_decay=5e-05,0.25,128,cosine,1,cat,0,2e-05,2,256,1.0,1,128,0.025,5e-05,13.16,158.26,0.02839,0.01172,,1.0,0,,gat,1,
glue|roberta-base|cola_wide|BC|t31|s42|tune,glue,roberta-base,cola_wide,cola,BC,tune,31,42,mcc,curvature=4.0;gat_hidden_dim=256;gnn_input_clip=1.0;gnn_input_scale=1;graph_metric=cosine;hyp_gnn_type=gat;hyperbolic_gnn=1;hyperbolic_readout=1;jk_mode=cat;learnable_curvature=0;lr=0.001;num_layers=2;proj_dim=512;readout_clip=0.0;readout_scale=0;scorer_hidden=256;tau_quantile=0.1;weight_decay=5e-05,4.0,256,cosine,1,cat,0,0.001,2,512,0.0,0,256,0.1,5e-05,50.38,158.17,0.10146,0.0,,1.0,1,,gat,1,
glue|roberta-base|cola_wide|BC|t32|s42|tune,glue,roberta-base,cola_wide,cola,BC,tune,32,42,mcc,curvature=4.0;gat_hidden_dim=256;gnn_input_clip=0.3;gnn_input_scale=0;graph_metric=cosine;hyp_gnn_type=gcn;hyperbolic_gnn=1;hyperbolic_readout=1;jk_mode=max;learnable_curvature=0;lr=0.001;num_layers=4;proj_dim=256;readout_clip=0.3;readout_scale=0;scorer_hidden=256;tau_quantile=0.38;weight_decay=0.0,4.0,256,cosine,1,max,0,0.001,4,256,0.3,0,256,0.38,0.0,52.8,180.57,0.37723,0.0,,0.3,0,,gcn,1,
glue|roberta-base|cola_wide|BC|t33|s42|tune,glue,roberta-base,cola_wide,cola,BC,tune,33,42,mcc,curvature=1.0;gat_hidden_dim=128;gnn_input_clip=0.0;gnn_input_scale=1;graph_metric=cosine;hyp_gnn_type=gat;hyperbolic_gnn=1;hyperbolic_readout=1;jk_mode=cat;learnable_curvature=0;lr=0.0002;num_layers=2;proj_dim=256;readout_clip=0.3;readout_scale=0;scorer_hidden=256;tau_quantile=0.38;weight_decay=5e-05,1.0,128,cosine,1,cat,0,0.0002,2,256,0.3,0,256,0.38,5e-05,0.0,161.31,0.37616,0.0,,0.0,1,,gat,1,
glue|roberta-base|cola_wide|BC|t34|s42|tune,glue,roberta-base,cola_wide,cola,BC,tune,34,42,mcc,curvature=1.0;gat_hidden_dim=64;gnn_input_clip=0.7;gnn_input_scale=0;graph_metric=cosine;hyp_gnn_type=gat;hyperbolic_gnn=1;hyperbolic_readout=1;jk_mode=max;learnable_curvature=0;lr=0.001;num_layers=2;proj_dim=512;readout_clip=0.3;readout_scale=1;scorer_hidden=256;tau_quantile=0.2;weight_decay=0.0,1.0,64,cosine,1,max,0,0.001,2,512,0.3,1,256,0.2,0.0,54.7,158.02,0.19654,0.0,,0.7,0,,gat,1,
glue|roberta-base|cola_wide|BC|t35|s42|tune,glue,roberta-base,cola_wide,cola,BC,tune,35,42,mcc,curvature=4.0;gat_hidden_dim=64;gnn_input_clip=0.3;gnn_input_scale=0;graph_metric=cosine;hyp_gnn_type=gcn;hyperbolic_gnn=1;hyperbolic_readout=1;jk_mode=max;learnable_curvature=1;lr=0.0002;num_layers=4;proj_dim=512;readout_clip=0.3;readout_scale=0;scorer_hidden=128;tau_quantile=0.1;weight_decay=5e-05,4.0,64,cosine,1,max,1,0.0002,4,512,0.3,0,128,0.1,5e-05,0.0,187.35,0.10159,0.0,,0.3,0,,gcn,1,
glue|roberta-base|cola_wide|BC|t36|s42|tune,glue,roberta-base,cola_wide,cola,BC,tune,36,42,mcc,curvature=4.0;gat_hidden_dim=128;gnn_input_clip=0.7;gnn_input_scale=1;graph_metric=cosine;hyp_gnn_type=gat;hyperbolic_gnn=1;hyperbolic_readout=1;jk_mode=max;learnable_curvature=0;lr=0.001;num_layers=2;proj_dim=256;readout_clip=0.0;readout_scale=0;scorer_hidden=128;tau_quantile=0.05;weight_decay=0.0,4.0,128,cosine,1,max,0,0.001,2,256,0.0,0,128,0.05,0.0,53.12,157.11,0.05159,0.00391,,0.7,1,,gat,1,
glue|roberta-base|cola_wide|BC|t37|s42|tune,glue,roberta-base,cola_wide,cola,BC,tune,37,42,mcc,curvature=0.25;gat_hidden_dim=64;gnn_input_clip=0.3;gnn_input_scale=0;graph_metric=cosine;hyp_gnn_type=gat;hyperbolic_gnn=1;hyperbolic_readout=1;jk_mode=max;learnable_curvature=0;lr=0.001;num_layers=2;proj_dim=256;readout_clip=0.0;readout_scale=1;scorer_hidden=256;tau_quantile=0.1;weight_decay=5e-05,0.25,64,cosine,1,max,0,0.001,2,256,0.0,1,256,0.1,5e-05,46.73,157.14,0.1016,0.0,,0.3,0,,gat,1,
glue|roberta-base|cola_wide|BC|t38|s42|tune,glue,roberta-base,cola_wide,cola,BC,tune,38,42,mcc,curvature=1.0;gat_hidden_dim=256;gnn_input_clip=0.7;gnn_input_scale=1;graph_metric=cosine;hyp_gnn_type=gat;hyperbolic_gnn=1;hyperbolic_readout=1;jk_mode=max;learnable_curvature=0;lr=0.0002;num_layers=4;proj_dim=256;readout_clip=0.0;readout_scale=0;scorer_hidden=256;tau_quantile=0.025;weight_decay=5e-05,1.0,256,cosine,1,max,0,0.0002,4,256,0.0,0,256,0.025,5e-05,54.22,172.08,0.02764,0.01562,,0.7,1,,gat,1,
glue|roberta-base|cola_wide|BC|t39|s42|tune,glue,roberta-base,cola_wide,cola,BC,tune,39,42,mcc,curvature=4.0;gat_hidden_dim=64;gnn_input_clip=0.0;gnn_input_scale=1;graph_metric=cosine;hyp_gnn_type=gat;hyperbolic_gnn=1;hyperbolic_readout=1;jk_mode=max;learnable_curvature=1;lr=0.001;num_layers=4;proj_dim=128;readout_clip=0.7;readout_scale=0;scorer_hidden=128;tau_quantile=0.1;weight_decay=5e-05,4.0,64,cosine,1,max,1,0.001,4,128,0.7,0,128,0.1,5e-05,50.94,178.96,0.10094,0.0,,0.0,1,,gat,1,
glue|roberta-base|cola_wide|BC|t34|s1|confirm,glue,roberta-base,cola_wide,cola,BC,confirm,34,1,mcc,curvature=1.0;gat_hidden_dim=64;gnn_input_clip=0.7;gnn_input_scale=0;graph_metric=cosine;hyp_gnn_type=gat;hyperbolic_gnn=1;hyperbolic_readout=1;jk_mode=max;learnable_curvature=0;lr=0.001;num_layers=2;proj_dim=512;readout_clip=0.3;readout_scale=1;scorer_hidden=256;tau_quantile=0.2;weight_decay=0.0,1.0,64,cosine,1,max,0,0.001,2,512,0.3,1,256,0.2,0.0,54.74,159.95,0.1969,0.0,,0.7,0,,gat,1,
glue|roberta-base|cola_wide|BC|t34|s2|confirm,glue,roberta-base,cola_wide,cola,BC,confirm,34,2,mcc,curvature=1.0;gat_hidden_dim=64;gnn_input_clip=0.7;gnn_input_scale=0;graph_metric=cosine;hyp_gnn_type=gat;hyperbolic_gnn=1;hyperbolic_readout=1;jk_mode=max;learnable_curvature=0;lr=0.001;num_layers=2;proj_dim=512;readout_clip=0.3;readout_scale=1;scorer_hidden=256;tau_quantile=0.2;weight_decay=0.0,1.0,64,cosine,1,max,0,0.001,2,512,0.3,1,256,0.2,0.0,52.85,158.56,0.19692,0.0,,0.7,0,,gat,1,
glue|roberta-base|cola_wide|BC|t34|s3|confirm,glue,roberta-base,cola_wide,cola,BC,confirm,34,3,mcc,curvature=1.0;gat_hidden_dim=64;gnn_input_clip=0.7;gnn_input_scale=0;graph_metric=cosine;hyp_gnn_type=gat;hyperbolic_gnn=1;hyperbolic_readout=1;jk_mode=max;learnable_curvature=0;lr=0.001;num_layers=2;proj_dim=512;readout_clip=0.3;readout_scale=1;scorer_hidden=256;tau_quantile=0.2;weight_decay=0.0,1.0,64,cosine,1,max,0,0.001,2,512,0.3,1,256,0.2,0.0,51.18,159.08,0.19681,0.0,,0.7,0,,gat,1,
glue|roberta-base|cola_wide|BC|t34|s4|confirm,glue,roberta-base,cola_wide,cola,BC,confirm,34,4,mcc,curvature=1.0;gat_hidden_dim=64;gnn_input_clip=0.7;gnn_input_scale=0;graph_metric=cosine;hyp_gnn_type=gat;hyperbolic_gnn=1;hyperbolic_readout=1;jk_mode=max;learnable_curvature=0;lr=0.001;num_layers=2;proj_dim=512;readout_clip=0.3;readout_scale=1;scorer_hidden=256;tau_quantile=0.2;weight_decay=0.0,1.0,64,cosine,1,max,0,0.001,2,512,0.3,1,256,0.2,0.0,53.6,157.93,0.19673,0.0,,0.7,0,,gat,1,
glue|roberta-base|cola_wide|BC|t34|s5|confirm,glue,roberta-base,cola_wide,cola,BC,confirm,34,5,mcc,curvature=1.0;gat_hidden_dim=64;gnn_input_clip=0.7;gnn_input_scale=0;graph_metric=cosine;hyp_gnn_type=gat;hyperbolic_gnn=1;hyperbolic_readout=1;jk_mode=max;learnable_curvature=0;lr=0.001;num_layers=2;proj_dim=512;readout_clip=0.3;readout_scale=1;scorer_hidden=256;tau_quantile=0.2;weight_decay=0.0,1.0,64,cosine,1,max,0,0.001,2,512,0.3,1,256,0.2,0.0,51.17,156.73,0.19658,0.0,,0.7,0,,gat,1,
glue|roberta-base|cola_wide|BC|t34|s6|confirm,glue,roberta-base,cola_wide,cola,BC,confirm,34,6,mcc,curvature=1.0;gat_hidden_dim=64;gnn_input_clip=0.7;gnn_input_scale=0;graph_metric=cosine;hyp_gnn_type=gat;hyperbolic_gnn=1;hyperbolic_readout=1;jk_mode=max;learnable_curvature=0;lr=0.001;num_layers=2;proj_dim=512;readout_clip=0.3;readout_scale=1;scorer_hidden=256;tau_quantile=0.2;weight_decay=0.0,1.0,64,cosine,1,max,0,0.001,2,512,0.3,1,256,0.2,0.0,55.11,158.36,0.19714,0.0,,0.7,0,,gat,1,
glue|roberta-base|cola_wide|BC|t34|s7|confirm,glue,roberta-base,cola_wide,cola,BC,confirm,34,7,mcc,curvature=1.0;gat_hidden_dim=64;gnn_input_clip=0.7;gnn_input_scale=0;graph_metric=cosine;hyp_gnn_type=gat;hyperbolic_gnn=1;hyperbolic_readout=1;jk_mode=max;learnable_curvature=0;lr=0.001;num_layers=2;proj_dim=512;readout_clip=0.3;readout_scale=1;scorer_hidden=256;tau_quantile=0.2;weight_decay=0.0,1.0,64,cosine,1,max,0,0.001,2,512,0.3,1,256,0.2,0.0,53.82,159.42,0.19654,0.0,,0.7,0,,gat,1,
glue|roberta-base|cola_wide|BC|t34|s8|confirm,glue,roberta-base,cola_wide,cola,BC,confirm,34,8,mcc,curvature=1.0;gat_hidden_dim=64;gnn_input_clip=0.7;gnn_input_scale=0;graph_metric=cosine;hyp_gnn_type=gat;hyperbolic_gnn=1;hyperbolic_readout=1;jk_mode=max;learnable_curvature=0;lr=0.001;num_layers=2;proj_dim=512;readout_clip=0.3;readout_scale=1;scorer_hidden=256;tau_quantile=0.2;weight_decay=0.0,1.0,64,cosine,1,max,0,0.001,2,512,0.3,1,256,0.2,0.0,50.84,159.94,0.19666,0.0,,0.7,0,,gat,1,
glue|roberta-base|cola_wide|BC|t34|s9|confirm,glue,roberta-base,cola_wide,cola,BC,confirm,34,9,mcc,curvature=1.0;gat_hidden_dim=64;gnn_input_clip=0.7;gnn_input_scale=0;graph_metric=cosine;hyp_gnn_type=gat;hyperbolic_gnn=1;hyperbolic_readout=1;jk_mode=max;learnable_curvature=0;lr=0.001;num_layers=2;proj_dim=512;readout_clip=0.3;readout_scale=1;scorer_hidden=256;tau_quantile=0.2;weight_decay=0.0,1.0,64,cosine,1,max,0,0.001,2,512,0.3,1,256,0.2,0.0,51.79,160.44,0.19686,0.0,,0.7,0,,gat,1,
glue|roberta-base|cola_wide|BC|t34|s10|confirm,glue,roberta-base,cola_wide,cola,BC,confirm,34,10,mcc,curvature=1.0;gat_hidden_dim=64;gnn_input_clip=0.7;gnn_input_scale=0;graph_metric=cosine;hyp_gnn_type=gat;hyperbolic_gnn=1;hyperbolic_readout=1;jk_mode=max;learnable_curvature=0;lr=0.001;num_layers=2;proj_dim=512;readout_clip=0.3;readout_scale=1;scorer_hidden=256;tau_quantile=0.2;weight_decay=0.0,1.0,64,cosine,1,max,0,0.001,2,512,0.3,1,256,0.2,0.0,53.34,159.69,0.19701,0.0,,0.7,0,,gat,1,
glue|roberta-base|cola_wide|BC|t34|s11|confirm,glue,roberta-base,cola_wide,cola,BC,confirm,34,11,mcc,curvature=1.0;gat_hidden_dim=64;gnn_input_clip=0.7;gnn_input_scale=0;graph_metric=cosine;hyp_gnn_type=gat;hyperbolic_gnn=1;hyperbolic_readout=1;jk_mode=max;learnable_curvature=0;lr=0.001;num_layers=2;proj_dim=512;readout_clip=0.3;readout_scale=1;scorer_hidden=256;tau_quantile=0.2;weight_decay=0.0,1.0,64,cosine,1,max,0,0.001,2,512,0.3,1,256,0.2,0.0,49.67,160.49,0.19696,0.0,,0.7,0,,gat,1,
glue|roberta-base|cola_wide|BC|t34|s12|confirm,glue,roberta-base,cola_wide,cola,BC,confirm,34,12,mcc,curvature=1.0;gat_hidden_dim=64;gnn_input_clip=0.7;gnn_input_scale=0;graph_metric=cosine;hyp_gnn_type=gat;hyperbolic_gnn=1;hyperbolic_readout=1;jk_mode=max;learnable_curvature=0;lr=0.001;num_layers=2;proj_dim=512;readout_clip=0.3;readout_scale=1;scorer_hidden=256;tau_quantile=0.2;weight_decay=0.0,1.0,64,cosine,1,max,0,0.001,2,512,0.3,1,256,0.2,0.0,51.72,161.94,0.19716,0.0,,0.7,0,,gat,1,
glue|roberta-base|cola_wide|BC|t34|s13|confirm,glue,roberta-base,cola_wide,cola,BC,confirm,34,13,mcc,curvature=1.0;gat_hidden_dim=64;gnn_input_clip=0.7;gnn_input_scale=0;graph_metric=cosine;hyp_gnn_type=gat;hyperbolic_gnn=1;hyperbolic_readout=1;jk_mode=max;learnable_curvature=0;lr=0.001;num_layers=2;proj_dim=512;readout_clip=0.3;readout_scale=1;scorer_hidden=256;tau_quantile=0.2;weight_decay=0.0,1.0,64,cosine,1,max,0,0.001,2,512,0.3,1,256,0.2,0.0,53.3,161.48,0.19663,0.0,,0.7,0,,gat,1,
glue|roberta-base|cola_wide|BC|t34|s14|confirm,glue,roberta-base,cola_wide,cola,BC,confirm,34,14,mcc,curvature=1.0;gat_hidden_dim=64;gnn_input_clip=0.7;gnn_input_scale=0;graph_metric=cosine;hyp_gnn_type=gat;hyperbolic_gnn=1;hyperbolic_readout=1;jk_mode=max;learnable_curvature=0;lr=0.001;num_layers=2;proj_dim=512;readout_clip=0.3;readout_scale=1;scorer_hidden=256;tau_quantile=0.2;weight_decay=0.0,1.0,64,cosine,1,max,0,0.001,2,512,0.3,1,256,0.2,0.0,51.9,160.87,0.197,0.0,,0.7,0,,gat,1,
glue|roberta-base|cola_wide|BC|t34|s15|confirm,glue,roberta-base,cola_wide,cola,BC,confirm,34,15,mcc,curvature=1.0;gat_hidden_dim=64;gnn_input_clip=0.7;gnn_input_scale=0;graph_metric=cosine;hyp_gnn_type=gat;hyperbolic_gnn=1;hyperbolic_readout=1;jk_mode=max;learnable_curvature=0;lr=0.001;num_layers=2;proj_dim=512;readout_clip=0.3;readout_scale=1;scorer_hidden=256;tau_quantile=0.2;weight_decay=0.0,1.0,64,cosine,1,max,0,0.001,2,512,0.3,1,256,0.2,0.0,51.57,160.48,0.19709,0.0,,0.7,0,,gat,1,
glue|roberta-base|cola_wide|C|t21|s1|confirm,glue,roberta-base,cola_wide,cola,C,confirm,21,1,mcc,curvature=4.0;gat_hidden_dim=256;gnn_input_clip=0.0;gnn_input_scale=0;graph_metric=cosine;hyp_gnn_type=gat;hyperbolic_gnn=1;jk_mode=max;lr=0.001;num_layers=2;proj_dim=256;scorer_hidden=128;tau_quantile=0.025;weight_decay=1e-05,4.0,256,cosine,,max,,0.001,2,256,,,128,0.025,1e-05,55.48,165.06,0.02792,0.01953,,0.0,0,,gat,1,
glue|roberta-base|cola_wide|C|t21|s2|confirm,glue,roberta-base,cola_wide,cola,C,confirm,21,2,mcc,curvature=4.0;gat_hidden_dim=256;gnn_input_clip=0.0;gnn_input_scale=0;graph_metric=cosine;hyp_gnn_type=gat;hyperbolic_gnn=1;jk_mode=max;lr=0.001;num_layers=2;proj_dim=256;scorer_hidden=128;tau_quantile=0.025;weight_decay=1e-05,4.0,256,cosine,,max,,0.001,2,256,,,128,0.025,1e-05,58.17,164.81,0.02868,0.00781,,0.0,0,,gat,1,
glue|roberta-base|cola_wide|C|t21|s3|confirm,glue,roberta-base,cola_wide,cola,C,confirm,21,3,mcc,curvature=4.0;gat_hidden_dim=256;gnn_input_clip=0.0;gnn_input_scale=0;graph_metric=cosine;hyp_gnn_type=gat;hyperbolic_gnn=1;jk_mode=max;lr=0.001;num_layers=2;proj_dim=256;scorer_hidden=128;tau_quantile=0.025;weight_decay=1e-05,4.0,256,cosine,,max,,0.001,2,256,,,128,0.025,1e-05,53.8,180.16,0.02785,0.01562,,0.0,0,,gat,1,
glue|roberta-base|cola_wide|C|t21|s4|confirm,glue,roberta-base,cola_wide,cola,C,confirm,21,4,mcc,curvature=4.0;gat_hidden_dim=256;gnn_input_clip=0.0;gnn_input_scale=0;graph_metric=cosine;hyp_gnn_type=gat;hyperbolic_gnn=1;jk_mode=max;lr=0.001;num_layers=2;proj_dim=256;scorer_hidden=128;tau_quantile=0.025;weight_decay=1e-05,4.0,256,cosine,,max,,0.001,2,256,,,128,0.025,1e-05,56.01,199.98,0.02765,0.03906,,0.0,0,,gat,1,
glue|roberta-base|cola_wide|C|t21|s5|confirm,glue,roberta-base,cola_wide,cola,C,confirm,21,5,mcc,curvature=4.0;gat_hidden_dim=256;gnn_input_clip=0.0;gnn_input_scale=0;graph_metric=cosine;hyp_gnn_type=gat;hyperbolic_gnn=1;jk_mode=max;lr=0.001;num_layers=2;proj_dim=256;scorer_hidden=128;tau_quantile=0.025;weight_decay=1e-05,4.0,256,cosine,,max,,0.001,2,256,,,128,0.025,1e-05,52.51,163.49,0.02881,0.00781,,0.0,0,,gat,1,
glue|roberta-base|cola_wide|C|t21|s6|confirm,glue,roberta-base,cola_wide,cola,C,confirm,21,6,mcc,curvature=4.0;gat_hidden_dim=256;gnn_input_clip=0.0;gnn_input_scale=0;graph_metric=cosine;hyp_gnn_type=gat;hyperbolic_gnn=1;jk_mode=max;lr=0.001;num_layers=2;proj_dim=256;scorer_hidden=128;tau_quantile=0.025;weight_decay=1e-05,4.0,256,cosine,,max,,0.001,2,256,,,128,0.025,1e-05,55.08,154.29,0.02818,0.01562,,0.0,0,,gat,1,
glue|roberta-base|cola_wide|C|t21|s7|confirm,glue,roberta-base,cola_wide,cola,C,confirm,21,7,mcc,curvature=4.0;gat_hidden_dim=256;gnn_input_clip=0.0;gnn_input_scale=0;graph_metric=cosine;hyp_gnn_type=gat;hyperbolic_gnn=1;jk_mode=max;lr=0.001;num_layers=2;proj_dim=256;scorer_hidden=128;tau_quantile=0.025;weight_decay=1e-05,4.0,256,cosine,,max,,0.001,2,256,,,128,0.025,1e-05,54.91,154.21,0.02855,0.01172,,0.0,0,,gat,1,
glue|roberta-base|cola_wide|C|t21|s8|confirm,glue,roberta-base,cola_wide,cola,C,confirm,21,8,mcc,curvature=4.0;gat_hidden_dim=256;gnn_input_clip=0.0;gnn_input_scale=0;graph_metric=cosine;hyp_gnn_type=gat;hyperbolic_gnn=1;jk_mode=max;lr=0.001;num_layers=2;proj_dim=256;scorer_hidden=128;tau_quantile=0.025;weight_decay=1e-05,4.0,256,cosine,,max,,0.001,2,256,,,128,0.025,1e-05,55.0,153.55,0.02832,0.01172,,0.0,0,,gat,1,
glue|roberta-base|cola_wide|C|t21|s9|confirm,glue,roberta-base,cola_wide,cola,C,confirm,21,9,mcc,curvature=4.0;gat_hidden_dim=256;gnn_input_clip=0.0;gnn_input_scale=0;graph_metric=cosine;hyp_gnn_type=gat;hyperbolic_gnn=1;jk_mode=max;lr=0.001;num_layers=2;proj_dim=256;scorer_hidden=128;tau_quantile=0.025;weight_decay=1e-05,4.0,256,cosine,,max,,0.001,2,256,,,128,0.025,1e-05,55.67,153.62,0.02776,0.01562,,0.0,0,,gat,1,
glue|roberta-base|cola_wide|C|t21|s10|confirm,glue,roberta-base,cola_wide,cola,C,confirm,21,10,mcc,curvature=4.0;gat_hidden_dim=256;gnn_input_clip=0.0;gnn_input_scale=0;graph_metric=cosine;hyp_gnn_type=gat;hyperbolic_gnn=1;jk_mode=max;lr=0.001;num_layers=2;proj_dim=256;scorer_hidden=128;tau_quantile=0.025;weight_decay=1e-05,4.0,256,cosine,,max,,0.001,2,256,,,128,0.025,1e-05,53.78,154.54,0.02793,0.01172,,0.0,0,,gat,1,
glue|roberta-base|cola_wide|C|t21|s11|confirm,glue,roberta-base,cola_wide,cola,C,confirm,21,11,mcc,curvature=4.0;gat_hidden_dim=256;gnn_input_clip=0.0;gnn_input_scale=0;graph_metric=cosine;hyp_gnn_type=gat;hyperbolic_gnn=1;jk_mode=max;lr=0.001;num_layers=2;proj_dim=256;scorer_hidden=128;tau_quantile=0.025;weight_decay=1e-05,4.0,256,cosine,,max,,0.001,2,256,,,128,0.025,1e-05,56.48,153.96,0.02831,0.01172,,0.0,0,,gat,1,
glue|roberta-base|cola_wide|C|t21|s12|confirm,glue,roberta-base,cola_wide,cola,C,confirm,21,12,mcc,curvature=4.0;gat_hidden_dim=256;gnn_input_clip=0.0;gnn_input_scale=0;graph_metric=cosine;hyp_gnn_type=gat;hyperbolic_gnn=1;jk_mode=max;lr=0.001;num_layers=2;proj_dim=256;scorer_hidden=128;tau_quantile=0.025;weight_decay=1e-05,4.0,256,cosine,,max,,0.001,2,256,,,128,0.025,1e-05,53.97,154.46,0.02816,0.02344,,0.0,0,,gat,1,
glue|roberta-base|cola_wide|C|t21|s13|confirm,glue,roberta-base,cola_wide,cola,C,confirm,21,13,mcc,curvature=4.0;gat_hidden_dim=256;gnn_input_clip=0.0;gnn_input_scale=0;graph_metric=cosine;hyp_gnn_type=gat;hyperbolic_gnn=1;jk_mode=max;lr=0.001;num_layers=2;proj_dim=256;scorer_hidden=128;tau_quantile=0.025;weight_decay=1e-05,4.0,256,cosine,,max,,0.001,2,256,,,128,0.025,1e-05,56.48,153.6,0.02792,0.01172,,0.0,0,,gat,1,
glue|roberta-base|cola_wide|C|t21|s14|confirm,glue,roberta-base,cola_wide,cola,C,confirm,21,14,mcc,curvature=4.0;gat_hidden_dim=256;gnn_input_clip=0.0;gnn_input_scale=0;graph_metric=cosine;hyp_gnn_type=gat;hyperbolic_gnn=1;jk_mode=max;lr=0.001;num_layers=2;proj_dim=256;scorer_hidden=128;tau_quantile=0.025;weight_decay=1e-05,4.0,256,cosine,,max,,0.001,2,256,,,128,0.025,1e-05,56.2,154.57,0.02831,0.01172,,0.0,0,,gat,1,
glue|roberta-base|cola_wide|C|t21|s15|confirm,glue,roberta-base,cola_wide,cola,C,confirm,21,15,mcc,curvature=4.0;gat_hidden_dim=256;gnn_input_clip=0.0;gnn_input_scale=0;graph_metric=cosine;hyp_gnn_type=gat;hyperbolic_gnn=1;jk_mode=max;lr=0.001;num_layers=2;proj_dim=256;scorer_hidden=128;tau_quantile=0.025;weight_decay=1e-05,4.0,256,cosine,,max,,0.001,2,256,,,128,0.025,1e-05,55.14,152.82,0.02837,0.01562,,0.0,0,,gat,1,
glue|roberta-base|cola_wide|AB|t0|s42|tune,glue,roberta-base,cola_wide,cola,AB,tune,0,42,mcc,curvature=0.25;feature_mode=unit;gat_hidden_dim=128;graph_curvature=2.25;graph_metric=poincare;hyperbolic_readout=1;jk_mode=cat;learnable_curvature=0;lr=0.001;num_layers=4;proj_dim=256;readout_clip=1.0;readout_scale=1;rho_quantile=0.38;scorer_hidden=256;weight_decay=5e-05,0.25,128,poincare,1,cat,0,0.001,4,256,1.0,1,256,,5e-05,55.17,193.61,0.37488,0.0,unit,,,2.25,,,0.38
glue|roberta-base|cola_wide|AB|t1|s42|tune,glue,roberta-base,cola_wide,cola,AB,tune,1,42,mcc,curvature=4.0;feature_mode=center_unit;gat_hidden_dim=128;graph_curvature=0.25;graph_metric=poincare;hyperbolic_readout=1;jk_mode=max;learnable_curvature=1;lr=0.0002;num_layers=4;proj_dim=512;readout_clip=0.7;readout_scale=1;rho_quantile=0.38;scorer_hidden=256;weight_decay=0.0,4.0,128,poincare,1,max,1,0.0002,4,512,0.7,1,256,,0.0,52.5,178.09,0.37415,0.0,center_unit,,,0.25,,,0.38
glue|roberta-base|cola_wide|AB|t2|s42|tune,glue,roberta-base,cola_wide,cola,AB,tune,2,42,mcc,curvature=0.25;feature_mode=cls_root_unit;gat_hidden_dim=128;graph_curvature=9.0;graph_metric=poincare;hyperbolic_readout=1;jk_mode=cat;learnable_curvature=0;lr=0.0002;num_layers=2;proj_dim=512;readout_clip=0.3;readout_scale=0;rho_quantile=0.1;scorer_hidden=256;weight_decay=5e-05,0.25,128,poincare,1,cat,0,0.0002,2,512,0.3,0,256,,5e-05,21.58,174.85,0.08367,0.0,cls_root_unit,,,9.0,,,0.1
glue|roberta-base|cola_wide|AB|t3|s42|tune,glue,roberta-base,cola_wide,cola,AB,tune,3,42,mcc,curvature=4.0;feature_mode=unit;gat_hidden_dim=128;graph_curvature=2.25;graph_metric=poincare;hyperbolic_readout=1;jk_mode=cat;learnable_curvature=0;lr=0.0002;num_layers=2;proj_dim=128;readout_clip=1.0;readout_scale=0;rho_quantile=0.2;scorer_hidden=256;weight_decay=0.0,4.0,128,poincare,1,cat,0,0.0002,2,128,1.0,0,256,,0.0,27.07,173.94,0.19537,0.0,unit,,,2.25,,,0.2
glue|roberta-base|cola_wide|AB|t4|s42|tune,glue,roberta-base,cola_wide,cola,AB,tune,4,42,mcc,curvature=0.25;feature_mode=unit;gat_hidden_dim=128;graph_curvature=2.25;graph_metric=poincare;hyperbolic_readout=1;jk_mode=cat;learnable_curvature=0;lr=2e-05;num_layers=4;proj_dim=512;readout_clip=0.7;readout_scale=1;rho_quantile=0.1;scorer_hidden=128;weight_decay=5e-05,0.25,128,poincare,1,cat,0,2e-05,4,512,0.7,1,128,,5e-05,0.0,176.58,0.09899,0.0,unit,,,2.25,,,0.1
glue|roberta-base|cola_wide|AB|t5|s42|tune,glue,roberta-base,cola_wide,cola,AB,tune,5,42,mcc,curvature=4.0;feature_mode=center;gat_hidden_dim=64;graph_curvature=1.0;graph_metric=poincare;hyperbolic_readout=1;jk_mode=cat;learnable_curvature=1;lr=0.001;num_layers=4;proj_dim=256;readout_clip=1.0;readout_scale=0;rho_quantile=0.1;scorer_hidden=128;weight_decay=1e-05,4.0,64,poincare,1,cat,1,0.001,4,256,1.0,0,128,,1e-05,53.13,177.97,0.09836,0.0,center,,,1.0,,,0.1
glue|roberta-base|cola_wide|AB|t6|s42|tune,glue,roberta-base,cola_wide,cola,AB,tune,6,42,mcc,curvature=4.0;feature_mode=cls_root_unit;gat_hidden_dim=256;graph_curvature=9.0;graph_metric=poincare;hyperbolic_readout=1;jk_mode=max;learnable_curvature=1;lr=0.0002;num_layers=4;proj_dim=512;readout_clip=0.7;readout_scale=1;rho_quantile=0.2;scorer_hidden=256;weight_decay=1e-05,4.0,256,poincare,1,max,1,0.0002,4,512,0.7,1,256,,1e-05,52.59,178.26,0.18024,0.0,cls_root_unit,,,9.0,,,0.2
glue|roberta-base|cola_wide|AB|t7|s42|tune,glue,roberta-base,cola_wide,cola,AB,tune,7,42,mcc,curvature=4.0;feature_mode=cls_root_unit;gat_hidden_dim=128;graph_curvature=4.0;graph_metric=poincare;hyperbolic_readout=1;jk_mode=cat;learnable_curvature=1;lr=0.0002;num_layers=2;proj_dim=256;readout_clip=0.3;readout_scale=0;rho_quantile=0.38;scorer_hidden=256;weight_decay=1e-05,4.0,128,poincare,1,cat,1,0.0002,2,256,0.3,0,256,,1e-05,0.0,175.84,0.37346,0.0,cls_root_unit,,,4.0,,,0.38
glue|roberta-base|cola_wide|AB|t8|s42|tune,glue,roberta-base,cola_wide,cola,AB,tune,8,42,mcc,curvature=0.25;feature_mode=unit;gat_hidden_dim=64;graph_curvature=2.25;graph_metric=poincare;hyperbolic_readout=1;jk_mode=cat;learnable_curvature=1;lr=2e-05;num_layers=4;proj_dim=128;readout_clip=0.0;readout_scale=0;rho_quantile=0.025;scorer_hidden=128;weight_decay=1e-05,0.25,64,poincare,1,cat,1,2e-05,4,128,0.0,0,128,,1e-05,0.0,174.85,0.02594,0.06641,unit,,,2.25,,,0.025
glue|roberta-base|cola_wide|AB|t9|s42|tune,glue,roberta-base,cola_wide,cola,AB,tune,9,42,mcc,curvature=1.0;feature_mode=center;gat_hidden_dim=256;graph_curvature=9.0;graph_metric=poincare;hyperbolic_readout=1;jk_mode=max;learnable_curvature=1;lr=2e-05;num_layers=2;proj_dim=512;readout_clip=1.0;readout_scale=1;rho_quantile=0.38;scorer_hidden=256;weight_decay=0.0,1.0,256,poincare,1,max,1,2e-05,2,512,1.0,1,256,,0.0,0.0,174.35,0.37265,0.0,center,,,9.0,,,0.38
glue|roberta-base|cola_wide|AB|t10|s42|tune,glue,roberta-base,cola_wide,cola,AB,tune,10,42,mcc,curvature=1.0;feature_mode=unit;gat_hidden_dim=64;graph_curvature=2.25;graph_metric=poincare;hyperbolic_readout=1;jk_mode=max;learnable_curvature=0;lr=0.0002;num_layers=4;proj_dim=128;readout_clip=1.0;readout_scale=1;rho_quantile=0.025;scorer_hidden=256;weight_decay=1e-05,1.0,64,poincare,1,max,0,0.0002,4,128,1.0,1,256,,1e-05,51.36,174.36,0.02607,0.05078,unit,,,2.25,,,0.025
glue|roberta-base|cola_wide|AB|t11|s42|tune,glue,roberta-base,cola_wide,cola,AB,tune,11,42,mcc,curvature=4.0;feature_mode=center;gat_hidden_dim=128;graph_curvature=2.25;graph_metric=poincare;hyperbolic_readout=1;jk_mode=max;learnable_curvature=1;lr=2e-05;num_layers=4;proj_dim=128;readout_clip=1.0;readout_scale=0;rho_quantile=0.2;scorer_hidden=128;weight_decay=5e-05,4.0,128,poincare,1,max,1,2e-05,4,128,1.0,0,128,,5e-05,0.0,178.47,0.19442,0.0,center,,,2.25,,,0.2
glue|roberta-base|cola_wide|AB|t12|s42|tune,glue,roberta-base,cola_wide,cola,AB,tune,12,42,mcc,curvature=4.0;feature_mode=unit;gat_hidden_dim=128;graph_curvature=9.0;graph_metric=poincare;hyperbolic_readout=1;jk_mode=cat;learnable_curvature=0;lr=0.0002;num_layers=4;proj_dim=128;readout_clip=0.7;readout_scale=1;rho_quantile=0.025;scorer_hidden=256;weight_decay=5e-05,4.0,128,poincare,1,cat,0,0.0002,4,128,0.7,1,256,,5e-05,51.85,173.87,0.02615,0.05078,unit,,,9.0,,,0.025
glue|roberta-base|cola_wide|AB|t13|s42|tune,glue,roberta-base,cola_wide,cola,AB,tune,13,42,mcc,curvature=0.25;feature_mode=center;gat_hidden_dim=128;graph_curvature=9.0;graph_metric=poincare;hyperbolic_readout=1;jk_mode=cat;learnable_curvature=1;lr=0.001;num_layers=2;proj_dim=256;readout_clip=0.7;readout_scale=1;rho_quantile=0.38;scorer_hidden=256;weight_decay=5e-05,0.25,128,poincare,1,cat,1,0.001,2,256,0.7,1,256,,5e-05,55.78,171.83,0.37331,0.0,center,,,9.0,,,0.38
glue|roberta-base|cola_wide|AB|t14|s42|tune,glue,roberta-base,cola_wide,cola,AB,tune,14,42,mcc,curvature=0.25;feature_mode=unit;gat_hidden_dim=64;graph_curvature=0.25;graph_metric=poincare;hyperbolic_readout=1;jk_mode=cat;learnable_curvature=1;lr=2e-05;num_layers=4;proj_dim=128;readout_clip=0.7;readout_scale=1;rho_quantile=0.025;scorer_hidden=256;weight_decay=5e-05,0.25,64,poincare,1,cat,1,2e-05,4,128,0.7,1,256,,5e-05,0.0,174.07,0.02594,0.06641,unit,,,0.25,,,0.025
glue|roberta-base|cola_wide|AB|t15|s42|tune,glue,roberta-base,cola_wide,cola,AB,tune,15,42,mcc,curvature=4.0;feature_mode=unit;gat_hidden_dim=64;graph_curvature=9.0;graph_metric=poincare;hyperbolic_readout=1;jk_mode=cat;learnable_curvature=1;lr=2e-05;num_layers=2;proj_dim=512;readout_clip=1.0;readout_scale=1;rho_quantile=0.38;scorer_hidden=256;weight_decay=1e-05,4.0,64,poincare,1,cat,1,2e-05,2,512,1.0,1,256,,1e-05,0.0,171.28,0.37519,0.0,unit,,,9.0,,,0.38
glue|roberta-base|cola_wide|AB|t16|s42|tune,glue,roberta-base,cola_wide,cola,AB,tune,16,42,mcc,curvature=0.25;feature_mode=unit;gat_hidden_dim=256;graph_curvature=1.0;graph_metric=poincare;hyperbolic_readout=1;jk_mode=max;learnable_curvature=1;lr=0.001;num_layers=2;proj_dim=256;readout_clip=0.7;readout_scale=0;rho_quantile=0.38;scorer_hidden=256;weight_decay=0.0,0.25,256,poincare,1,max,1,0.001,2,256,0.7,0,256,,0.0,52.99,170.87,0.37387,0.0,unit,,,1.0,,,0.38
glue|roberta-base|cola_wide|AB|t17|s42|tune,glue,roberta-base,cola_wide,cola,AB,tune,17,42,mcc,curvature=4.0;feature_mode=center;gat_hidden_dim=64;graph_curvature=9.0;graph_metric=poincare;hyperbolic_readout=1;jk_mode=max;learnable_curvature=1;lr=0.0002;num_layers=4;proj_dim=256;readout_clip=0.0;readout_scale=1;rho_quantile=0.1;scorer_hidden=256;weight_decay=1e-05,4.0,64,poincare,1,max,1,0.0002,4,256,0.0,1,256,,1e-05,51.21,171.85,0.09824,0.0,center,,,9.0,,,0.1
glue|roberta-base|cola_wide|AB|t18|s42|tune,glue,roberta-base,cola_wide,cola,AB,tune,18,42,mcc,curvature=1.0;feature_mode=center;gat_hidden_dim=256;graph_curvature=1.0;graph_metric=poincare;hyperbolic_readout=1;jk_mode=max;learnable_curvature=0;lr=0.0002;num_layers=4;proj_dim=512;readout_clip=0.0;readout_scale=1;rho_quantile=0.1;scorer_hidden=128;weight_decay=1e-05,1.0,256,poincare,1,max,0,0.0002,4,512,0.0,1,128,,1e-05,52.16,174.93,0.09952,0.0,center,,,1.0,,,0.1
glue|roberta-base|cola_wide|AB|t19|s42|tune,glue,roberta-base,cola_wide,cola,AB,tune,19,42,mcc,curvature=4.0;feature_mode=cls_root_unit;gat_hidden_dim=64;graph_curvature=1.0;graph_metric=poincare;hyperbolic_readout=1;jk_mode=max;learnable_curvature=1;lr=2e-05;num_layers=2;proj_dim=256;readout_clip=0.7;readout_scale=1;rho_quantile=0.025;scorer_hidden=128;weight_decay=1e-05,4.0,64,poincare,1,max,1,2e-05,2,256,0.7,1,128,,1e-05,0.0,174.4,0.02565,0.05469,cls_root_unit,,,1.0,,,0.025
glue|roberta-base|cola_wide|AB|t20|s42|tune,glue,roberta-base,cola_wide,cola,AB,tune,20,42,mcc,curvature=4.0;feature_mode=center_unit;gat_hidden_dim=128;graph_curvature=4.0;graph_metric=poincare;hyperbolic_readout=1;jk_mode=cat;learnable_curvature=0;lr=2e-05;num_layers=4;proj_dim=256;readout_clip=0.3;readout_scale=1;rho_quantile=0.1;scorer_hidden=128;weight_decay=0.0,4.0,128,poincare,1,cat,0,2e-05,4,256,0.3,1,128,,0.0,0.0,174.39,0.09899,0.0,center_unit,,,4.0,,,0.1
glue|roberta-base|cola_wide|AB|t21|s42|tune,glue,roberta-base,cola_wide,cola,AB,tune,21,42,mcc,curvature=4.0;feature_mode=unit;gat_hidden_dim=256;graph_curvature=0.25;graph_metric=poincare;hyperbolic_readout=1;jk_mode=cat;learnable_curvature=0;lr=0.0002;num_layers=2;proj_dim=128;readout_clip=0.7;readout_scale=1;rho_quantile=0.025;scorer_hidden=128;weight_decay=0.0,4.0,256,poincare,1,cat,0,0.0002,2,128,0.7,1,128,,0.0,51.23,170.0,0.02694,0.03906,unit,,,0.25,,,0.025
glue|roberta-base|cola_wide|AB|t22|s42|tune,glue,roberta-base,cola_wide,cola,AB,tune,22,42,mcc,curvature=1.0;feature_mode=center;gat_hidden_dim=64;graph_curvature=1.0;graph_metric=poincare;hyperbolic_readout=1;jk_mode=cat;learnable_curvature=0;lr=0.001;num_layers=2;proj_dim=128;readout_clip=0.7;readout_scale=1;rho_quantile=0.1;scorer_hidden=128;weight_decay=5e-05,1.0,64,poincare,1,cat,0,0.001,2,128,0.7,1,128,,5e-05,51.85,167.72,0.09878,0.0,center,,,1.0,,,0.1
glue|roberta-base|cola_wide|AB|t23|s42|tune,glue,roberta-base,cola_wide,cola,AB,tune,23,42,mcc,curvature=1.0;feature_mode=cls_root_unit;gat_hidden_dim=64;graph_curvature=9.0;graph_metric=poincare;hyperbolic_readout=1;jk_mode=cat;learnable_curvature=1;lr=0.0002;num_layers=4;proj_dim=256;readout_clip=0.0;readout_scale=0;rho_quantile=0.38;scorer_hidden=256;weight_decay=0.0,1.0,64,poincare,1,cat,1,0.0002,4,256,0.0,0,256,,0.0,54.33,175.33,0.37494,0.0,cls_root_unit,,,9.0,,,0.38
glue|roberta-base|cola_wide|AB|t24|s42|tune,glue,roberta-base,cola_wide,cola,AB,tune,24,42,mcc,curvature=0.25;feature_mode=unit;gat_hidden_dim=64;graph_curvature=4.0;graph_metric=poincare;hyperbolic_readout=1;jk_mode=max;learnable_curvature=1;lr=2e-05;num_layers=2;proj_dim=128;readout_clip=1.0;readout_scale=1;rho_quantile=0.025;scorer_hidden=256;weight_decay=5e-05,0.25,64,poincare,1,max,1,2e-05,2,128,1.0,1,256,,5e-05,0.0,170.67,0.02565,0.05469,unit,,,4.0,,,0.025
glue|roberta-base|cola_wide|AB|t25|s42|tune,glue,roberta-base,cola_wide,cola,AB,tune,25,42,mcc,curvature=1.0;feature_mode=center_unit;gat_hidden_dim=128;graph_curvature=4.0;graph_metric=poincare;hyperbolic_readout=1;jk_mode=cat;learnable_curvature=0;lr=0.0002;num_layers=4;proj_dim=128;readout_clip=0.0;readout_scale=0;rho_quantile=0.2;scorer_hidden=256;weight_decay=5e-05,1.0,128,poincare,1,cat,0,0.0002,4,128,0.0,0,256,,5e-05,55.82,175.6,0.19561,0.0,center_unit,,,4.0,,,0.2
glue|roberta-base|cola_wide|AB|t26|s42|tune,glue,roberta-base,cola_wide,cola,AB,tune,26,42,mcc,curvature=4.0;feature_mode=cls_root_unit;gat_hidden_dim=128;graph_curvature=1.0;graph_metric=poincare;hyperbolic_readout=1;jk_mode=cat;learnable_curvature=1;lr=0.001;num_layers=4;proj_dim=256;readout_clip=1.0;readout_scale=0;rho_quantile=0.05;scorer_hidden=128;weight_decay=1e-05,4.0,128,poincare,1,cat,1,0.001,4,256,1.0,0,128,,1e-05,56.2,176.6,0.0498,0.00391,cls_root_unit,,,1.0,,,0.05
glue|roberta-base|cola_wide|AB|t27|s42|tune,glue,roberta-base,cola_wide,cola,AB,tune,27,42,mcc,curvature=1.0;feature_mode=unit;gat_hidden_dim=256;graph_curvature=0.25;graph_metric=poincare;hyperbolic_readout=1;jk_mode=max;learnable_curvature=1;lr=0.001;num_layers=2;proj_dim=512;readout_clip=0.0;readout_scale=0;rho_quantile=0.025;scorer_hidden=128;weight_decay=5e-05,1.0,256,poincare,1,max,1,0.001,2,512,0.0,0,128,,5e-05,53.05,169.54,0.02659,0.02734,unit,,,0.25,,,0.025
glue|roberta-base|cola_wide|AB|t28|s42|tune,glue,roberta-base,cola_wide,cola,AB,tune,28,42,mcc,curvature=1.0;feature_mode=center_unit;gat_hidden_dim=256;graph_curvature=1.0;graph_metric=poincare;hyperbolic_readout=1;jk_mode=max;learnable_curvature=0;lr=0.0002;num_layers=4;proj_dim=128;readout_clip=0.0;readout_scale=1;rho_quantile=0.38;scorer_hidden=256;weight_decay=5e-05,1.0,256,poincare,1,max,0,0.0002,4,128,0.0,1,256,,5e-05,51.21,174.78,0.374,0.0,center_unit,,,1.0,,,0.38
glue|roberta-base|cola_wide|AB|t29|s42|tune,glue,roberta-base,cola_wide,cola,AB,tune,29,42,mcc,curvature=4.0;feature_mode=cls_root_unit;gat_hidden_dim=256;graph_curvature=0.25;graph_metric=poincare;hyperbolic_readout=1;jk_mode=max;learnable_curvature=1;lr=2e-05;num_layers=4;proj_dim=128;readout_clip=0.0;readout_scale=0;rho_quantile=0.025;scorer_hidden=256;weight_decay=5e-05,4.0,256,poincare,1,max,1,2e-05,4,128,0.0,0,256,,5e-05,0.0,174.9,0.02703,0.02344,cls_root_unit,,,0.25,,,0.025
glue|roberta-base|cola_wide|AB|t30|s42|tune,glue,roberta-base,cola_wide,cola,AB,tune,30,42,mcc,curvature=1.0;feature_mode=cls_root_unit;gat_hidden_dim=256;graph_curvature=2.25;graph_metric=poincare;hyperbolic_readout=1;jk_mode=max;learnable_curvature=0;lr=0.0002;num_layers=4;proj_dim=512;readout_clip=0.3;readout_scale=1;rho_quantile=0.1;scorer_hidden=256;weight_decay=0.0,1.0,256,poincare,1,max,0,0.0002,4,512,0.3,1,256,,0.0,51.85,173.39,0.09982,0.0,cls_root_unit,,,2.25,,,0.1
glue|roberta-base|cola_wide|AB|t31|s42|tune,glue,roberta-base,cola_wide,cola,AB,tune,31,42,mcc,curvature=4.0;feature_mode=center;gat_hidden_dim=256;graph_curvature=1.0;graph_metric=poincare;hyperbolic_readout=1;jk_mode=cat;learnable_curvature=0;lr=0.001;num_layers=2;proj_dim=512;readout_clip=0.7;readout_scale=1;rho_quantile=0.2;scorer_hidden=128;weight_decay=0.0,4.0,256,poincare,1,cat,0,0.001,2,512,0.7,1,128,,0.0,53.13,167.83,0.19405,0.0,center,,,1.0,,,0.2
glue|roberta-base|cola_wide|AB|t32|s42|tune,glue,roberta-base,cola_wide,cola,AB,tune,32,42,mcc,curvature=0.25;feature_mode=cls_root_unit;gat_hidden_dim=64;graph_curvature=9.0;graph_metric=poincare;hyperbolic_readout=1;jk_mode=cat;learnable_curvature=0;lr=0.001;num_layers=4;proj_dim=256;readout_clip=0.7;readout_scale=1;rho_quantile=0.025;scorer_hidden=128;weight_decay=0.0,0.25,64,poincare,1,cat,0,0.001,4,256,0.7,1,128,,0.0,52.45,173.8,0.02594,0.06641,cls_root_unit,,,9.0,,,0.025
glue|roberta-base|cola_wide|AB|t33|s42|tune,glue,roberta-base,cola_wide,cola,AB,tune,33,42,mcc,curvature=0.25;feature_mode=cls_root_unit;gat_hidden_dim=256;graph_curvature=1.0;graph_metric=poincare;hyperbolic_readout=1;jk_mode=max;learnable_curvature=0;lr=2e-05;num_layers=2;proj_dim=256;readout_clip=0.7;readout_scale=1;rho_quantile=0.38;scorer_hidden=256;weight_decay=0.0,0.25,256,poincare,1,max,0,2e-05,2,256,0.7,1,256,,0.0,0.0,173.84,0.37387,0.0,cls_root_unit,,,1.0,,,0.38
glue|roberta-base|cola_wide|AB|t34|s42|tune,glue,roberta-base,cola_wide,cola,AB,tune,34,42,mcc,curvature=4.0;feature_mode=center_unit;gat_hidden_dim=128;graph_curvature=4.0;graph_metric=poincare;hyperbolic_readout=1;jk_mode=cat;learnable_curvature=0;lr=0.0002;num_layers=4;proj_dim=128;readout_clip=0.7;readout_scale=1;rho_quantile=0.1;scorer_hidden=128;weight_decay=5e-05,4.0,128,poincare,1,cat,0,0.0002,4,128,0.7,1,128,,5e-05,53.41,174.39,0.09899,0.0,center_unit,,,4.0,,,0.1
glue|roberta-base|cola_wide|AB|t35|s42|tune,glue,roberta-base,cola_wide,cola,AB,tune,35,42,mcc,curvature=1.0;feature_mode=unit;gat_hidden_dim=256;graph_curvature=2.25;graph_metric=poincare;hyperbolic_readout=1;jk_mode=max;learnable_curvature=0;lr=0.0002;num_layers=2;proj_dim=128;readout_clip=0.0;readout_scale=0;rho_quantile=0.1;scorer_hidden=128;weight_decay=1e-05,1.0,256,poincare,1,max,0,0.0002,2,128,0.0,0,128,,1e-05,52.31,170.91,0.09917,0.0,unit,,,2.25,,,0.1
glue|roberta-base|cola_wide|AB|t36|s42|tune,glue,roberta-base,cola_wide,cola,AB,tune,36,42,mcc,curvature=0.25;feature_mode=center;gat_hidden_dim=128;graph_curvature=1.0;graph_metric=poincare;hyperbolic_readout=1;jk_mode=cat;learnable_curvature=0;lr=2e-05;num_layers=2;proj_dim=512;readout_clip=0.0;readout_scale=1;rho_quantile=0.2;scorer_hidden=128;weight_decay=0.0,0.25,128,poincare,1,cat,0,2e-05,2,512,0.0,1,128,,0.0,0.0,169.42,0.19443,0.0,center,,,1.0,,,0.2
glue|roberta-base|cola_wide|AB|t37|s42|tune,glue,roberta-base,cola_wide,cola,AB,tune,37,42,mcc,curvature=4.0;feature_mode=center_unit;gat_hidden_dim=128;graph_curvature=9.0;graph_metric=poincare;hyperbolic_readout=1;jk_mode=max;learnable_curvature=1;lr=0.0002;num_layers=4;proj_dim=512;readout_clip=0.7;readout_scale=1;rho_quantile=0.2;scorer_hidden=256;weight_decay=0.0,4.0,128,poincare,1,max,1,0.0002,4,512,0.7,1,256,,0.0,51.36,177.05,0.19505,0.0,center_unit,,,9.0,,,0.2
glue|roberta-base|cola_wide|AB|t38|s42|tune,glue,roberta-base,cola_wide,cola,AB,tune,38,42,mcc,curvature=4.0;feature_mode=cls_root_unit;gat_hidden_dim=256;graph_curvature=9.0;graph_metric=poincare;hyperbolic_readout=1;jk_mode=max;learnable_curvature=1;lr=0.001;num_layers=2;proj_dim=128;readout_clip=0.3;readout_scale=1;rho_quantile=0.05;scorer_hidden=128;weight_decay=5e-05,4.0,256,poincare,1,max,1,0.001,2,128,0.3,1,128,,5e-05,52.92,176.16,0.04801,0.00391,cls_root_unit,,,9.0,,,0.05
glue|roberta-base|cola_wide|AB|t39|s42|tune,glue,roberta-base,cola_wide,cola,AB,tune,39,42,mcc,curvature=1.0;feature_mode=unit;gat_hidden_dim=64;graph_curvature=1.0;graph_metric=poincare;hyperbolic_readout=1;jk_mode=max;learnable_curvature=1;lr=2e-05;num_layers=2;proj_dim=256;readout_clip=0.7;readout_scale=1;rho_quantile=0.38;scorer_hidden=128;weight_decay=5e-05,1.0,64,poincare,1,max,1,2e-05,2,256,0.7,1,128,,5e-05,0.0,173.58,0.37496,0.0,unit,,,1.0,,,0.38
glue|roberta-base|cola_wide|ABC|t0|s42|tune,glue,roberta-base,cola_wide,cola,ABC,tune,0,42,mcc,curvature=0.25;feature_mode=cls_root_unit;gat_hidden_dim=256;gnn_input_clip=0.3;gnn_input_scale=1;graph_curvature=9.0;graph_metric=poincare;hyp_gnn_type=gat;hyperbolic_gnn=1;hyperbolic_readout=1;jk_mode=max;learnable_curvature=0;lr=2e-05;num_layers=4;proj_dim=256;readout_clip=1.0;readout_scale=0;rho_quantile=0.1;scorer_hidden=128;weight_decay=1e-05,0.25,256,poincare,1,max,0,2e-05,4,256,1.0,0,128,,1e-05,0.0,203.12,0.08532,0.0,cls_root_unit,0.3,1,9.0,gat,1,0.1
glue|roberta-base|cola_wide|ABC|t1|s42|tune,glue,roberta-base,cola_wide,cola,ABC,tune,1,42,mcc,curvature=1.0;feature_mode=center;gat_hidden_dim=64;gnn_input_clip=0.3;gnn_input_scale=0;graph_curvature=0.25;graph_metric=poincare;hyp_gnn_type=gcn;hyperbolic_gnn=1;hyperbolic_readout=1;jk_mode=cat;learnable_curvature=1;lr=0.001;num_layers=4;proj_dim=128;readout_clip=1.0;readout_scale=1;rho_quantile=0.1;scorer_hidden=128;weight_decay=5e-05,1.0,64,poincare,1,cat,1,0.001,4,128,1.0,1,128,,5e-05,53.68,217.49,0.09902,0.0,center,0.3,0,0.25,gcn,1,0.1
glue|roberta-base|cola_wide|ABC|t2|s42|tune,glue,roberta-base,cola_wide,cola,ABC,tune,2,42,mcc,curvature=1.0;feature_mode=center_unit;gat_hidden_dim=64;gnn_input_clip=0.7;gnn_input_scale=0;graph_curvature=2.25;graph_metric=poincare;hyp_gnn_type=gat;hyperbolic_gnn=1;hyperbolic_readout=1;jk_mode=max;learnable_curvature=1;lr=2e-05;num_layers=4;proj_dim=512;readout_clip=1.0;readout_scale=0;rho_quantile=0.1;scorer_hidden=128;weight_decay=5e-05,1.0,64,poincare,1,max,1,2e-05,4,512,1.0,0,128,,5e-05,0.0,211.27,0.09915,0.0,center_unit,0.7,0,2.25,gat,1,0.1
glue|roberta-base|cola_wide|ABC|t3|s42|tune,glue,roberta-base,cola_wide,cola,ABC,tune,3,42,mcc,curvature=0.25;feature_mode=center_unit;gat_hidden_dim=64;gnn_input_clip=0.7;gnn_input_scale=1;graph_curvature=1.0;graph_metric=poincare;hyp_gnn_type=gat;hyperbolic_gnn=1;hyperbolic_readout=1;jk_mode=max;learnable_curvature=0;lr=0.001;num_layers=2;proj_dim=512;readout_clip=0.3;readout_scale=1;rho_quantile=0.1;scorer_hidden=128;weight_decay=0.0,0.25,64,poincare,1,max,0,0.001,2,512,0.3,1,128,,0.0,49.72,185.19,0.10018,0.0,center_unit,0.7,1,1.0,gat,1,0.1
glue|roberta-base|cola_wide|ABC|t4|s42|tune,glue,roberta-base,cola_wide,cola,ABC,tune,4,42,mcc,curvature=1.0;feature_mode=cls_root_unit;gat_hidden_dim=64;gnn_input_clip=1.0;gnn_input_scale=0;graph_curvature=9.0;graph_metric=poincare;hyp_gnn_type=gcn;hyperbolic_gnn=1;hyperbolic_readout=1;jk_mode=max;learnable_curvature=1;lr=0.0002;num_layers=2;proj_dim=128;readout_clip=0.0;readout_scale=1;rho_quantile=0.05;scorer_hidden=256;weight_decay=5e-05,1.0,64,poincare,1,max,1,0.0002,2,128,0.0,1,256,,5e-05,0.0,194.81,0.04833,0.0,cls_root_unit,1.0,0,9.0,gcn,1,0.05
glue|roberta-base|cola_wide|ABC|t5|s42|tune,glue,roberta-base,cola_wide,cola,ABC,tune,5,42,mcc,curvature=1.0;feature_mode=center_unit;gat_hidden_dim=64;gnn_input_clip=0.0;gnn_input_scale=0;graph_curvature=9.0;graph_metric=poincare;hyp_gnn_type=gcn;hyperbolic_gnn=1;hyperbolic_readout=1;jk_mode=cat;learnable_curvature=1;lr=0.001;num_layers=2;proj_dim=128;readout_clip=0.0;readout_scale=1;rho_quantile=0.05;scorer_hidden=128;weight_decay=1e-05,1.0,64,poincare,1,cat,1,0.001,2,128,0.0,1,128,,1e-05,50.91,199.03,0.0488,0.01562,center_unit,0.0,0,9.0,gcn,1,0.05
glue|roberta-base|cola_wide|ABC|t6|s42|tune,glue,roberta-base,cola_wide,cola,ABC,tune,6,42,mcc,curvature=1.0;feature_mode=unit;gat_hidden_dim=256;gnn_input_clip=1.0;gnn_input_scale=1;graph_curvature=4.0;graph_metric=poincare;hyp_gnn_type=gat;hyperbolic_gnn=1;hyperbolic_readout=1;jk_mode=max;learnable_curvature=0;lr=0.0002;num_layers=2;proj_dim=256;readout_clip=0.0;readout_scale=1;rho_quantile=0.38;scorer_hidden=256;weight_decay=5e-05,1.0,256,poincare,1,max,0,0.0002,2,256,0.0,1,256,,5e-05,53.9,183.93,0.37591,0.0,unit,1.0,1,4.0,gat,1,0.38
glue|roberta-base|cola_wide|ABC|t7|s42|tune,glue,roberta-base,cola_wide,cola,ABC,tune,7,42,mcc,curvature=4.0;feature_mode=unit;gat_hidden_dim=64;gnn_input_clip=0.7;gnn_input_scale=0;graph_curvature=4.0;graph_metric=poincare;hyp_gnn_type=gcn;hyperbolic_gnn=1;hyperbolic_readout=1;jk_mode=max;learnable_curvature=0;lr=0.001;num_layers=2;proj_dim=128;readout_clip=0.0;readout_scale=0;rho_quantile=0.025;scorer_hidden=128;weight_decay=0.0,4.0,64,poincare,1,max,0,0.001,2,128,0.0,0,128,,0.0,53.97,189.1,0.02706,0.03906,unit,0.7,0,4.0,gcn,1,0.025
glue|roberta-base|cola_wide|ABC|t8|s42|tune,glue,roberta-base,cola_wide,cola,ABC,tune,8,42,mcc,curvature=1.0;feature_mode=cls_root_unit;gat_hidden_dim=256;gnn_input_clip=0.7;gnn_input_scale=0;graph_curvature=4.0;graph_metric=poincare;hyp_gnn_type=gcn;hyperbolic_gnn=1;hyperbolic_readout=1;jk_mode=max;learnable_curvature=0;lr=0.0002;num_layers=2;proj_dim=128;readout_clip=0.0;readout_scale=0;rho_quantile=0.38;scorer_hidden=128;weight_decay=0.0,1.0,256,poincare,1,max,0,0.0002,2,128,0.0,0,128,,0.0,47.42,189.27,0.37227,0.0,cls_root_unit,0.7,0,4.0,gcn,1,0.38
glue|roberta-base|cola_wide|ABC|t9|s42|tune,glue,roberta-base,cola_wide,cola,ABC,tune,9,42,mcc,curvature=4.0;feature_mode=cls_root_unit;gat_hidden_dim=256;gnn_input_clip=1.0;gnn_input_scale=0;graph_curvature=9.0;graph_metric=poincare;hyp_gnn_type=gcn;hyperbolic_gnn=1;hyperbolic_readout=1;jk_mode=cat;learnable_curvature=1;lr=0.0002;num_layers=4;proj_dim=256;readout_clip=0.3;readout_scale=0;rho_quantile=0.1;scorer_hidden=128;weight_decay=5e-05,4.0,256,poincare,1,cat,1,0.0002,4,256,0.3,0,128,,5e-05,0.0,217.36,0.08487,0.0,cls_root_unit,1.0,0,9.0,gcn,1,0.1
glue|roberta-base|cola_wide|ABC|t10|s42|tune,glue,roberta-base,cola_wide,cola,ABC,tune,10,42,mcc,curvature=4.0;feature_mode=center;gat_hidden_dim=128;gnn_input_clip=1.0;gnn_input_scale=0;graph_curvature=1.0;graph_metric=poincare;hyp_gnn_type=gcn;hyperbolic_gnn=1;hyperbolic_readout=1;jk_mode=max;learnable_curvature=1;lr=0.0002;num_layers=2;proj_dim=512;readout_clip=1.0;readout_scale=1;rho_quantile=0.1;scorer_hidden=256;weight_decay=1e-05,4.0,128,poincare,1,max,1,0.0002,2,512,1.0,1,256,,1e-05,42.48,194.37,0.09922,0.0,center,1.0,0,1.0,gcn,1,0.1
glue|roberta-base|cola_wide|ABC|t11|s42|tune,glue,roberta-base,cola_wide,cola,ABC,tune,11,42,mcc,curvature=1.0;feature_mode=center;gat_hidden_dim=256;gnn_input_clip=0.3;gnn_input_scale=1;graph_curvature=4.0;graph_metric=poincare;hyp_gnn_type=gcn;hyperbolic_gnn=1;hyperbolic_readout=1;jk_mode=max;learnable_curvature=1;lr=0.0002;num_layers=2;proj_dim=256;readout_clip=0.0;readout_scale=1;rho_quantile=0.05;scorer_hidden=256;weight_decay=1e-05,1.0,256,poincare,1,max,1,0.0002,2,256,0.0,1,256,,1e-05,48.86,195.87,0.0494,0.00391,center,0.3,1,4.0,gcn,1,0.05
glue|roberta-base|cola_wide|ABC|t12|s42|tune,glue,roberta-base,cola_wide,cola,ABC,tune,12,42,mcc,curvature=1.0;feature_mode=unit;gat_hidden_dim=64;gnn_input_clip=0.3;gnn_input_scale=1;graph_curvature=9.0;graph_metric=poincare;hyp_gnn_type=gcn;hyperbolic_gnn=1;hyperbolic_readout=1;jk_mode=max;learnable_curvature=0;lr=2e-05;num_layers=2;proj_dim=512;readout_clip=0.3;readout_scale=0;rho_quantile=0.2;scorer_hidden=128;weight_decay=5e-05,1.0,64,poincare,1,max,0,2e-05,2,512,0.3,0,128,,5e-05,0.0,186.9,0.19422,0.0,unit,0.3,1,9.0,gcn,1,0.2
glue|roberta-base|cola_wide|ABC|t13|s42|tune,glue,roberta-base,cola_wide,cola,ABC,tune,13,42,mcc,curvature=4.0;feature_mode=cls_root_unit;gat_hidden_dim=128;gnn_input_clip=0.0;gnn_input_scale=0;graph_curvature=1.0;graph_metric=poincare;hyp_gnn_type=gcn;hyperbolic_gnn=1;hyperbolic_readout=1;jk_mode=cat;learnable_curvature=0;lr=0.0002;num_layers=4;proj_dim=128;readout_clip=0.7;readout_scale=0;rho_quantile=0.38;scorer_hidden=128;weight_decay=0.0,4.0,128,poincare,1,cat,0,0.0002,4,128,0.7,0,128,,0.0,0.0,226.28,0.37488,0.0,cls_root_unit,0.0,0,1.0,gcn,1,0.38
glue|roberta-base|cola_wide|ABC|t14|s42|tune,glue,roberta-base,cola_wide,cola,ABC,tune,14,42,mcc,curvature=0.25;feature_mode=unit;gat_hidden_dim=64;gnn_input_clip=0.3;gnn_input_scale=0;graph_curvature=2.25;graph_metric=poincare;hyp_gnn_type=gcn;hyperbolic_gnn=1;hyperbolic_readout=1;jk_mode=max;learnable_curvature=0;lr=0.001;num_layers=4;proj_dim=256;readout_clip=0.7;readout_scale=0;rho_quantile=0.2;scorer_hidden=256;weight_decay=5e-05,0.25,64,poincare,1,max,0,0.001,4,256,0.7,0,256,,5e-05,52.77,262.37,0.19522,0.0,unit,0.3,0,2.25,gcn,1,0.2
glue|roberta-base|cola_wide|ABC|t15|s42|tune,glue,roberta-base,cola_wide,cola,ABC,tune,15,42,mcc,curvature=4.0;feature_mode=unit;gat_hidden_dim=64;gnn_input_clip=0.0;gnn_input_scale=1;graph_curvature=9.0;graph_metric=poincare;hyp_gnn_type=gat;hyperbolic_gnn=1;hyperbolic_readout=1;jk_mode=max;learnable_curvature=0;lr=0.001;num_layers=2;proj_dim=512;readout_clip=1.0;readout_scale=0;rho_quantile=0.1;scorer_hidden=256;weight_decay=5e-05,4.0,64,poincare,1,max,0,0.001,2,512,1.0,0,256,,5e-05,55.96,196.5,0.10018,0.0,unit,0.0,1,9.0,gat,1,0.1
glue|roberta-base|cola_wide|ABC|t16|s42|tune,glue,roberta-base,cola_wide,cola,ABC,tune,16,42,mcc,curvature=4.0;feature_mode=unit;gat_hidden_dim=256;gnn_input_clip=0.0;gnn_input_scale=1;graph_curvature=9.0;graph_metric=poincare;hyp_gnn_type=gcn;hyperbolic_gnn=1;hyperbolic_readout=1;jk_mode=cat;learnable_curvature=0;lr=0.0002;num_layers=4;proj_dim=128;readout_clip=0.0;readout_scale=0;rho_quantile=0.1;scorer_hidden=128;weight_decay=5e-05,4.0,256,poincare,1,cat,0,0.0002,4,128,0.0,0,128,,5e-05,22.45,225.77,0.09819,0.0,unit,0.0,1,9.0,gcn,1,0.1
glue|roberta-base|cola_wide|ABC|t17|s42|tune,glue,roberta-base,cola_wide,cola,ABC,tune,17,42,mcc,curvature=4.0;feature_mode=center;gat_hidden_dim=256;gnn_input_clip=0.0;gnn_input_scale=1;graph_curvature=1.0;graph_metric=poincare;hyp_gnn_type=gat;hyperbolic_gnn=1;hyperbolic_readout=1;jk_mode=cat;learnable_curvature=1;lr=0.001;num_layers=4;proj_dim=256;readout_clip=0.3;readout_scale=1;rho_quantile=0.1;scorer_hidden=128;weight_decay=0.0,4.0,256,poincare,1,cat,1,0.001,4,256,0.3,1,128,,0.0,50.35,216.94,0.09939,0.0,center,0.0,1,1.0,gat,1,0.1
glue|roberta-base|cola_wide|ABC|t18|s42|tune,glue,roberta-base,cola_wide,cola,ABC,tune,18,42,mcc,curvature=1.0;feature_mode=center_unit;gat_hidden_dim=128;gnn_input_clip=0.3;gnn_input_scale=0;graph_curvature=0.25;graph_metric=poincare;hyp_gnn_type=gat;hyperbolic_gnn=1;hyperbolic_readout=1;jk_mode=max;learnable_curvature=1;lr=0.001;num_layers=2;proj_dim=512;readout_clip=0.0;readout_scale=0;rho_quantile=0.1;scorer_hidden=128;weight_decay=5e-05,1.0,128,poincare,1,max,1,0.001,2,512,0.0,0,128,,5e-05,50.46,191.02,0.09893,0.0,center_unit,0.3,0,0.25,gat,1,0.1
glue|roberta-base|cola_wide|ABC|t19|s42|tune,glue,roberta-base,cola_wide,cola,ABC,tune,19,42,mcc,curvature=1.0;feature_mode=center;gat_hidden_dim=256;gnn_input_clip=0.0;gnn_input_scale=1;graph_curvature=4.0;graph_metric=poincare;hyp_gnn_type=gcn;hyperbolic_gnn=1;hyperbolic_readout=1;jk_mode=max;learnable_curvature=0;lr=0.001;num_layers=2;proj_dim=256;readout_clip=0.0;readout_scale=0;rho_quantile=0.38;scorer_hidden=128;weight_decay=1e-05,1.0,256,poincare,1,max,0,0.001,2,256,0.0,0,128,,1e-05,53.5,185.55,0.3738,0.0,center,0.0,1,4.0,gcn,1,0.38
glue|roberta-base|cola_wide|ABC|t20|s42|tune,glue,roberta-base,cola_wide,cola,ABC,tune,20,42,mcc,curvature=1.0;feature_mode=center;gat_hidden_dim=64;gnn_input_clip=0.0;gnn_input_scale=1;graph_curvature=4.0;graph_metric=poincare;hyp_gnn_type=gat;hyperbolic_gnn=1;hyperbolic_readout=1;jk_mode=max;learnable_curvature=1;lr=0.001;num_layers=4;proj_dim=512;readout_clip=0.7;readout_scale=1;rho_quantile=0.38;scorer_hidden=256;weight_decay=1e-05,1.0,64,poincare,1,max,1,0.001,4,512,0.7,1,256,,1e-05,54.35,210.34,0.3736,0.0,center,0.0,1,4.0,gat,1,0.38
glue|roberta-base|cola_wide|ABC|t21|s42|tune,glue,roberta-base,cola_wide,cola,ABC,tune,21,42,mcc,curvature=4.0;feature_mode=center_unit;gat_hidden_dim=256;gnn_input_clip=0.0;gnn_input_scale=1;graph_curvature=2.25;graph_metric=poincare;hyp_gnn_type=gcn;hyperbolic_gnn=1;hyperbolic_readout=1;jk_mode=cat;learnable_curvature=0;lr=0.001;num_layers=2;proj_dim=128;readout_clip=0.0;readout_scale=1;rho_quantile=0.2;scorer_hidden=128;weight_decay=1e-05,4.0,256,poincare,1,cat,0,0.001,2,128,0.0,1,128,,1e-05,54.02,188.93,0.19557,0.0,center_unit,0.0,1,2.25,gcn,1,0.2
glue|roberta-base|cola_wide|ABC|t22|s42|tune,glue,roberta-base,cola_wide,cola,ABC,tune,22,42,mcc,curvature=4.0;feature_mode=center;gat_hidden_dim=256;gnn_input_clip=0.0;gnn_input_scale=1;graph_curvature=4.0;graph_metric=poincare;hyp_gnn_type=gcn;hyperbolic_gnn=1;hyperbolic_readout=1;jk_mode=max;learnable_curvature=0;lr=0.0002;num_layers=4;proj_dim=256;readout_clip=0.0;readout_scale=0;rho_quantile=0.2;scorer_hidden=256;weight_decay=5e-05,4.0,256,poincare,1,max,0,0.0002,4,256,0.0,0,256,,5e-05,51.06,205.12,0.19431,0.0,center,0.0,1,4.0,gcn,1,0.2
glue|roberta-base|cola_wide|ABC|t23|s42|tune,glue,roberta-base,cola_wide,cola,ABC,tune,23,42,mcc,curvature=0.25;feature_mode=center;gat_hidden_dim=256;gnn_input_clip=0.0;gnn_input_scale=1;graph_curvature=2.25;graph_metric=poincare;hyp_gnn_type=gat;hyperbolic_gnn=1;hyperbolic_readout=1;jk_mode=max;learnable_curvature=1;lr=0.001;num_layers=2;proj_dim=256;readout_clip=1.0;readout_scale=0;rho_quantile=0.2;scorer_hidden=256;weight_decay=5e-05,0.25,256,poincare,1,max,1,0.001,2,256,1.0,0,256,,5e-05,56.84,190.64,0.19445,0.0,center,0.0,1,2.25,gat,1,0.2
glue|roberta-base|cola_wide|ABC|t24|s42|tune,glue,roberta-base,cola_wide,cola,ABC,tune,24,42,mcc,curvature=0.25;feature_mode=center;gat_hidden_dim=128;gnn_input_clip=0.3;gnn_input_scale=1;graph_curvature=2.25;graph_metric=poincare;hyp_gnn_type=gat;hyperbolic_gnn=1;hyperbolic_readout=1;jk_mode=cat;learnable_curvature=1;lr=0.001;num_layers=4;proj_dim=512;readout_clip=1.0;readout_scale=0;rho_quantile=0.1;scorer_hidden=128;weight_decay=5e-05,0.25,128,poincare,1,cat,1,0.001,4,512,1.0,0,128,,5e-05,53.97,209.48,0.09917,0.0,center,0.3,1,2.25,gat,1,0.1
glue|roberta-base|cola_wide|ABC|t25|s42|tune,glue,roberta-base,cola_wide,cola,ABC,tune,25,42,mcc,curvature=4.0;feature_mode=center_unit;gat_hidden_dim=128;gnn_input_clip=0.3;gnn_input_scale=1;graph_curvature=1.0;graph_metric=poincare;hyp_gnn_type=gat;hyperbolic_gnn=1;hyperbolic_readout=1;jk_mode=max;learnable_curvature=0;lr=0.001;num_layers=4;proj_dim=256;readout_clip=1.0;readout_scale=1;rho_quantile=0.1;scorer_hidden=256;weight_decay=5e-05,4.0,128,poincare,1,max,0,0.001,4,256,1.0,1,256,,5e-05,54.01,204.08,0.09867,0.0,center_unit,0.3,1,1.0,gat,1,0.1
glue|roberta-base|cola_wide|ABC|t26|s42|tune,glue,roberta-base,cola_wide,cola,ABC,tune,26,42,mcc,curvature=1.0;feature_mode=cls_root_unit;gat_hidden_dim=64;gnn_input_clip=0.7;gnn_input_scale=1;graph_curvature=0.25;graph_metric=poincare;hyp_gnn_type=gcn;hyperbolic_gnn=1;hyperbolic_readout=1;jk_mode=cat;learnable_curvature=0;lr=2e-05;num_layers=4;proj_dim=128;readout_clip=1.0;readout_scale=0;rho_quantile=0.2;scorer_hidden=128;weight_decay=0.0,1.0,64,poincare,1,cat,0,2e-05,4,128,1.0,0,128,,0.0,4.98,207.72,0.19559,0.0,cls_root_unit,0.7,1,0.25,gcn,1,0.2
glue|roberta-base|cola_wide|ABC|t27|s42|tune,glue,roberta-base,cola_wide,cola,ABC,tune,27,42,mcc,curvature=0.25;feature_mode=cls_root_unit;gat_hidden_dim=64;gnn_input_clip=0.0;gnn_input_scale=1;graph_curvature=1.0;graph_metric=poincare;hyp_gnn_type=gat;hyperbolic_gnn=1;hyperbolic_readout=1;jk_mode=cat;learnable_curvature=0;lr=0.001;num_layers=4;proj_dim=512;readout_clip=1.0;readout_scale=1;rho_quantile=0.025;scorer_hidden=128;weight_decay=1e-05,0.25,64,poincare,1,cat,0,0.001,4,512,1.0,1,128,,1e-05,54.05,200.38,0.02556,0.04688,cls_root_unit,0.0,1,1.0,gat,1,0.025
glue|roberta-base|cola_wide|ABC|t28|s42|tune,glue,roberta-base,cola_wide,cola,ABC,tune,28,42,mcc,curvature=1.0;feature_mode=unit;gat_hidden_dim=256;gnn_input_clip=1.0;gnn_input_scale=1;graph_curvature=2.25;graph_metric=poincare;hyp_gnn_type=gcn;hyperbolic_gnn=1;hyperbolic_readout=1;jk_mode=max;learnable_curvature=1;lr=0.0002;num_layers=2;proj_dim=256;readout_clip=1.0;readout_scale=1;rho_quantile=0.38;scorer_hidden=128;weight_decay=0.0,1.0,256,poincare,1,max,1,0.0002,2,256,1.0,1,128,,0.0,47.69,193.77,0.37475,0.0,unit,1.0,1,2.25,gcn,1,0.38
glue|roberta-base|cola_wide|ABC|t29|s42|tune,glue,roberta-base,cola_wide,cola,ABC,tune,29,42,mcc,curvature=0.25;feature_mode=center_unit;gat_hidden_dim=256;gnn_input_clip=0.3;gnn_input_scale=1;graph_curvature=4.0;graph_metric=poincare;hyp_gnn_type=gcn;hyperbolic_gnn=1;hyperbolic_readout=1;jk_mode=cat;learnable_curvature=0;lr=2e-05;num_layers=2;proj_dim=256;readout_clip=0.7;readout_scale=0;rho_quantile=0.1;scorer_hidden=128;weight_decay=1e-05,0.25,256,poincare,1,cat,0,2e-05,2,256,0.7,0,128,,1e-05,0.0,189.24,0.09889,0.0,center_unit,0.3,1,4.0,gcn,1,0.1
glue|roberta-base|cola_wide|ABC|t30|s42|tune,glue,roberta-base,cola_wide,cola,ABC,tune,30,42,mcc,curvature=4.0;feature_mode=unit;gat_hidden_dim=128;gnn_input_clip=1.0;gnn_input_scale=0;graph_curvature=2.25;graph_metric=poincare;hyp_gnn_type=gcn;hyperbolic_gnn=1;hyperbolic_readout=1;jk_mode=max;learnable_curvature=0;lr=2e-05;num_layers=4;proj_dim=512;readout_clip=0.7;readout_scale=1;rho_quantile=0.38;scorer_hidden=256;weight_decay=0.0,4.0,128,poincare,1,max,0,2e-05,4,512,0.7,1,256,,0.0,0.0,206.21,0.37352,0.0,unit,1.0,0,2.25,gcn,1,0.38
glue|roberta-base|cola_wide|ABC|t31|s42|tune,glue,roberta-base,cola_wide,cola,ABC,tune,31,42,mcc,curvature=0.25;feature_mode=unit;gat_hidden_dim=256;gnn_input_clip=1.0;gnn_input_scale=0;graph_curvature=0.25;graph_metric=poincare;hyp_gnn_type=gcn;hyperbolic_gnn=1;hyperbolic_readout=1;jk_mode=cat;learnable_curvature=1;lr=0.0002;num_layers=2;proj_dim=256;readout_clip=0.3;readout_scale=0;rho_quantile=0.025;scorer_hidden=128;weight_decay=1e-05,0.25,256,poincare,1,cat,1,0.0002,2,256,0.3,0,128,,1e-05,14.94,195.6,0.02641,0.03516,unit,1.0,0,0.25,gcn,1,0.025
glue|roberta-base|cola_wide|ABC|t32|s42|tune,glue,roberta-base,cola_wide,cola,ABC,tune,32,42,mcc,curvature=4.0;feature_mode=center_unit;gat_hidden_dim=256;gnn_input_clip=0.3;gnn_input_scale=0;graph_curvature=9.0;graph_metric=poincare;hyp_gnn_type=gcn;hyperbolic_gnn=1;hyperbolic_readout=1;jk_mode=max;learnable_curvature=0;lr=0.001;num_layers=4;proj_dim=512;readout_clip=0.7;readout_scale=0;rho_quantile=0.025;scorer_hidden=256;weight_decay=0.0,4.0,256,poincare,1,max,0,0.001,4,512,0.7,0,256,,0.0,53.65,207.14,0.02693,0.04688,center_unit,0.3,0,9.0,gcn,1,0.025
glue|roberta-base|cola_wide|ABC|t33|s42|tune,glue,roberta-base,cola_wide,cola,ABC,tune,33,42,mcc,curvature=0.25;feature_mode=center;gat_hidden_dim=128;gnn_input_clip=0.7;gnn_input_scale=1;graph_curvature=2.25;graph_metric=poincare;hyp_gnn_type=gat;hyperbolic_gnn=1;hyperbolic_readout=1;jk_mode=cat;learnable_curvature=0;lr=0.001;num_layers=2;proj_dim=512;readout_clip=0.7;readout_scale=0;rho_quantile=0.2;scorer_hidden=256;weight_decay=0.0,0.25,128,poincare,1,cat,0,0.001,2,512,0.7,0,256,,0.0,54.11,186.52,0.19375,0.0,center,0.7,1,2.25,gat,1,0.2
glue|roberta-base|cola_wide|ABC|t34|s42|tune,glue,roberta-base,cola_wide,cola,ABC,tune,34,42,mcc,curvature=0.25;feature_mode=center_unit;gat_hidden_dim=256;gnn_input_clip=0.7;gnn_input_scale=1;graph_curvature=9.0;graph_metric=poincare;hyp_gnn_type=gcn;hyperbolic_gnn=1;hyperbolic_readout=1;jk_mode=cat;learnable_curvature=1;lr=2e-05;num_layers=2;proj_dim=256;readout_clip=0.3;readout_scale=0;rho_quantile=0.2;scorer_hidden=128;weight_decay=1e-05,0.25,256,poincare,1,cat,1,2e-05,2,256,0.3,0,128,,1e-05,0.0,198.5,0.19557,0.0,center_unit,0.7,1,9.0,gcn,1,0.2
glue|roberta-base|cola_wide|ABC|t35|s42|tune,glue,roberta-base,cola_wide,cola,ABC,tune,35,42,mcc,curvature=0.25;feature_mode=cls_root_unit;gat_hidden_dim=256;gnn_input_clip=0.0;gnn_input_scale=0;graph_curvature=1.0;graph_metric=poincare;hyp_gnn_type=gat;hyperbolic_gnn=1;hyperbolic_readout=1;jk_mode=cat;learnable_curvature=0;lr=2e-05;num_layers=2;proj_dim=512;readout_clip=0.3;readout_scale=0;rho_quantile=0.1;scorer_hidden=128;weight_decay=5e-05,0.25,256,poincare,1,cat,0,2e-05,2,512,0.3,0,128,,5e-05,0.0,186.43,0.09953,0.0,cls_root_unit,0.0,0,1.0,gat,1,0.1
glue|roberta-base|cola_wide|ABC|t36|s42|tune,glue,roberta-base,cola_wide,cola,ABC,tune,36,42,mcc,curvature=1.0;feature_mode=unit;gat_hidden_dim=256;gnn_input_clip=0.3;gnn_input_scale=0;graph_curvature=1.0;graph_metric=poincare;hyp_gnn_type=gcn;hyperbolic_gnn=1;hyperbolic_readout=1;jk_mode=cat;learnable_curvature=1;lr=0.001;num_layers=2;proj_dim=256;readout_clip=1.0;readout_scale=1;rho_quantile=0.05;scorer_hidden=128;weight_decay=0.0,1.0,256,poincare,1,cat,1,0.001,2,256,1.0,1,128,,0.0,57.05,196.54,0.04973,0.0,unit,0.3,0,1.0,gcn,1,0.05
glue|roberta-base|cola_wide|ABC|t37|s42|tune,glue,roberta-base,cola_wide,cola,ABC,tune,37,42,mcc,curvature=1.0;feature_mode=cls_root_unit;gat_hidden_dim=256;gnn_input_clip=1.0;gnn_input_scale=0;graph_curvature=2.25;graph_metric=poincare;hyp_gnn_type=gcn;hyperbolic_gnn=1;hyperbolic_readout=1;jk_mode=max;learnable_curvature=0;lr=0.001;num_layers=2;proj_dim=512;readout_clip=1.0;readout_scale=0;rho_quantile=0.025;scorer_hidden=128;weight_decay=1e-05,1.0,256,poincare,1,max,0,0.001,2,512,1.0,0,128,,1e-05,56.27,188.87,0.02559,0.03906,cls_root_unit,1.0,0,2.25,gcn,1,0.025
glue|roberta-base|cola_wide|ABC|t38|s42|tune,glue,roberta-base,cola_wide,cola,ABC,tune,38,42,mcc,curvature=4.0;feature_mode=center;gat_hidden_dim=256;gnn_input_clip=1.0;gnn_input_scale=0;graph_curvature=9.0;graph_metric=poincare;hyp_gnn_type=gat;hyperbolic_gnn=1;hyperbolic_readout=1;jk_mode=cat;learnable_curvature=0;lr=2e-05;num_layers=2;proj_dim=256;readout_clip=0.3;readout_scale=0;rho_quantile=0.025;scorer_hidden=256;weight_decay=0.0,4.0,256,poincare,1,cat,0,2e-05,2,256,0.3,0,256,,0.0,21.99,185.16,0.02653,0.03516,center,1.0,0,9.0,gat,1,0.025
glue|roberta-base|cola_wide|ABC|t39|s42|tune,glue,roberta-base,cola_wide,cola,ABC,tune,39,42,mcc,curvature=0.25;feature_mode=center;gat_hidden_dim=128;gnn_input_clip=0.0;gnn_input_scale=1;graph_curvature=4.0;graph_metric=poincare;hyp_gnn_type=gcn;hyperbolic_gnn=1;hyperbolic_readout=1;jk_mode=cat;learnable_curvature=1;lr=2e-05;num_layers=2;proj_dim=128;readout_clip=0.7;readout_scale=0;rho_quantile=0.1;scorer_hidden=256;weight_decay=0.0,0.25,128,poincare,1,cat,1,2e-05,2,128,0.7,0,256,,0.0,0.0,191.48,0.09842,0.0,center,0.0,1,4.0,gcn,1,0.1
glue|roberta-base|cola_wide|AB|t26|s1|confirm,glue,roberta-base,cola_wide,cola,AB,confirm,26,1,mcc,curvature=4.0;feature_mode=cls_root_unit;gat_hidden_dim=128;graph_curvature=1.0;graph_metric=poincare;hyperbolic_readout=1;jk_mode=cat;learnable_curvature=1;lr=0.001;num_layers=4;proj_dim=256;readout_clip=1.0;readout_scale=0;rho_quantile=0.05;scorer_hidden=128;weight_decay=1e-05,4.0,128,poincare,1,cat,1,0.001,4,256,1.0,0,128,,1e-05,53.3,180.06,0.04943,0.00781,cls_root_unit,,,1.0,,,0.05
glue|roberta-base|cola_wide|AB|t26|s2|confirm,glue,roberta-base,cola_wide,cola,AB,confirm,26,2,mcc,curvature=4.0;feature_mode=cls_root_unit;gat_hidden_dim=128;graph_curvature=1.0;graph_metric=poincare;hyperbolic_readout=1;jk_mode=cat;learnable_curvature=1;lr=0.001;num_layers=4;proj_dim=256;readout_clip=1.0;readout_scale=0;rho_quantile=0.05;scorer_hidden=128;weight_decay=1e-05,4.0,128,poincare,1,cat,1,0.001,4,256,1.0,0,128,,1e-05,53.69,180.76,0.04795,0.01953,cls_root_unit,,,1.0,,,0.05
glue|roberta-base|cola_wide|AB|t26|s3|confirm,glue,roberta-base,cola_wide,cola,AB,confirm,26,3,mcc,curvature=4.0;feature_mode=cls_root_unit;gat_hidden_dim=128;graph_curvature=1.0;graph_metric=poincare;hyperbolic_readout=1;jk_mode=cat;learnable_curvature=1;lr=0.001;num_layers=4;proj_dim=256;readout_clip=1.0;readout_scale=0;rho_quantile=0.05;scorer_hidden=128;weight_decay=1e-05,4.0,128,poincare,1,cat,1,0.001,4,256,1.0,0,128,,1e-05,52.6,181.95,0.04884,0.01172,cls_root_unit,,,1.0,,,0.05
glue|roberta-base|cola_wide|AB|t26|s4|confirm,glue,roberta-base,cola_wide,cola,AB,confirm,26,4,mcc,curvature=4.0;feature_mode=cls_root_unit;gat_hidden_dim=128;graph_curvature=1.0;graph_metric=poincare;hyperbolic_readout=1;jk_mode=cat;learnable_curvature=1;lr=0.001;num_layers=4;proj_dim=256;readout_clip=1.0;readout_scale=0;rho_quantile=0.05;scorer_hidden=128;weight_decay=1e-05,4.0,128,poincare,1,cat,1,0.001,4,256,1.0,0,128,,1e-05,52.56,181.39,0.04874,0.00781,cls_root_unit,,,1.0,,,0.05
glue|roberta-base|cola_wide|AB|t26|s5|confirm,glue,roberta-base,cola_wide,cola,AB,confirm,26,5,mcc,curvature=4.0;feature_mode=cls_root_unit;gat_hidden_dim=128;graph_curvature=1.0;graph_metric=poincare;hyperbolic_readout=1;jk_mode=cat;learnable_curvature=1;lr=0.001;num_layers=4;proj_dim=256;readout_clip=1.0;readout_scale=0;rho_quantile=0.05;scorer_hidden=128;weight_decay=1e-05,4.0,128,poincare,1,cat,1,0.001,4,256,1.0,0,128,,1e-05,51.59,188.47,0.04868,0.01562,cls_root_unit,,,1.0,,,0.05
glue|roberta-base|cola_wide|AB|t26|s6|confirm,glue,roberta-base,cola_wide,cola,AB,confirm,26,6,mcc,curvature=4.0;feature_mode=cls_root_unit;gat_hidden_dim=128;graph_curvature=1.0;graph_metric=poincare;hyperbolic_readout=1;jk_mode=cat;learnable_curvature=1;lr=0.001;num_layers=4;proj_dim=256;readout_clip=1.0;readout_scale=0;rho_quantile=0.05;scorer_hidden=128;weight_decay=1e-05,4.0,128,poincare,1,cat,1,0.001,4,256,1.0,0,128,,1e-05,53.5,188.21,0.04869,0.01562,cls_root_unit,,,1.0,,,0.05
glue|roberta-base|cola_wide|AB|t26|s7|confirm,glue,roberta-base,cola_wide,cola,AB,confirm,26,7,mcc,curvature=4.0;feature_mode=cls_root_unit;gat_hidden_dim=128;graph_curvature=1.0;graph_metric=poincare;hyperbolic_readout=1;jk_mode=cat;learnable_curvature=1;lr=0.001;num_layers=4;proj_dim=256;readout_clip=1.0;readout_scale=0;rho_quantile=0.05;scorer_hidden=128;weight_decay=1e-05,4.0,128,poincare,1,cat,1,0.001,4,256,1.0,0,128,,1e-05,54.37,188.27,0.04922,0.00391,cls_root_unit,,,1.0,,,0.05
glue|roberta-base|cola_wide|AB|t26|s8|confirm,glue,roberta-base,cola_wide,cola,AB,confirm,26,8,mcc,curvature=4.0;feature_mode=cls_root_unit;gat_hidden_dim=128;graph_curvature=1.0;graph_metric=poincare;hyperbolic_readout=1;jk_mode=cat;learnable_curvature=1;lr=0.001;num_layers=4;proj_dim=256;readout_clip=1.0;readout_scale=0;rho_quantile=0.05;scorer_hidden=128;weight_decay=1e-05,4.0,128,poincare,1,cat,1,0.001,4,256,1.0,0,128,,1e-05,55.26,220.18,0.04794,0.02344,cls_root_unit,,,1.0,,,0.05
glue|roberta-base|cola_wide|AB|t26|s9|confirm,glue,roberta-base,cola_wide,cola,AB,confirm,26,9,mcc,curvature=4.0;feature_mode=cls_root_unit;gat_hidden_dim=128;graph_curvature=1.0;graph_metric=poincare;hyperbolic_readout=1;jk_mode=cat;learnable_curvature=1;lr=0.001;num_layers=4;proj_dim=256;readout_clip=1.0;readout_scale=0;rho_quantile=0.05;scorer_hidden=128;weight_decay=1e-05,4.0,128,poincare,1,cat,1,0.001,4,256,1.0,0,128,,1e-05,53.86,199.59,0.04832,0.01172,cls_root_unit,,,1.0,,,0.05
glue|roberta-base|cola_wide|AB|t26|s10|confirm,glue,roberta-base,cola_wide,cola,AB,confirm,26,10,mcc,curvature=4.0;feature_mode=cls_root_unit;gat_hidden_dim=128;graph_curvature=1.0;graph_metric=poincare;hyperbolic_readout=1;jk_mode=cat;learnable_curvature=1;lr=0.001;num_layers=4;proj_dim=256;readout_clip=1.0;readout_scale=0;rho_quantile=0.05;scorer_hidden=128;weight_decay=1e-05,4.0,128,poincare,1,cat,1,0.001,4,256,1.0,0,128,,1e-05,55.85,176.69,0.04927,0.01172,cls_root_unit,,,1.0,,,0.05
glue|roberta-base|cola_wide|AB|t26|s11|confirm,glue,roberta-base,cola_wide,cola,AB,confirm,26,11,mcc,curvature=4.0;feature_mode=cls_root_unit;gat_hidden_dim=128;graph_curvature=1.0;graph_metric=poincare;hyperbolic_readout=1;jk_mode=cat;learnable_curvature=1;lr=0.001;num_layers=4;proj_dim=256;readout_clip=1.0;readout_scale=0;rho_quantile=0.05;scorer_hidden=128;weight_decay=1e-05,4.0,128,poincare,1,cat,1,0.001,4,256,1.0,0,128,,1e-05,51.57,178.37,0.04863,0.01172,cls_root_unit,,,1.0,,,0.05
glue|roberta-base|cola_wide|AB|t26|s12|confirm,glue,roberta-base,cola_wide,cola,AB,confirm,26,12,mcc,curvature=4.0;feature_mode=cls_root_unit;gat_hidden_dim=128;graph_curvature=1.0;graph_metric=poincare;hyperbolic_readout=1;jk_mode=cat;learnable_curvature=1;lr=0.001;num_layers=4;proj_dim=256;readout_clip=1.0;readout_scale=0;rho_quantile=0.05;scorer_hidden=128;weight_decay=1e-05,4.0,128,poincare,1,cat,1,0.001,4,256,1.0,0,128,,1e-05,52.23,176.39,0.04918,0.00391,cls_root_unit,,,1.0,,,0.05
glue|roberta-base|cola_wide|AB|t26|s13|confirm,glue,roberta-base,cola_wide,cola,AB,confirm,26,13,mcc,curvature=4.0;feature_mode=cls_root_unit;gat_hidden_dim=128;graph_curvature=1.0;graph_metric=poincare;hyperbolic_readout=1;jk_mode=cat;learnable_curvature=1;lr=0.001;num_layers=4;proj_dim=256;readout_clip=1.0;readout_scale=0;rho_quantile=0.05;scorer_hidden=128;weight_decay=1e-05,4.0,128,poincare,1,cat,1,0.001,4,256,1.0,0,128,,1e-05,56.11,177.69,0.04935,0.00781,cls_root_unit,,,1.0,,,0.05
glue|roberta-base|cola_wide|AB|t26|s14|confirm,glue,roberta-base,cola_wide,cola,AB,confirm,26,14,mcc,curvature=4.0;feature_mode=cls_root_unit;gat_hidden_dim=128;graph_curvature=1.0;graph_metric=poincare;hyperbolic_readout=1;jk_mode=cat;learnable_curvature=1;lr=0.001;num_layers=4;proj_dim=256;readout_clip=1.0;readout_scale=0;rho_quantile=0.05;scorer_hidden=128;weight_decay=1e-05,4.0,128,poincare,1,cat,1,0.001,4,256,1.0,0,128,,1e-05,54.47,177.85,0.04888,0.01172,cls_root_unit,,,1.0,,,0.05
glue|roberta-base|cola_wide|AB|t26|s15|confirm,glue,roberta-base,cola_wide,cola,AB,confirm,26,15,mcc,curvature=4.0;feature_mode=cls_root_unit;gat_hidden_dim=128;graph_curvature=1.0;graph_metric=poincare;hyperbolic_readout=1;jk_mode=cat;learnable_curvature=1;lr=0.001;num_layers=4;proj_dim=256;readout_clip=1.0;readout_scale=0;rho_quantile=0.05;scorer_hidden=128;weight_decay=1e-05,4.0,128,poincare,1,cat,1,0.001,4,256,1.0,0,128,,1e-05,57.37,177.53,0.04882,0.00781,cls_root_unit,,,1.0,,,0.05
glue|roberta-base|cola_wide|ABC|t36|s1|confirm,glue,roberta-base,cola_wide,cola,ABC,confirm,36,1,mcc,curvature=1.0;feature_mode=unit;gat_hidden_dim=256;gnn_input_clip=0.3;gnn_input_scale=0;graph_curvature=1.0;graph_metric=poincare;hyp_gnn_type=gcn;hyperbolic_gnn=1;hyperbolic_readout=1;jk_mode=cat;learnable_curvature=1;lr=0.001;num_layers=2;proj_dim=256;readout_clip=1.0;readout_scale=1;rho_quantile=0.05;scorer_hidden=128;weight_decay=0.0,1.0,256,poincare,1,cat,1,0.001,2,256,1.0,1,128,,0.0,51.33,194.73,0.04848,0.01172,unit,0.3,0,1.0,gcn,1,0.05
glue|roberta-base|cola_wide|ABC|t36|s2|confirm,glue,roberta-base,cola_wide,cola,ABC,confirm,36,2,mcc,curvature=1.0;feature_mode=unit;gat_hidden_dim=256;gnn_input_clip=0.3;gnn_input_scale=0;graph_curvature=1.0;graph_metric=poincare;hyp_gnn_type=gcn;hyperbolic_gnn=1;hyperbolic_readout=1;jk_mode=cat;learnable_curvature=1;lr=0.001;num_layers=2;proj_dim=256;readout_clip=1.0;readout_scale=1;rho_quantile=0.05;scorer_hidden=128;weight_decay=0.0,1.0,256,poincare,1,cat,1,0.001,2,256,1.0,1,128,,0.0,55.53,196.65,0.04901,0.00781,unit,0.3,0,1.0,gcn,1,0.05
glue|roberta-base|cola_wide|ABC|t36|s3|confirm,glue,roberta-base,cola_wide,cola,ABC,confirm,36,3,mcc,curvature=1.0;feature_mode=unit;gat_hidden_dim=256;gnn_input_clip=0.3;gnn_input_scale=0;graph_curvature=1.0;graph_metric=poincare;hyp_gnn_type=gcn;hyperbolic_gnn=1;hyperbolic_readout=1;jk_mode=cat;learnable_curvature=1;lr=0.001;num_layers=2;proj_dim=256;readout_clip=1.0;readout_scale=1;rho_quantile=0.05;scorer_hidden=128;weight_decay=0.0,1.0,256,poincare,1,cat,1,0.001,2,256,1.0,1,128,,0.0,51.9,196.91,0.04963,0.00781,unit,0.3,0,1.0,gcn,1,0.05
glue|roberta-base|cola_wide|ABC|t36|s4|confirm,glue,roberta-base,cola_wide,cola,ABC,confirm,36,4,mcc,curvature=1.0;feature_mode=unit;gat_hidden_dim=256;gnn_input_clip=0.3;gnn_input_scale=0;graph_curvature=1.0;graph_metric=poincare;hyp_gnn_type=gcn;hyperbolic_gnn=1;hyperbolic_readout=1;jk_mode=cat;learnable_curvature=1;lr=0.001;num_layers=2;proj_dim=256;readout_clip=1.0;readout_scale=1;rho_quantile=0.05;scorer_hidden=128;weight_decay=0.0,1.0,256,poincare,1,cat,1,0.001,2,256,1.0,1,128,,0.0,48.98,195.68,0.04906,0.00391,unit,0.3,0,1.0,gcn,1,0.05
glue|roberta-base|cola_wide|ABC|t36|s5|confirm,glue,roberta-base,cola_wide,cola,ABC,confirm,36,5,mcc,curvature=1.0;feature_mode=unit;gat_hidden_dim=256;gnn_input_clip=0.3;gnn_input_scale=0;graph_curvature=1.0;graph_metric=poincare;hyp_gnn_type=gcn;hyperbolic_gnn=1;hyperbolic_readout=1;jk_mode=cat;learnable_curvature=1;lr=0.001;num_layers=2;proj_dim=256;readout_clip=1.0;readout_scale=1;rho_quantile=0.05;scorer_hidden=128;weight_decay=0.0,1.0,256,poincare,1,cat,1,0.001,2,256,1.0,1,128,,0.0,50.62,194.94,0.04919,0.0,unit,0.3,0,1.0,gcn,1,0.05
glue|roberta-base|cola_wide|ABC|t36|s6|confirm,glue,roberta-base,cola_wide,cola,ABC,confirm,36,6,mcc,curvature=1.0;feature_mode=unit;gat_hidden_dim=256;gnn_input_clip=0.3;gnn_input_scale=0;graph_curvature=1.0;graph_metric=poincare;hyp_gnn_type=gcn;hyperbolic_gnn=1;hyperbolic_readout=1;jk_mode=cat;learnable_curvature=1;lr=0.001;num_layers=2;proj_dim=256;readout_clip=1.0;readout_scale=1;rho_quantile=0.05;scorer_hidden=128;weight_decay=0.0,1.0,256,poincare,1,cat,1,0.001,2,256,1.0,1,128,,0.0,49.34,194.96,0.04955,0.00391,unit,0.3,0,1.0,gcn,1,0.05
glue|roberta-base|cola_wide|ABC|t36|s7|confirm,glue,roberta-base,cola_wide,cola,ABC,confirm,36,7,mcc,curvature=1.0;feature_mode=unit;gat_hidden_dim=256;gnn_input_clip=0.3;gnn_input_scale=0;graph_curvature=1.0;graph_metric=poincare;hyp_gnn_type=gcn;hyperbolic_gnn=1;hyperbolic_readout=1;jk_mode=cat;learnable_curvature=1;lr=0.001;num_layers=2;proj_dim=256;readout_clip=1.0;readout_scale=1;rho_quantile=0.05;scorer_hidden=128;weight_decay=0.0,1.0,256,poincare,1,cat,1,0.001,2,256,1.0,1,128,,0.0,49.89,194.71,0.04784,0.01953,unit,0.3,0,1.0,gcn,1,0.05
glue|roberta-base|cola_wide|ABC|t36|s8|confirm,glue,roberta-base,cola_wide,cola,ABC,confirm,36,8,mcc,curvature=1.0;feature_mode=unit;gat_hidden_dim=256;gnn_input_clip=0.3;gnn_input_scale=0;graph_curvature=1.0;graph_metric=poincare;hyp_gnn_type=gcn;hyperbolic_gnn=1;hyperbolic_readout=1;jk_mode=cat;learnable_curvature=1;lr=0.001;num_layers=2;proj_dim=256;readout_clip=1.0;readout_scale=1;rho_quantile=0.05;scorer_hidden=128;weight_decay=0.0,1.0,256,poincare,1,cat,1,0.001,2,256,1.0,1,128,,0.0,49.88,193.93,0.04885,0.00391,unit,0.3,0,1.0,gcn,1,0.05
glue|roberta-base|cola_wide|ABC|t36|s9|confirm,glue,roberta-base,cola_wide,cola,ABC,confirm,36,9,mcc,curvature=1.0;feature_mode=unit;gat_hidden_dim=256;gnn_input_clip=0.3;gnn_input_scale=0;graph_curvature=1.0;graph_metric=poincare;hyp_gnn_type=gcn;hyperbolic_gnn=1;hyperbolic_readout=1;jk_mode=cat;learnable_curvature=1;lr=0.001;num_layers=2;proj_dim=256;readout_clip=1.0;readout_scale=1;rho_quantile=0.05;scorer_hidden=128;weight_decay=0.0,1.0,256,poincare,1,cat,1,0.001,2,256,1.0,1,128,,0.0,49.59,194.59,0.04933,0.00391,unit,0.3,0,1.0,gcn,1,0.05
glue|roberta-base|cola_wide|ABC|t36|s10|confirm,glue,roberta-base,cola_wide,cola,ABC,confirm,36,10,mcc,curvature=1.0;feature_mode=unit;gat_hidden_dim=256;gnn_input_clip=0.3;gnn_input_scale=0;graph_curvature=1.0;graph_metric=poincare;hyp_gnn_type=gcn;hyperbolic_gnn=1;hyperbolic_readout=1;jk_mode=cat;learnable_curvature=1;lr=0.001;num_layers=2;proj_dim=256;readout_clip=1.0;readout_scale=1;rho_quantile=0.05;scorer_hidden=128;weight_decay=0.0,1.0,256,poincare,1,cat,1,0.001,2,256,1.0,1,128,,0.0,53.85,196.69,0.04836,0.02344,unit,0.3,0,1.0,gcn,1,0.05
glue|roberta-base|cola_wide|ABC|t36|s11|confirm,glue,roberta-base,cola_wide,cola,ABC,confirm,36,11,mcc,curvature=1.0;feature_mode=unit;gat_hidden_dim=256;gnn_input_clip=0.3;gnn_input_scale=0;graph_curvature=1.0;graph_metric=poincare;hyp_gnn_type=gcn;hyperbolic_gnn=1;hyperbolic_readout=1;jk_mode=cat;learnable_curvature=1;lr=0.001;num_layers=2;proj_dim=256;readout_clip=1.0;readout_scale=1;rho_quantile=0.05;scorer_hidden=128;weight_decay=0.0,1.0,256,poincare,1,cat,1,0.001,2,256,1.0,1,128,,0.0,51.5,195.62,0.04868,0.01562,unit,0.3,0,1.0,gcn,1,0.05
glue|roberta-base|cola_wide|ABC|t36|s12|confirm,glue,roberta-base,cola_wide,cola,ABC,confirm,36,12,mcc,curvature=1.0;feature_mode=unit;gat_hidden_dim=256;gnn_input_clip=0.3;gnn_input_scale=0;graph_curvature=1.0;graph_metric=poincare;hyp_gnn_type=gcn;hyperbolic_gnn=1;hyperbolic_readout=1;jk_mode=cat;learnable_curvature=1;lr=0.001;num_layers=2;proj_dim=256;readout_clip=1.0;readout_scale=1;rho_quantile=0.05;scorer_hidden=128;weight_decay=0.0,1.0,256,poincare,1,cat,1,0.001,2,256,1.0,1,128,,0.0,52.43,197.51,0.04894,0.00781,unit,0.3,0,1.0,gcn,1,0.05
glue|roberta-base|cola_wide|ABC|t36|s13|confirm,glue,roberta-base,cola_wide,cola,ABC,confirm,36,13,mcc,curvature=1.0;feature_mode=unit;gat_hidden_dim=256;gnn_input_clip=0.3;gnn_input_scale=0;graph_curvature=1.0;graph_metric=poincare;hyp_gnn_type=gcn;hyperbolic_gnn=1;hyperbolic_readout=1;jk_mode=cat;learnable_curvature=1;lr=0.001;num_layers=2;proj_dim=256;readout_clip=1.0;readout_scale=1;rho_quantile=0.05;scorer_hidden=128;weight_decay=0.0,1.0,256,poincare,1,cat,1,0.001,2,256,1.0,1,128,,0.0,50.92,196.92,0.04921,0.00781,unit,0.3,0,1.0,gcn,1,0.05
glue|roberta-base|cola_wide|ABC|t36|s14|confirm,glue,roberta-base,cola_wide,cola,ABC,confirm,36,14,mcc,curvature=1.0;feature_mode=unit;gat_hidden_dim=256;gnn_input_clip=0.3;gnn_input_scale=0;graph_curvature=1.0;graph_metric=poincare;hyp_gnn_type=gcn;hyperbolic_gnn=1;hyperbolic_readout=1;jk_mode=cat;learnable_curvature=1;lr=0.001;num_layers=2;proj_dim=256;readout_clip=1.0;readout_scale=1;rho_quantile=0.05;scorer_hidden=128;weight_decay=0.0,1.0,256,poincare,1,cat,1,0.001,2,256,1.0,1,128,,0.0,50.43,199.17,0.04894,0.00781,unit,0.3,0,1.0,gcn,1,0.05
glue|roberta-base|cola_wide|ABC|t36|s15|confirm,glue,roberta-base,cola_wide,cola,ABC,confirm,36,15,mcc,curvature=1.0;feature_mode=unit;gat_hidden_dim=256;gnn_input_clip=0.3;gnn_input_scale=0;graph_curvature=1.0;graph_metric=poincare;hyp_gnn_type=gcn;hyperbolic_gnn=1;hyperbolic_readout=1;jk_mode=cat;learnable_curvature=1;lr=0.001;num_layers=2;proj_dim=256;readout_clip=1.0;readout_scale=1;rho_quantile=0.05;scorer_hidden=128;weight_decay=0.0,1.0,256,poincare,1,cat,1,0.001,2,256,1.0,1,128,,0.0,53.11,196.99,0.04906,0.00391,unit,0.3,0,1.0,gcn,1,0.05
