run_key,target,model,setting,task,arm,stage,trial,seed,metric,detail,curvature,gat_hidden_dim,graph_metric,hyperbolic_readout,jk_mode,learnable_curvature,lr,num_layers,proj_dim,readout_clip,readout_scale,scorer_hidden,tau_quantile,weight_decay,score,elapsed_sec,mean_density,empty_frac,feature_mode,gnn_input_clip,gnn_input_scale,graph_curvature,hyp_gnn_type,hyperbolic_gnn,rho_quantile
glue|roberta-base|stsb_wide|B|t0|s42|tune,glue,roberta-base,stsb_wide,stsb,B,tune,0,42,spearman,curvature=0.25;gat_hidden_dim=256;graph_metric=cosine;hyperbolic_readout=1;jk_mode=cat;learnable_curvature=0;lr=2e-05;num_layers=4;proj_dim=128;readout_clip=0.0;readout_scale=1;scorer_hidden=128;tau_quantile=0.05;weight_decay=0.0,0.25,256,cosine,1,cat,0,2e-05,4,128,0.0,1,128,0.05,0.0,79.03,211.16,0.05079,0.0,,,,,,,
glue|roberta-base|stsb_wide|B|t1|s42|tune,glue,roberta-base,stsb_wide,stsb,B,tune,1,42,spearman,curvature=4.0;gat_hidden_dim=128;graph_metric=cosine;hyperbolic_readout=1;jk_mode=cat;learnable_curvature=1;lr=0.0002;num_layers=2;proj_dim=512;readout_clip=0.7;readout_scale=1;scorer_hidden=128;tau_quantile=0.1;weight_decay=5e-05,4.0,128,cosine,1,cat,1,0.0002,2,512,0.7,1,128,0.1,5e-05,81.55,208.78,0.10175,0.0,,,,,,,
glue|roberta-base|stsb_wide|B|t2|s42|tune,glue,roberta-base,stsb_wide,stsb,B,tune,2,42,spearman,curvature=4.0;gat_hidden_dim=64;graph_metric=cosine;hyperbolic_readout=1;jk_mode=cat;learnable_curvature=0;lr=0.0002;num_layers=4;proj_dim=512;readout_clip=1.0;readout_scale=0;scorer_hidden=128;tau_quantile=0.2;weight_decay=0.0,4.0,64,cosine,1,cat,0,0.0002,4,512,1.0,0,128,0.2,0.0,80.9,209.16,0.19691,0.0,,,,,,,
glue|roberta-base|stsb_wide|B|t3|s42|tune,glue,roberta-base,stsb_wide,stsb,B,tune,3,42,spearman,curvature=4.0;gat_hidden_dim=64;graph_metric=cosine;hyperbolic_readout=1;jk_mode=cat;learnable_curvature=1;lr=2e-05;num_layers=4;proj_dim=128;readout_clip=1.0;readout_scale=1;scorer_hidden=128;tau_quantile=0.38;weight_decay=0.0,4.0,64,cosine,1,cat,1,2e-05,4,128,1.0,1,128,0.38,0.0,63.66,212.93,0.37675,0.0,,,,,,,
glue|roberta-base|stsb_wide|B|t4|s42|tune,glue,roberta-base,stsb_wide,stsb,B,tune,4,42,spearman,curvature=1.0;gat_hidden_dim=256;graph_metric=cosine;hyperbolic_readout=1;jk_mode=max;learnable_curvature=1;lr=0.0002;num_layers=4;proj_dim=128;readout_clip=0.3;readout_scale=1;scorer_hidden=256;tau_quantile=0.05;weight_decay=1e-05,1.0,256,cosine,1,max,1,0.0002,4,128,0.3,1,256,0.05,1e-05,76.62,213.41,0.05123,0.0,,,,,,,
glue|roberta-base|stsb_wide|B|t5|s42|tune,glue,roberta-base,stsb_wide,stsb,B,tune,5,42,spearman,curvature=1.0;gat_hidden_dim=256;graph_metric=cosine;hyperbolic_readout=1;jk_mode=cat;learnable_curvature=0;lr=0.0002;num_layers=4;proj_dim=512;readout_clip=0.3;readout_scale=0;scorer_hidden=256;tau_quantile=0.1;weight_decay=0.0,1.0,256,cosine,1,cat,0,0.0002,4,512,0.3,0,256,0.1,0.0,76.33,212.25,0.10188,0.0,,,,,,,
glue|roberta-base|stsb_wide|B|t6|s42|tune,glue,roberta-base,stsb_wide,stsb,B,tune,6,42,spearman,curvature=0.25;gat_hidden_dim=256;graph_metric=cosine;hyperbolic_readout=1;jk_mode=max;learnable_curvature=0;lr=0.001;num_layers=2;proj_dim=512;readout_clip=1.0;readout_scale=0;scorer_hidden=256;tau_quantile=0.2;weight_decay=5e-05,0.25,256,cosine,1,max,0,0.001,2,512,1.0,0,256,0.2,5e-05,77.13,207.17,0.1967,0.0,,,,,,,
glue|roberta-base|stsb_wide|B|t7|s42|tune,glue,roberta-base,stsb_wide,stsb,B,tune,7,42,spearman,curvature=4.0;gat_hidden_dim=64;graph_metric=cosine;hyperbolic_readout=1;jk_mode=cat;learnable_curvature=0;lr=0.0002;num_layers=2;proj_dim=256;readout_clip=0.3;readout_scale=1;scorer_hidden=128;tau_quantile=0.05;weight_decay=0.0,4.0,64,cosine,1,cat,0,0.0002,2,256,0.3,1,128,0.05,0.0,75.35,207.93,0.05081,0.0,,,,,,,
glue|roberta-base|stsb_wide|B|t8|s42|tune,glue,roberta-base,stsb_wide,stsb,B,tune,8,42,spearman,curvature=1.0;gat_hidden_dim=256;graph_metric=cosine;hyperbolic_readout=1;jk_mode=max;learnable_curvature=0;lr=0.0002;num_layers=4;proj_dim=512;readout_clip=1.0;readout_scale=0;scorer_hidden=128;tau_quantile=0.38;weight_decay=0.0,1.0,256,cosine,1,max,0,0.0002,4,512,1.0,0,128,0.38,0.0,79.02,209.53,0.37589,0.0,,,,,,,
glue|roberta-base|stsb_wide|B|t9|s42|tune,glue,roberta-base,stsb_wide,stsb,B,tune,9,42,spearman,curvature=1.0;gat_hidden_dim=256;graph_metric=cosine;hyperbolic_readout=1;jk_mode=cat;learnable_curvature=0;lr=0.001;num_layers=2;proj_dim=256;readout_clip=0.0;readout_scale=0;scorer_hidden=128;tau_quantile=0.38;weight_decay=1e-05,1.0,256,cosine,1,cat,0,0.001,2,256,0.0,0,128,0.38,1e-05,76.61,206.6,0.3761,0.0,,,,,,,
glue|roberta-base|stsb_wide|B|t10|s42|tune,glue,roberta-base,stsb_wide,stsb,B,tune,10,42,spearman,curvature=4.0;gat_hidden_dim=128;graph_metric=cosine;hyperbolic_readout=1;jk_mode=cat;learnable_curvature=0;lr=0.0002;num_layers=2;proj_dim=512;readout_clip=0.3;readout_scale=1;scorer_hidden=128;tau_quantile=0.2;weight_decay=1e-05,4.0,128,cosine,1,cat,0,0.0002,2,512,0.3,1,128,0.2,1e-05,78.31,206.64,0.1959,0.0,,,,,,,
glue|roberta-base|stsb_wide|B|t11|s42|tune,glue,roberta-base,stsb_wide,stsb,B,tune,11,42,spearman,curvature=0.25;gat_hidden_dim=128;graph_metric=cosine;hyperbolic_readout=1;jk_mode=max;learnable_curvature=1;lr=0.001;num_layers=4;proj_dim=128;readout_clip=0.3;readout_scale=0;scorer_hidden=256;tau_quantile=0.05;weight_decay=5e-05,0.25,128,cosine,1,max,1,0.001,4,128,0.3,0,256,0.05,5e-05,73.76,212.92,0.05089,0.0,,,,,,,
glue|roberta-base|stsb_wide|B|t12|s42|tune,glue,roberta-base,stsb_wide,stsb,B,tune,12,42,spearman,curvature=1.0;gat_hidden_dim=128;graph_metric=cosine;hyperbolic_readout=1;jk_mode=cat;learnable_curvature=1;lr=2e-05;num_layers=4;proj_dim=128;readout_clip=0.7;readout_scale=0;scorer_hidden=256;tau_quantile=0.1;weight_decay=5e-05,1.0,128,cosine,1,cat,1,2e-05,4,128,0.7,0,256,0.1,5e-05,72.61,211.9,0.10163,0.0,,,,,,,
glue|roberta-base|stsb_wide|B|t13|s42|tune,glue,roberta-base,stsb_wide,stsb,B,tune,13,42,spearman,curvature=0.25;gat_hidden_dim=64;graph_metric=cosine;hyperbolic_readout=1;jk_mode=cat;learnable_curvature=0;lr=0.001;num_layers=2;proj_dim=128;readout_clip=0.0;readout_scale=1;scorer_hidden=256;tau_quantile=0.05;weight_decay=5e-05,0.25,64,cosine,1,cat,0,0.001,2,128,0.0,1,256,0.05,5e-05,80.71,211.48,0.05081,0.0,,,,,,,
glue|roberta-base|stsb_wide|B|t14|s42|tune,glue,roberta-base,stsb_wide,stsb,B,tune,14,42,spearman,curvature=1.0;gat_hidden_dim=64;graph_metric=cosine;hyperbolic_readout=1;jk_mode=max;learnable_curvature=0;lr=0.001;num_layers=4;proj_dim=128;readout_clip=1.0;readout_scale=0;scorer_hidden=128;tau_quantile=0.38;weight_decay=1e-05,1.0,64,cosine,1,max,0,0.001,4,128,1.0,0,128,0.38,1e-05,73.6,210.16,0.37606,0.0,,,,,,,
glue|roberta-base|stsb_wide|B|t15|s42|tune,glue,roberta-base,stsb_wide,stsb,B,tune,15,42,spearman,curvature=1.0;gat_hidden_dim=128;graph_metric=cosine;hyperbolic_readout=1;jk_mode=max;learnable_curvature=0;lr=2e-05;num_layers=4;proj_dim=256;readout_clip=0.0;readout_scale=1;scorer_hidden=256;tau_quantile=0.025;weight_decay=1e-05,1.0,128,cosine,1,max,0,2e-05,4,256,0.0,1,256,0.025,1e-05,62.15,211.68,0.02737,0.0,,,,,,,
glue|roberta-base|stsb_wide|B|t16|s42|tune,glue,roberta-base,stsb_wide,stsb,B,tune,16,42,spearman,curvature=1.0;gat_hidden_dim=64;graph_metric=cosine;hyperbolic_readout=1;jk_mode=cat;learnable_curvature=1;lr=2e-05;num_layers=2;proj_dim=128;readout_clip=1.0;readout_scale=0;scorer_hidden=128;tau_quantile=0.2;weight_decay=1e-05,1.0,64,cosine,1,cat,1,2e-05,2,128,1.0,0,128,0.2,1e-05,67.05,205.38,0.19628,0.0,,,,,,,
glue|roberta-base|stsb_wide|B|t17|s42|tune,glue,roberta-base,stsb_wide,stsb,B,tune,17,42,spearman,curvature=0.25;gat_hidden_dim=64;graph_metric=cosine;hyperbolic_readout=1;jk_mode=max;learnable_curvature=0;lr=0.001;num_layers=2;proj_dim=512;readout_clip=0.0;readout_scale=1;scorer_hidden=128;tau_quantile=0.1;weight_decay=1e-05,0.25,64,cosine,1,max,0,0.001,2,512,0.0,1,128,0.1,1e-05,67.91,206.64,0.10103,0.0,,,,,,,
glue|roberta-base|stsb_wide|B|t18|s42|tune,glue,roberta-base,stsb_wide,stsb,B,tune,18,42,spearman,curvature=4.0;gat_hidden_dim=64;graph_metric=cosine;hyperbolic_readout=1;jk_mode=cat;learnable_curvature=1;lr=0.001;num_layers=4;proj_dim=512;readout_clip=0.7;readout_scale=0;scorer_hidden=128;tau_quantile=0.38;weight_decay=5e-05,4.0,64,cosine,1,cat,1,0.001,4,512,0.7,0,128,0.38,5e-05,75.03,210.55,0.37675,0.0,,,,,,,
glue|roberta-base|stsb_wide|B|t19|s42|tune,glue,roberta-base,stsb_wide,stsb,B,tune,19,42,spearman,curvature=0.25;gat_hidden_dim=64;graph_metric=cosine;hyperbolic_readout=1;jk_mode=max;learnable_curvature=0;lr=0.001;num_layers=2;proj_dim=512;readout_clip=0.7;readout_scale=1;scorer_hidden=256;tau_quantile=0.38;weight_decay=1e-05,0.25,64,cosine,1,max,0,0.001,2,512,0.7,1,256,0.38,1e-05,65.07,207.71,0.37716,0.0,,,,,,,
glue|roberta-base|stsb_wide|B|t20|s42|tune,glue,roberta-base,stsb_wide,stsb,B,tune,20,42,spearman,curvature=4.0;gat_hidden_dim=64;graph_metric=cosine;hyperbolic_readout=1;jk_mode=cat;learnable_curvature=1;lr=0.0002;num_layers=2;proj_dim=512;readout_clip=1.0;readout_scale=1;scorer_hidden=128;tau_quantile=0.05;weight_decay=5e-05,4.0,64,cosine,1,cat,1,0.0002,2,512,1.0,1,128,0.05,5e-05,79.71,208.61,0.05081,0.0,,,,,,,
glue|roberta-base|stsb_wide|B|t21|s42|tune,glue,roberta-base,stsb_wide,stsb,B,tune,21,42,spearman,curvature=0.25;gat_hidden_dim=256;graph_metric=cosine;hyperbolic_readout=1;jk_mode=cat;learnable_curvature=0;lr=0.0002;num_layers=2;proj_dim=128;readout_clip=0.7;readout_scale=0;scorer_hidden=128;tau_quantile=0.025;weight_decay=0.0,0.25,256,cosine,1,cat,0,0.0002,2,128,0.7,0,128,0.025,0.0,82.09,206.74,0.02758,0.0,,,,,,,
glue|roberta-base|stsb_wide|B|t22|s42|tune,glue,roberta-base,stsb_wide,stsb,B,tune,22,42,spearman,curvature=0.25;gat_hidden_dim=256;graph_metric=cosine;hyperbolic_readout=1;jk_mode=max;learnable_curvature=0;lr=0.001;num_layers=2;proj_dim=128;readout_clip=0.7;readout_scale=0;scorer_hidden=128;tau_quantile=0.1;weight_decay=1e-05,0.25,256,cosine,1,max,0,0.001,2,128,0.7,0,128,0.1,1e-05,75.13,206.7,0.10216,0.0,,,,,,,
glue|roberta-base|stsb_wide|B|t23|s42|tune,glue,roberta-base,stsb_wide,stsb,B,tune,23,42,spearman,curvature=0.25;gat_hidden_dim=256;graph_metric=cosine;hyperbolic_readout=1;jk_mode=max;learnable_curvature=0;lr=0.001;num_layers=2;proj_dim=256;readout_clip=1.0;readout_scale=1;scorer_hidden=128;tau_quantile=0.2;weight_decay=0.0,0.25,256,cosine,1,max,0,0.001,2,256,1.0,1,128,0.2,0.0,76.47,209.1,0.1967,0.0,,,,,,,
glue|roberta-base|stsb_wide|B|t24|s42|tune,glue,roberta-base,stsb_wide,stsb,B,tune,24,42,spearman,curvature=4.0;gat_hidden_dim=128;graph_metric=cosine;hyperbolic_readout=1;jk_mode=cat;learnable_curvature=0;lr=2e-05;num_layers=4;proj_dim=128;readout_clip=0.7;readout_scale=0;scorer_hidden=128;tau_quantile=0.05;weight_decay=1e-05,4.0,128,cosine,1,cat,0,2e-05,4,128,0.7,0,128,0.05,1e-05,64.81,209.15,0.05108,0.0,,,,,,,
glue|roberta-base|stsb_wide|B|t25|s42|tune,glue,roberta-base,stsb_wide,stsb,B,tune,25,42,spearman,curvature=4.0;gat_hidden_dim=64;graph_metric=cosine;hyperbolic_readout=1;jk_mode=max;learnable_curvature=0;lr=0.0002;num_layers=4;proj_dim=128;readout_clip=1.0;readout_scale=0;scorer_hidden=256;tau_quantile=0.025;weight_decay=0.0,4.0,64,cosine,1,max,0,0.0002,4,128,1.0,0,256,0.025,0.0,72.07,212.23,0.02721,0.0,,,,,,,
glue|roberta-base|stsb_wide|B|t26|s42|tune,glue,roberta-base,stsb_wide,stsb,B,tune,26,42,spearman,curvature=0.25;gat_hidden_dim=64;graph_metric=cosine;hyperbolic_readout=1;jk_mode=max;learnable_curvature=0;lr=0.0002;num_layers=4;proj_dim=256;readout_clip=0.0;readout_scale=1;scorer_hidden=128;tau_quantile=0.1;weight_decay=1e-05,0.25,64,cosine,1,max,0,0.0002,4,256,0.0,1,128,0.1,1e-05,68.05,209.83,0.10132,0.0,,,,,,,
glue|roberta-base|stsb_wide|B|t27|s42|tune,glue,roberta-base,stsb_wide,stsb,B,tune,27,42,spearman,curvature=0.25;gat_hidden_dim=256;graph_metric=cosine;hyperbolic_readout=1;jk_mode=cat;learnable_curvature=1;lr=2e-05;num_layers=2;proj_dim=128;readout_clip=0.7;readout_scale=0;scorer_hidden=256;tau_quantile=0.025;weight_decay=1e-05,0.25,256,cosine,1,cat,1,2e-05,2,128,0.7,0,256,0.025,1e-05,74.71,205.05,0.02758,0.0,,,,,,,
glue|roberta-base|stsb_wide|B|t28|s42|tune,glue,roberta-base,stsb_wide,stsb,B,tune,28,42,spearman,curvature=1.0;gat_hidden_dim=256;graph_metric=cosine;hyperbolic_readout=1;jk_mode=cat;learnable_curvature=1;lr=2e-05;num_layers=4;proj_dim=512;readout_clip=0.0;readout_scale=1;scorer_hidden=128;tau_quantile=0.05;weight_decay=1e-05,1.0,256,cosine,1,cat,1,2e-05,4,512,0.0,1,128,0.05,1e-05,76.23,210.86,0.05079,0.0,,,,,,,
glue|roberta-base|stsb_wide|B|t29|s42|tune,glue,roberta-base,stsb_wide,stsb,B,tune,29,42,spearman,curvature=4.0;gat_hidden_dim=64;graph_metric=cosine;hyperbolic_readout=1;jk_mode=cat;learnable_curvature=1;lr=0.001;num_layers=4;proj_dim=128;readout_clip=1.0;readout_scale=1;scorer_hidden=256;tau_quantile=0.05;weight_decay=5e-05,4.0,64,cosine,1,cat,1,0.001,4,128,1.0,1,256,0.05,5e-05,77.33,211.49,0.0508,0.0,,,,,,,
glue|roberta-base|stsb_wide|B|t30|s42|tune,glue,roberta-base,stsb_wide,stsb,B,tune,30,42,spearman,curvature=4.0;gat_hidden_dim=64;graph_metric=cosine;hyperbolic_readout=1;jk_mode=max;learnable_curvature=1;lr=0.001;num_layers=2;proj_dim=128;readout_clip=0.7;readout_scale=0;scorer_hidden=128;tau_quantile=0.025;weight_decay=5e-05,4.0,64,cosine,1,max,1,0.001,2,128,0.7,0,128,0.025,5e-05,70.48,205.94,0.02719,0.0,,,,,,,
glue|roberta-base|stsb_wide|B|t31|s42|tune,glue,roberta-base,stsb_wide,stsb,B,tune,31,42,spearman,curvature=1.0;gat_hidden_dim=64;graph_metric=cosine;hyperbolic_readout=1;jk_mode=cat;learnable_curvature=0;lr=2e-05;num_layers=4;proj_dim=128;readout_clip=0.3;readout_scale=1;scorer_hidden=256;tau_quantile=0.38;weight_decay=5e-05,1.0,64,cosine,1,cat,0,2e-05,4,128,0.3,1,256,0.38,5e-05,62.22,208.79,0.37675,0.0,,,,,,,
glue|roberta-base|stsb_wide|B|t32|s42|tune,glue,roberta-base,stsb_wide,stsb,B,tune,32,42,spearman,curvature=4.0;gat_hidden_dim=64;graph_metric=cosine;hyperbolic_readout=1;jk_mode=max;learnable_curvature=0;lr=0.0002;num_layers=2;proj_dim=512;readout_clip=1.0;readout_scale=0;scorer_hidden=256;tau_quantile=0.2;weight_decay=1e-05,4.0,64,cosine,1,max,0,0.0002,2,512,1.0,0,256,0.2,1e-05,67.87,203.86,0.19697,0.0,,,,,,,
glue|roberta-base|stsb_wide|B|t33|s42|tune,glue,roberta-base,stsb_wide,stsb,B,tune,33,42,spearman,curvature=4.0;gat_hidden_dim=256;graph_metric=cosine;hyperbolic_readout=1;jk_mode=cat;learnable_curvature=0;lr=0.001;num_layers=4;proj_dim=512;readout_clip=0.0;readout_scale=1;scorer_hidden=256;tau_quantile=0.2;weight_decay=5e-05,4.0,256,cosine,1,cat,0,0.001,4,512,0.0,1,256,0.2,5e-05,62.73,208.48,0.19694,0.0,,,,,,,
glue|roberta-base|stsb_wide|B|t34|s42|tune,glue,roberta-base,stsb_wide,stsb,B,tune,34,42,spearman,curvature=0.25;gat_hidden_dim=256;graph_metric=cosine;hyperbolic_readout=1;jk_mode=cat;learnable_curvature=1;lr=2e-05;num_layers=2;proj_dim=512;readout_clip=0.7;readout_scale=0;scorer_hidden=256;tau_quantile=0.38;weight_decay=1e-05,0.25,256,cosine,1,cat,1,2e-05,2,512,0.7,0,256,0.38,1e-05,75.5,207.79,0.3761,0.0,,,,,,,
glue|roberta-base|stsb_wide|B|t35|s42|tune,glue,roberta-base,stsb_wide,stsb,B,tune,35,42,spearman,curvature=1.0;gat_hidden_dim=64;graph_metric=cosine;hyperbolic_readout=1;jk_mode=cat;learnable_curvature=1;lr=0.0002;num_layers=2;proj_dim=128;readout_clip=1.0;readout_scale=0;scorer_hidden=128;tau_quantile=0.025;weight_decay=1e-05,1.0,64,cosine,1,cat,1,0.0002,2,128,1.0,0,128,0.025,1e-05,82.46,208.71,0.02831,0.0,,,,,,,
glue|roberta-base|stsb_wide|B|t36|s42|tune,glue,roberta-base,stsb_wide,stsb,B,tune,36,42,spearman,curvature=1.0;gat_hidden_dim=64;graph_metric=cosine;hyperbolic_readout=1;jk_mode=max;learnable_curvature=1;lr=0.001;num_layers=4;proj_dim=128;readout_clip=0.7;readout_scale=1;scorer_hidden=256;tau_quantile=0.2;weight_decay=5e-05,1.0,64,cosine,1,max,1,0.001,4,128,0.7,1,256,0.2,5e-05,71.49,210.93,0.19708,0.0,,,,,,,
glue|roberta-base|stsb_wide|B|t37|s42|tune,glue,roberta-base,stsb_wide,stsb,B,tune,37,42,spearman,curvature=0.25;gat_hidden_dim=256;graph_metric=cosine;hyperbolic_readout=1;jk_mode=max;learnable_curvature=0;lr=0.001;num_layers=2;proj_dim=512;readout_clip=0.3;readout_scale=1;scorer_hidden=128;tau_quantile=0.025;weight_decay=5e-05,0.25,256,cosine,1,max,0,0.001,2,512,0.3,1,128,0.025,5e-05,72.75,205.46,0.02791,0.0,,,,,,,
glue|roberta-base|stsb_wide|B|t38|s42|tune,glue,roberta-base,stsb_wide,stsb,B,tune,38,42,spearman,curvature=0.25;gat_hidden_dim=64;graph_metric=cosine;hyperbolic_readout=1;jk_mode=cat;learnable_curvature=0;lr=0.001;num_layers=4;proj_dim=128;readout_clip=1.0;readout_scale=1;scorer_hidden=256;tau_quantile=0.025;weight_decay=5e-05,0.25,64,cosine,1,cat,0,0.001,4,128,1.0,1,256,0.025,5e-05,80.34,209.54,0.02785,0.0,,,,,,,
glue|roberta-base|stsb_wide|B|t39|s42|tune,glue,roberta-base,stsb_wide,stsb,B,tune,39,42,spearman,curvature=1.0;gat_hidden_dim=128;graph_metric=cosine;hyperbolic_readout=1;jk_mode=max;learnable_curvature=0;lr=0.001;num_layers=2;proj_dim=128;readout_clip=0.3;readout_scale=1;scorer_hidden=128;tau_quantile=0.05;weight_decay=1e-05,1.0,128,cosine,1,max,0,0.001,2,128,0.3,1,128,0.05,1e-05,75.16,205.11,0.05069,0.0,,,,,,,
glue|roberta-base|stsb_wide|AC|t0|s42|tune,glue,roberta-base,stsb_wide,stsb,AC,tune,0,42,spearman,curvature=0.25;feature_mode=center;gat_hidden_dim=256;gnn_input_clip=0.7;gnn_input_scale=0;graph_curvature=1.0;graph_metric=poincare;hyp_gnn_type=gcn;hyperbolic_gnn=1;jk_mode=cat;lr=2e-05;num_layers=4;proj_dim=256;rho_quantile=0.025;scorer_hidden=128;weight_decay=5e-05,0.25,256,poincare,,cat,,2e-05,4,256,,,128,,5e-05,75.99,292.35,0.0266,0.0,center,0.7,0,1.0,gcn,1,0.025
glue|roberta-base|stsb_wide|AC|t1|s42|tune,glue,roberta-base,stsb_wide,stsb,AC,tune,1,42,spearman,curvature=1.0;feature_mode=center;gat_hidden_dim=64;gnn_input_clip=0.3;gnn_input_scale=0;graph_curvature=2.25;graph_metric=poincare;hyp_gnn_type=gat;hyperbolic_gnn=1;jk_mode=cat;lr=2e-05;num_layers=4;proj_dim=512;rho_quantile=0.05;scorer_hidden=128;weight_decay=1e-05,1.0,64,poincare,,cat,,2e-05,4,512,,,128,,1e-05,68.51,282.39,0.04823,0.0,center,0.3,0,2.25,gat,1,0.05
glue|roberta-base|stsb_wide|AC|t2|s42|tune,glue,roberta-base,stsb_wide,stsb,AC,tune,2,42,spearman,curvature=0.25;feature_mode=center;gat_hidden_dim=128;gnn_input_clip=1.0;gnn_input_scale=0;graph_curvature=0.25;graph_metric=poincare;hyp_gnn_type=gat;hyperbolic_gnn=1;jk_mode=max;lr=2e-05;num_layers=4;proj_dim=256;rho_quantile=0.025;scorer_hidden=128;weight_decay=0.0,0.25,128,poincare,,max,,2e-05,4,256,,,128,,0.0,61.87,282.04,0.02638,0.00781,center,1.0,0,0.25,gat,1,0.025
glue|roberta-base|stsb_wide|AC|t3|s42|tune,glue,roberta-base,stsb_wide,stsb,AC,tune,3,42,spearman,curvature=4.0;feature_mode=center_unit;gat_hidden_dim=256;gnn_input_clip=1.0;gnn_input_scale=0;graph_curvature=1.0;graph_metric=poincare;hyp_gnn_type=gcn;hyperbolic_gnn=1;jk_mode=max;lr=2e-05;num_layers=2;proj_dim=128;rho_quantile=0.38;scorer_hidden=128;weight_decay=0.0,4.0,256,poincare,,max,,2e-05,2,128,,,128,,0.0,66.49,267.79,0.37362,0.0,center_unit,1.0,0,1.0,gcn,1,0.38
glue|roberta-base|stsb_wide|AC|t4|s42|tune,glue,roberta-base,stsb_wide,stsb,AC,tune,4,42,spearman,curvature=1.0;feature_mode=unit;gat_hidden_dim=64;gnn_input_clip=0.0;gnn_input_scale=0;graph_curvature=4.0;graph_metric=poincare;hyp_gnn_type=gcn;hyperbolic_gnn=1;jk_mode=max;lr=0.001;num_layers=2;proj_dim=256;rho_quantile=0.025;scorer_hidden=128;weight_decay=0.0,1.0,64,poincare,,max,,0.001,2,256,,,128,,0.0,75.32,267.53,0.02646,0.00781,unit,0.0,0,4.0,gcn,1,0.025
glue|roberta-base|stsb_wide|AC|t5|s42|tune,glue,roberta-base,stsb_wide,stsb,AC,tune,5,42,spearman,curvature=1.0;feature_mode=center;gat_hidden_dim=128;gnn_input_clip=1.0;gnn_input_scale=1;graph_curvature=2.25;graph_metric=poincare;hyp_gnn_type=gat;hyperbolic_gnn=1;jk_mode=max;lr=0.001;num_layers=2;proj_dim=256;rho_quantile=0.38;scorer_hidden=128;weight_decay=0.0,1.0,128,poincare,,max,,0.001,2,256,,,128,,0.0,75.05,262.91,0.37125,0.0,center,1.0,1,2.25,gat,1,0.38
glue|roberta-base|stsb_wide|AC|t6|s42|tune,glue,roberta-base,stsb_wide,stsb,AC,tune,6,42,spearman,curvature=1.0;feature_mode=center;gat_hidden_dim=128;gnn_input_clip=0.0;gnn_input_scale=0;graph_curvature=1.0;graph_metric=poincare;hyp_gnn_type=gcn;hyperbolic_gnn=1;jk_mode=cat;lr=2e-05;num_layers=4;proj_dim=256;rho_quantile=0.2;scorer_hidden=256;weight_decay=5e-05,1.0,128,poincare,,cat,,2e-05,4,256,,,256,,5e-05,76.25,294.94,0.19484,0.0,center,0.0,0,1.0,gcn,1,0.2
glue|roberta-base|stsb_wide|AC|t7|s42|tune,glue,roberta-base,stsb_wide,stsb,AC,tune,7,42,spearman,curvature=0.25;feature_mode=center;gat_hidden_dim=128;gnn_input_clip=0.7;gnn_input_scale=1;graph_curvature=9.0;graph_metric=poincare;hyp_gnn_type=gat;hyperbolic_gnn=1;jk_mode=cat;lr=0.0002;num_layers=4;proj_dim=512;rho_quantile=0.2;scorer_hidden=128;weight_decay=0.0,0.25,128,poincare,,cat,,0.0002,4,512,,,128,,0.0,83.83,284.2,0.19414,0.0,center,0.7,1,9.0,gat,1,0.2
glue|roberta-base|stsb_wide|AC|t8|s42|tune,glue,roberta-base,stsb_wide,stsb,AC,tune,8,42,spearman,curvature=0.25;feature_mode=center_unit;gat_hidden_dim=128;gnn_input_clip=1.0;gnn_input_scale=0;graph_curvature=4.0;graph_metric=poincare;hyp_gnn_type=gat;hyperbolic_gnn=1;jk_mode=cat;lr=2e-05;num_layers=4;proj_dim=256;rho_quantile=0.05;scorer_hidden=256;weight_decay=1e-05,0.25,128,poincare,,cat,,2e-05,4,256,,,256,,1e-05,73.67,281.84,0.04929,0.0,center_unit,1.0,0,4.0,gat,1,0.05
glue|roberta-base|stsb_wide|AC|t9|s42|tune,glue,roberta-base,stsb_wide,stsb,AC,tune,9,42,spearman,curvature=4.0;feature_mode=unit;gat_hidden_dim=64;gnn_input_clip=0.0;gnn_input_scale=1;graph_curvature=9.0;graph_metric=poincare;hyp_gnn_type=gcn;hyperbolic_gnn=1;jk_mode=cat;lr=2e-05;num_layers=2;proj_dim=512;rho_quantile=0.2;scorer_hidden=256;weight_decay=0.0,4.0,64,poincare,,cat,,2e-05,2,512,,,256,,0.0,69.2,265.62,0.19557,0.0,unit,0.0,1,9.0,gcn,1,0.2
glue|roberta-base|stsb_wide|AC|t10|s42|tune,glue,roberta-base,stsb_wide,stsb,AC,tune,10,42,spearman,curvature=4.0;feature_mode=cls_root_unit;gat_hidden_dim=256;gnn_input_clip=0.7;gnn_input_scale=1;graph_curvature=2.25;graph_metric=poincare;hyp_gnn_type=gcn;hyperbolic_gnn=1;jk_mode=cat;lr=0.001;num_layers=4;proj_dim=128;rho_quantile=0.38;scorer_hidden=256;weight_decay=5e-05,4.0,256,poincare,,cat,,0.001,4,128,,,256,,5e-05,79.08,297.01,0.37292,0.0,cls_root_unit,0.7,1,2.25,gcn,1,0.38
glue|roberta-base|stsb_wide|AC|t11|s42|tune,glue,roberta-base,stsb_wide,stsb,AC,tune,11,42,spearman,curvature=0.25;feature_mode=center_unit;gat_hidden_dim=64;gnn_input_clip=0.3;gnn_input_scale=0;graph_curvature=2.25;graph_metric=poincare;hyp_gnn_type=gat;hyperbolic_gnn=1;jk_mode=cat;lr=0.0002;num_layers=2;proj_dim=512;rho_quantile=0.1;scorer_hidden=256;weight_decay=1e-05,0.25,64,poincare,,cat,,0.0002,2,512,,,256,,1e-05,83.57,261.48,0.10039,0.0,center_unit,0.3,0,2.25,gat,1,0.1
glue|roberta-base|stsb_wide|AC|t12|s42|tune,glue,roberta-base,stsb_wide,stsb,AC,tune,12,42,spearman,curvature=4.0;feature_mode=cls_root_unit;gat_hidden_dim=256;gnn_input_clip=0.0;gnn_input_scale=1;graph_curvature=4.0;graph_metric=poincare;hyp_gnn_type=gcn;hyperbolic_gnn=1;jk_mode=max;lr=0.0002;num_layers=4;proj_dim=128;rho_quantile=0.05;scorer_hidden=256;weight_decay=5e-05,4.0,256,poincare,,max,,0.0002,4,128,,,256,,5e-05,78.41,292.48,0.04895,0.0,cls_root_unit,0.0,1,4.0,gcn,1,0.05
glue|roberta-base|stsb_wide|AC|t13|s42|tune,glue,roberta-base,stsb_wide,stsb,AC,tune,13,42,spearman,curvature=1.0;feature_mode=unit;gat_hidden_dim=128;gnn_input_clip=0.3;gnn_input_scale=0;graph_curvature=1.0;graph_metric=poincare;hyp_gnn_type=gcn;hyperbolic_gnn=1;jk_mode=cat;lr=0.001;num_layers=2;proj_dim=512;rho_quantile=0.38;scorer_hidden=128;weight_decay=1e-05,1.0,128,poincare,,cat,,0.001,2,512,,,128,,1e-05,82.18,262.65,0.37314,0.0,unit,0.3,0,1.0,gcn,1,0.38
glue|roberta-base|stsb_wide|AC|t14|s42|tune,glue,roberta-base,stsb_wide,stsb,AC,tune,14,42,spearman,curvature=4.0;feature_mode=cls_root_unit;gat_hidden_dim=64;gnn_input_clip=0.7;gnn_input_scale=1;graph_curvature=1.0;graph_metric=poincare;hyp_gnn_type=gat;hyperbolic_gnn=1;jk_mode=max;lr=2e-05;num_layers=2;proj_dim=512;rho_quantile=0.38;scorer_hidden=128;weight_decay=0.0,4.0,64,poincare,,max,,2e-05,2,512,,,128,,0.0,52.98,265.36,0.37311,0.0,cls_root_unit,0.7,1,1.0,gat,1,0.38
glue|roberta-base|stsb_wide|AC|t15|s42|tune,glue,roberta-base,stsb_wide,stsb,AC,tune,15,42,spearman,curvature=0.25;feature_mode=center;gat_hidden_dim=256;gnn_input_clip=0.0;gnn_input_scale=0;graph_curvature=2.25;graph_metric=poincare;hyp_gnn_type=gcn;hyperbolic_gnn=1;jk_mode=cat;lr=2e-05;num_layers=2;proj_dim=128;rho_quantile=0.05;scorer_hidden=256;weight_decay=0.0,0.25,256,poincare,,cat,,2e-05,2,128,,,256,,0.0,77.91,264.73,0.04876,0.0,center,0.0,0,2.25,gcn,1,0.05
glue|roberta-base|stsb_wide|AC|t16|s42|tune,glue,roberta-base,stsb_wide,stsb,AC,tune,16,42,spearman,curvature=4.0;feature_mode=cls_root_unit;gat_hidden_dim=64;gnn_input_clip=0.7;gnn_input_scale=1;graph_curvature=2.25;graph_metric=poincare;hyp_gnn_type=gat;hyperbolic_gnn=1;jk_mode=max;lr=0.0002;num_layers=2;proj_dim=128;rho_quantile=0.025;scorer_hidden=256;weight_decay=0.0,4.0,64,poincare,,max,,0.0002,2,128,,,256,,0.0,62.5,261.62,0.02667,0.0,cls_root_unit,0.7,1,2.25,gat,1,0.025
glue|roberta-base|stsb_wide|AC|t17|s42|tune,glue,roberta-base,stsb_wide,stsb,AC,tune,17,42,spearman,curvature=0.25;feature_mode=center;gat_hidden_dim=128;gnn_input_clip=0.3;gnn_input_scale=0;graph_curvature=4.0;graph_metric=poincare;hyp_gnn_type=gcn;hyperbolic_gnn=1;jk_mode=cat;lr=2e-05;num_layers=4;proj_dim=256;rho_quantile=0.025;scorer_hidden=256;weight_decay=0.0,0.25,128,poincare,,cat,,2e-05,4,256,,,256,,0.0,72.69,289.07,0.02648,0.00391,center,0.3,0,4.0,gcn,1,0.025
glue|roberta-base|stsb_wide|AC|t18|s42|tune,glue,roberta-base,stsb_wide,stsb,AC,tune,18,42,spearman,curvature=1.0;feature_mode=cls_root_unit;gat_hidden_dim=256;gnn_input_clip=0.3;gnn_input_scale=1;graph_curvature=0.25;graph_metric=poincare;hyp_gnn_type=gat;hyperbolic_gnn=1;jk_mode=cat;lr=0.0002;num_layers=2;proj_dim=512;rho_quantile=0.05;scorer_hidden=256;weight_decay=0.0,1.0,256,poincare,,cat,,0.0002,2,512,,,256,,0.0,83.59,265.62,0.04935,0.0,cls_root_unit,0.3,1,0.25,gat,1,0.05
glue|roberta-base|stsb_wide|AC|t19|s42|tune,glue,roberta-base,stsb_wide,stsb,AC,tune,19,42,spearman,curvature=4.0;feature_mode=center;gat_hidden_dim=64;gnn_input_clip=0.0;gnn_input_scale=1;graph_curvature=0.25;graph_metric=poincare;hyp_gnn_type=gcn;hyperbolic_gnn=1;jk_mode=max;lr=2e-05;num_layers=2;proj_dim=512;rho_quantile=0.2;scorer_hidden=256;weight_decay=0.0,4.0,64,poincare,,max,,2e-05,2,512,,,256,,0.0,59.11,265.95,0.19592,0.0,center,0.0,1,0.25,gcn,1,0.2
glue|roberta-base|stsb_wide|AC|t20|s42|tune,glue,roberta-base,stsb_wide,stsb,AC,tune,20,42,spearman,curvature=1.0;feature_mode=center;gat_hidden_dim=256;gnn_input_clip=1.0;gnn_input_scale=0;graph_curvature=2.25;graph_metric=poincare;hyp_gnn_type=gcn;hyperbolic_gnn=1;jk_mode=max;lr=0.0002;num_layers=4;proj_dim=512;rho_quantile=0.1;scorer_hidden=256;weight_decay=1e-05,1.0,256,poincare,,max,,0.0002,4,512,,,256,,1e-05,77.66,292.79,0.09952,0.0,center,1.0,0,2.25,gcn,1,0.1
glue|roberta-base|stsb_wide|AC|t21|s42|tune,glue,roberta-base,stsb_wide,stsb,AC,tune,21,42,spearman,curvature=1.0;feature_mode=cls_root_unit;gat_hidden_dim=256;gnn_input_clip=0.0;gnn_input_scale=0;graph_curvature=1.0;graph_metric=poincare;hyp_gnn_type=gcn;hyperbolic_gnn=1;jk_mode=cat;lr=0.001;num_layers=2;proj_dim=256;rho_quantile=0.025;scorer_hidden=128;weight_decay=1e-05,1.0,256,poincare,,cat,,0.001,2,256,,,128,,1e-05,79.47,267.76,0.02608,0.01172,cls_root_unit,0.0,0,1.0,gcn,1,0.025
glue|roberta-base|stsb_wide|AC|t22|s42|tune,glue,roberta-base,stsb_wide,stsb,AC,tune,22,42,spearman,curvature=4.0;feature_mode=unit;gat_hidden_dim=256;gnn_input_clip=1.0;gnn_input_scale=1;graph_curvature=1.0;graph_metric=poincare;hyp_gnn_type=gat;hyperbolic_gnn=1;jk_mode=max;lr=0.0002;num_layers=2;proj_dim=512;rho_quantile=0.38;scorer_hidden=128;weight_decay=1e-05,4.0,256,poincare,,max,,0.0002,2,512,,,128,,1e-05,77.91,261.33,0.37376,0.0,unit,1.0,1,1.0,gat,1,0.38
glue|roberta-base|stsb_wide|AC|t23|s42|tune,glue,roberta-base,stsb_wide,stsb,AC,tune,23,42,spearman,curvature=4.0;feature_mode=unit;gat_hidden_dim=256;gnn_input_clip=0.0;gnn_input_scale=0;graph_curvature=1.0;graph_metric=poincare;hyp_gnn_type=gcn;hyperbolic_gnn=1;jk_mode=cat;lr=0.001;num_layers=2;proj_dim=256;rho_quantile=0.2;scorer_hidden=128;weight_decay=5e-05,4.0,256,poincare,,cat,,0.001,2,256,,,128,,5e-05,79.08,263.44,0.19603,0.0,unit,0.0,0,1.0,gcn,1,0.2
glue|roberta-base|stsb_wide|AC|t24|s42|tune,glue,roberta-base,stsb_wide,stsb,AC,tune,24,42,spearman,curvature=1.0;feature_mode=cls_root_unit;gat_hidden_dim=256;gnn_input_clip=0.0;gnn_input_scale=0;graph_curvature=0.25;graph_metric=poincare;hyp_gnn_type=gcn;hyperbolic_gnn=1;jk_mode=max;lr=0.0002;num_layers=2;proj_dim=512;rho_quantile=0.38;scorer_hidden=128;weight_decay=5e-05,1.0,256,poincare,,max,,0.0002,2,512,,,128,,5e-05,79.11,267.29,0.37362,0.0,cls_root_unit,0.0,0,0.25,gcn,1,0.38
glue|roberta-base|stsb_wide|AC|t25|s42|tune,glue,roberta-base,stsb_wide,stsb,AC,tune,25,42,spearman,curvature=4.0;feature_mode=unit;gat_hidden_dim=64;gnn_input_clip=0.0;gnn_input_scale=1;graph_curvature=0.25;graph_metric=poincare;hyp_gnn_type=gat;hyperbolic_gnn=1;jk_mode=cat;lr=0.0002;num_layers=4;proj_dim=256;rho_quantile=0.38;scorer_hidden=256;weight_decay=5e-05,4.0,64,poincare,,cat,,0.0002,4,256,,,256,,5e-05,83.25,286.27,0.37316,0.0,unit,0.0,1,0.25,gat,1,0.38
glue|roberta-base|stsb_wide|AC|t26|s42|tune,glue,roberta-base,stsb_wide,stsb,AC,tune,26,42,spearman,curvature=1.0;feature_mode=cls_root_unit;gat_hidden_dim=64;gnn_input_clip=0.3;gnn_input_scale=1;graph_curvature=4.0;graph_metric=poincare;hyp_gnn_type=gat;hyperbolic_gnn=1;jk_mode=cat;lr=0.001;num_layers=4;proj_dim=256;rho_quantile=0.05;scorer_hidden=256;weight_decay=1e-05,1.0,64,poincare,,cat,,0.001,4,256,,,256,,1e-05,81.96,284.27,0.04909,0.0,cls_root_unit,0.3,1,4.0,gat,1,0.05
glue|roberta-base|stsb_wide|AC|t27|s42|tune,glue,roberta-base,stsb_wide,stsb,AC,tune,27,42,spearman,curvature=0.25;feature_mode=cls_root_unit;gat_hidden_dim=256;gnn_input_clip=0.7;gnn_input_scale=1;graph_curvature=1.0;graph_metric=poincare;hyp_gnn_type=gat;hyperbolic_gnn=1;jk_mode=max;lr=0.001;num_layers=4;proj_dim=256;rho_quantile=0.025;scorer_hidden=256;weight_decay=1e-05,0.25,256,poincare,,max,,0.001,4,256,,,256,,1e-05,76.68,290.69,0.02666,0.0,cls_root_unit,0.7,1,1.0,gat,1,0.025
glue|roberta-base|stsb_wide|AC|t28|s42|tune,glue,roberta-base,stsb_wide,stsb,AC,tune,28,42,spearman,curvature=1.0;feature_mode=cls_root_unit;gat_hidden_dim=64;gnn_input_clip=1.0;gnn_input_scale=0;graph_curvature=9.0;graph_metric=poincare;hyp_gnn_type=gcn;hyperbolic_gnn=1;jk_mode=cat;lr=0.001;num_layers=2;proj_dim=256;rho_quantile=0.1;scorer_hidden=128;weight_decay=1e-05,1.0,64,poincare,,cat,,0.001,2,256,,,128,,1e-05,81.62,267.43,0.08014,0.0,cls_root_unit,1.0,0,9.0,gcn,1,0.1
glue|roberta-base|stsb_wide|AC|t29|s42|tune,glue,roberta-base,stsb_wide,stsb,AC,tune,29,42,spearman,curvature=4.0;feature_mode=unit;gat_hidden_dim=256;gnn_input_clip=0.3;gnn_input_scale=0;graph_curvature=2.25;graph_metric=poincare;hyp_gnn_type=gat;hyperbolic_gnn=1;jk_mode=max;lr=0.001;num_layers=2;proj_dim=256;rho_quantile=0.2;scorer_hidden=256;weight_decay=0.0,4.0,256,poincare,,max,,0.001,2,256,,,256,,0.0,71.33,261.36,0.19555,0.0,unit,0.3,0,2.25,gat,1,0.2
glue|roberta-base|stsb_wide|AC|t30|s42|tune,glue,roberta-base,stsb_wide,stsb,AC,tune,30,42,spearman,curvature=1.0;feature_mode=cls_root_unit;gat_hidden_dim=256;gnn_input_clip=0.0;gnn_input_scale=0;graph_curvature=0.25;graph_metric=poincare;hyp_gnn_type=gcn;hyperbolic_gnn=1;jk_mode=cat;lr=2e-05;num_layers=2;proj_dim=512;rho_quantile=0.2;scorer_hidden=256;weight_decay=5e-05,1.0,256,poincare,,cat,,2e-05,2,512,,,256,,5e-05,75.74,266.23,0.19603,0.0,cls_root_unit,0.0,0,0.25,gcn,1,0.2
glue|roberta-base|stsb_wide|AC|t31|s42|tune,glue,roberta-base,stsb_wide,stsb,AC,tune,31,42,spearman,curvature=1.0;feature_mode=center;gat_hidden_dim=64;gnn_input_clip=0.3;gnn_input_scale=1;graph_curvature=4.0;graph_metric=poincare;hyp_gnn_type=gat;hyperbolic_gnn=1;jk_mode=cat;lr=0.001;num_layers=2;proj_dim=128;rho_quantile=0.05;scorer_hidden=256;weight_decay=0.0,1.0,64,poincare,,cat,,0.001,2,128,,,256,,0.0,81.56,261.51,0.04888,0.0,center,0.3,1,4.0,gat,1,0.05
glue|roberta-base|stsb_wide|AC|t32|s42|tune,glue,roberta-base,stsb_wide,stsb,AC,tune,32,42,spearman,curvature=4.0;feature_mode=cls_root_unit;gat_hidden_dim=64;gnn_input_clip=0.0;gnn_input_scale=1;graph_curvature=1.0;graph_metric=poincare;hyp_gnn_type=gat;hyperbolic_gnn=1;jk_mode=cat;lr=2e-05;num_layers=4;proj_dim=256;rho_quantile=0.2;scorer_hidden=256;weight_decay=1e-05,4.0,64,poincare,,cat,,2e-05,4,256,,,256,,1e-05,70.05,284.79,0.19564,0.0,cls_root_unit,0.0,1,1.0,gat,1,0.2
glue|roberta-base|stsb_wide|AC|t33|s42|tune,glue,roberta-base,stsb_wide,stsb,AC,tune,33,42,spearman,curvature=1.0;feature_mode=cls_root_unit;gat_hidden_dim=128;gnn_input_clip=0.7;gnn_input_scale=1;graph_curvature=9.0;graph_metric=poincare;hyp_gnn_type=gcn;hyperbolic_gnn=1;jk_mode=cat;lr=0.001;num_layers=2;proj_dim=512;rho_quantile=0.38;scorer_hidden=128;weight_decay=0.0,1.0,128,poincare,,cat,,0.001,2,512,,,128,,0.0,82.32,266.67,0.37314,0.0,cls_root_unit,0.7,1,9.0,gcn,1,0.38
glue|roberta-base|stsb_wide|AC|t34|s42|tune,glue,roberta-base,stsb_wide,stsb,AC,tune,34,42,spearman,curvature=4.0;feature_mode=cls_root_unit;gat_hidden_dim=64;gnn_input_clip=0.0;gnn_input_scale=0;graph_curvature=4.0;graph_metric=poincare;hyp_gnn_type=gcn;hyperbolic_gnn=1;jk_mode=max;lr=0.001;num_layers=4;proj_dim=128;rho_quantile=0.025;scorer_hidden=128;weight_decay=1e-05,4.0,64,poincare,,max,,0.001,4,128,,,128,,1e-05,73.73,288.38,0.02669,0.0,cls_root_unit,0.0,0,4.0,gcn,1,0.025
glue|roberta-base|stsb_wide|AC|t35|s42|tune,glue,roberta-base,stsb_wide,stsb,AC,tune,35,42,spearman,curvature=1.0;feature_mode=center;gat_hidden_dim=256;gnn_input_clip=0.0;gnn_input_scale=0;graph_curvature=1.0;graph_metric=poincare;hyp_gnn_type=gat;hyperbolic_gnn=1;jk_mode=max;lr=0.001;num_layers=4;proj_dim=256;rho_quantile=0.2;scorer_hidden=256;weight_decay=0.0,1.0,256,poincare,,max,,0.001,4,256,,,256,,0.0,78.21,279.08,0.19477,0.0,center,0.0,0,1.0,gat,1,0.2
glue|roberta-base|stsb_wide|AC|t36|s42|tune,glue,roberta-base,stsb_wide,stsb,AC,tune,36,42,spearman,curvature=0.25;feature_mode=center_unit;gat_hidden_dim=64;gnn_input_clip=0.0;gnn_input_scale=1;graph_curvature=4.0;graph_metric=poincare;hyp_gnn_type=gcn;hyperbolic_gnn=1;jk_mode=max;lr=0.001;num_layers=2;proj_dim=512;rho_quantile=0.025;scorer_hidden=128;weight_decay=5e-05,0.25,64,poincare,,max,,0.001,2,512,,,128,,5e-05,74.04,268.48,0.02646,0.00781,center_unit,0.0,1,4.0,gcn,1,0.025
glue|roberta-base|stsb_wide|AC|t37|s42|tune,glue,roberta-base,stsb_wide,stsb,AC,tune,37,42,spearman,curvature=1.0;feature_mode=unit;gat_hidden_dim=64;gnn_input_clip=0.7;gnn_input_scale=0;graph_curvature=4.0;graph_metric=poincare;hyp_gnn_type=gat;hyperbolic_gnn=1;jk_mode=cat;lr=0.0002;num_layers=2;proj_dim=128;rho_quantile=0.05;scorer_hidden=128;weight_decay=1e-05,1.0,64,poincare,,cat,,0.0002,2,128,,,128,,1e-05,83.66,261.07,0.04925,0.0,unit,0.7,0,4.0,gat,1,0.05
glue|roberta-base|stsb_wide|AC|t38|s42|tune,glue,roberta-base,stsb_wide,stsb,AC,tune,38,42,spearman,curvature=4.0;feature_mode=unit;gat_hidden_dim=64;gnn_input_clip=0.7;gnn_input_scale=0;graph_curvature=9.0;graph_metric=poincare;hyp_gnn_type=gat;hyperbolic_gnn=1;jk_mode=cat;lr=0.001;num_layers=4;proj_dim=256;rho_quantile=0.38;scorer_hidden=128;weight_decay=5e-05,4.0,64,poincare,,cat,,0.001,4,256,,,128,,5e-05,81.26,279.51,0.37316,0.0,unit,0.7,0,9.0,gat,1,0.38
glue|roberta-base|stsb_wide|AC|t39|s42|tune,glue,roberta-base,stsb_wide,stsb,AC,tune,39,42,spearman,curvature=0.25;feature_mode=unit;gat_hidden_dim=256;gnn_input_clip=1.0;gnn_input_scale=0;graph_curvature=4.0;graph_metric=poincare;hyp_gnn_type=gcn;hyperbolic_gnn=1;jk_mode=cat;lr=0.0002;num_layers=2;proj_dim=256;rho_quantile=0.1;scorer_hidden=128;weight_decay=5e-05,0.25,256,poincare,,cat,,0.0002,2,256,,,128,,5e-05,83.61,263.35,0.10006,0.0,unit,1.0,0,4.0,gcn,1,0.1
glue|roberta-base|stsb_wide|AC|t7|s1|confirm,glue,roberta-base,stsb_wide,stsb,AC,confirm,7,1,spearman,curvature=0.25;feature_mode=center;gat_hidden_dim=128;gnn_input_clip=0.7;gnn_input_scale=1;graph_curvature=9.0;graph_metric=poincare;hyp_gnn_type=gat;hyperbolic_gnn=1;jk_mode=cat;lr=0.0002;num_layers=4;proj_dim=512;rho_quantile=0.2;scorer_hidden=128;weight_decay=0.0,0.25,128,poincare,,cat,,0.0002,4,512,,,128,,0.0,84.13,282.45,0.1943,0.0,center,0.7,1,9.0,gat,1,0.2
glue|roberta-base|stsb_wide|AC|t7|s2|confirm,glue,roberta-base,stsb_wide,stsb,AC,confirm,7,2,spearman,curvature=0.25;feature_mode=center;gat_hidden_dim=128;gnn_input_clip=0.7;gnn_input_scale=1;graph_curvature=9.0;graph_metric=poincare;hyp_gnn_type=gat;hyperbolic_gnn=1;jk_mode=cat;lr=0.0002;num_layers=4;proj_dim=512;rho_quantile=0.2;scorer_hidden=128;weight_decay=0.0,0.25,128,poincare,,cat,,0.0002,4,512,,,128,,0.0,83.86,282.02,0.19485,0.0,center,0.7,1,9.0,gat,1,0.2
glue|roberta-base|stsb_wide|AC|t7|s3|confirm,glue,roberta-base,stsb_wide,stsb,AC,confirm,7,3,spearman,curvature=0.25;feature_mode=center;gat_hidden_dim=128;gnn_input_clip=0.7;gnn_input_scale=1;graph_curvature=9.0;graph_metric=poincare;hyp_gnn_type=gat;hyperbolic_gnn=1;jk_mode=cat;lr=0.0002;num_layers=4;proj_dim=512;rho_quantile=0.2;scorer_hidden=128;weight_decay=0.0,0.25,128,poincare,,cat,,0.0002,4,512,,,128,,0.0,84.12,282.14,0.19423,0.0,center,0.7,1,9.0,gat,1,0.2
glue|roberta-base|stsb_wide|AC|t7|s4|confirm,glue,roberta-base,stsb_wide,stsb,AC,confirm,7,4,spearman,curvature=0.25;feature_mode=center;gat_hidden_dim=128;gnn_input_clip=0.7;gnn_input_scale=1;graph_curvature=9.0;graph_metric=poincare;hyp_gnn_type=gat;hyperbolic_gnn=1;jk_mode=cat;lr=0.0002;num_layers=4;proj_dim=512;rho_quantile=0.2;scorer_hidden=128;weight_decay=0.0,0.25,128,poincare,,cat,,0.0002,4,512,,,128,,0.0,83.52,278.09,0.1944,0.0,center,0.7,1,9.0,gat,1,0.2
glue|roberta-base|stsb_wide|AC|t7|s5|confirm,glue,roberta-base,stsb_wide,stsb,AC,confirm,7,5,spearman,curvature=0.25;feature_mode=center;gat_hidden_dim=128;gnn_input_clip=0.7;gnn_input_scale=1;graph_curvature=9.0;graph_metric=poincare;hyp_gnn_type=gat;hyperbolic_gnn=1;jk_mode=cat;lr=0.0002;num_layers=4;proj_dim=512;rho_quantile=0.2;scorer_hidden=128;weight_decay=0.0,0.25,128,poincare,,cat,,0.0002,4,512,,,128,,0.0,83.99,276.1,0.19485,0.0,center,0.7,1,9.0,gat,1,0.2
glue|roberta-base|stsb_wide|AC|t7|s6|confirm,glue,roberta-base,stsb_wide,stsb,AC,confirm,7,6,spearman,curvature=0.25;feature_mode=center;gat_hidden_dim=128;gnn_input_clip=0.7;gnn_input_scale=1;graph_curvature=9.0;graph_metric=poincare;hyp_gnn_type=gat;hyperbolic_gnn=1;jk_mode=cat;lr=0.0002;num_layers=4;proj_dim=512;rho_quantile=0.2;scorer_hidden=128;weight_decay=0.0,0.25,128,poincare,,cat,,0.0002,4,512,,,128,,0.0,84.12,279.37,0.1946,0.0,center,0.7,1,9.0,gat,1,0.2
glue|roberta-base|stsb_wide|AC|t7|s7|confirm,glue,roberta-base,stsb_wide,stsb,AC,confirm,7,7,spearman,curvature=0.25;feature_mode=center;gat_hidden_dim=128;gnn_input_clip=0.7;gnn_input_scale=1;graph_curvature=9.0;graph_metric=poincare;hyp_gnn_type=gat;hyperbolic_gnn=1;jk_mode=cat;lr=0.0002;num_layers=4;proj_dim=512;rho_quantile=0.2;scorer_hidden=128;weight_decay=0.0,0.25,128,poincare,,cat,,0.0002,4,512,,,128,,0.0,84.08,281.51,0.19452,0.0,center,0.7,1,9.0,gat,1,0.2
glue|roberta-base|stsb_wide|AC|t7|s8|confirm,glue,roberta-base,stsb_wide,stsb,AC,confirm,7,8,spearman,curvature=0.25;feature_mode=center;gat_hidden_dim=128;gnn_input_clip=0.7;gnn_input_scale=1;graph_curvature=9.0;graph_metric=poincare;hyp_gnn_type=gat;hyperbolic_gnn=1;jk_mode=cat;lr=0.0002;num_layers=4;proj_dim=512;rho_quantile=0.2;scorer_hidden=128;weight_decay=0.0,0.25,128,poincare,,cat,,0.0002,4,512,,,128,,0.0,83.58,278.4,0.19463,0.0,center,0.7,1,9.0,gat,1,0.2
glue|roberta-base|stsb_wide|AC|t7|s9|confirm,glue,roberta-base,stsb_wide,stsb,AC,confirm,7,9,spearman,curvature=0.25;feature_mode=center;gat_hidden_dim=128;gnn_input_clip=0.7;gnn_input_scale=1;graph_curvature=9.0;graph_metric=poincare;hyp_gnn_type=gat;hyperbolic_gnn=1;jk_mode=cat;lr=0.0002;num_layers=4;proj_dim=512;rho_quantile=0.2;scorer_hidden=128;weight_decay=0.0,0.25,128,poincare,,cat,,0.0002,4,512,,,128,,0.0,84.09,278.11,0.19419,0.0,center,0.7,1,9.0,gat,1,0.2
glue|roberta-base|stsb_wide|AC|t7|s10|confirm,glue,roberta-base,stsb_wide,stsb,AC,confirm,7,10,spearman,curvature=0.25;feature_mode=center;gat_hidden_dim=128;gnn_input_clip=0.7;gnn_input_scale=1;graph_curvature=9.0;graph_metric=poincare;hyp_gnn_type=gat;hyperbolic_gnn=1;jk_mode=cat;lr=0.0002;num_layers=4;proj_dim=512;rho_quantile=0.2;scorer_hidden=128;weight_decay=0.0,0.25,128,poincare,,cat,,0.0002,4,512,,,128,,0.0,84.2,280.9,0.19409,0.0,center,0.7,1,9.0,gat,1,0.2
glue|roberta-base|stsb_wide|AC|t7|s11|confirm,glue,roberta-base,stsb_wide,stsb,AC,confirm,7,11,spearman,curvature=0.25;feature_mode=center;gat_hidden_dim=128;gnn_input_clip=0.7;gnn_input_scale=1;graph_curvature=9.0;graph_metric=poincare;hyp_gnn_type=gat;hyperbolic_gnn=1;jk_mode=cat;lr=0.0002;num_layers=4;proj_dim=512;rho_quantile=0.2;scorer_hidden=128;weight_decay=0.0,0.25,128,poincare,,cat,,0.0002,4,512,,,128,,0.0,83.57,279.42,0.19467,0.0,center,0.7,1,9.0,gat,1,0.2
glue|roberta-base|stsb_wide|AC|t7|s12|confirm,glue,roberta-base,stsb_wide,stsb,AC,confirm,7,12,spearman,curvature=0.25;feature_mode=center;gat_hidden_dim=128;gnn_input_clip=0.7;gnn_input_scale=1;graph_curvature=9.0;graph_metric=poincare;hyp_gnn_type=gat;hyperbolic_gnn=1;jk_mode=cat;lr=0.0002;num_layers=4;proj_dim=512;rho_quantile=0.2;scorer_hidden=128;weight_decay=0.0,0.25,128,poincare,,cat,,0.0002,4,512,,,128,,0.0,83.6,278.87,0.19467,0.0,center,0.7,1,9.0,gat,1,0.2
glue|roberta-base|stsb_wide|AC|t7|s13|confirm,glue,roberta-base,stsb_wide,stsb,AC,confirm,7,13,spearman,curvature=0.25;feature_mode=center;gat_hidden_dim=128;gnn_input_clip=0.7;gnn_input_scale=1;graph_curvature=9.0;graph_metric=poincare;hyp_gnn_type=gat;hyperbolic_gnn=1;jk_mode=cat;lr=0.0002;num_layers=4;proj_dim=512;rho_quantile=0.2;scorer_hidden=128;weight_decay=0.0,0.25,128,poincare,,cat,,0.0002,4,512,,,128,,0.0,84.47,280.17,0.19451,0.0,center,0.7,1,9.0,gat,1,0.2
glue|roberta-base|stsb_wide|AC|t7|s14|confirm,glue,roberta-base,stsb_wide,stsb,AC,confirm,7,14,spearman,curvature=0.25;feature_mode=center;gat_hidden_dim=128;gnn_input_clip=0.7;gnn_input_scale=1;graph_curvature=9.0;graph_metric=poincare;hyp_gnn_type=gat;hyperbolic_gnn=1;jk_mode=cat;lr=0.0002;num_layers=4;proj_dim=512;rho_quantile=0.2;scorer_hidden=128;weight_decay=0.0,0.25,128,poincare,,cat,,0.0002,4,512,,,128,,0.0,84.08,276.98,0.19453,0.0,center,0.7,1,9.0,gat,1,0.2
glue|roberta-base|stsb_wide|AC|t7|s15|confirm,glue,roberta-base,stsb_wide,stsb,AC,confirm,7,15,spearman,curvature=0.25;feature_mode=center;gat_hidden_dim=128;gnn_input_clip=0.7;gnn_input_scale=1;graph_curvature=9.0;graph_metric=poincare;hyp_gnn_type=gat;hyperbolic_gnn=1;jk_mode=cat;lr=0.0002;num_layers=4;proj_dim=512;rho_quantile=0.2;scorer_hidden=128;weight_decay=0.0,0.25,128,poincare,,cat,,0.0002,4,512,,,128,,0.0,83.79,278.29,0.1951,0.0,center,0.7,1,9.0,gat,1,0.2
glue|roberta-base|stsb_wide|B|t35|s1|confirm,glue,roberta-base,stsb_wide,stsb,B,confirm,35,1,spearman,curvature=1.0;gat_hidden_dim=64;graph_metric=cosine;hyperbolic_readout=1;jk_mode=cat;learnable_curvature=1;lr=0.0002;num_layers=2;proj_dim=128;readout_clip=1.0;readout_scale=0;scorer_hidden=128;tau_quantile=0.025;weight_decay=1e-05,1.0,64,cosine,1,cat,1,0.0002,2,128,1.0,0,128,0.025,1e-05,82.95,203.73,0.02805,0.0,,,,,,,
glue|roberta-base|stsb_wide|B|t35|s2|confirm,glue,roberta-base,stsb_wide,stsb,B,confirm,35,2,spearman,curvature=1.0;gat_hidden_dim=64;graph_metric=cosine;hyperbolic_readout=1;jk_mode=cat;learnable_curvature=1;lr=0.0002;num_layers=2;proj_dim=128;readout_clip=1.0;readout_scale=0;scorer_hidden=128;tau_quantile=0.025;weight_decay=1e-05,1.0,64,cosine,1,cat,1,0.0002,2,128,1.0,0,128,0.025,1e-05,82.48,204.9,0.02715,0.0,,,,,,,
glue|roberta-base|stsb_wide|B|t35|s3|confirm,glue,roberta-base,stsb_wide,stsb,B,confirm,35,3,spearman,curvature=1.0;gat_hidden_dim=64;graph_metric=cosine;hyperbolic_readout=1;jk_mode=cat;learnable_curvature=1;lr=0.0002;num_layers=2;proj_dim=128;readout_clip=1.0;readout_scale=0;scorer_hidden=128;tau_quantile=0.025;weight_decay=1e-05,1.0,64,cosine,1,cat,1,0.0002,2,128,1.0,0,128,0.025,1e-05,82.46,202.71,0.0276,0.0,,,,,,,
glue|roberta-base|stsb_wide|B|t35|s4|confirm,glue,roberta-base,stsb_wide,stsb,B,confirm,35,4,spearman,curvature=1.0;gat_hidden_dim=64;graph_metric=cosine;hyperbolic_readout=1;jk_mode=cat;learnable_curvature=1;lr=0.0002;num_layers=2;proj_dim=128;readout_clip=1.0;readout_scale=0;scorer_hidden=128;tau_quantile=0.025;weight_decay=1e-05,1.0,64,cosine,1,cat,1,0.0002,2,128,1.0,0,128,0.025,1e-05,82.94,202.45,0.02773,0.00391,,,,,,,
glue|roberta-base|stsb_wide|B|t35|s5|confirm,glue,roberta-base,stsb_wide,stsb,B,confirm,35,5,spearman,curvature=1.0;gat_hidden_dim=64;graph_metric=cosine;hyperbolic_readout=1;jk_mode=cat;learnable_curvature=1;lr=0.0002;num_layers=2;proj_dim=128;readout_clip=1.0;readout_scale=0;scorer_hidden=128;tau_quantile=0.025;weight_decay=1e-05,1.0,64,cosine,1,cat,1,0.0002,2,128,1.0,0,128,0.025,1e-05,83.3,203.7,0.02742,0.0,,,,,,,
glue|roberta-base|stsb_wide|B|t35|s6|confirm,glue,roberta-base,stsb_wide,stsb,B,confirm,35,6,spearman,curvature=1.0;gat_hidden_dim=64;graph_metric=cosine;hyperbolic_readout=1;jk_mode=cat;learnable_curvature=1;lr=0.0002;num_layers=2;proj_dim=128;readout_clip=1.0;readout_scale=0;scorer_hidden=128;tau_quantile=0.025;weight_decay=1e-05,1.0,64,cosine,1,cat,1,0.0002,2,128,1.0,0,128,0.025,1e-05,82.98,202.61,0.02778,0.0,,,,,,,
glue|roberta-base|stsb_wide|B|t35|s7|confirm,glue,roberta-base,stsb_wide,stsb,B,confirm,35,7,spearman,curvature=1.0;gat_hidden_dim=64;graph_metric=cosine;hyperbolic_readout=1;jk_mode=cat;learnable_curvature=1;lr=0.0002;num_layers=2;proj_dim=128;readout_clip=1.0;readout_scale=0;scorer_hidden=128;tau_quantile=0.025;weight_decay=1e-05,1.0,64,cosine,1,cat,1,0.0002,2,128,1.0,0,128,0.025,1e-05,82.81,203.02,0.02693,0.0,,,,,,,
glue|roberta-base|stsb_wide|B|t35|s8|confirm,glue,roberta-base,stsb_wide,stsb,B,confirm,35,8,spearman,curvature=1.0;gat_hidden_dim=64;graph_metric=cosine;hyperbolic_readout=1;jk_mode=cat;learnable_curvature=1;lr=0.0002;num_layers=2;proj_dim=128;readout_clip=1.0;readout_scale=0;scorer_hidden=128;tau_quantile=0.025;weight_decay=1e-05,1.0,64,cosine,1,cat,1,0.0002,2,128,1.0,0,128,0.025,1e-05,82.79,202.72,0.02815,0.0,,,,,,,
glue|roberta-base|stsb_wide|B|t35|s9|confirm,glue,roberta-base,stsb_wide,stsb,B,confirm,35,9,spearman,curvature=1.0;gat_hidden_dim=64;graph_metric=cosine;hyperbolic_readout=1;jk_mode=cat;learnable_curvature=1;lr=0.0002;num_layers=2;proj_dim=128;readout_clip=1.0;readout_scale=0;scorer_hidden=128;tau_quantile=0.025;weight_decay=1e-05,1.0,64,cosine,1,cat,1,0.0002,2,128,1.0,0,128,0.025,1e-05,83.15,201.49,0.02747,0.00391,,,,,,,
glue|roberta-base|stsb_wide|B|t35|s10|confirm,glue,roberta-base,stsb_wide,stsb,B,confirm,35,10,spearman,curvature=1.0;gat_hidden_dim=64;graph_metric=cosine;hyperbolic_readout=1;jk_mode=cat;learnable_curvature=1;lr=0.0002;num_layers=2;proj_dim=128;readout_clip=1.0;readout_scale=0;scorer_hidden=128;tau_quantile=0.025;weight_decay=1e-05,1.0,64,cosine,1,cat,1,0.0002,2,128,1.0,0,128,0.025,1e-05,82.74,203.26,0.02762,0.0,,,,,,,
glue|roberta-base|stsb_wide|B|t35|s11|confirm,glue,roberta-base,stsb_wide,stsb,B,confirm,35,11,spearman,curvature=1.0;gat_hidden_dim=64;graph_metric=cosine;hyperbolic_readout=1;jk_mode=cat;learnable_curvature=1;lr=0.0002;num_layers=2;proj_dim=128;readout_clip=1.0;readout_scale=0;scorer_hidden=128;tau_quantile=0.025;weight_decay=1e-05,1.0,64,cosine,1,cat,1,0.0002,2,128,1.0,0,128,0.025,1e-05,82.09,202.69,0.02721,0.00391,,,,,,,
glue|roberta-base|stsb_wide|B|t35|s12|confirm,glue,roberta-base,stsb_wide,stsb,B,confirm,35,12,spearman,curvature=1.0;gat_hidden_dim=64;graph_metric=cosine;hyperbolic_readout=1;jk_mode=cat;learnable_curvature=1;lr=0.0002;num_layers=2;proj_dim=128;readout_clip=1.0;readout_scale=0;scorer_hidden=128;tau_quantile=0.025;weight_decay=1e-05,1.0,64,cosine,1,cat,1,0.0002,2,128,1.0,0,128,0.025,1e-05,82.07,200.7,0.02793,0.0,,,,,,,
glue|roberta-base|stsb_wide|B|t35|s13|confirm,glue,roberta-base,stsb_wide,stsb,B,confirm,35,13,spearman,curvature=1.0;gat_hidden_dim=64;graph_metric=cosine;hyperbolic_readout=1;jk_mode=cat;learnable_curvature=1;lr=0.0002;num_layers=2;proj_dim=128;readout_clip=1.0;readout_scale=0;scorer_hidden=128;tau_quantile=0.025;weight_decay=1e-05,1.0,64,cosine,1,cat,1,0.0002,2,128,1.0,0,128,0.025,1e-05,82.18,195.28,0.02775,0.0,,,,,,,
glue|roberta-base|stsb_wide|B|t35|s14|confirm,glue,roberta-base,stsb_wide,stsb,B,confirm,35,14,spearman,curvature=1.0;gat_hidden_dim=64;graph_metric=cosine;hyperbolic_readout=1;jk_mode=cat;learnable_curvature=1;lr=0.0002;num_layers=2;proj_dim=128;readout_clip=1.0;readout_scale=0;scorer_hidden=128;tau_quantile=0.025;weight_decay=1e-05,1.0,64,cosine,1,cat,1,0.0002,2,128,1.0,0,128,0.025,1e-05,82.38,194.25,0.02764,0.0,,,,,,,
glue|roberta-base|stsb_wide|B|t35|s15|confirm,glue,roberta-base,stsb_wide,stsb,B,confirm,35,15,spearman,curvature=1.0;gat_hidden_dim=64;graph_metric=cosine;hyperbolic_readout=1;jk_mode=cat;learnable_curvature=1;lr=0.0002;num_layers=2;proj_dim=128;readout_clip=1.0;readout_scale=0;scorer_hidden=128;tau_quantile=0.025;weight_decay=1e-05,1.0,64,cosine,1,cat,1,0.0002,2,128,1.0,0,128,0.025,1e-05,82.04,197.33,0.02772,0.0,,,,,,,
glue|roberta-base|stsb_wide|C|t0|s42|tune,glue,roberta-base,stsb_wide,stsb,C,tune,0,42,spearman,curvature=0.25;gat_hidden_dim=64;gnn_input_clip=0.7;gnn_input_scale=1;graph_metric=cosine;hyp_gnn_type=gat;hyperbolic_gnn=1;jk_mode=cat;lr=2e-05;num_layers=4;proj_dim=256;scorer_hidden=256;tau_quantile=0.2;weight_decay=5e-05,0.25,64,cosine,,cat,,2e-05,4,256,,,256,0.2,5e-05,69.09,261.69,0.19675,0.0,,0.7,1,,gat,1,
glue|roberta-base|stsb_wide|C|t1|s42|tune,glue,roberta-base,stsb_wide,stsb,C,tune,1,42,spearman,curvature=1.0;gat_hidden_dim=64;gnn_input_clip=0.3;gnn_input_scale=1;graph_metric=cosine;hyp_gnn_type=gcn;hyperbolic_gnn=1;jk_mode=cat;lr=2e-05;num_layers=2;proj_dim=512;scorer_hidden=256;tau_quantile=0.1;weight_decay=5e-05,1.0,64,cosine,,cat,,2e-05,2,512,,,256,0.1,5e-05,67.75,226.69,0.10162,0.0,,0.3,1,,gcn,1,
glue|roberta-base|stsb_wide|C|t2|s42|tune,glue,roberta-base,stsb_wide,stsb,C,tune,2,42,spearman,curvature=0.25;gat_hidden_dim=128;gnn_input_clip=0.7;gnn_input_scale=0;graph_metric=cosine;hyp_gnn_type=gat;hyperbolic_gnn=1;jk_mode=cat;lr=0.0002;num_layers=2;proj_dim=128;scorer_hidden=128;tau_quantile=0.1;weight_decay=5e-05,0.25,128,cosine,,cat,,0.0002,2,128,,,128,0.1,5e-05,83.36,221.37,0.10153,0.0,,0.7,0,,gat,1,
glue|roberta-base|stsb_wide|C|t3|s42|tune,glue,roberta-base,stsb_wide,stsb,C,tune,3,42,spearman,curvature=1.0;gat_hidden_dim=64;gnn_input_clip=0.3;gnn_input_scale=1;graph_metric=cosine;hyp_gnn_type=gat;hyperbolic_gnn=1;jk_mode=max;lr=0.0002;num_layers=2;proj_dim=256;scorer_hidden=128;tau_quantile=0.2;weight_decay=0.0,1.0,64,cosine,,max,,0.0002,2,256,,,128,0.2,0.0,52.03,223.14,0.19667,0.0,,0.3,1,,gat,1,
glue|roberta-base|stsb_wide|C|t4|s42|tune,glue,roberta-base,stsb_wide,stsb,C,tune,4,42,spearman,curvature=4.0;gat_hidden_dim=128;gnn_input_clip=0.0;gnn_input_scale=1;graph_metric=cosine;hyp_gnn_type=gat;hyperbolic_gnn=1;jk_mode=max;lr=0.001;num_layers=4;proj_dim=512;scorer_hidden=128;tau_quantile=0.1;weight_decay=0.0,4.0,128,cosine,,max,,0.001,4,512,,,128,0.1,0.0,77.22,245.4,0.10222,0.0,,0.0,1,,gat,1,
glue|roberta-base|stsb_wide|C|t5|s42|tune,glue,roberta-base,stsb_wide,stsb,C,tune,5,42,spearman,curvature=4.0;gat_hidden_dim=256;gnn_input_clip=0.0;gnn_input_scale=1;graph_metric=cosine;hyp_gnn_type=gcn;hyperbolic_gnn=1;jk_mode=cat;lr=2e-05;num_layers=4;proj_dim=512;scorer_hidden=128;tau_quantile=0.05;weight_decay=1e-05,4.0,256,cosine,,cat,,2e-05,4,512,,,128,0.05,1e-05,77.56,247.74,0.05053,0.0,,0.0,1,,gcn,1,
glue|roberta-base|stsb_wide|C|t6|s42|tune,glue,roberta-base,stsb_wide,stsb,C,tune,6,42,spearman,curvature=4.0;gat_hidden_dim=128;gnn_input_clip=0.0;gnn_input_scale=1;graph_metric=cosine;hyp_gnn_type=gat;hyperbolic_gnn=1;jk_mode=max;lr=2e-05;num_layers=2;proj_dim=256;scorer_hidden=256;tau_quantile=0.05;weight_decay=0.0,4.0,128,cosine,,max,,2e-05,2,256,,,256,0.05,0.0,59.98,222.73,0.05071,0.0,,0.0,1,,gat,1,
glue|roberta-base|stsb_wide|C|t7|s42|tune,glue,roberta-base,stsb_wide,stsb,C,tune,7,42,spearman,curvature=4.0;gat_hidden_dim=64;gnn_input_clip=0.0;gnn_input_scale=1;graph_metric=cosine;hyp_gnn_type=gat;hyperbolic_gnn=1;jk_mode=max;lr=2e-05;num_layers=4;proj_dim=256;scorer_hidden=128;tau_quantile=0.38;weight_decay=5e-05,4.0,64,cosine,,max,,2e-05,4,256,,,128,0.38,5e-05,57.87,238.98,0.37607,0.0,,0.0,1,,gat,1,
glue|roberta-base|stsb_wide|C|t8|s42|tune,glue,roberta-base,stsb_wide,stsb,C,tune,8,42,spearman,curvature=0.25;gat_hidden_dim=64;gnn_input_clip=0.0;gnn_input_scale=1;graph_metric=cosine;hyp_gnn_type=gcn;hyperbolic_gnn=1;jk_mode=cat;lr=0.0002;num_layers=2;proj_dim=256;scorer_hidden=128;tau_quantile=0.025;weight_decay=5e-05,0.25,64,cosine,,cat,,0.0002,2,256,,,128,0.025,5e-05,83.77,226.82,0.02719,0.00391,,0.0,1,,gcn,1,
glue|roberta-base|stsb_wide|C|t9|s42|tune,glue,roberta-base,stsb_wide,stsb,C,tune,9,42,spearman,curvature=0.25;gat_hidden_dim=64;gnn_input_clip=0.0;gnn_input_scale=0;graph_metric=cosine;hyp_gnn_type=gcn;hyperbolic_gnn=1;jk_mode=cat;lr=2e-05;num_layers=4;proj_dim=256;scorer_hidden=256;tau_quantile=0.38;weight_decay=5e-05,0.25,64,cosine,,cat,,2e-05,4,256,,,256,0.38,5e-05,74.49,247.82,0.37587,0.0,,0.0,0,,gcn,1,
glue|roberta-base|stsb_wide|C|t10|s42|tune,glue,roberta-base,stsb_wide,stsb,C,tune,10,42,spearman,curvature=4.0;gat_hidden_dim=128;gnn_input_clip=0.0;gnn_input_scale=0;graph_metric=cosine;hyp_gnn_type=gcn;hyperbolic_gnn=1;jk_mode=max;lr=0.001;num_layers=4;proj_dim=128;scorer_hidden=128;tau_quantile=0.1;weight_decay=1e-05,4.0,128,cosine,,max,,0.001,4,128,,,128,0.1,1e-05,75.03,246.8,0.10177,0.0,,0.0,0,,gcn,1,
glue|roberta-base|stsb_wide|C|t11|s42|tune,glue,roberta-base,stsb_wide,stsb,C,tune,11,42,spearman,curvature=0.25;gat_hidden_dim=256;gnn_input_clip=1.0;gnn_input_scale=0;graph_metric=cosine;hyp_gnn_type=gcn;hyperbolic_gnn=1;jk_mode=cat;lr=2e-05;num_layers=2;proj_dim=256;scorer_hidden=128;tau_quantile=0.38;weight_decay=1e-05,0.25,256,cosine,,cat,,2e-05,2,256,,,128,0.38,1e-05,73.48,222.57,0.37654,0.0,,1.0,0,,gcn,1,
glue|roberta-base|stsb_wide|C|t12|s42|tune,glue,roberta-base,stsb_wide,stsb,C,tune,12,42,spearman,curvature=1.0;gat_hidden_dim=256;gnn_input_clip=1.0;gnn_input_scale=1;graph_metric=cosine;hyp_gnn_type=gat;hyperbolic_gnn=1;jk_mode=cat;lr=0.001;num_layers=2;proj_dim=128;scorer_hidden=256;tau_quantile=0.38;weight_decay=0.0,1.0,256,cosine,,cat,,0.001,2,128,,,256,0.38,0.0,81.03,221.75,0.37554,0.0,,1.0,1,,gat,1,
glue|roberta-base|stsb_wide|C|t13|s42|tune,glue,roberta-base,stsb_wide,stsb,C,tune,13,42,spearman,curvature=0.25;gat_hidden_dim=256;gnn_input_clip=0.0;gnn_input_scale=0;graph_metric=cosine;hyp_gnn_type=gat;hyperbolic_gnn=1;jk_mode=cat;lr=2e-05;num_layers=2;proj_dim=512;scorer_hidden=256;tau_quantile=0.1;weight_decay=1e-05,0.25,256,cosine,,cat,,2e-05,2,512,,,256,0.1,1e-05,77.74,221.03,0.10155,0.0,,0.0,0,,gat,1,
glue|roberta-base|stsb_wide|C|t14|s42|tune,glue,roberta-base,stsb_wide,stsb,C,tune,14,42,spearman,curvature=1.0;gat_hidden_dim=64;gnn_input_clip=0.7;gnn_input_scale=0;graph_metric=cosine;hyp_gnn_type=gcn;hyperbolic_gnn=1;jk_mode=max;lr=2e-05;num_layers=4;proj_dim=512;scorer_hidden=128;tau_quantile=0.1;weight_decay=1e-05,1.0,64,cosine,,max,,2e-05,4,512,,,128,0.1,1e-05,57.63,251.15,0.10207,0.0,,0.7,0,,gcn,1,
glue|roberta-base|stsb_wide|C|t15|s42|tune,glue,roberta-base,stsb_wide,stsb,C,tune,15,42,spearman,curvature=4.0;gat_hidden_dim=256;gnn_input_clip=0.3;gnn_input_scale=0;graph_metric=cosine;hyp_gnn_type=gcn;hyperbolic_gnn=1;jk_mode=cat;lr=2e-05;num_layers=4;proj_dim=128;scorer_hidden=256;tau_quantile=0.025;weight_decay=5e-05,4.0,256,cosine,,cat,,2e-05,4,128,,,256,0.025,5e-05,74.43,247.46,0.02729,0.0,,0.3,0,,gcn,1,
glue|roberta-base|stsb_wide|C|t16|s42|tune,glue,roberta-base,stsb_wide,stsb,C,tune,16,42,spearman,curvature=0.25;gat_hidden_dim=256;gnn_input_clip=1.0;gnn_input_scale=1;graph_metric=cosine;hyp_gnn_type=gat;hyperbolic_gnn=1;jk_mode=cat;lr=2e-05;num_layers=4;proj_dim=256;scorer_hidden=256;tau_quantile=0.1;weight_decay=0.0,0.25,256,cosine,,cat,,2e-05,4,256,,,256,0.1,0.0,76.54,239.75,0.10196,0.0,,1.0,1,,gat,1,
glue|roberta-base|stsb_wide|C|t17|s42|tune,glue,roberta-base,stsb_wide,stsb,C,tune,17,42,spearman,curvature=0.25;gat_hidden_dim=128;gnn_input_clip=0.3;gnn_input_scale=0;graph_metric=cosine;hyp_gnn_type=gcn;hyperbolic_gnn=1;jk_mode=max;lr=2e-05;num_layers=2;proj_dim=128;scorer_hidden=256;tau_quantile=0.1;weight_decay=1e-05,0.25,128,cosine,,max,,2e-05,2,128,,,256,0.1,1e-05,60.71,224.43,0.10097,0.0,,0.3,0,,gcn,1,
glue|roberta-base|stsb_wide|C|t18|s42|tune,glue,roberta-base,stsb_wide,stsb,C,tune,18,42,spearman,curvature=0.25;gat_hidden_dim=64;gnn_input_clip=0.3;gnn_input_scale=0;graph_metric=cosine;hyp_gnn_type=gcn;hyperbolic_gnn=1;jk_mode=max;lr=0.001;num_layers=4;proj_dim=128;scorer_hidden=256;tau_quantile=0.2;weight_decay=1e-05,0.25,64,cosine,,max,,0.001,4,128,,,256,0.2,1e-05,52.74,246.46,0.19672,0.0,,0.3,0,,gcn,1,
glue|roberta-base|stsb_wide|C|t19|s42|tune,glue,roberta-base,stsb_wide,stsb,C,tune,19,42,spearman,curvature=1.0;gat_hidden_dim=256;gnn_input_clip=0.0;gnn_input_scale=0;graph_metric=cosine;hyp_gnn_type=gcn;hyperbolic_gnn=1;jk_mode=max;lr=0.001;num_layers=4;proj_dim=256;scorer_hidden=256;tau_quantile=0.1;weight_decay=1e-05,1.0,256,cosine,,max,,0.001,4,256,,,256,0.1,1e-05,77.09,245.98,0.1015,0.0,,0.0,0,,gcn,1,
glue|roberta-base|stsb_wide|C|t20|s42|tune,glue,roberta-base,stsb_wide,stsb,C,tune,20,42,spearman,curvature=4.0;gat_hidden_dim=128;gnn_input_clip=0.0;gnn_input_scale=0;graph_metric=cosine;hyp_gnn_type=gcn;hyperbolic_gnn=1;jk_mode=cat;lr=2e-05;num_layers=2;proj_dim=128;scorer_hidden=256;tau_quantile=0.2;weight_decay=1e-05,4.0,128,cosine,,cat,,2e-05,2,128,,,256,0.2,1e-05,71.26,225.68,0.19651,0.0,,0.0,0,,gcn,1,
glue|roberta-base|stsb_wide|C|t21|s42|tune,glue,roberta-base,stsb_wide,stsb,C,tune,21,42,spearman,curvature=0.25;gat_hidden_dim=128;gnn_input_clip=0.3;gnn_input_scale=0;graph_metric=cosine;hyp_gnn_type=gcn;hyperbolic_gnn=1;jk_mode=cat;lr=0.001;num_layers=2;proj_dim=512;scorer_hidden=256;tau_quantile=0.1;weight_decay=1e-05,0.25,128,cosine,,cat,,0.001,2,512,,,256,0.1,1e-05,82.17,223.04,0.10205,0.0,,0.3,0,,gcn,1,
glue|roberta-base|stsb_wide|C|t22|s42|tune,glue,roberta-base,stsb_wide,stsb,C,tune,22,42,spearman,curvature=4.0;gat_hidden_dim=256;gnn_input_clip=0.0;gnn_input_scale=1;graph_metric=cosine;hyp_gnn_type=gcn;hyperbolic_gnn=1;jk_mode=cat;lr=2e-05;num_layers=2;proj_dim=128;scorer_hidden=256;tau_quantile=0.1;weight_decay=1e-05,4.0,256,cosine,,cat,,2e-05,2,128,,,256,0.1,1e-05,74.14,222.99,0.10158,0.0,,0.0,1,,gcn,1,
glue|roberta-base|stsb_wide|C|t23|s42|tune,glue,roberta-base,stsb_wide,stsb,C,tune,23,42,spearman,curvature=0.25;gat_hidden_dim=64;gnn_input_clip=0.7;gnn_input_scale=1;graph_metric=cosine;hyp_gnn_type=gat;hyperbolic_gnn=1;jk_mode=max;lr=0.0002;num_layers=2;proj_dim=256;scorer_hidden=256;tau_quantile=0.2;weight_decay=1e-05,0.25,64,cosine,,max,,0.0002,2,256,,,256,0.2,1e-05,62.2,220.31,0.19667,0.0,,0.7,1,,gat,1,
glue|roberta-base|stsb_wide|C|t24|s42|tune,glue,roberta-base,stsb_wide,stsb,C,tune,24,42,spearman,curvature=4.0;gat_hidden_dim=256;gnn_input_clip=0.7;gnn_input_scale=0;graph_metric=cosine;hyp_gnn_type=gat;hyperbolic_gnn=1;jk_mode=cat;lr=0.0002;num_layers=4;proj_dim=128;scorer_hidden=128;tau_quantile=0.1;weight_decay=1e-05,4.0,256,cosine,,cat,,0.0002,4,128,,,128,0.1,1e-05,83.82,241.1,0.10196,0.0,,0.7,0,,gat,1,
glue|roberta-base|stsb_wide|C|t25|s42|tune,glue,roberta-base,stsb_wide,stsb,C,tune,25,42,spearman,curvature=1.0;gat_hidden_dim=128;gnn_input_clip=0.0;gnn_input_scale=0;graph_metric=cosine;hyp_gnn_type=gat;hyperbolic_gnn=1;jk_mode=max;lr=0.0002;num_layers=4;proj_dim=256;scorer_hidden=128;tau_quantile=0.05;weight_decay=0.0,1.0,128,cosine,,max,,0.0002,4,256,,,128,0.05,0.0,77.89,238.77,0.05079,0.0,,0.0,0,,gat,1,
glue|roberta-base|stsb_wide|C|t26|s42|tune,glue,roberta-base,stsb_wide,stsb,C,tune,26,42,spearman,curvature=4.0;gat_hidden_dim=256;gnn_input_clip=1.0;gnn_input_scale=1;graph_metric=cosine;hyp_gnn_type=gat;hyperbolic_gnn=1;jk_mode=cat;lr=2e-05;num_layers=2;proj_dim=512;scorer_hidden=256;tau_quantile=0.05;weight_decay=0.0,4.0,256,cosine,,cat,,2e-05,2,512,,,256,0.05,0.0,73.75,219.94,0.05107,0.0,,1.0,1,,gat,1,
glue|roberta-base|stsb_wide|C|t27|s42|tune,glue,roberta-base,stsb_wide,stsb,C,tune,27,42,spearman,curvature=4.0;gat_hidden_dim=64;gnn_input_clip=0.7;gnn_input_scale=0;graph_metric=cosine;hyp_gnn_type=gcn;hyperbolic_gnn=1;jk_mode=max;lr=0.0002;num_layers=2;proj_dim=128;scorer_hidden=128;tau_quantile=0.1;weight_decay=0.0,4.0,64,cosine,,max,,0.0002,2,128,,,128,0.1,0.0,61.93,222.83,0.10145,0.0,,0.7,0,,gcn,1,
glue|roberta-base|stsb_wide|C|t28|s42|tune,glue,roberta-base,stsb_wide,stsb,C,tune,28,42,spearman,curvature=4.0;gat_hidden_dim=128;gnn_input_clip=1.0;gnn_input_scale=0;graph_metric=cosine;hyp_gnn_type=gcn;hyperbolic_gnn=1;jk_mode=cat;lr=2e-05;num_layers=4;proj_dim=128;scorer_hidden=256;tau_quantile=0.2;weight_decay=0.0,4.0,128,cosine,,cat,,2e-05,4,128,,,256,0.2,0.0,73.99,245.9,0.19709,0.0,,1.0,0,,gcn,1,
glue|roberta-base|stsb_wide|C|t29|s42|tune,glue,roberta-base,stsb_wide,stsb,C,tune,29,42,spearman,curvature=4.0;gat_hidden_dim=128;gnn_input_clip=0.7;gnn_input_scale=0;graph_metric=cosine;hyp_gnn_type=gat;hyperbolic_gnn=1;jk_mode=cat;lr=0.001;num_layers=2;proj_dim=256;scorer_hidden=256;tau_quantile=0.1;weight_decay=5e-05,4.0,128,cosine,,cat,,0.001,2,256,,,256,0.1,5e-05,82.13,215.58,0.10153,0.0,,0.7,0,,gat,1,
glue|roberta-base|stsb_wide|C|t30|s42|tune,glue,roberta-base,stsb_wide,stsb,C,tune,30,42,spearman,curvature=4.0;gat_hidden_dim=64;gnn_input_clip=0.7;gnn_input_scale=1;graph_metric=cosine;hyp_gnn_type=gcn;hyperbolic_gnn=1;jk_mode=cat;lr=0.001;num_layers=2;proj_dim=512;scorer_hidden=256;tau_quantile=0.2;weight_decay=1e-05,4.0,64,cosine,,cat,,0.001,2,512,,,256,0.2,1e-05,81.73,220.27,0.19694,0.0,,0.7,1,,gcn,1,
glue|roberta-base|stsb_wide|C|t31|s42|tune,glue,roberta-base,stsb_wide,stsb,C,tune,31,42,spearman,curvature=4.0;gat_hidden_dim=64;gnn_input_clip=1.0;gnn_input_scale=0;graph_metric=cosine;hyp_gnn_type=gcn;hyperbolic_gnn=1;jk_mode=max;lr=2e-05;num_layers=4;proj_dim=128;scorer_hidden=128;tau_quantile=0.38;weight_decay=5e-05,4.0,64,cosine,,max,,2e-05,4,128,,,128,0.38,5e-05,57.8,242.94,0.37564,0.0,,1.0,0,,gcn,1,
glue|roberta-base|stsb_wide|C|t32|s42|tune,glue,roberta-base,stsb_wide,stsb,C,tune,32,42,spearman,curvature=0.25;gat_hidden_dim=128;gnn_input_clip=1.0;gnn_input_scale=0;graph_metric=cosine;hyp_gnn_type=gcn;hyperbolic_gnn=1;jk_mode=cat;lr=0.001;num_layers=4;proj_dim=128;scorer_hidden=256;tau_quantile=0.025;weight_decay=1e-05,0.25,128,cosine,,cat,,0.001,4,128,,,256,0.025,1e-05,82.12,239.3,0.02731,0.0,,1.0,0,,gcn,1,
glue|roberta-base|stsb_wide|C|t33|s42|tune,glue,roberta-base,stsb_wide,stsb,C,tune,33,42,spearman,curvature=0.25;gat_hidden_dim=256;gnn_input_clip=0.7;gnn_input_scale=1;graph_metric=cosine;hyp_gnn_type=gcn;hyperbolic_gnn=1;jk_mode=max;lr=0.001;num_layers=2;proj_dim=512;scorer_hidden=256;tau_quantile=0.38;weight_decay=0.0,0.25,256,cosine,,max,,0.001,2,512,,,256,0.38,0.0,76.11,223.59,0.37617,0.0,,0.7,1,,gcn,1,
glue|roberta-base|stsb_wide|C|t34|s42|tune,glue,roberta-base,stsb_wide,stsb,C,tune,34,42,spearman,curvature=0.25;gat_hidden_dim=128;gnn_input_clip=0.7;gnn_input_scale=1;graph_metric=cosine;hyp_gnn_type=gcn;hyperbolic_gnn=1;jk_mode=max;lr=0.001;num_layers=2;proj_dim=256;scorer_hidden=128;tau_quantile=0.05;weight_decay=1e-05,0.25,128,cosine,,max,,0.001,2,256,,,128,0.05,1e-05,73.82,223.4,0.05071,0.0,,0.7,1,,gcn,1,
glue|roberta-base|stsb_wide|C|t35|s42|tune,glue,roberta-base,stsb_wide,stsb,C,tune,35,42,spearman,curvature=0.25;gat_hidden_dim=256;gnn_input_clip=1.0;gnn_input_scale=0;graph_metric=cosine;hyp_gnn_type=gcn;hyperbolic_gnn=1;jk_mode=max;lr=0.0002;num_layers=4;proj_dim=512;scorer_hidden=128;tau_quantile=0.38;weight_decay=1e-05,0.25,256,cosine,,max,,0.0002,4,512,,,128,0.38,1e-05,76.08,243.71,0.37638,0.0,,1.0,0,,gcn,1,
glue|roberta-base|stsb_wide|C|t36|s42|tune,glue,roberta-base,stsb_wide,stsb,C,tune,36,42,spearman,curvature=0.25;gat_hidden_dim=64;gnn_input_clip=0.7;gnn_input_scale=0;graph_metric=cosine;hyp_gnn_type=gcn;hyperbolic_gnn=1;jk_mode=max;lr=0.0002;num_layers=2;proj_dim=128;scorer_hidden=128;tau_quantile=0.025;weight_decay=0.0,0.25,64,cosine,,max,,0.0002,2,128,,,128,0.025,0.0,60.58,219.73,0.0275,0.0,,0.7,0,,gcn,1,
glue|roberta-base|stsb_wide|C|t37|s42|tune,glue,roberta-base,stsb_wide,stsb,C,tune,37,42,spearman,curvature=0.25;gat_hidden_dim=256;gnn_input_clip=1.0;gnn_input_scale=1;graph_metric=cosine;hyp_gnn_type=gat;hyperbolic_gnn=1;jk_mode=cat;lr=0.0002;num_layers=4;proj_dim=512;scorer_hidden=128;tau_quantile=0.38;weight_decay=0.0,0.25,256,cosine,,cat,,0.0002,4,512,,,128,0.38,0.0,83.85,241.26,0.37623,0.0,,1.0,1,,gat,1,
glue|roberta-base|stsb_wide|C|t38|s42|tune,glue,roberta-base,stsb_wide,stsb,C,tune,38,42,spearman,curvature=0.25;gat_hidden_dim=256;gnn_input_clip=0.7;gnn_input_scale=0;graph_metric=cosine;hyp_gnn_type=gcn;hyperbolic_gnn=1;jk_mode=cat;lr=0.001;num_layers=4;proj_dim=256;scorer_hidden=128;tau_quantile=0.025;weight_decay=0.0,0.25,256,cosine,,cat,,0.001,4,256,,,128,0.025,0.0,79.9,245.95,0.02729,0.0,,0.7,0,,gcn,1,
glue|roberta-base|stsb_wide|C|t39|s42|tune,glue,roberta-base,stsb_wide,stsb,C,tune,39,42,spearman,curvature=0.25;gat_hidden_dim=64;gnn_input_clip=1.0;gnn_input_scale=1;graph_metric=cosine;hyp_gnn_type=gcn;hyperbolic_gnn=1;jk_mode=max;lr=0.001;num_layers=2;proj_dim=256;scorer_hidden=256;tau_quantile=0.1;weight_decay=0.0,0.25,64,cosine,,max,,0.001,2,256,,,256,0.1,0.0,70.09,224.91,0.10145,0.0,,1.0,1,,gcn,1,
glue|roberta-base|stsb_wide|BC|t0|s42|tune,glue,roberta-base,stsb_wide,stsb,BC,tune,0,42,spearman,curvature=4.0;gat_hidden_dim=256;gnn_input_clip=0.0;gnn_input_scale=1;graph_metric=cosine;hyp_gnn_type=gat;hyperbolic_gnn=1;hyperbolic_readout=1;jk_mode=cat;learnable_curvature=0;lr=0.001;num_layers=4;proj_dim=512;readout_clip=1.0;readout_scale=0;scorer_hidden=256;tau_quantile=0.025;weight_decay=0.0,4.0,256,cosine,1,cat,0,0.001,4,512,1.0,0,256,0.025,0.0,76.03,247.62,0.02742,0.0,,0.0,1,,gat,1,
glue|roberta-base|stsb_wide|BC|t1|s42|tune,glue,roberta-base,stsb_wide,stsb,BC,tune,1,42,spearman,curvature=0.25;gat_hidden_dim=128;gnn_input_clip=1.0;gnn_input_scale=0;graph_metric=cosine;hyp_gnn_type=gcn;hyperbolic_gnn=1;hyperbolic_readout=1;jk_mode=cat;learnable_curvature=0;lr=0.0002;num_layers=4;proj_dim=256;readout_clip=1.0;readout_scale=1;scorer_hidden=256;tau_quantile=0.1;weight_decay=1e-05,0.25,128,cosine,1,cat,0,0.0002,4,256,1.0,1,256,0.1,1e-05,82.9,253.47,0.1014,0.0,,1.0,0,,gcn,1,
glue|roberta-base|stsb_wide|BC|t2|s42|tune,glue,roberta-base,stsb_wide,stsb,BC,tune,2,42,spearman,curvature=0.25;gat_hidden_dim=128;gnn_input_clip=0.7;gnn_input_scale=1;graph_metric=cosine;hyp_gnn_type=gat;hyperbolic_gnn=1;hyperbolic_readout=1;jk_mode=cat;learnable_curvature=1;lr=0.0002;num_layers=4;proj_dim=512;readout_clip=0.3;readout_scale=1;scorer_hidden=128;tau_quantile=0.1;weight_decay=1e-05,0.25,128,cosine,1,cat,1,0.0002,4,512,0.3,1,128,0.1,1e-05,79.54,261.32,0.10167,0.0,,0.7,1,,gat,1,
glue|roberta-base|stsb_wide|BC|t3|s42|tune,glue,roberta-base,stsb_wide,stsb,BC,tune,3,42,spearman,curvature=0.25;gat_hidden_dim=128;gnn_input_clip=0.7;gnn_input_scale=1;graph_metric=cosine;hyp_gnn_type=gcn;hyperbolic_gnn=1;hyperbolic_readout=1;jk_mode=cat;learnable_curvature=1;lr=0.0002;num_layers=4;proj_dim=256;readout_clip=0.3;readout_scale=1;scorer_hidden=256;tau_quantile=0.38;weight_decay=5e-05,0.25,128,cosine,1,cat,1,0.0002,4,256,0.3,1,256,0.38,5e-05,75.61,264.93,0.37667,0.0,,0.7,1,,gcn,1,
glue|roberta-base|stsb_wide|BC|t4|s42|tune,glue,roberta-base,stsb_wide,stsb,BC,tune,4,42,spearman,curvature=0.25;gat_hidden_dim=64;gnn_input_clip=0.0;gnn_input_scale=0;graph_metric=cosine;hyp_gnn_type=gat;hyperbolic_gnn=1;hyperbolic_readout=1;jk_mode=cat;learnable_curvature=0;lr=0.0002;num_layers=4;proj_dim=128;readout_clip=0.0;readout_scale=0;scorer_hidden=128;tau_quantile=0.38;weight_decay=1e-05,0.25,64,cosine,1,cat,0,0.0002,4,128,0.0,0,128,0.38,1e-05,83.28,248.36,0.37619,0.0,,0.0,0,,gat,1,
glue|roberta-base|stsb_wide|BC|t5|s42|tune,glue,roberta-base,stsb_wide,stsb,BC,tune,5,42,spearman,curvature=4.0;gat_hidden_dim=256;gnn_input_clip=0.3;gnn_input_scale=1;graph_metric=cosine;hyp_gnn_type=gat;hyperbolic_gnn=1;hyperbolic_readout=1;jk_mode=max;learnable_curvature=1;lr=2e-05;num_layers=4;proj_dim=512;readout_clip=0.7;readout_scale=1;scorer_hidden=256;tau_quantile=0.025;weight_decay=0.0,4.0,256,cosine,1,max,1,2e-05,4,512,0.7,1,256,0.025,0.0,59.61,258.2,0.02751,0.0,,0.3,1,,gat,1,
glue|roberta-base|stsb_wide|BC|t6|s42|tune,glue,roberta-base,stsb_wide,stsb,BC,tune,6,42,spearman,curvature=0.25;gat_hidden_dim=128;gnn_input_clip=0.3;gnn_input_scale=1;graph_metric=cosine;hyp_gnn_type=gat;hyperbolic_gnn=1;hyperbolic_readout=1;jk_mode=max;learnable_curvature=0;lr=0.0002;num_layers=2;proj_dim=256;readout_clip=0.3;readout_scale=1;scorer_hidden=128;tau_quantile=0.025;weight_decay=1e-05,0.25,128,cosine,1,max,0,0.0002,2,256,0.3,1,128,0.025,1e-05,37.53,225.6,0.02729,0.0,,0.3,1,,gat,1,
glue|roberta-base|stsb_wide|BC|t7|s42|tune,glue,roberta-base,stsb_wide,stsb,BC,tune,7,42,spearman,curvature=1.0;gat_hidden_dim=128;gnn_input_clip=0.0;gnn_input_scale=1;graph_metric=cosine;hyp_gnn_type=gcn;hyperbolic_gnn=1;hyperbolic_readout=1;jk_mode=max;learnable_curvature=0;lr=2e-05;num_layers=2;proj_dim=128;readout_clip=1.0;readout_scale=1;scorer_hidden=256;tau_quantile=0.025;weight_decay=1e-05,1.0,128,cosine,1,max,0,2e-05,2,128,1.0,1,256,0.025,1e-05,58.93,227.71,0.02731,0.00781,,0.0,1,,gcn,1,
glue|roberta-base|stsb_wide|BC|t8|s42|tune,glue,roberta-base,stsb_wide,stsb,BC,tune,8,42,spearman,curvature=4.0;gat_hidden_dim=128;gnn_input_clip=1.0;gnn_input_scale=1;graph_metric=cosine;hyp_gnn_type=gat;hyperbolic_gnn=1;hyperbolic_readout=1;jk_mode=max;learnable_curvature=0;lr=0.0002;num_layers=4;proj_dim=512;readout_clip=0.3;readout_scale=0;scorer_hidden=128;tau_quantile=0.1;weight_decay=1e-05,4.0,128,cosine,1,max,0,0.0002,4,512,0.3,0,128,0.1,1e-05,72.75,248.95,0.10222,0.0,,1.0,1,,gat,1,
glue|roberta-base|stsb_wide|BC|t9|s42|tune,glue,roberta-base,stsb_wide,stsb,BC,tune,9,42,spearman,curvature=1.0;gat_hidden_dim=128;gnn_input_clip=0.7;gnn_input_scale=0;graph_metric=cosine;hyp_gnn_type=gcn;hyperbolic_gnn=1;hyperbolic_readout=1;jk_mode=cat;learnable_curvature=1;lr=2e-05;num_layers=4;proj_dim=512;readout_clip=1.0;readout_scale=0;scorer_hidden=128;tau_quantile=0.38;weight_decay=5e-05,1.0,128,cosine,1,cat,1,2e-05,4,512,1.0,0,128,0.38,5e-05,66.03,268.7,0.37667,0.0,,0.7,0,,gcn,1,
glue|roberta-base|stsb_wide|BC|t10|s42|tune,glue,roberta-base,stsb_wide,stsb,BC,tune,10,42,spearman,curvature=0.25;gat_hidden_dim=128;gnn_input_clip=0.3;gnn_input_scale=1;graph_metric=cosine;hyp_gnn_type=gcn;hyperbolic_gnn=1;hyperbolic_readout=1;jk_mode=max;learnable_curvature=0;lr=2e-05;num_layers=2;proj_dim=256;readout_clip=0.3;readout_scale=0;scorer_hidden=256;tau_quantile=0.38;weight_decay=0.0,0.25,128,cosine,1,max,0,2e-05,2,256,0.3,0,256,0.38,0.0,61.69,235.31,0.37609,0.0,,0.3,1,,gcn,1,
glue|roberta-base|stsb_wide|BC|t11|s42|tune,glue,roberta-base,stsb_wide,stsb,BC,tune,11,42,spearman,curvature=0.25;gat_hidden_dim=64;gnn_input_clip=0.0;gnn_input_scale=0;graph_metric=cosine;hyp_gnn_type=gat;hyperbolic_gnn=1;hyperbolic_readout=1;jk_mode=cat;learnable_curvature=0;lr=2e-05;num_layers=2;proj_dim=256;readout_clip=1.0;readout_scale=1;scorer_hidden=256;tau_quantile=0.38;weight_decay=1e-05,0.25,64,cosine,1,cat,0,2e-05,2,256,1.0,1,256,0.38,1e-05,67.5,225.89,0.37594,0.0,,0.0,0,,gat,1,
glue|roberta-base|stsb_wide|BC|t12|s42|tune,glue,roberta-base,stsb_wide,stsb,BC,tune,12,42,spearman,curvature=1.0;gat_hidden_dim=256;gnn_input_clip=0.7;gnn_input_scale=1;graph_metric=cosine;hyp_gnn_type=gat;hyperbolic_gnn=1;hyperbolic_readout=1;jk_mode=cat;learnable_curvature=1;lr=0.001;num_layers=2;proj_dim=128;readout_clip=0.0;readout_scale=1;scorer_hidden=128;tau_quantile=0.1;weight_decay=0.0,1.0,256,cosine,1,cat,1,0.001,2,128,0.0,1,128,0.1,0.0,78.64,232.74,0.10155,0.0,,0.7,1,,gat,1,
glue|roberta-base|stsb_wide|BC|t13|s42|tune,glue,roberta-base,stsb_wide,stsb,BC,tune,13,42,spearman,curvature=0.25;gat_hidden_dim=64;gnn_input_clip=1.0;gnn_input_scale=1;graph_metric=cosine;hyp_gnn_type=gcn;hyperbolic_gnn=1;hyperbolic_readout=1;jk_mode=cat;learnable_curvature=0;lr=0.0002;num_layers=2;proj_dim=512;readout_clip=0.7;readout_scale=0;scorer_hidden=128;tau_quantile=0.025;weight_decay=1e-05,0.25,64,cosine,1,cat,0,0.0002,2,512,0.7,0,128,0.025,1e-05,81.99,232.14,0.02719,0.00391,,1.0,1,,gcn,1,
glue|roberta-base|stsb_wide|BC|t14|s42|tune,glue,roberta-base,stsb_wide,stsb,BC,tune,14,42,spearman,curvature=0.25;gat_hidden_dim=64;gnn_input_clip=0.7;gnn_input_scale=0;graph_metric=cosine;hyp_gnn_type=gat;hyperbolic_gnn=1;hyperbolic_readout=1;jk_mode=max;learnable_curvature=0;lr=2e-05;num_layers=2;proj_dim=512;readout_clip=1.0;readout_scale=0;scorer_hidden=128;tau_quantile=0.2;weight_decay=1e-05,0.25,64,cosine,1,max,0,2e-05,2,512,1.0,0,128,0.2,1e-05,57.14,225.19,0.19667,0.0,,0.7,0,,gat,1,
glue|roberta-base|stsb_wide|BC|t15|s42|tune,glue,roberta-base,stsb_wide,stsb,BC,tune,15,42,spearman,curvature=4.0;gat_hidden_dim=128;gnn_input_clip=0.7;gnn_input_scale=1;graph_metric=cosine;hyp_gnn_type=gcn;hyperbolic_gnn=1;hyperbolic_readout=1;jk_mode=cat;learnable_curvature=0;lr=0.0002;num_layers=2;proj_dim=128;readout_clip=1.0;readout_scale=0;scorer_hidden=128;tau_quantile=0.05;weight_decay=1e-05,4.0,128,cosine,1,cat,0,0.0002,2,128,1.0,0,128,0.05,1e-05,79.96,229.04,0.05023,0.0,,0.7,1,,gcn,1,
glue|roberta-base|stsb_wide|BC|t16|s42|tune,glue,roberta-base,stsb_wide,stsb,BC,tune,16,42,spearman,curvature=4.0;gat_hidden_dim=64;gnn_input_clip=0.7;gnn_input_scale=0;graph_metric=cosine;hyp_gnn_type=gcn;hyperbolic_gnn=1;hyperbolic_readout=1;jk_mode=max;learnable_curvature=0;lr=2e-05;num_layers=2;proj_dim=128;readout_clip=0.3;readout_scale=1;scorer_hidden=256;tau_quantile=0.2;weight_decay=0.0,4.0,64,cosine,1,max,0,2e-05,2,128,0.3,1,256,0.2,0.0,59.47,231.84,0.19706,0.0,,0.7,0,,gcn,1,
glue|roberta-base|stsb_wide|BC|t17|s42|tune,glue,roberta-base,stsb_wide,stsb,BC,tune,17,42,spearman,curvature=4.0;gat_hidden_dim=128;gnn_input_clip=0.3;gnn_input_scale=1;graph_metric=cosine;hyp_gnn_type=gcn;hyperbolic_gnn=1;hyperbolic_readout=1;jk_mode=max;learnable_curvature=0;lr=0.001;num_layers=4;proj_dim=256;readout_clip=0.7;readout_scale=1;scorer_hidden=128;tau_quantile=0.1;weight_decay=1e-05,4.0,128,cosine,1,max,0,0.001,4,256,0.7,1,128,0.1,1e-05,27.96,254.22,0.10177,0.0,,0.3,1,,gcn,1,
glue|roberta-base|stsb_wide|BC|t18|s42|tune,glue,roberta-base,stsb_wide,stsb,BC,tune,18,42,spearman,curvature=0.25;gat_hidden_dim=64;gnn_input_clip=0.0;gnn_input_scale=1;graph_metric=cosine;hyp_gnn_type=gcn;hyperbolic_gnn=1;hyperbolic_readout=1;jk_mode=cat;learnable_curvature=1;lr=0.0002;num_layers=4;proj_dim=256;readout_clip=0.3;readout_scale=0;scorer_hidden=256;tau_quantile=0.38;weight_decay=0.0,0.25,64,cosine,1,cat,1,0.0002,4,256,0.3,0,256,0.38,0.0,75.19,263.93,0.37587,0.0,,0.0,1,,gcn,1,
glue|roberta-base|stsb_wide|BC|t19|s42|tune,glue,roberta-base,stsb_wide,stsb,BC,tune,19,42,spearman,curvature=0.25;gat_hidden_dim=64;gnn_input_clip=0.7;gnn_input_scale=0;graph_metric=cosine;hyp_gnn_type=gat;hyperbolic_gnn=1;hyperbolic_readout=1;jk_mode=max;learnable_curvature=0;lr=0.001;num_layers=2;proj_dim=128;readout_clip=0.7;readout_scale=0;scorer_hidden=256;tau_quantile=0.05;weight_decay=1e-05,0.25,64,cosine,1,max,0,0.001,2,128,0.7,0,256,0.05,1e-05,67.0,224.27,0.05061,0.0,,0.7,0,,gat,1,
glue|roberta-base|stsb_wide|BC|t20|s42|tune,glue,roberta-base,stsb_wide,stsb,BC,tune,20,42,spearman,curvature=4.0;gat_hidden_dim=256;gnn_input_clip=1.0;gnn_input_scale=0;graph_metric=cosine;hyp_gnn_type=gat;hyperbolic_gnn=1;hyperbolic_readout=1;jk_mode=max;learnable_curvature=1;lr=2e-05;num_layers=2;proj_dim=512;readout_clip=0.3;readout_scale=0;scorer_hidden=128;tau_quantile=0.38;weight_decay=1e-05,4.0,256,cosine,1,max,1,2e-05,2,512,0.3,0,128,0.38,1e-05,63.25,229.39,0.37628,0.0,,1.0,0,,gat,1,
glue|roberta-base|stsb_wide|BC|t21|s42|tune,glue,roberta-base,stsb_wide,stsb,BC,tune,21,42,spearman,curvature=0.25;gat_hidden_dim=128;gnn_input_clip=1.0;gnn_input_scale=1;graph_metric=cosine;hyp_gnn_type=gat;hyperbolic_gnn=1;hyperbolic_readout=1;jk_mode=cat;learnable_curvature=1;lr=0.0002;num_layers=4;proj_dim=256;readout_clip=0.7;readout_scale=1;scorer_hidden=128;tau_quantile=0.025;weight_decay=0.0,0.25,128,cosine,1,cat,1,0.0002,4,256,0.7,1,128,0.025,0.0,82.58,254.76,0.02772,0.0,,1.0,1,,gat,1,
glue|roberta-base|stsb_wide|BC|t22|s42|tune,glue,roberta-base,stsb_wide,stsb,BC,tune,22,42,spearman,curvature=1.0;gat_hidden_dim=128;gnn_input_clip=1.0;gnn_input_scale=0;graph_metric=cosine;hyp_gnn_type=gat;hyperbolic_gnn=1;hyperbolic_readout=1;jk_mode=cat;learnable_curvature=1;lr=0.0002;num_layers=4;proj_dim=512;readout_clip=0.3;readout_scale=0;scorer_hidden=256;tau_quantile=0.025;weight_decay=0.0,1.0,128,cosine,1,cat,1,0.0002,4,512,0.3,0,256,0.025,0.0,80.33,254.55,0.02772,0.0,,1.0,0,,gat,1,
glue|roberta-base|stsb_wide|BC|t23|s42|tune,glue,roberta-base,stsb_wide,stsb,BC,tune,23,42,spearman,curvature=1.0;gat_hidden_dim=64;gnn_input_clip=0.7;gnn_input_scale=0;graph_metric=cosine;hyp_gnn_type=gat;hyperbolic_gnn=1;hyperbolic_readout=1;jk_mode=max;learnable_curvature=0;lr=0.0002;num_layers=2;proj_dim=256;readout_clip=0.7;readout_scale=0;scorer_hidden=128;tau_quantile=0.05;weight_decay=5e-05,1.0,64,cosine,1,max,0,0.0002,2,256,0.7,0,128,0.05,5e-05,61.19,222.21,0.05061,0.0,,0.7,0,,gat,1,
glue|roberta-base|stsb_wide|BC|t24|s42|tune,glue,roberta-base,stsb_wide,stsb,BC,tune,24,42,spearman,curvature=1.0;gat_hidden_dim=64;gnn_input_clip=0.3;gnn_input_scale=1;graph_metric=cosine;hyp_gnn_type=gat;hyperbolic_gnn=1;hyperbolic_readout=1;jk_mode=cat;learnable_curvature=1;lr=0.0002;num_layers=4;proj_dim=128;readout_clip=0.3;readout_scale=1;scorer_hidden=256;tau_quantile=0.025;weight_decay=1e-05,1.0,64,cosine,1,cat,1,0.0002,4,128,0.3,1,256,0.025,1e-05,74.95,259.32,0.02755,0.00391,,0.3,1,,gat,1,
glue|roberta-base|stsb_wide|BC|t25|s42|tune,glue,roberta-base,stsb_wide,stsb,BC,tune,25,42,spearman,curvature=1.0;gat_hidden_dim=256;gnn_input_clip=0.7;gnn_input_scale=1;graph_metric=cosine;hyp_gnn_type=gcn;hyperbolic_gnn=1;hyperbolic_readout=1;jk_mode=cat;learnable_curvature=0;lr=2e-05;num_layers=4;proj_dim=128;readout_clip=1.0;readout_scale=0;scorer_hidden=256;tau_quantile=0.38;weight_decay=5e-05,1.0,256,cosine,1,cat,0,2e-05,4,128,1.0,0,256,0.38,5e-05,69.34,257.52,0.37573,0.0,,0.7,1,,gcn,1,
glue|roberta-base|stsb_wide|BC|t26|s42|tune,glue,roberta-base,stsb_wide,stsb,BC,tune,26,42,spearman,curvature=1.0;gat_hidden_dim=128;gnn_input_clip=1.0;gnn_input_scale=1;graph_metric=cosine;hyp_gnn_type=gat;hyperbolic_gnn=1;hyperbolic_readout=1;jk_mode=cat;learnable_curvature=1;lr=0.0002;num_layers=4;proj_dim=512;readout_clip=0.3;readout_scale=1;scorer_hidden=256;tau_quantile=0.38;weight_decay=0.0,1.0,128,cosine,1,cat,1,0.0002,4,512,0.3,1,256,0.38,0.0,80.32,258.14,0.37648,0.0,,1.0,1,,gat,1,
glue|roberta-base|stsb_wide|BC|t27|s42|tune,glue,roberta-base,stsb_wide,stsb,BC,tune,27,42,spearman,curvature=1.0;gat_hidden_dim=64;gnn_input_clip=0.7;gnn_input_scale=1;graph_metric=cosine;hyp_gnn_type=gat;hyperbolic_gnn=1;hyperbolic_readout=1;jk_mode=cat;learnable_curvature=0;lr=2e-05;num_layers=2;proj_dim=256;readout_clip=0.7;readout_scale=1;scorer_hidden=256;tau_quantile=0.025;weight_decay=5e-05,1.0,64,cosine,1,cat,0,2e-05,2,256,0.7,1,256,0.025,5e-05,62.63,224.87,0.02728,0.0,,0.7,1,,gat,1,
glue|roberta-base|stsb_wide|BC|t28|s42|tune,glue,roberta-base,stsb_wide,stsb,BC,tune,28,42,spearman,curvature=1.0;gat_hidden_dim=256;gnn_input_clip=1.0;gnn_input_scale=1;graph_metric=cosine;hyp_gnn_type=gat;hyperbolic_gnn=1;hyperbolic_readout=1;jk_mode=max;learnable_curvature=1;lr=0.0002;num_layers=4;proj_dim=256;readout_clip=0.7;readout_scale=1;scorer_hidden=256;tau_quantile=0.38;weight_decay=0.0,1.0,256,cosine,1,max,1,0.0002,4,256,0.7,1,256,0.38,0.0,28.51,259.22,0.37585,0.0,,1.0,1,,gat,1,
glue|roberta-base|stsb_wide|BC|t29|s42|tune,glue,roberta-base,stsb_wide,stsb,BC,tune,29,42,spearman,curvature=1.0;gat_hidden_dim=256;gnn_input_clip=1.0;gnn_input_scale=1;graph_metric=cosine;hyp_gnn_type=gcn;hyperbolic_gnn=1;hyperbolic_readout=1;jk_mode=max;learnable_curvature=0;lr=0.0002;num_layers=4;proj_dim=512;readout_clip=0.3;readout_scale=1;scorer_hidden=256;tau_quantile=0.05;weight_decay=0.0,1.0,256,cosine,1,max,0,0.0002,4,512,0.3,1,256,0.05,0.0,43.63,255.17,0.05054,0.0,,1.0,1,,gcn,1,
glue|roberta-base|stsb_wide|BC|t30|s42|tune,glue,roberta-base,stsb_wide,stsb,BC,tune,30,42,spearman,curvature=1.0;gat_hidden_dim=64;gnn_input_clip=1.0;gnn_input_scale=0;graph_metric=cosine;hyp_gnn_type=gat;hyperbolic_gnn=1;hyperbolic_readout=1;jk_mode=cat;learnable_curvature=0;lr=2e-05;num_layers=4;proj_dim=512;readout_clip=1.0;readout_scale=1;scorer_hidden=128;tau_quantile=0.05;weight_decay=1e-05,1.0,64,cosine,1,cat,0,2e-05,4,512,1.0,1,128,0.05,1e-05,60.94,244.94,0.05084,0.0,,1.0,0,,gat,1,
glue|roberta-base|stsb_wide|BC|t31|s42|tune,glue,roberta-base,stsb_wide,stsb,BC,tune,31,42,spearman,curvature=0.25;gat_hidden_dim=64;gnn_input_clip=0.3;gnn_input_scale=0;graph_metric=cosine;hyp_gnn_type=gat;hyperbolic_gnn=1;hyperbolic_readout=1;jk_mode=cat;learnable_curvature=0;lr=0.0002;num_layers=2;proj_dim=256;readout_clip=0.3;readout_scale=0;scorer_hidden=256;tau_quantile=0.025;weight_decay=0.0,0.25,64,cosine,1,cat,0,0.0002,2,256,0.3,0,256,0.025,0.0,76.26,225.09,0.02728,0.0,,0.3,0,,gat,1,
glue|roberta-base|stsb_wide|BC|t32|s42|tune,glue,roberta-base,stsb_wide,stsb,BC,tune,32,42,spearman,curvature=1.0;gat_hidden_dim=256;gnn_input_clip=0.7;gnn_input_scale=1;graph_metric=cosine;hyp_gnn_type=gat;hyperbolic_gnn=1;hyperbolic_readout=1;jk_mode=cat;learnable_curvature=1;lr=2e-05;num_layers=2;proj_dim=128;readout_clip=0.3;readout_scale=0;scorer_hidden=256;tau_quantile=0.025;weight_decay=5e-05,1.0,256,cosine,1,cat,1,2e-05,2,128,0.3,0,256,0.025,5e-05,62.2,235.58,0.02742,0.0,,0.7,1,,gat,1,
glue|roberta-base|stsb_wide|BC|t33|s42|tune,glue,roberta-base,stsb_wide,stsb,BC,tune,33,42,spearman,curvature=1.0;gat_hidden_dim=128;gnn_input_clip=0.7;gnn_input_scale=1;graph_metric=cosine;hyp_gnn_type=gat;hyperbolic_gnn=1;hyperbolic_readout=1;jk_mode=max;learnable_curvature=1;lr=2e-05;num_layers=4;proj_dim=256;readout_clip=1.0;readout_scale=1;scorer_hidden=128;tau_quantile=0.2;weight_decay=1e-05,1.0,128,cosine,1,max,1,2e-05,4,256,1.0,1,128,0.2,1e-05,62.26,255.14,0.19656,0.0,,0.7,1,,gat,1,
glue|roberta-base|stsb_wide|BC|t34|s42|tune,glue,roberta-base,stsb_wide,stsb,BC,tune,34,42,spearman,curvature=1.0;gat_hidden_dim=64;gnn_input_clip=1.0;gnn_input_scale=1;graph_metric=cosine;hyp_gnn_type=gat;hyperbolic_gnn=1;hyperbolic_readout=1;jk_mode=cat;learnable_curvature=0;lr=0.001;num_layers=4;proj_dim=128;readout_clip=1.0;readout_scale=1;scorer_hidden=256;tau_quantile=0.2;weight_decay=5e-05,1.0,64,cosine,1,cat,0,0.001,4,128,1.0,1,256,0.2,5e-05,79.98,248.2,0.19675,0.0,,1.0,1,,gat,1,
glue|roberta-base|stsb_wide|BC|t35|s42|tune,glue,roberta-base,stsb_wide,stsb,BC,tune,35,42,spearman,curvature=0.25;gat_hidden_dim=256;gnn_input_clip=0.7;gnn_input_scale=0;graph_metric=cosine;hyp_gnn_type=gcn;hyperbolic_gnn=1;hyperbolic_readout=1;jk_mode=cat;learnable_curvature=0;lr=0.0002;num_layers=2;proj_dim=256;readout_clip=1.0;readout_scale=1;scorer_hidden=128;tau_quantile=0.1;weight_decay=1e-05,0.25,256,cosine,1,cat,0,0.0002,2,256,1.0,1,128,0.1,1e-05,82.56,229.23,0.10158,0.0,,0.7,0,,gcn,1,
glue|roberta-base|stsb_wide|BC|t36|s42|tune,glue,roberta-base,stsb_wide,stsb,BC,tune,36,42,spearman,curvature=4.0;gat_hidden_dim=64;gnn_input_clip=1.0;gnn_input_scale=0;graph_metric=cosine;hyp_gnn_type=gcn;hyperbolic_gnn=1;hyperbolic_readout=1;jk_mode=max;learnable_curvature=1;lr=0.001;num_layers=4;proj_dim=256;readout_clip=0.7;readout_scale=1;scorer_hidden=256;tau_quantile=0.2;weight_decay=1e-05,4.0,64,cosine,1,max,1,0.001,4,256,0.7,1,256,0.2,1e-05,36.37,267.08,0.19672,0.0,,1.0,0,,gcn,1,
glue|roberta-base|stsb_wide|BC|t37|s42|tune,glue,roberta-base,stsb_wide,stsb,BC,tune,37,42,spearman,curvature=4.0;gat_hidden_dim=64;gnn_input_clip=0.3;gnn_input_scale=0;graph_metric=cosine;hyp_gnn_type=gat;hyperbolic_gnn=1;hyperbolic_readout=1;jk_mode=max;learnable_curvature=1;lr=0.0002;num_layers=2;proj_dim=256;readout_clip=1.0;readout_scale=0;scorer_hidden=128;tau_quantile=0.38;weight_decay=1e-05,4.0,64,cosine,1,max,1,0.0002,2,256,1.0,0,128,0.38,1e-05,49.79,230.55,0.37576,0.0,,0.3,0,,gat,1,
glue|roberta-base|stsb_wide|BC|t38|s42|tune,glue,roberta-base,stsb_wide,stsb,BC,tune,38,42,spearman,curvature=1.0;gat_hidden_dim=64;gnn_input_clip=0.7;gnn_input_scale=1;graph_metric=cosine;hyp_gnn_type=gat;hyperbolic_gnn=1;hyperbolic_readout=1;jk_mode=cat;learnable_curvature=0;lr=0.0002;num_layers=4;proj_dim=512;readout_clip=1.0;readout_scale=0;scorer_hidden=256;tau_quantile=0.05;weight_decay=5e-05,1.0,64,cosine,1,cat,0,0.0002,4,512,1.0,0,256,0.05,5e-05,81.31,242.17,0.05084,0.0,,0.7,1,,gat,1,
glue|roberta-base|stsb_wide|BC|t39|s42|tune,glue,roberta-base,stsb_wide,stsb,BC,tune,39,42,spearman,curvature=0.25;gat_hidden_dim=256;gnn_input_clip=0.0;gnn_input_scale=0;graph_metric=cosine;hyp_gnn_type=gat;hyperbolic_gnn=1;hyperbolic_readout=1;jk_mode=cat;learnable_curvature=1;lr=2e-05;num_layers=2;proj_dim=512;readout_clip=1.0;readout_scale=0;scorer_hidden=128;tau_quantile=0.1;weight_decay=0.0,0.25,256,cosine,1,cat,1,2e-05,2,512,1.0,0,128,0.1,0.0,74.3,228.6,0.10155,0.0,,0.0,0,,gat,1,
glue|roberta-base|stsb_wide|BC|t4|s1|confirm,glue,roberta-base,stsb_wide,stsb,BC,confirm,4,1,spearman,curvature=0.25;gat_hidden_dim=64;gnn_input_clip=0.0;gnn_input_scale=0;graph_metric=cosine;hyp_gnn_type=gat;hyperbolic_gnn=1;hyperbolic_readout=1;jk_mode=cat;learnable_curvature=0;lr=0.0002;num_layers=4;proj_dim=128;readout_clip=0.0;readout_scale=0;scorer_hidden=128;tau_quantile=0.38;weight_decay=1e-05,0.25,64,cosine,1,cat,0,0.0002,4,128,0.0,0,128,0.38,1e-05,83.73,244.36,0.37634,0.0,,0.0,0,,gat,1,
glue|roberta-base|stsb_wide|BC|t4|s2|confirm,glue,roberta-base,stsb_wide,stsb,BC,confirm,4,2,spearman,curvature=0.25;gat_hidden_dim=64;gnn_input_clip=0.0;gnn_input_scale=0;graph_metric=cosine;hyp_gnn_type=gat;hyperbolic_gnn=1;hyperbolic_readout=1;jk_mode=cat;learnable_curvature=0;lr=0.0002;num_layers=4;proj_dim=128;readout_clip=0.0;readout_scale=0;scorer_hidden=128;tau_quantile=0.38;weight_decay=1e-05,0.25,64,cosine,1,cat,0,0.0002,4,128,0.0,0,128,0.38,1e-05,83.43,242.99,0.37579,0.0,,0.0,0,,gat,1,
glue|roberta-base|stsb_wide|BC|t4|s3|confirm,glue,roberta-base,stsb_wide,stsb,BC,confirm,4,3,spearman,curvature=0.25;gat_hidden_dim=64;gnn_input_clip=0.0;gnn_input_scale=0;graph_metric=cosine;hyp_gnn_type=gat;hyperbolic_gnn=1;hyperbolic_readout=1;jk_mode=cat;learnable_curvature=0;lr=0.0002;num_layers=4;proj_dim=128;readout_clip=0.0;readout_scale=0;scorer_hidden=128;tau_quantile=0.38;weight_decay=1e-05,0.25,64,cosine,1,cat,0,0.0002,4,128,0.0,0,128,0.38,1e-05,84.11,248.19,0.37601,0.0,,0.0,0,,gat,1,
glue|roberta-base|stsb_wide|BC|t4|s4|confirm,glue,roberta-base,stsb_wide,stsb,BC,confirm,4,4,spearman,curvature=0.25;gat_hidden_dim=64;gnn_input_clip=0.0;gnn_input_scale=0;graph_metric=cosine;hyp_gnn_type=gat;hyperbolic_gnn=1;hyperbolic_readout=1;jk_mode=cat;learnable_curvature=0;lr=0.0002;num_layers=4;proj_dim=128;readout_clip=0.0;readout_scale=0;scorer_hidden=128;tau_quantile=0.38;weight_decay=1e-05,0.25,64,cosine,1,cat,0,0.0002,4,128,0.0,0,128,0.38,1e-05,83.17,246.54,0.37572,0.0,,0.0,0,,gat,1,
glue|roberta-base|stsb_wide|BC|t4|s5|confirm,glue,roberta-base,stsb_wide,stsb,BC,confirm,4,5,spearman,curvature=0.25;gat_hidden_dim=64;gnn_input_clip=0.0;gnn_input_scale=0;graph_metric=cosine;hyp_gnn_type=gat;hyperbolic_gnn=1;hyperbolic_readout=1;jk_mode=cat;learnable_curvature=0;lr=0.0002;num_layers=4;proj_dim=128;readout_clip=0.0;readout_scale=0;scorer_hidden=128;tau_quantile=0.38;weight_decay=1e-05,0.25,64,cosine,1,cat,0,0.0002,4,128,0.0,0,128,0.38,1e-05,84.11,247.81,0.37562,0.0,,0.0,0,,gat,1,
glue|roberta-base|stsb_wide|BC|t4|s6|confirm,glue,roberta-base,stsb_wide,stsb,BC,confirm,4,6,spearman,curvature=0.25;gat_hidden_dim=64;gnn_input_clip=0.0;gnn_input_scale=0;graph_metric=cosine;hyp_gnn_type=gat;hyperbolic_gnn=1;hyperbolic_readout=1;jk_mode=cat;learnable_curvature=0;lr=0.0002;num_layers=4;proj_dim=128;readout_clip=0.0;readout_scale=0;scorer_hidden=128;tau_quantile=0.38;weight_decay=1e-05,0.25,64,cosine,1,cat,0,0.0002,4,128,0.0,0,128,0.38,1e-05,83.42,251.43,0.37527,0.0,,0.0,0,,gat,1,
glue|roberta-base|stsb_wide|BC|t4|s7|confirm,glue,roberta-base,stsb_wide,stsb,BC,confirm,4,7,spearman,curvature=0.25;gat_hidden_dim=64;gnn_input_clip=0.0;gnn_input_scale=0;graph_metric=cosine;hyp_gnn_type=gat;hyperbolic_gnn=1;hyperbolic_readout=1;jk_mode=cat;learnable_curvature=0;lr=0.0002;num_layers=4;proj_dim=128;readout_clip=0.0;readout_scale=0;scorer_hidden=128;tau_quantile=0.38;weight_decay=1e-05,0.25,64,cosine,1,cat,0,0.0002,4,128,0.0,0,128,0.38,1e-05,84.2,243.69,0.37608,0.0,,0.0,0,,gat,1,
glue|roberta-base|stsb_wide|BC|t4|s8|confirm,glue,roberta-base,stsb_wide,stsb,BC,confirm,4,8,spearman,curvature=0.25;gat_hidden_dim=64;gnn_input_clip=0.0;gnn_input_scale=0;graph_metric=cosine;hyp_gnn_type=gat;hyperbolic_gnn=1;hyperbolic_readout=1;jk_mode=cat;learnable_curvature=0;lr=0.0002;num_layers=4;proj_dim=128;readout_clip=0.0;readout_scale=0;scorer_hidden=128;tau_quantile=0.38;weight_decay=1e-05,0.25,64,cosine,1,cat,0,0.0002,4,128,0.0,0,128,0.38,1e-05,83.5,241.06,0.37567,0.0,,0.0,0,,gat,1,
glue|roberta-base|stsb_wide|BC|t4|s9|confirm,glue,roberta-base,stsb_wide,stsb,BC,confirm,4,9,spearman,curvature=0.25;gat_hidden_dim=64;gnn_input_clip=0.0;gnn_input_scale=0;graph_metric=cosine;hyp_gnn_type=gat;hyperbolic_gnn=1;hyperbolic_readout=1;jk_mode=cat;learnable_curvature=0;lr=0.0002;num_layers=4;proj_dim=128;readout_clip=0.0;readout_scale=0;scorer_hidden=128;tau_quantile=0.38;weight_decay=1e-05,0.25,64,cosine,1,cat,0,0.0002,4,128,0.0,0,128,0.38,1e-05,83.42,245.92,0.37592,0.0,,0.0,0,,gat,1,
glue|roberta-base|stsb_wide|BC|t4|s10|confirm,glue,roberta-base,stsb_wide,stsb,BC,confirm,4,10,spearman,curvature=0.25;gat_hidden_dim=64;gnn_input_clip=0.0;gnn_input_scale=0;graph_metric=cosine;hyp_gnn_type=gat;hyperbolic_gnn=1;hyperbolic_readout=1;jk_mode=cat;learnable_curvature=0;lr=0.0002;num_layers=4;proj_dim=128;readout_clip=0.0;readout_scale=0;scorer_hidden=128;tau_quantile=0.38;weight_decay=1e-05,0.25,64,cosine,1,cat,0,0.0002,4,128,0.0,0,128,0.38,1e-05,83.46,243.95,0.37603,0.0,,0.0,0,,gat,1,
glue|roberta-base|stsb_wide|BC|t4|s11|confirm,glue,roberta-base,stsb_wide,stsb,BC,confirm,4,11,spearman,curvature=0.25;gat_hidden_dim=64;gnn_input_clip=0.0;gnn_input_scale=0;graph_metric=cosine;hyp_gnn_type=gat;hyperbolic_gnn=1;hyperbolic_readout=1;jk_mode=cat;learnable_curvature=0;lr=0.0002;num_layers=4;proj_dim=128;readout_clip=0.0;readout_scale=0;scorer_hidden=128;tau_quantile=0.38;weight_decay=1e-05,0.25,64,cosine,1,cat,0,0.0002,4,128,0.0,0,128,0.38,1e-05,83.25,241.26,0.37569,0.0,,0.0,0,,gat,1,
glue|roberta-base|stsb_wide|BC|t4|s12|confirm,glue,roberta-base,stsb_wide,stsb,BC,confirm,4,12,spearman,curvature=0.25;gat_hidden_dim=64;gnn_input_clip=0.0;gnn_input_scale=0;graph_metric=cosine;hyp_gnn_type=gat;hyperbolic_gnn=1;hyperbolic_readout=1;jk_mode=cat;learnable_curvature=0;lr=0.0002;num_layers=4;proj_dim=128;readout_clip=0.0;readout_scale=0;scorer_hidden=128;tau_quantile=0.38;weight_decay=1e-05,0.25,64,cosine,1,cat,0,0.0002,4,128,0.0,0,128,0.38,1e-05,82.84,242.2,0.37649,0.0,,0.0,0,,gat,1,
glue|roberta-base|stsb_wide|BC|t4|s13|confirm,glue,roberta-base,stsb_wide,stsb,BC,confirm,4,13,spearman,curvature=0.25;gat_hidden_dim=64;gnn_input_clip=0.0;gnn_input_scale=0;graph_metric=cosine;hyp_gnn_type=gat;hyperbolic_gnn=1;hyperbolic_readout=1;jk_mode=cat;learnable_curvature=0;lr=0.0002;num_layers=4;proj_dim=128;readout_clip=0.0;readout_scale=0;scorer_hidden=128;tau_quantile=0.38;weight_decay=1e-05,0.25,64,cosine,1,cat,0,0.0002,4,128,0.0,0,128,0.38,1e-05,84.09,239.42,0.37659,0.0,,0.0,0,,gat,1,
glue|roberta-base|stsb_wide|BC|t4|s14|confirm,glue,roberta-base,stsb_wide,stsb,BC,confirm,4,14,spearman,curvature=0.25;gat_hidden_dim=64;gnn_input_clip=0.0;gnn_input_scale=0;graph_metric=cosine;hyp_gnn_type=gat;hyperbolic_gnn=1;hyperbolic_readout=1;jk_mode=cat;learnable_curvature=0;lr=0.0002;num_layers=4;proj_dim=128;readout_clip=0.0;readout_scale=0;scorer_hidden=128;tau_quantile=0.38;weight_decay=1e-05,0.25,64,cosine,1,cat,0,0.0002,4,128,0.0,0,128,0.38,1e-05,83.75,241.94,0.37592,0.0,,0.0,0,,gat,1,
glue|roberta-base|stsb_wide|BC|t4|s15|confirm,glue,roberta-base,stsb_wide,stsb,BC,confirm,4,15,spearman,curvature=0.25;gat_hidden_dim=64;gnn_input_clip=0.0;gnn_input_scale=0;graph_metric=cosine;hyp_gnn_type=gat;hyperbolic_gnn=1;hyperbolic_readout=1;jk_mode=cat;learnable_curvature=0;lr=0.0002;num_layers=4;proj_dim=128;readout_clip=0.0;readout_scale=0;scorer_hidden=128;tau_quantile=0.38;weight_decay=1e-05,0.25,64,cosine,1,cat,0,0.0002,4,128,0.0,0,128,0.38,1e-05,83.97,240.92,0.37599,0.0,,0.0,0,,gat,1,
glue|roberta-base|stsb_wide|C|t37|s1|confirm,glue,roberta-base,stsb_wide,stsb,C,confirm,37,1,spearman,curvature=0.25;gat_hidden_dim=256;gnn_input_clip=1.0;gnn_input_scale=1;graph_metric=cosine;hyp_gnn_type=gat;hyperbolic_gnn=1;jk_mode=cat;lr=0.0002;num_layers=4;proj_dim=512;scorer_hidden=128;tau_quantile=0.38;weight_decay=0.0,0.25,256,cosine,,cat,,0.0002,4,512,,,128,0.38,0.0,83.49,240.77,0.37574,0.0,,1.0,1,,gat,1,
glue|roberta-base|stsb_wide|C|t37|s2|confirm,glue,roberta-base,stsb_wide,stsb,C,confirm,37,2,spearman,curvature=0.25;gat_hidden_dim=256;gnn_input_clip=1.0;gnn_input_scale=1;graph_metric=cosine;hyp_gnn_type=gat;hyperbolic_gnn=1;jk_mode=cat;lr=0.0002;num_layers=4;proj_dim=512;scorer_hidden=128;tau_quantile=0.38;weight_decay=0.0,0.25,256,cosine,,cat,,0.0002,4,512,,,128,0.38,0.0,84.28,241.18,0.37639,0.0,,1.0,1,,gat,1,
glue|roberta-base|stsb_wide|C|t37|s3|confirm,glue,roberta-base,stsb_wide,stsb,C,confirm,37,3,spearman,curvature=0.25;gat_hidden_dim=256;gnn_input_clip=1.0;gnn_input_scale=1;graph_metric=cosine;hyp_gnn_type=gat;hyperbolic_gnn=1;jk_mode=cat;lr=0.0002;num_layers=4;proj_dim=512;scorer_hidden=128;tau_quantile=0.38;weight_decay=0.0,0.25,256,cosine,,cat,,0.0002,4,512,,,128,0.38,0.0,84.08,238.18,0.37522,0.0,,1.0,1,,gat,1,
glue|roberta-base|stsb_wide|C|t37|s4|confirm,glue,roberta-base,stsb_wide,stsb,C,confirm,37,4,spearman,curvature=0.25;gat_hidden_dim=256;gnn_input_clip=1.0;gnn_input_scale=1;graph_metric=cosine;hyp_gnn_type=gat;hyperbolic_gnn=1;jk_mode=cat;lr=0.0002;num_layers=4;proj_dim=512;scorer_hidden=128;tau_quantile=0.38;weight_decay=0.0,0.25,256,cosine,,cat,,0.0002,4,512,,,128,0.38,0.0,83.91,243.39,0.37563,0.0,,1.0,1,,gat,1,
glue|roberta-base|stsb_wide|C|t37|s5|confirm,glue,roberta-base,stsb_wide,stsb,C,confirm,37,5,spearman,curvature=0.25;gat_hidden_dim=256;gnn_input_clip=1.0;gnn_input_scale=1;graph_metric=cosine;hyp_gnn_type=gat;hyperbolic_gnn=1;jk_mode=cat;lr=0.0002;num_layers=4;proj_dim=512;scorer_hidden=128;tau_quantile=0.38;weight_decay=0.0,0.25,256,cosine,,cat,,0.0002,4,512,,,128,0.38,0.0,83.8,238.74,0.37607,0.0,,1.0,1,,gat,1,
glue|roberta-base|stsb_wide|C|t37|s6|confirm,glue,roberta-base,stsb_wide,stsb,C,confirm,37,6,spearman,curvature=0.25;gat_hidden_dim=256;gnn_input_clip=1.0;gnn_input_scale=1;graph_metric=cosine;hyp_gnn_type=gat;hyperbolic_gnn=1;jk_mode=cat;lr=0.0002;num_layers=4;proj_dim=512;scorer_hidden=128;tau_quantile=0.38;weight_decay=0.0,0.25,256,cosine,,cat,,0.0002,4,512,,,128,0.38,0.0,84.05,237.28,0.37611,0.0,,1.0,1,,gat,1,
glue|roberta-base|stsb_wide|C|t37|s7|confirm,glue,roberta-base,stsb_wide,stsb,C,confirm,37,7,spearman,curvature=0.25;gat_hidden_dim=256;gnn_input_clip=1.0;gnn_input_scale=1;graph_metric=cosine;hyp_gnn_type=gat;hyperbolic_gnn=1;jk_mode=cat;lr=0.0002;num_layers=4;proj_dim=512;scorer_hidden=128;tau_quantile=0.38;weight_decay=0.0,0.25,256,cosine,,cat,,0.0002,4,512,,,128,0.38,0.0,84.13,238.82,0.37642,0.0,,1.0,1,,gat,1,
glue|roberta-base|stsb_wide|C|t37|s8|confirm,glue,roberta-base,stsb_wide,stsb,C,confirm,37,8,spearman,curvature=0.25;gat_hidden_dim=256;gnn_input_clip=1.0;gnn_input_scale=1;graph_metric=cosine;hyp_gnn_type=gat;hyperbolic_gnn=1;jk_mode=cat;lr=0.0002;num_layers=4;proj_dim=512;scorer_hidden=128;tau_quantile=0.38;weight_decay=0.0,0.25,256,cosine,,cat,,0.0002,4,512,,,128,0.38,0.0,84.19,236.38,0.37611,0.0,,1.0,1,,gat,1,
glue|roberta-base|stsb_wide|C|t37|s9|confirm,glue,roberta-base,stsb_wide,stsb,C,confirm,37,9,spearman,curvature=0.25;gat_hidden_dim=256;gnn_input_clip=1.0;gnn_input_scale=1;graph_metric=cosine;hyp_gnn_type=gat;hyperbolic_gnn=1;jk_mode=cat;lr=0.0002;num_layers=4;proj_dim=512;scorer_hidden=128;tau_quantile=0.38;weight_decay=0.0,0.25,256,cosine,,cat,,0.0002,4,512,,,128,0.38,0.0,84.85,239.87,0.37633,0.0,,1.0,1,,gat,1,
glue|roberta-base|stsb_wide|C|t37|s10|confirm,glue,roberta-base,stsb_wide,stsb,C,confirm,37,10,spearman,curvature=0.25;gat_hidden_dim=256;gnn_input_clip=1.0;gnn_input_scale=1;graph_metric=cosine;hyp_gnn_type=gat;hyperbolic_gnn=1;jk_mode=cat;lr=0.0002;num_layers=4;proj_dim=512;scorer_hidden=128;tau_quantile=0.38;weight_decay=0.0,0.25,256,cosine,,cat,,0.0002,4,512,,,128,0.38,0.0,84.9,237.87,0.3757,0.0,,1.0,1,,gat,1,
glue|roberta-base|stsb_wide|C|t37|s11|confirm,glue,roberta-base,stsb_wide,stsb,C,confirm,37,11,spearman,curvature=0.25;gat_hidden_dim=256;gnn_input_clip=1.0;gnn_input_scale=1;graph_metric=cosine;hyp_gnn_type=gat;hyperbolic_gnn=1;jk_mode=cat;lr=0.0002;num_layers=4;proj_dim=512;scorer_hidden=128;tau_quantile=0.38;weight_decay=0.0,0.25,256,cosine,,cat,,0.0002,4,512,,,128,0.38,0.0,84.47,235.74,0.37643,0.0,,1.0,1,,gat,1,
glue|roberta-base|stsb_wide|C|t37|s12|confirm,glue,roberta-base,stsb_wide,stsb,C,confirm,37,12,spearman,curvature=0.25;gat_hidden_dim=256;gnn_input_clip=1.0;gnn_input_scale=1;graph_metric=cosine;hyp_gnn_type=gat;hyperbolic_gnn=1;jk_mode=cat;lr=0.0002;num_layers=4;proj_dim=512;scorer_hidden=128;tau_quantile=0.38;weight_decay=0.0,0.25,256,cosine,,cat,,0.0002,4,512,,,128,0.38,0.0,83.78,236.07,0.37596,0.0,,1.0,1,,gat,1,
glue|roberta-base|stsb_wide|C|t37|s13|confirm,glue,roberta-base,stsb_wide,stsb,C,confirm,37,13,spearman,curvature=0.25;gat_hidden_dim=256;gnn_input_clip=1.0;gnn_input_scale=1;graph_metric=cosine;hyp_gnn_type=gat;hyperbolic_gnn=1;jk_mode=cat;lr=0.0002;num_layers=4;proj_dim=512;scorer_hidden=128;tau_quantile=0.38;weight_decay=0.0,0.25,256,cosine,,cat,,0.0002,4,512,,,128,0.38,0.0,84.17,240.29,0.37587,0.0,,1.0,1,,gat,1,
glue|roberta-base|stsb_wide|C|t37|s14|confirm,glue,roberta-base,stsb_wide,stsb,C,confirm,37,14,spearman,curvature=0.25;gat_hidden_dim=256;gnn_input_clip=1.0;gnn_input_scale=1;graph_metric=cosine;hyp_gnn_type=gat;hyperbolic_gnn=1;jk_mode=cat;lr=0.0002;num_layers=4;proj_dim=512;scorer_hidden=128;tau_quantile=0.38;weight_decay=0.0,0.25,256,cosine,,cat,,0.0002,4,512,,,128,0.38,0.0,84.64,237.35,0.37572,0.0,,1.0,1,,gat,1,
glue|roberta-base|stsb_wide|C|t37|s15|confirm,glue,roberta-base,stsb_wide,stsb,C,confirm,37,15,spearman,curvature=0.25;gat_hidden_dim=256;gnn_input_clip=1.0;gnn_input_scale=1;graph_metric=cosine;hyp_gnn_type=gat;hyperbolic_gnn=1;jk_mode=cat;lr=0.0002;num_layers=4;proj_dim=512;scorer_hidden=128;tau_quantile=0.38;weight_decay=0.0,0.25,256,cosine,,cat,,0.0002,4,512,,,128,0.38,0.0,83.89,237.22,0.37554,0.0,,1.0,1,,gat,1,
glue|roberta-base|stsb_wide|AB|t0|s42|tune,glue,roberta-base,stsb_wide,stsb,AB,tune,0,42,spearman,curvature=4.0;feature_mode=center;gat_hidden_dim=256;graph_curvature=9.0;graph_metric=poincare;hyperbolic_readout=1;jk_mode=cat;learnable_curvature=0;lr=2e-05;num_layers=4;proj_dim=128;readout_clip=0.7;readout_scale=1;rho_quantile=0.05;scorer_hidden=256;weight_decay=5e-05,4.0,256,poincare,1,cat,0,2e-05,4,128,0.7,1,256,,5e-05,69.45,249.6,0.04899,0.0,center,,,9.0,,,0.05
glue|roberta-base|stsb_wide|AB|t1|s42|tune,glue,roberta-base,stsb_wide,stsb,AB,tune,1,42,spearman,curvature=0.25;feature_mode=cls_root_unit;gat_hidden_dim=128;graph_curvature=1.0;graph_metric=poincare;hyperbolic_readout=1;jk_mode=cat;learnable_curvature=1;lr=2e-05;num_layers=4;proj_dim=128;readout_clip=0.0;readout_scale=1;rho_quantile=0.38;scorer_hidden=256;weight_decay=0.0,0.25,128,poincare,1,cat,1,2e-05,4,128,0.0,1,256,,0.0,70.22,257.2,0.37358,0.0,cls_root_unit,,,1.0,,,0.38
glue|roberta-base|stsb_wide|AB|t2|s42|tune,glue,roberta-base,stsb_wide,stsb,AB,tune,2,42,spearman,curvature=4.0;feature_mode=center_unit;gat_hidden_dim=64;graph_curvature=9.0;graph_metric=poincare;hyperbolic_readout=1;jk_mode=cat;learnable_curvature=1;lr=0.0002;num_layers=2;proj_dim=128;readout_clip=0.7;readout_scale=0;rho_quantile=0.2;scorer_hidden=128;weight_decay=0.0,4.0,64,poincare,1,cat,1,0.0002,2,128,0.7,0,128,,0.0,79.78,252.82,0.19504,0.0,center_unit,,,9.0,,,0.2
glue|roberta-base|stsb_wide|AB|t3|s42|tune,glue,roberta-base,stsb_wide,stsb,AB,tune,3,42,spearman,curvature=0.25;feature_mode=center_unit;gat_hidden_dim=256;graph_curvature=1.0;graph_metric=poincare;hyperbolic_readout=1;jk_mode=max;learnable_curvature=0;lr=2e-05;num_layers=2;proj_dim=128;readout_clip=0.7;readout_scale=0;rho_quantile=0.1;scorer_hidden=128;weight_decay=5e-05,0.25,256,poincare,1,max,0,2e-05,2,128,0.7,0,128,,5e-05,72.54,247.18,0.10094,0.0,center_unit,,,1.0,,,0.1
glue|roberta-base|stsb_wide|AB|t4|s42|tune,glue,roberta-base,stsb_wide,stsb,AB,tune,4,42,spearman,curvature=4.0;feature_mode=unit;gat_hidden_dim=128;graph_curvature=2.25;graph_metric=poincare;hyperbolic_readout=1;jk_mode=cat;learnable_curvature=1;lr=0.001;num_layers=4;proj_dim=128;readout_clip=0.3;readout_scale=0;rho_quantile=0.025;scorer_hidden=128;weight_decay=5e-05,4.0,128,poincare,1,cat,1,0.001,4,128,0.3,0,128,,5e-05,58.34,254.24,0.02613,0.00391,unit,,,2.25,,,0.025
glue|roberta-base|stsb_wide|AB|t5|s42|tune,glue,roberta-base,stsb_wide,stsb,AB,tune,5,42,spearman,curvature=4.0;feature_mode=center;gat_hidden_dim=256;graph_curvature=1.0;graph_metric=poincare;hyperbolic_readout=1;jk_mode=cat;learnable_curvature=1;lr=0.001;num_layers=4;proj_dim=256;readout_clip=1.0;readout_scale=0;rho_quantile=0.2;scorer_hidden=256;weight_decay=5e-05,4.0,256,poincare,1,cat,1,0.001,4,256,1.0,0,256,,5e-05,70.44,252.22,0.19495,0.0,center,,,1.0,,,0.2
glue|roberta-base|stsb_wide|AB|t6|s42|tune,glue,roberta-base,stsb_wide,stsb,AB,tune,6,42,spearman,curvature=0.25;feature_mode=center;gat_hidden_dim=64;graph_curvature=4.0;graph_metric=poincare;hyperbolic_readout=1;jk_mode=max;learnable_curvature=1;lr=0.0002;num_layers=2;proj_dim=512;readout_clip=0.0;readout_scale=0;rho_quantile=0.1;scorer_hidden=256;weight_decay=5e-05,0.25,64,poincare,1,max,1,0.0002,2,512,0.0,0,256,,5e-05,71.5,250.67,0.09922,0.0,center,,,4.0,,,0.1
glue|roberta-base|stsb_wide|AB|t7|s42|tune,glue,roberta-base,stsb_wide,stsb,AB,tune,7,42,spearman,curvature=1.0;feature_mode=center_unit;gat_hidden_dim=128;graph_curvature=1.0;graph_metric=poincare;hyperbolic_readout=1;jk_mode=max;learnable_curvature=0;lr=0.0002;num_layers=4;proj_dim=256;readout_clip=0.7;readout_scale=1;rho_quantile=0.38;scorer_hidden=256;weight_decay=1e-05,1.0,128,poincare,1,max,0,0.0002,4,256,0.7,1,256,,1e-05,74.45,252.95,0.37341,0.0,center_unit,,,1.0,,,0.38
glue|roberta-base|stsb_wide|AB|t8|s42|tune,glue,roberta-base,stsb_wide,stsb,AB,tune,8,42,spearman,curvature=4.0;feature_mode=unit;gat_hidden_dim=64;graph_curvature=2.25;graph_metric=poincare;hyperbolic_readout=1;jk_mode=max;learnable_curvature=0;lr=0.0002;num_layers=4;proj_dim=128;readout_clip=1.0;readout_scale=0;rho_quantile=0.05;scorer_hidden=128;weight_decay=5e-05,4.0,64,poincare,1,max,0,0.0002,4,128,1.0,0,128,,5e-05,71.35,251.04,0.04898,0.0,unit,,,2.25,,,0.05
glue|roberta-base|stsb_wide|AB|t9|s42|tune,glue,roberta-base,stsb_wide,stsb,AB,tune,9,42,spearman,curvature=0.25;feature_mode=unit;gat_hidden_dim=256;graph_curvature=1.0;graph_metric=poincare;hyperbolic_readout=1;jk_mode=cat;learnable_curvature=1;lr=0.001;num_layers=2;proj_dim=512;readout_clip=0.0;readout_scale=1;rho_quantile=0.025;scorer_hidden=128;weight_decay=5e-05,0.25,256,poincare,1,cat,1,0.001,2,512,0.0,1,128,,5e-05,77.22,249.7,0.0266,0.0,unit,,,1.0,,,0.025
glue|roberta-base|stsb_wide|AB|t10|s42|tune,glue,roberta-base,stsb_wide,stsb,AB,tune,10,42,spearman,curvature=4.0;feature_mode=cls_root_unit;gat_hidden_dim=64;graph_curvature=4.0;graph_metric=poincare;hyperbolic_readout=1;jk_mode=max;learnable_curvature=0;lr=0.001;num_layers=4;proj_dim=512;readout_clip=1.0;readout_scale=1;rho_quantile=0.1;scorer_hidden=128;weight_decay=1e-05,4.0,64,poincare,1,max,0,0.001,4,512,1.0,1,128,,1e-05,72.63,254.58,0.09991,0.0,cls_root_unit,,,4.0,,,0.1
glue|roberta-base|stsb_wide|AB|t11|s42|tune,glue,roberta-base,stsb_wide,stsb,AB,tune,11,42,spearman,curvature=4.0;feature_mode=center;gat_hidden_dim=64;graph_curvature=9.0;graph_metric=poincare;hyperbolic_readout=1;jk_mode=max;learnable_curvature=0;lr=0.001;num_layers=2;proj_dim=512;readout_clip=0.7;readout_scale=0;rho_quantile=0.05;scorer_hidden=256;weight_decay=0.0,4.0,64,poincare,1,max,0,0.001,2,512,0.7,0,256,,0.0,71.36,246.97,0.04922,0.0,center,,,9.0,,,0.05
glue|roberta-base|stsb_wide|AB|t12|s42|tune,glue,roberta-base,stsb_wide,stsb,AB,tune,12,42,spearman,curvature=0.25;feature_mode=center;gat_hidden_dim=64;graph_curvature=9.0;graph_metric=poincare;hyperbolic_readout=1;jk_mode=cat;learnable_curvature=0;lr=2e-05;num_layers=4;proj_dim=256;readout_clip=1.0;readout_scale=0;rho_quantile=0.1;scorer_hidden=128;weight_decay=0.0,0.25,64,poincare,1,cat,0,2e-05,4,256,1.0,0,128,,0.0,72.66,250.42,0.09935,0.0,center,,,9.0,,,0.1
glue|roberta-base|stsb_wide|AB|t13|s42|tune,glue,roberta-base,stsb_wide,stsb,AB,tune,13,42,spearman,curvature=1.0;feature_mode=cls_root_unit;gat_hidden_dim=64;graph_curvature=2.25;graph_metric=poincare;hyperbolic_readout=1;jk_mode=max;learnable_curvature=0;lr=2e-05;num_layers=4;proj_dim=128;readout_clip=0.0;readout_scale=1;rho_quantile=0.2;scorer_hidden=128;weight_decay=5e-05,1.0,64,poincare,1,max,0,2e-05,4,128,0.0,1,128,,5e-05,54.83,254.18,0.19604,0.0,cls_root_unit,,,2.25,,,0.2
glue|roberta-base|stsb_wide|AB|t14|s42|tune,glue,roberta-base,stsb_wide,stsb,AB,tune,14,42,spearman,curvature=1.0;feature_mode=center;gat_hidden_dim=256;graph_curvature=4.0;graph_metric=poincare;hyperbolic_readout=1;jk_mode=cat;learnable_curvature=0;lr=2e-05;num_layers=2;proj_dim=128;readout_clip=1.0;readout_scale=0;rho_quantile=0.025;scorer_hidden=128;weight_decay=1e-05,1.0,256,poincare,1,cat,0,2e-05,2,128,1.0,0,128,,1e-05,74.42,243.5,0.02659,0.0,center,,,4.0,,,0.025
glue|roberta-base|stsb_wide|AB|t15|s42|tune,glue,roberta-base,stsb_wide,stsb,AB,tune,15,42,spearman,curvature=1.0;feature_mode=unit;gat_hidden_dim=64;graph_curvature=2.25;graph_metric=poincare;hyperbolic_readout=1;jk_mode=cat;learnable_curvature=0;lr=0.0002;num_layers=2;proj_dim=128;readout_clip=0.0;readout_scale=1;rho_quantile=0.2;scorer_hidden=128;weight_decay=1e-05,1.0,64,poincare,1,cat,0,0.0002,2,128,0.0,1,128,,1e-05,82.5,249.66,0.19513,0.0,unit,,,2.25,,,0.2
glue|roberta-base|stsb_wide|AB|t16|s42|tune,glue,roberta-base,stsb_wide,stsb,AB,tune,16,42,spearman,curvature=0.25;feature_mode=center_unit;gat_hidden_dim=64;graph_curvature=4.0;graph_metric=poincare;hyperbolic_readout=1;jk_mode=cat;learnable_curvature=1;lr=0.001;num_layers=4;proj_dim=512;readout_clip=0.3;readout_scale=1;rho_quantile=0.38;scorer_hidden=256;weight_decay=0.0,0.25,64,poincare,1,cat,1,0.001,4,512,0.3,1,256,,0.0,72.9,256.01,0.37425,0.0,center_unit,,,4.0,,,0.38
glue|roberta-base|stsb_wide|AB|t17|s42|tune,glue,roberta-base,stsb_wide,stsb,AB,tune,17,42,spearman,curvature=0.25;feature_mode=center_unit;gat_hidden_dim=256;graph_curvature=2.25;graph_metric=poincare;hyperbolic_readout=1;jk_mode=max;learnable_curvature=1;lr=2e-05;num_layers=2;proj_dim=512;readout_clip=0.0;readout_scale=0;rho_quantile=0.2;scorer_hidden=256;weight_decay=0.0,0.25,256,poincare,1,max,1,2e-05,2,512,0.0,0,256,,0.0,74.29,249.02,0.195,0.0,center_unit,,,2.25,,,0.2
glue|roberta-base|stsb_wide|AB|t18|s42|tune,glue,roberta-base,stsb_wide,stsb,AB,tune,18,42,spearman,curvature=4.0;feature_mode=unit;gat_hidden_dim=128;graph_curvature=0.25;graph_metric=poincare;hyperbolic_readout=1;jk_mode=max;learnable_curvature=0;lr=0.001;num_layers=2;proj_dim=256;readout_clip=0.7;readout_scale=0;rho_quantile=0.38;scorer_hidden=128;weight_decay=1e-05,4.0,128,poincare,1,max,0,0.001,2,256,0.7,0,128,,1e-05,74.98,246.53,0.37301,0.0,unit,,,0.25,,,0.38
glue|roberta-base|stsb_wide|AB|t19|s42|tune,glue,roberta-base,stsb_wide,stsb,AB,tune,19,42,spearman,curvature=0.25;feature_mode=cls_root_unit;gat_hidden_dim=64;graph_curvature=0.25;graph_metric=poincare;hyperbolic_readout=1;jk_mode=max;learnable_curvature=0;lr=0.0002;num_layers=2;proj_dim=256;readout_clip=0.3;readout_scale=1;rho_quantile=0.1;scorer_hidden=256;weight_decay=1e-05,0.25,64,poincare,1,max,0,0.0002,2,256,0.3,1,256,,1e-05,68.33,246.12,0.09938,0.0,cls_root_unit,,,0.25,,,0.1
glue|roberta-base|stsb_wide|AB|t20|s42|tune,glue,roberta-base,stsb_wide,stsb,AB,tune,20,42,spearman,curvature=1.0;feature_mode=cls_root_unit;gat_hidden_dim=128;graph_curvature=2.25;graph_metric=poincare;hyperbolic_readout=1;jk_mode=max;learnable_curvature=1;lr=0.0002;num_layers=2;proj_dim=512;readout_clip=0.3;readout_scale=1;rho_quantile=0.025;scorer_hidden=128;weight_decay=0.0,1.0,128,poincare,1,max,1,0.0002,2,512,0.3,1,128,,0.0,74.95,243.45,0.02699,0.0,cls_root_unit,,,2.25,,,0.025
glue|roberta-base|stsb_wide|AB|t21|s42|tune,glue,roberta-base,stsb_wide,stsb,AB,tune,21,42,spearman,curvature=0.25;feature_mode=cls_root_unit;gat_hidden_dim=128;graph_curvature=0.25;graph_metric=poincare;hyperbolic_readout=1;jk_mode=max;learnable_curvature=1;lr=2e-05;num_layers=4;proj_dim=256;readout_clip=0.3;readout_scale=0;rho_quantile=0.1;scorer_hidden=256;weight_decay=1e-05,0.25,128,poincare,1,max,1,2e-05,4,256,0.3,0,256,,1e-05,65.54,251.13,0.1008,0.0,cls_root_unit,,,0.25,,,0.1
glue|roberta-base|stsb_wide|AB|t22|s42|tune,glue,roberta-base,stsb_wide,stsb,AB,tune,22,42,spearman,curvature=1.0;feature_mode=unit;gat_hidden_dim=64;graph_curvature=2.25;graph_metric=poincare;hyperbolic_readout=1;jk_mode=max;learnable_curvature=0;lr=0.0002;num_layers=2;proj_dim=256;readout_clip=0.7;readout_scale=1;rho_quantile=0.2;scorer_hidden=256;weight_decay=5e-05,1.0,64,poincare,1,max,0,0.0002,2,256,0.7,1,256,,5e-05,69.29,243.82,0.19639,0.0,unit,,,2.25,,,0.2
glue|roberta-base|stsb_wide|AB|t23|s42|tune,glue,roberta-base,stsb_wide,stsb,AB,tune,23,42,spearman,curvature=0.25;feature_mode=center_unit;gat_hidden_dim=256;graph_curvature=1.0;graph_metric=poincare;hyperbolic_readout=1;jk_mode=cat;learnable_curvature=0;lr=0.0002;num_layers=2;proj_dim=512;readout_clip=1.0;readout_scale=0;rho_quantile=0.025;scorer_hidden=256;weight_decay=5e-05,0.25,256,poincare,1,cat,0,0.0002,2,512,1.0,0,256,,5e-05,82.55,243.69,0.0266,0.0,center_unit,,,1.0,,,0.025
glue|roberta-base|stsb_wide|AB|t24|s42|tune,glue,roberta-base,stsb_wide,stsb,AB,tune,24,42,spearman,curvature=0.25;feature_mode=center;gat_hidden_dim=128;graph_curvature=2.25;graph_metric=poincare;hyperbolic_readout=1;jk_mode=max;learnable_curvature=1;lr=0.0002;num_layers=2;proj_dim=128;readout_clip=0.7;readout_scale=1;rho_quantile=0.025;scorer_hidden=256;weight_decay=0.0,0.25,128,poincare,1,max,1,0.0002,2,128,0.7,1,256,,0.0,78.0,243.72,0.02698,0.0,center,,,2.25,,,0.025
glue|roberta-base|stsb_wide|AB|t25|s42|tune,glue,roberta-base,stsb_wide,stsb,AB,tune,25,42,spearman,curvature=1.0;feature_mode=center_unit;gat_hidden_dim=256;graph_curvature=0.25;graph_metric=poincare;hyperbolic_readout=1;jk_mode=cat;learnable_curvature=1;lr=0.001;num_layers=4;proj_dim=256;readout_clip=1.0;readout_scale=0;rho_quantile=0.2;scorer_hidden=256;weight_decay=1e-05,1.0,256,poincare,1,cat,1,0.001,4,256,1.0,0,256,,1e-05,77.82,254.7,0.19595,0.0,center_unit,,,0.25,,,0.2
glue|roberta-base|stsb_wide|AB|t26|s42|tune,glue,roberta-base,stsb_wide,stsb,AB,tune,26,42,spearman,curvature=0.25;feature_mode=center;gat_hidden_dim=256;graph_curvature=4.0;graph_metric=poincare;hyperbolic_readout=1;jk_mode=max;learnable_curvature=1;lr=0.001;num_layers=4;proj_dim=256;readout_clip=0.7;readout_scale=0;rho_quantile=0.1;scorer_hidden=256;weight_decay=0.0,0.25,256,poincare,1,max,1,0.001,4,256,0.7,0,256,,0.0,75.87,250.49,0.1004,0.0,center,,,4.0,,,0.1
glue|roberta-base|stsb_wide|AB|t27|s42|tune,glue,roberta-base,stsb_wide,stsb,AB,tune,27,42,spearman,curvature=0.25;feature_mode=unit;gat_hidden_dim=128;graph_curvature=4.0;graph_metric=poincare;hyperbolic_readout=1;jk_mode=cat;learnable_curvature=1;lr=0.0002;num_layers=4;proj_dim=256;readout_clip=0.0;readout_scale=1;rho_quantile=0.2;scorer_hidden=128;weight_decay=1e-05,0.25,128,poincare,1,cat,1,0.0002,4,256,0.0,1,128,,1e-05,83.43,252.92,0.19585,0.0,unit,,,4.0,,,0.2
glue|roberta-base|stsb_wide|AB|t28|s42|tune,glue,roberta-base,stsb_wide,stsb,AB,tune,28,42,spearman,curvature=1.0;feature_mode=center_unit;gat_hidden_dim=128;graph_curvature=9.0;graph_metric=poincare;hyperbolic_readout=1;jk_mode=max;learnable_curvature=0;lr=2e-05;num_layers=4;proj_dim=256;readout_clip=0.0;readout_scale=1;rho_quantile=0.2;scorer_hidden=128;weight_decay=5e-05,1.0,128,poincare,1,max,0,2e-05,4,256,0.0,1,128,,5e-05,59.77,252.4,0.19564,0.0,center_unit,,,9.0,,,0.2
glue|roberta-base|stsb_wide|AB|t29|s42|tune,glue,roberta-base,stsb_wide,stsb,AB,tune,29,42,spearman,curvature=1.0;feature_mode=cls_root_unit;gat_hidden_dim=128;graph_curvature=2.25;graph_metric=poincare;hyperbolic_readout=1;jk_mode=cat;learnable_curvature=1;lr=0.0002;num_layers=2;proj_dim=128;readout_clip=1.0;readout_scale=0;rho_quantile=0.38;scorer_hidden=256;weight_decay=0.0,1.0,128,poincare,1,cat,1,0.0002,2,128,1.0,0,256,,0.0,83.55,253.1,0.37296,0.0,cls_root_unit,,,2.25,,,0.38
glue|roberta-base|stsb_wide|AB|t30|s42|tune,glue,roberta-base,stsb_wide,stsb,AB,tune,30,42,spearman,curvature=0.25;feature_mode=cls_root_unit;gat_hidden_dim=256;graph_curvature=1.0;graph_metric=poincare;hyperbolic_readout=1;jk_mode=max;learnable_curvature=0;lr=2e-05;num_layers=2;proj_dim=512;readout_clip=0.7;readout_scale=0;rho_quantile=0.1;scorer_hidden=256;weight_decay=1e-05,0.25,256,poincare,1,max,0,2e-05,2,512,0.7,0,256,,1e-05,72.7,249.71,0.10094,0.0,cls_root_unit,,,1.0,,,0.1
glue|roberta-base|stsb_wide|AB|t31|s42|tune,glue,roberta-base,stsb_wide,stsb,AB,tune,31,42,spearman,curvature=4.0;feature_mode=unit;gat_hidden_dim=128;graph_curvature=0.25;graph_metric=poincare;hyperbolic_readout=1;jk_mode=cat;learnable_curvature=0;lr=0.0002;num_layers=4;proj_dim=512;readout_clip=0.0;readout_scale=1;rho_quantile=0.025;scorer_hidden=256;weight_decay=0.0,4.0,128,poincare,1,cat,0,0.0002,4,512,0.0,1,256,,0.0,80.39,251.35,0.02613,0.00391,unit,,,0.25,,,0.025
glue|roberta-base|stsb_wide|AB|t32|s42|tune,glue,roberta-base,stsb_wide,stsb,AB,tune,32,42,spearman,curvature=4.0;feature_mode=center_unit;gat_hidden_dim=256;graph_curvature=0.25;graph_metric=poincare;hyperbolic_readout=1;jk_mode=cat;learnable_curvature=0;lr=2e-05;num_layers=4;proj_dim=256;readout_clip=0.3;readout_scale=0;rho_quantile=0.38;scorer_hidden=128;weight_decay=0.0,4.0,256,poincare,1,cat,0,2e-05,4,256,0.3,0,128,,0.0,65.45,257.01,0.37366,0.0,center_unit,,,0.25,,,0.38
glue|roberta-base|stsb_wide|AB|t33|s42|tune,glue,roberta-base,stsb_wide,stsb,AB,tune,33,42,spearman,curvature=4.0;feature_mode=unit;gat_hidden_dim=256;graph_curvature=4.0;graph_metric=poincare;hyperbolic_readout=1;jk_mode=cat;learnable_curvature=0;lr=2e-05;num_layers=4;proj_dim=256;readout_clip=0.3;readout_scale=1;rho_quantile=0.1;scorer_hidden=256;weight_decay=1e-05,4.0,256,poincare,1,cat,0,2e-05,4,256,0.3,1,256,,1e-05,60.59,255.99,0.10025,0.0,unit,,,4.0,,,0.1
glue|roberta-base|stsb_wide|AB|t34|s42|tune,glue,roberta-base,stsb_wide,stsb,AB,tune,34,42,spearman,curvature=4.0;feature_mode=center_unit;gat_hidden_dim=64;graph_curvature=9.0;graph_metric=poincare;hyperbolic_readout=1;jk_mode=max;learnable_curvature=1;lr=0.001;num_layers=4;proj_dim=256;readout_clip=0.0;readout_scale=1;rho_quantile=0.2;scorer_hidden=256;weight_decay=0.0,4.0,64,poincare,1,max,1,0.001,4,256,0.0,1,256,,0.0,70.08,264.41,0.19599,0.0,center_unit,,,9.0,,,0.2
glue|roberta-base|stsb_wide|AB|t35|s42|tune,glue,roberta-base,stsb_wide,stsb,AB,tune,35,42,spearman,curvature=4.0;feature_mode=unit;gat_hidden_dim=64;graph_curvature=4.0;graph_metric=poincare;hyperbolic_readout=1;jk_mode=max;learnable_curvature=0;lr=2e-05;num_layers=4;proj_dim=128;readout_clip=1.0;readout_scale=1;rho_quantile=0.1;scorer_hidden=128;weight_decay=0.0,4.0,64,poincare,1,max,0,2e-05,4,128,1.0,1,128,,0.0,56.05,252.49,0.09991,0.0,unit,,,4.0,,,0.1
glue|roberta-base|stsb_wide|AB|t36|s42|tune,glue,roberta-base,stsb_wide,stsb,AB,tune,36,42,spearman,curvature=0.25;feature_mode=center_unit;gat_hidden_dim=256;graph_curvature=0.25;graph_metric=poincare;hyperbolic_readout=1;jk_mode=max;learnable_curvature=1;lr=0.001;num_layers=4;proj_dim=256;readout_clip=0.0;readout_scale=1;rho_quantile=0.05;scorer_hidden=128;weight_decay=0.0,0.25,256,poincare,1,max,1,0.001,4,256,0.0,1,128,,0.0,75.93,256.45,0.04921,0.0,center_unit,,,0.25,,,0.05
glue|roberta-base|stsb_wide|AB|t37|s42|tune,glue,roberta-base,stsb_wide,stsb,AB,tune,37,42,spearman,curvature=0.25;feature_mode=center;gat_hidden_dim=128;graph_curvature=2.25;graph_metric=poincare;hyperbolic_readout=1;jk_mode=cat;learnable_curvature=1;lr=2e-05;num_layers=2;proj_dim=128;readout_clip=0.0;readout_scale=1;rho_quantile=0.2;scorer_hidden=256;weight_decay=1e-05,0.25,128,poincare,1,cat,1,2e-05,2,128,0.0,1,256,,1e-05,74.03,248.49,0.19418,0.0,center,,,2.25,,,0.2
glue|roberta-base|stsb_wide|AB|t38|s42|tune,glue,roberta-base,stsb_wide,stsb,AB,tune,38,42,spearman,curvature=4.0;feature_mode=center_unit;gat_hidden_dim=256;graph_curvature=0.25;graph_metric=poincare;hyperbolic_readout=1;jk_mode=max;learnable_curvature=1;lr=0.001;num_layers=2;proj_dim=128;readout_clip=1.0;readout_scale=1;rho_quantile=0.2;scorer_hidden=128;weight_decay=0.0,4.0,256,poincare,1,max,1,0.001,2,128,1.0,1,128,,0.0,72.24,248.1,0.195,0.0,center_unit,,,0.25,,,0.2
glue|roberta-base|stsb_wide|AB|t39|s42|tune,glue,roberta-base,stsb_wide,stsb,AB,tune,39,42,spearman,curvature=1.0;feature_mode=center_unit;gat_hidden_dim=256;graph_curvature=4.0;graph_metric=poincare;hyperbolic_readout=1;jk_mode=max;learnable_curvature=1;lr=2e-05;num_layers=2;proj_dim=256;readout_clip=1.0;readout_scale=1;rho_quantile=0.05;scorer_hidden=128;weight_decay=1e-05,1.0,256,poincare,1,max,1,2e-05,2,256,1.0,1,128,,1e-05,71.06,248.82,0.049,0.0,center_unit,,,4.0,,,0.05
glue|roberta-base|stsb_wide|ABC|t0|s42|tune,glue,roberta-base,stsb_wide,stsb,ABC,tune,0,42,spearman,curvature=4.0;feature_mode=center;gat_hidden_dim=256;gnn_input_clip=0.3;gnn_input_scale=0;graph_curvature=1.0;graph_metric=poincare;hyp_gnn_type=gcn;hyperbolic_gnn=1;hyperbolic_readout=1;jk_mode=cat;learnable_curvature=0;lr=0.0002;num_layers=4;proj_dim=128;readout_clip=0.7;readout_scale=0;rho_quantile=0.38;scorer_hidden=256;weight_decay=1e-05,4.0,256,poincare,1,cat,0,0.0002,4,128,0.7,0,256,,1e-05,79.47,299.12,0.37177,0.0,center,0.3,0,1.0,gcn,1,0.38
glue|roberta-base|stsb_wide|ABC|t1|s42|tune,glue,roberta-base,stsb_wide,stsb,ABC,tune,1,42,spearman,curvature=4.0;feature_mode=unit;gat_hidden_dim=128;gnn_input_clip=0.7;gnn_input_scale=0;graph_curvature=0.25;graph_metric=poincare;hyp_gnn_type=gat;hyperbolic_gnn=1;hyperbolic_readout=1;jk_mode=max;learnable_curvature=0;lr=0.001;num_layers=4;proj_dim=512;readout_clip=1.0;readout_scale=0;rho_quantile=0.05;scorer_hidden=128;weight_decay=5e-05,4.0,128,poincare,1,max,0,0.001,4,512,1.0,0,128,,5e-05,72.4,286.5,0.04933,0.0,unit,0.7,0,0.25,gat,1,0.05
glue|roberta-base|stsb_wide|ABC|t2|s42|tune,glue,roberta-base,stsb_wide,stsb,ABC,tune,2,42,spearman,curvature=1.0;feature_mode=center;gat_hidden_dim=64;gnn_input_clip=0.0;gnn_input_scale=1;graph_curvature=2.25;graph_metric=poincare;hyp_gnn_type=gcn;hyperbolic_gnn=1;hyperbolic_readout=1;jk_mode=max;learnable_curvature=0;lr=0.0002;num_layers=4;proj_dim=512;readout_clip=1.0;readout_scale=1;rho_quantile=0.1;scorer_hidden=128;weight_decay=0.0,1.0,64,poincare,1,max,0,0.0002,4,512,1.0,1,128,,0.0,36.74,293.16,0.10025,0.0,center,0.0,1,2.25,gcn,1,0.1
glue|roberta-base|stsb_wide|ABC|t3|s42|tune,glue,roberta-base,stsb_wide,stsb,ABC,tune,3,42,spearman,curvature=0.25;feature_mode=unit;gat_hidden_dim=128;gnn_input_clip=1.0;gnn_input_scale=1;graph_curvature=9.0;graph_metric=poincare;hyp_gnn_type=gcn;hyperbolic_gnn=1;hyperbolic_readout=1;jk_mode=cat;learnable_curvature=1;lr=0.0002;num_layers=4;proj_dim=128;readout_clip=0.0;readout_scale=0;rho_quantile=0.025;scorer_hidden=128;weight_decay=5e-05,0.25,128,poincare,1,cat,1,0.0002,4,128,0.0,0,128,,5e-05,83.7,313.67,0.02649,0.00391,unit,1.0,1,9.0,gcn,1,0.025
glue|roberta-base|stsb_wide|ABC|t4|s42|tune,glue,roberta-base,stsb_wide,stsb,ABC,tune,4,42,spearman,curvature=4.0;feature_mode=unit;gat_hidden_dim=64;gnn_input_clip=0.0;gnn_input_scale=0;graph_curvature=2.25;graph_metric=poincare;hyp_gnn_type=gat;hyperbolic_gnn=1;hyperbolic_readout=1;jk_mode=max;learnable_curvature=1;lr=0.0002;num_layers=4;proj_dim=512;readout_clip=0.0;readout_scale=1;rho_quantile=0.1;scorer_hidden=128;weight_decay=5e-05,4.0,64,poincare,1,max,1,0.0002,4,512,0.0,1,128,,5e-05,30.48,299.67,0.10064,0.0,unit,0.0,0,2.25,gat,1,0.1
glue|roberta-base|stsb_wide|ABC|t5|s42|tune,glue,roberta-base,stsb_wide,stsb,ABC,tune,5,42,spearman,curvature=0.25;feature_mode=center_unit;gat_hidden_dim=64;gnn_input_clip=1.0;gnn_input_scale=0;graph_curvature=4.0;graph_metric=poincare;hyp_gnn_type=gat;hyperbolic_gnn=1;hyperbolic_readout=1;jk_mode=cat;learnable_curvature=0;lr=2e-05;num_layers=4;proj_dim=512;readout_clip=1.0;readout_scale=1;rho_quantile=0.025;scorer_hidden=128;weight_decay=1e-05,0.25,64,poincare,1,cat,0,2e-05,4,512,1.0,1,128,,1e-05,64.35,285.5,0.02663,0.00781,center_unit,1.0,0,4.0,gat,1,0.025
glue|roberta-base|stsb_wide|ABC|t6|s42|tune,glue,roberta-base,stsb_wide,stsb,ABC,tune,6,42,spearman,curvature=4.0;feature_mode=center_unit;gat_hidden_dim=64;gnn_input_clip=1.0;gnn_input_scale=1;graph_curvature=1.0;graph_metric=poincare;hyp_gnn_type=gcn;hyperbolic_gnn=1;hyperbolic_readout=1;jk_mode=max;learnable_curvature=1;lr=0.001;num_layers=4;proj_dim=512;readout_clip=0.3;readout_scale=0;rho_quantile=0.38;scorer_hidden=256;weight_decay=0.0,4.0,64,poincare,1,max,1,0.001,4,512,0.3,0,256,,0.0,69.58,316.08,0.37312,0.0,center_unit,1.0,1,1.0,gcn,1,0.38
glue|roberta-base|stsb_wide|ABC|t7|s42|tune,glue,roberta-base,stsb_wide,stsb,ABC,tune,7,42,spearman,curvature=0.25;feature_mode=unit;gat_hidden_dim=256;gnn_input_clip=1.0;gnn_input_scale=0;graph_curvature=0.25;graph_metric=poincare;hyp_gnn_type=gat;hyperbolic_gnn=1;hyperbolic_readout=1;jk_mode=cat;learnable_curvature=1;lr=0.0002;num_layers=2;proj_dim=128;readout_clip=1.0;readout_scale=0;rho_quantile=0.2;scorer_hidden=128;weight_decay=5e-05,0.25,256,poincare,1,cat,1,0.0002,2,128,1.0,0,128,,5e-05,82.77,273.08,0.19558,0.0,unit,1.0,0,0.25,gat,1,0.2
glue|roberta-base|stsb_wide|ABC|t8|s42|tune,glue,roberta-base,stsb_wide,stsb,ABC,tune,8,42,spearman,curvature=4.0;feature_mode=center_unit;gat_hidden_dim=64;gnn_input_clip=0.3;gnn_input_scale=1;graph_curvature=4.0;graph_metric=poincare;hyp_gnn_type=gat;hyperbolic_gnn=1;hyperbolic_readout=1;jk_mode=cat;learnable_curvature=0;lr=0.0002;num_layers=4;proj_dim=512;readout_clip=0.7;readout_scale=1;rho_quantile=0.38;scorer_hidden=128;weight_decay=1e-05,4.0,64,poincare,1,cat,0,0.0002,4,512,0.7,1,128,,1e-05,77.82,288.59,0.37316,0.0,center_unit,0.3,1,4.0,gat,1,0.38
glue|roberta-base|stsb_wide|ABC|t9|s42|tune,glue,roberta-base,stsb_wide,stsb,ABC,tune,9,42,spearman,curvature=1.0;feature_mode=center;gat_hidden_dim=256;gnn_input_clip=0.0;gnn_input_scale=1;graph_curvature=4.0;graph_metric=poincare;hyp_gnn_type=gcn;hyperbolic_gnn=1;hyperbolic_readout=1;jk_mode=cat;learnable_curvature=0;lr=2e-05;num_layers=2;proj_dim=256;readout_clip=1.0;readout_scale=0;rho_quantile=0.025;scorer_hidden=128;weight_decay=5e-05,1.0,256,poincare,1,cat,0,2e-05,2,256,1.0,0,128,,5e-05,66.27,271.13,0.02608,0.01172,center,0.0,1,4.0,gcn,1,0.025
glue|roberta-base|stsb_wide|ABC|t10|s42|tune,glue,roberta-base,stsb_wide,stsb,ABC,tune,10,42,spearman,curvature=0.25;feature_mode=cls_root_unit;gat_hidden_dim=64;gnn_input_clip=1.0;gnn_input_scale=0;graph_curvature=0.25;graph_metric=poincare;hyp_gnn_type=gat;hyperbolic_gnn=1;hyperbolic_readout=1;jk_mode=cat;learnable_curvature=1;lr=0.0002;num_layers=4;proj_dim=128;readout_clip=0.3;readout_scale=1;rho_quantile=0.1;scorer_hidden=128;weight_decay=1e-05,0.25,64,poincare,1,cat,1,0.0002,4,128,0.3,1,128,,1e-05,76.38,303.69,0.10074,0.0,cls_root_unit,1.0,0,0.25,gat,1,0.1
glue|roberta-base|stsb_wide|ABC|t11|s42|tune,glue,roberta-base,stsb_wide,stsb,ABC,tune,11,42,spearman,curvature=0.25;feature_mode=center_unit;gat_hidden_dim=128;gnn_input_clip=1.0;gnn_input_scale=1;graph_curvature=0.25;graph_metric=poincare;hyp_gnn_type=gcn;hyperbolic_gnn=1;hyperbolic_readout=1;jk_mode=cat;learnable_curvature=0;lr=2e-05;num_layers=2;proj_dim=512;readout_clip=0.0;readout_scale=1;rho_quantile=0.025;scorer_hidden=128;weight_decay=5e-05,0.25,128,poincare,1,cat,0,2e-05,2,512,0.0,1,128,,5e-05,64.37,274.29,0.02711,0.00391,center_unit,1.0,1,0.25,gcn,1,0.025
glue|roberta-base|stsb_wide|ABC|t12|s42|tune,glue,roberta-base,stsb_wide,stsb,ABC,tune,12,42,spearman,curvature=4.0;feature_mode=cls_root_unit;gat_hidden_dim=256;gnn_input_clip=0.7;gnn_input_scale=0;graph_curvature=1.0;graph_metric=poincare;hyp_gnn_type=gcn;hyperbolic_gnn=1;hyperbolic_readout=1;jk_mode=max;learnable_curvature=1;lr=0.001;num_layers=2;proj_dim=128;readout_clip=0.3;readout_scale=0;rho_quantile=0.1;scorer_hidden=256;weight_decay=1e-05,4.0,256,poincare,1,max,1,0.001,2,128,0.3,0,256,,1e-05,77.27,281.94,0.10004,0.0,cls_root_unit,0.7,0,1.0,gcn,1,0.1
glue|roberta-base|stsb_wide|ABC|t13|s42|tune,glue,roberta-base,stsb_wide,stsb,ABC,tune,13,42,spearman,curvature=4.0;feature_mode=cls_root_unit;gat_hidden_dim=256;gnn_input_clip=0.0;gnn_input_scale=1;graph_curvature=2.25;graph_metric=poincare;hyp_gnn_type=gcn;hyperbolic_gnn=1;hyperbolic_readout=1;jk_mode=cat;learnable_curvature=0;lr=2e-05;num_layers=4;proj_dim=256;readout_clip=1.0;readout_scale=0;rho_quantile=0.025;scorer_hidden=128;weight_decay=1e-05,4.0,256,poincare,1,cat,0,2e-05,4,256,1.0,0,128,,1e-05,61.75,310.81,0.02664,0.0,cls_root_unit,0.0,1,2.25,gcn,1,0.025
glue|roberta-base|stsb_wide|ABC|t14|s42|tune,glue,roberta-base,stsb_wide,stsb,ABC,tune,14,42,spearman,curvature=1.0;feature_mode=center_unit;gat_hidden_dim=256;gnn_input_clip=0.3;gnn_input_scale=0;graph_curvature=0.25;graph_metric=poincare;hyp_gnn_type=gat;hyperbolic_gnn=1;hyperbolic_readout=1;jk_mode=max;learnable_curvature=1;lr=0.0002;num_layers=2;proj_dim=256;readout_clip=1.0;readout_scale=1;rho_quantile=0.025;scorer_hidden=128;weight_decay=5e-05,1.0,256,poincare,1,max,1,0.0002,2,256,1.0,1,128,,5e-05,60.5,280.67,0.02707,0.0,center_unit,0.3,0,0.25,gat,1,0.025
glue|roberta-base|stsb_wide|ABC|t15|s42|tune,glue,roberta-base,stsb_wide,stsb,ABC,tune,15,42,spearman,curvature=0.25;feature_mode=unit;gat_hidden_dim=256;gnn_input_clip=0.7;gnn_input_scale=1;graph_curvature=2.25;graph_metric=poincare;hyp_gnn_type=gat;hyperbolic_gnn=1;hyperbolic_readout=1;jk_mode=max;learnable_curvature=0;lr=0.0002;num_layers=4;proj_dim=512;readout_clip=0.3;readout_scale=1;rho_quantile=0.025;scorer_hidden=128;weight_decay=0.0,0.25,256,poincare,1,max,0,0.0002,4,512,0.3,1,128,,0.0,24.64,295.18,0.02666,0.0,unit,0.7,1,2.25,gat,1,0.025
glue|roberta-base|stsb_wide|ABC|t16|s42|tune,glue,roberta-base,stsb_wide,stsb,ABC,tune,16,42,spearman,curvature=0.25;feature_mode=center;gat_hidden_dim=128;gnn_input_clip=0.3;gnn_input_scale=0;graph_curvature=9.0;graph_metric=poincare;hyp_gnn_type=gcn;hyperbolic_gnn=1;hyperbolic_readout=1;jk_mode=cat;learnable_curvature=1;lr=0.001;num_layers=4;proj_dim=256;readout_clip=0.3;readout_scale=0;rho_quantile=0.05;scorer_hidden=256;weight_decay=5e-05,0.25,128,poincare,1,cat,1,0.001,4,256,0.3,0,256,,5e-05,75.19,310.5,0.04898,0.0,center,0.3,0,9.0,gcn,1,0.05
glue|roberta-base|stsb_wide|ABC|t17|s42|tune,glue,roberta-base,stsb_wide,stsb,ABC,tune,17,42,spearman,curvature=4.0;feature_mode=center_unit;gat_hidden_dim=64;gnn_input_clip=0.7;gnn_input_scale=1;graph_curvature=9.0;graph_metric=poincare;hyp_gnn_type=gcn;hyperbolic_gnn=1;hyperbolic_readout=1;jk_mode=max;learnable_curvature=0;lr=2e-05;num_layers=4;proj_dim=128;readout_clip=0.0;readout_scale=0;rho_quantile=0.38;scorer_hidden=256;weight_decay=0.0,4.0,64,poincare,1,max,0,2e-05,4,128,0.0,0,256,,0.0,57.48,297.37,0.37284,0.0,center_unit,0.7,1,9.0,gcn,1,0.38
glue|roberta-base|stsb_wide|ABC|t18|s42|tune,glue,roberta-base,stsb_wide,stsb,ABC,tune,18,42,spearman,curvature=4.0;feature_mode=cls_root_unit;gat_hidden_dim=64;gnn_input_clip=1.0;gnn_input_scale=1;graph_curvature=2.25;graph_metric=poincare;hyp_gnn_type=gat;hyperbolic_gnn=1;hyperbolic_readout=1;jk_mode=max;learnable_curvature=0;lr=0.001;num_layers=4;proj_dim=512;readout_clip=1.0;readout_scale=1;rho_quantile=0.2;scorer_hidden=128;weight_decay=5e-05,4.0,64,poincare,1,max,0,0.001,4,512,1.0,1,128,,5e-05,32.45,289.97,0.19571,0.0,cls_root_unit,1.0,1,2.25,gat,1,0.2
glue|roberta-base|stsb_wide|ABC|t19|s42|tune,glue,roberta-base,stsb_wide,stsb,ABC,tune,19,42,spearman,curvature=4.0;feature_mode=unit;gat_hidden_dim=64;gnn_input_clip=1.0;gnn_input_scale=0;graph_curvature=1.0;graph_metric=poincare;hyp_gnn_type=gcn;hyperbolic_gnn=1;hyperbolic_readout=1;jk_mode=cat;learnable_curvature=1;lr=0.0002;num_layers=2;proj_dim=256;readout_clip=1.0;readout_scale=1;rho_quantile=0.05;scorer_hidden=128;weight_decay=0.0,4.0,64,poincare,1,cat,1,0.0002,2,256,1.0,1,128,,0.0,79.36,275.88,0.0496,0.0,unit,1.0,0,1.0,gcn,1,0.05
glue|roberta-base|stsb_wide|ABC|t20|s42|tune,glue,roberta-base,stsb_wide,stsb,ABC,tune,20,42,spearman,curvature=1.0;feature_mode=cls_root_unit;gat_hidden_dim=256;gnn_input_clip=0.0;gnn_input_scale=1;graph_curvature=0.25;graph_metric=poincare;hyp_gnn_type=gcn;hyperbolic_gnn=1;hyperbolic_readout=1;jk_mode=max;learnable_curvature=1;lr=0.0002;num_layers=4;proj_dim=128;readout_clip=1.0;readout_scale=0;rho_quantile=0.38;scorer_hidden=128;weight_decay=5e-05,1.0,256,poincare,1,max,1,0.0002,4,128,1.0,0,128,,5e-05,76.72,308.61,0.37363,0.0,cls_root_unit,0.0,1,0.25,gcn,1,0.38
glue|roberta-base|stsb_wide|ABC|t21|s42|tune,glue,roberta-base,stsb_wide,stsb,ABC,tune,21,42,spearman,curvature=1.0;feature_mode=center_unit;gat_hidden_dim=128;gnn_input_clip=0.7;gnn_input_scale=1;graph_curvature=2.25;graph_metric=poincare;hyp_gnn_type=gcn;hyperbolic_gnn=1;hyperbolic_readout=1;jk_mode=max;learnable_curvature=1;lr=2e-05;num_layers=4;proj_dim=512;readout_clip=0.0;readout_scale=1;rho_quantile=0.38;scorer_hidden=256;weight_decay=1e-05,1.0,128,poincare,1,max,1,2e-05,4,512,0.0,1,256,,1e-05,62.57,312.42,0.37291,0.0,center_unit,0.7,1,2.25,gcn,1,0.38
glue|roberta-base|stsb_wide|ABC|t22|s42|tune,glue,roberta-base,stsb_wide,stsb,ABC,tune,22,42,spearman,curvature=0.25;feature_mode=center;gat_hidden_dim=64;gnn_input_clip=0.7;gnn_input_scale=0;graph_curvature=1.0;graph_metric=poincare;hyp_gnn_type=gcn;hyperbolic_gnn=1;hyperbolic_readout=1;jk_mode=cat;learnable_curvature=1;lr=0.001;num_layers=2;proj_dim=512;readout_clip=0.7;readout_scale=1;rho_quantile=0.2;scorer_hidden=256;weight_decay=1e-05,0.25,64,poincare,1,cat,1,0.001,2,512,0.7,1,256,,1e-05,80.63,272.07,0.19536,0.0,center,0.7,0,1.0,gcn,1,0.2
glue|roberta-base|stsb_wide|ABC|t23|s42|tune,glue,roberta-base,stsb_wide,stsb,ABC,tune,23,42,spearman,curvature=0.25;feature_mode=center;gat_hidden_dim=128;gnn_input_clip=1.0;gnn_input_scale=1;graph_curvature=9.0;graph_metric=poincare;hyp_gnn_type=gcn;hyperbolic_gnn=1;hyperbolic_readout=1;jk_mode=max;learnable_curvature=0;lr=2e-05;num_layers=4;proj_dim=256;readout_clip=0.3;readout_scale=0;rho_quantile=0.05;scorer_hidden=128;weight_decay=1e-05,0.25,128,poincare,1,max,0,2e-05,4,256,0.3,0,128,,1e-05,62.95,293.0,0.04889,0.0,center,1.0,1,9.0,gcn,1,0.05
glue|roberta-base|stsb_wide|ABC|t24|s42|tune,glue,roberta-base,stsb_wide,stsb,ABC,tune,24,42,spearman,curvature=4.0;feature_mode=unit;gat_hidden_dim=128;gnn_input_clip=0.0;gnn_input_scale=1;graph_curvature=0.25;graph_metric=poincare;hyp_gnn_type=gat;hyperbolic_gnn=1;hyperbolic_readout=1;jk_mode=cat;learnable_curvature=1;lr=0.0002;num_layers=4;proj_dim=256;readout_clip=0.0;readout_scale=1;rho_quantile=0.1;scorer_hidden=256;weight_decay=5e-05,4.0,128,poincare,1,cat,1,0.0002,4,256,0.0,1,256,,5e-05,79.84,298.75,0.10018,0.0,unit,0.0,1,0.25,gat,1,0.1
glue|roberta-base|stsb_wide|ABC|t25|s42|tune,glue,roberta-base,stsb_wide,stsb,ABC,tune,25,42,spearman,curvature=0.25;feature_mode=center;gat_hidden_dim=128;gnn_input_clip=0.3;gnn_input_scale=0;graph_curvature=9.0;graph_metric=poincare;hyp_gnn_type=gat;hyperbolic_gnn=1;hyperbolic_readout=1;jk_mode=max;learnable_curvature=1;lr=2e-05;num_layers=4;proj_dim=128;readout_clip=0.7;readout_scale=1;rho_quantile=0.38;scorer_hidden=128;weight_decay=0.0,0.25,128,poincare,1,max,1,2e-05,4,128,0.7,1,128,,0.0,60.68,296.31,0.37196,0.0,center,0.3,0,9.0,gat,1,0.38
glue|roberta-base|stsb_wide|ABC|t26|s42|tune,glue,roberta-base,stsb_wide,stsb,ABC,tune,26,42,spearman,curvature=0.25;feature_mode=unit;gat_hidden_dim=128;gnn_input_clip=0.7;gnn_input_scale=0;graph_curvature=4.0;graph_metric=poincare;hyp_gnn_type=gcn;hyperbolic_gnn=1;hyperbolic_readout=1;jk_mode=cat;learnable_curvature=1;lr=0.0002;num_layers=4;proj_dim=512;readout_clip=0.3;readout_scale=1;rho_quantile=0.05;scorer_hidden=256;weight_decay=5e-05,0.25,128,poincare,1,cat,1,0.0002,4,512,0.3,1,256,,5e-05,76.5,311.11,0.04923,0.0,unit,0.7,0,4.0,gcn,1,0.05
glue|roberta-base|stsb_wide|ABC|t27|s42|tune,glue,roberta-base,stsb_wide,stsb,ABC,tune,27,42,spearman,curvature=4.0;feature_mode=center_unit;gat_hidden_dim=128;gnn_input_clip=0.0;gnn_input_scale=0;graph_curvature=4.0;graph_metric=poincare;hyp_gnn_type=gat;hyperbolic_gnn=1;hyperbolic_readout=1;jk_mode=cat;learnable_curvature=1;lr=0.001;num_layers=4;proj_dim=128;readout_clip=0.7;readout_scale=1;rho_quantile=0.05;scorer_hidden=256;weight_decay=0.0,4.0,128,poincare,1,cat,1,0.001,4,128,0.7,1,256,,0.0,78.11,298.16,0.04929,0.0,center_unit,0.0,0,4.0,gat,1,0.05
glue|roberta-base|stsb_wide|ABC|t28|s42|tune,glue,roberta-base,stsb_wide,stsb,ABC,tune,28,42,spearman,curvature=0.25;feature_mode=center;gat_hidden_dim=128;gnn_input_clip=0.0;gnn_input_scale=0;graph_curvature=4.0;graph_metric=poincare;hyp_gnn_type=gcn;hyperbolic_gnn=1;hyperbolic_readout=1;jk_mode=cat;learnable_curvature=1;lr=2e-05;num_layers=2;proj_dim=128;readout_clip=0.3;readout_scale=1;rho_quantile=0.1;scorer_hidden=128;weight_decay=1e-05,0.25,128,poincare,1,cat,1,2e-05,2,128,0.3,1,128,,1e-05,57.11,271.29,0.1005,0.0,center,0.0,0,4.0,gcn,1,0.1
glue|roberta-base|stsb_wide|ABC|t29|s42|tune,glue,roberta-base,stsb_wide,stsb,ABC,tune,29,42,spearman,curvature=1.0;feature_mode=center_unit;gat_hidden_dim=128;gnn_input_clip=0.7;gnn_input_scale=0;graph_curvature=2.25;graph_metric=poincare;hyp_gnn_type=gat;hyperbolic_gnn=1;hyperbolic_readout=1;jk_mode=max;learnable_curvature=1;lr=0.001;num_layers=4;proj_dim=256;readout_clip=1.0;readout_scale=1;rho_quantile=0.2;scorer_hidden=128;weight_decay=5e-05,1.0,128,poincare,1,max,1,0.001,4,256,1.0,1,128,,5e-05,25.83,296.57,0.19589,0.0,center_unit,0.7,0,2.25,gat,1,0.2
glue|roberta-base|stsb_wide|ABC|t30|s42|tune,glue,roberta-base,stsb_wide,stsb,ABC,tune,30,42,spearman,curvature=4.0;feature_mode=cls_root_unit;gat_hidden_dim=64;gnn_input_clip=0.7;gnn_input_scale=1;graph_curvature=1.0;graph_metric=poincare;hyp_gnn_type=gat;hyperbolic_gnn=1;hyperbolic_readout=1;jk_mode=cat;learnable_curvature=1;lr=0.0002;num_layers=4;proj_dim=128;readout_clip=0.7;readout_scale=1;rho_quantile=0.1;scorer_hidden=256;weight_decay=1e-05,4.0,64,poincare,1,cat,1,0.0002,4,128,0.7,1,256,,1e-05,78.53,300.85,0.10074,0.0,cls_root_unit,0.7,1,1.0,gat,1,0.1
glue|roberta-base|stsb_wide|ABC|t31|s42|tune,glue,roberta-base,stsb_wide,stsb,ABC,tune,31,42,spearman,curvature=1.0;feature_mode=center_unit;gat_hidden_dim=256;gnn_input_clip=1.0;gnn_input_scale=0;graph_curvature=1.0;graph_metric=poincare;hyp_gnn_type=gat;hyperbolic_gnn=1;hyperbolic_readout=1;jk_mode=max;learnable_curvature=1;lr=0.0002;num_layers=4;proj_dim=256;readout_clip=0.3;readout_scale=0;rho_quantile=0.38;scorer_hidden=256;weight_decay=0.0,1.0,256,poincare,1,max,1,0.0002,4,256,0.3,0,256,,0.0,77.43,301.14,0.37364,0.0,center_unit,1.0,0,1.0,gat,1,0.38
glue|roberta-base|stsb_wide|ABC|t32|s42|tune,glue,roberta-base,stsb_wide,stsb,ABC,tune,32,42,spearman,curvature=0.25;feature_mode=unit;gat_hidden_dim=128;gnn_input_clip=1.0;gnn_input_scale=1;graph_curvature=9.0;graph_metric=poincare;hyp_gnn_type=gat;hyperbolic_gnn=1;hyperbolic_readout=1;jk_mode=cat;learnable_curvature=1;lr=0.001;num_layers=2;proj_dim=512;readout_clip=0.7;readout_scale=1;rho_quantile=0.38;scorer_hidden=128;weight_decay=5e-05,0.25,128,poincare,1,cat,1,0.001,2,512,0.7,1,128,,5e-05,81.08,269.93,0.37344,0.0,unit,1.0,1,9.0,gat,1,0.38
glue|roberta-base|stsb_wide|ABC|t33|s42|tune,glue,roberta-base,stsb_wide,stsb,ABC,tune,33,42,spearman,curvature=4.0;feature_mode=center;gat_hidden_dim=64;gnn_input_clip=1.0;gnn_input_scale=0;graph_curvature=0.25;graph_metric=poincare;hyp_gnn_type=gcn;hyperbolic_gnn=1;hyperbolic_readout=1;jk_mode=max;learnable_curvature=1;lr=2e-05;num_layers=2;proj_dim=256;readout_clip=0.3;readout_scale=0;rho_quantile=0.025;scorer_hidden=128;weight_decay=0.0,4.0,64,poincare,1,max,1,2e-05,2,256,0.3,0,128,,0.0,60.4,271.36,0.02646,0.00781,center,1.0,0,0.25,gcn,1,0.025
glue|roberta-base|stsb_wide|ABC|t34|s42|tune,glue,roberta-base,stsb_wide,stsb,ABC,tune,34,42,spearman,curvature=4.0;feature_mode=unit;gat_hidden_dim=64;gnn_input_clip=0.3;gnn_input_scale=0;graph_curvature=1.0;graph_metric=poincare;hyp_gnn_type=gcn;hyperbolic_gnn=1;hyperbolic_readout=1;jk_mode=max;learnable_curvature=1;lr=0.0002;num_layers=4;proj_dim=256;readout_clip=0.7;readout_scale=0;rho_quantile=0.2;scorer_hidden=128;weight_decay=1e-05,4.0,64,poincare,1,max,1,0.0002,4,256,0.7,0,128,,1e-05,44.96,309.84,0.19545,0.0,unit,0.3,0,1.0,gcn,1,0.2
glue|roberta-base|stsb_wide|ABC|t35|s42|tune,glue,roberta-base,stsb_wide,stsb,ABC,tune,35,42,spearman,curvature=0.25;feature_mode=center;gat_hidden_dim=128;gnn_input_clip=0.3;gnn_input_scale=1;graph_curvature=2.25;graph_metric=poincare;hyp_gnn_type=gat;hyperbolic_gnn=1;hyperbolic_readout=1;jk_mode=cat;learnable_curvature=1;lr=0.001;num_layers=4;proj_dim=512;readout_clip=0.7;readout_scale=1;rho_quantile=0.025;scorer_hidden=128;weight_decay=0.0,0.25,128,poincare,1,cat,1,0.001,4,512,0.7,1,128,,0.0,79.33,295.81,0.02647,0.01172,center,0.3,1,2.25,gat,1,0.025
glue|roberta-base|stsb_wide|ABC|t36|s42|tune,glue,roberta-base,stsb_wide,stsb,ABC,tune,36,42,spearman,curvature=1.0;feature_mode=unit;gat_hidden_dim=128;gnn_input_clip=0.7;gnn_input_scale=1;graph_curvature=1.0;graph_metric=poincare;hyp_gnn_type=gat;hyperbolic_gnn=1;hyperbolic_readout=1;jk_mode=max;learnable_curvature=0;lr=0.001;num_layers=4;proj_dim=512;readout_clip=0.3;readout_scale=0;rho_quantile=0.38;scorer_hidden=256;weight_decay=0.0,1.0,128,poincare,1,max,0,0.001,4,512,0.3,0,256,,0.0,75.04,286.2,0.37368,0.0,unit,0.7,1,1.0,gat,1,0.38
glue|roberta-base|stsb_wide|ABC|t37|s42|tune,glue,roberta-base,stsb_wide,stsb,ABC,tune,37,42,spearman,curvature=4.0;feature_mode=center;gat_hidden_dim=256;gnn_input_clip=0.0;gnn_input_scale=1;graph_curvature=9.0;graph_metric=poincare;hyp_gnn_type=gat;hyperbolic_gnn=1;hyperbolic_readout=1;jk_mode=cat;learnable_curvature=1;lr=2e-05;num_layers=2;proj_dim=512;readout_clip=1.0;readout_scale=0;rho_quantile=0.2;scorer_hidden=128;weight_decay=0.0,4.0,256,poincare,1,cat,1,2e-05,2,512,1.0,0,128,,0.0,55.47,274.71,0.19455,0.0,center,0.0,1,9.0,gat,1,0.2
glue|roberta-base|stsb_wide|ABC|t38|s42|tune,glue,roberta-base,stsb_wide,stsb,ABC,tune,38,42,spearman,curvature=0.25;feature_mode=center;gat_hidden_dim=256;gnn_input_clip=1.0;gnn_input_scale=0;graph_curvature=0.25;graph_metric=poincare;hyp_gnn_type=gat;hyperbolic_gnn=1;hyperbolic_readout=1;jk_mode=cat;learnable_curvature=0;lr=2e-05;num_layers=2;proj_dim=256;readout_clip=1.0;readout_scale=0;rho_quantile=0.1;scorer_hidden=256;weight_decay=5e-05,0.25,256,poincare,1,cat,0,2e-05,2,256,1.0,0,256,,5e-05,67.88,263.31,0.09993,0.0,center,1.0,0,0.25,gat,1,0.1
glue|roberta-base|stsb_wide|ABC|t39|s42|tune,glue,roberta-base,stsb_wide,stsb,ABC,tune,39,42,spearman,curvature=4.0;feature_mode=unit;gat_hidden_dim=256;gnn_input_clip=0.3;gnn_input_scale=0;graph_curvature=9.0;graph_metric=poincare;hyp_gnn_type=gat;hyperbolic_gnn=1;hyperbolic_readout=1;jk_mode=cat;learnable_curvature=0;lr=2e-05;num_layers=2;proj_dim=128;readout_clip=0.3;readout_scale=0;rho_quantile=0.05;scorer_hidden=256;weight_decay=5e-05,4.0,256,poincare,1,cat,0,2e-05,2,128,0.3,0,256,,5e-05,62.38,260.39,0.04935,0.0,unit,0.3,0,9.0,gat,1,0.05
glue|roberta-base|stsb_wide|AB|t29|s1|confirm,glue,roberta-base,stsb_wide,stsb,AB,confirm,29,1,spearman,curvature=1.0;feature_mode=cls_root_unit;gat_hidden_dim=128;graph_curvature=2.25;graph_metric=poincare;hyperbolic_readout=1;jk_mode=cat;learnable_curvature=1;lr=0.0002;num_layers=2;proj_dim=128;readout_clip=1.0;readout_scale=0;rho_quantile=0.38;scorer_hidden=256;weight_decay=0.0,1.0,128,poincare,1,cat,1,0.0002,2,128,1.0,0,256,,0.0,83.56,244.19,0.37329,0.0,cls_root_unit,,,2.25,,,0.38
glue|roberta-base|stsb_wide|AB|t29|s2|confirm,glue,roberta-base,stsb_wide,stsb,AB,confirm,29,2,spearman,curvature=1.0;feature_mode=cls_root_unit;gat_hidden_dim=128;graph_curvature=2.25;graph_metric=poincare;hyperbolic_readout=1;jk_mode=cat;learnable_curvature=1;lr=0.0002;num_layers=2;proj_dim=128;readout_clip=1.0;readout_scale=0;rho_quantile=0.38;scorer_hidden=256;weight_decay=0.0,1.0,128,poincare,1,cat,1,0.0002,2,128,1.0,0,256,,0.0,82.95,241.55,0.37415,0.0,cls_root_unit,,,2.25,,,0.38
glue|roberta-base|stsb_wide|AB|t29|s3|confirm,glue,roberta-base,stsb_wide,stsb,AB,confirm,29,3,spearman,curvature=1.0;feature_mode=cls_root_unit;gat_hidden_dim=128;graph_curvature=2.25;graph_metric=poincare;hyperbolic_readout=1;jk_mode=cat;learnable_curvature=1;lr=0.0002;num_layers=2;proj_dim=128;readout_clip=1.0;readout_scale=0;rho_quantile=0.38;scorer_hidden=256;weight_decay=0.0,1.0,128,poincare,1,cat,1,0.0002,2,128,1.0,0,256,,0.0,82.91,244.15,0.37363,0.0,cls_root_unit,,,2.25,,,0.38
glue|roberta-base|stsb_wide|AB|t29|s4|confirm,glue,roberta-base,stsb_wide,stsb,AB,confirm,29,4,spearman,curvature=1.0;feature_mode=cls_root_unit;gat_hidden_dim=128;graph_curvature=2.25;graph_metric=poincare;hyperbolic_readout=1;jk_mode=cat;learnable_curvature=1;lr=0.0002;num_layers=2;proj_dim=128;readout_clip=1.0;readout_scale=0;rho_quantile=0.38;scorer_hidden=256;weight_decay=0.0,1.0,128,poincare,1,cat,1,0.0002,2,128,1.0,0,256,,0.0,82.32,245.24,0.37403,0.0,cls_root_unit,,,2.25,,,0.38
glue|roberta-base|stsb_wide|AB|t29|s5|confirm,glue,roberta-base,stsb_wide,stsb,AB,confirm,29,5,spearman,curvature=1.0;feature_mode=cls_root_unit;gat_hidden_dim=128;graph_curvature=2.25;graph_metric=poincare;hyperbolic_readout=1;jk_mode=cat;learnable_curvature=1;lr=0.0002;num_layers=2;proj_dim=128;readout_clip=1.0;readout_scale=0;rho_quantile=0.38;scorer_hidden=256;weight_decay=0.0,1.0,128,poincare,1,cat,1,0.0002,2,128,1.0,0,256,,0.0,82.82,241.42,0.37263,0.0,cls_root_unit,,,2.25,,,0.38
glue|roberta-base|stsb_wide|AB|t29|s6|confirm,glue,roberta-base,stsb_wide,stsb,AB,confirm,29,6,spearman,curvature=1.0;feature_mode=cls_root_unit;gat_hidden_dim=128;graph_curvature=2.25;graph_metric=poincare;hyperbolic_readout=1;jk_mode=cat;learnable_curvature=1;lr=0.0002;num_layers=2;proj_dim=128;readout_clip=1.0;readout_scale=0;rho_quantile=0.38;scorer_hidden=256;weight_decay=0.0,1.0,128,poincare,1,cat,1,0.0002,2,128,1.0,0,256,,0.0,83.69,244.04,0.37368,0.0,cls_root_unit,,,2.25,,,0.38
glue|roberta-base|stsb_wide|AB|t29|s7|confirm,glue,roberta-base,stsb_wide,stsb,AB,confirm,29,7,spearman,curvature=1.0;feature_mode=cls_root_unit;gat_hidden_dim=128;graph_curvature=2.25;graph_metric=poincare;hyperbolic_readout=1;jk_mode=cat;learnable_curvature=1;lr=0.0002;num_layers=2;proj_dim=128;readout_clip=1.0;readout_scale=0;rho_quantile=0.38;scorer_hidden=256;weight_decay=0.0,1.0,128,poincare,1,cat,1,0.0002,2,128,1.0,0,256,,0.0,83.45,245.38,0.3732,0.0,cls_root_unit,,,2.25,,,0.38
glue|roberta-base|stsb_wide|AB|t29|s8|confirm,glue,roberta-base,stsb_wide,stsb,AB,confirm,29,8,spearman,curvature=1.0;feature_mode=cls_root_unit;gat_hidden_dim=128;graph_curvature=2.25;graph_metric=poincare;hyperbolic_readout=1;jk_mode=cat;learnable_curvature=1;lr=0.0002;num_layers=2;proj_dim=128;readout_clip=1.0;readout_scale=0;rho_quantile=0.38;scorer_hidden=256;weight_decay=0.0,1.0,128,poincare,1,cat,1,0.0002,2,128,1.0,0,256,,0.0,83.38,243.14,0.37357,0.0,cls_root_unit,,,2.25,,,0.38
glue|roberta-base|stsb_wide|AB|t29|s9|confirm,glue,roberta-base,stsb_wide,stsb,AB,confirm,29,9,spearman,curvature=1.0;feature_mode=cls_root_unit;gat_hidden_dim=128;graph_curvature=2.25;graph_metric=poincare;hyperbolic_readout=1;jk_mode=cat;learnable_curvature=1;lr=0.0002;num_layers=2;proj_dim=128;readout_clip=1.0;readout_scale=0;rho_quantile=0.38;scorer_hidden=256;weight_decay=0.0,1.0,128,poincare,1,cat,1,0.0002,2,128,1.0,0,256,,0.0,83.34,245.46,0.37365,0.0,cls_root_unit,,,2.25,,,0.38
glue|roberta-base|stsb_wide|AB|t29|s10|confirm,glue,roberta-base,stsb_wide,stsb,AB,confirm,29,10,spearman,curvature=1.0;feature_mode=cls_root_unit;gat_hidden_dim=128;graph_curvature=2.25;graph_metric=poincare;hyperbolic_readout=1;jk_mode=cat;learnable_curvature=1;lr=0.0002;num_layers=2;proj_dim=128;readout_clip=1.0;readout_scale=0;rho_quantile=0.38;scorer_hidden=256;weight_decay=0.0,1.0,128,poincare,1,cat,1,0.0002,2,128,1.0,0,256,,0.0,82.59,234.4,0.37425,0.0,cls_root_unit,,,2.25,,,0.38
glue|roberta-base|stsb_wide|AB|t29|s11|confirm,glue,roberta-base,stsb_wide,stsb,AB,confirm,29,11,spearman,curvature=1.0;feature_mode=cls_root_unit;gat_hidden_dim=128;graph_curvature=2.25;graph_metric=poincare;hyperbolic_readout=1;jk_mode=cat;learnable_curvature=1;lr=0.0002;num_layers=2;proj_dim=128;readout_clip=1.0;readout_scale=0;rho_quantile=0.38;scorer_hidden=256;weight_decay=0.0,1.0,128,poincare,1,cat,1,0.0002,2,128,1.0,0,256,,0.0,83.14,236.3,0.37428,0.0,cls_root_unit,,,2.25,,,0.38
glue|roberta-base|stsb_wide|AB|t29|s12|confirm,glue,roberta-base,stsb_wide,stsb,AB,confirm,29,12,spearman,curvature=1.0;feature_mode=cls_root_unit;gat_hidden_dim=128;graph_curvature=2.25;graph_metric=poincare;hyperbolic_readout=1;jk_mode=cat;learnable_curvature=1;lr=0.0002;num_layers=2;proj_dim=128;readout_clip=1.0;readout_scale=0;rho_quantile=0.38;scorer_hidden=256;weight_decay=0.0,1.0,128,poincare,1,cat,1,0.0002,2,128,1.0,0,256,,0.0,83.46,234.86,0.37392,0.0,cls_root_unit,,,2.25,,,0.38
glue|roberta-base|stsb_wide|AB|t29|s13|confirm,glue,roberta-base,stsb_wide,stsb,AB,confirm,29,13,spearman,curvature=1.0;feature_mode=cls_root_unit;gat_hidden_dim=128;graph_curvature=2.25;graph_metric=poincare;hyperbolic_readout=1;jk_mode=cat;learnable_curvature=1;lr=0.0002;num_layers=2;proj_dim=128;readout_clip=1.0;readout_scale=0;rho_quantile=0.38;scorer_hidden=256;weight_decay=0.0,1.0,128,poincare,1,cat,1,0.0002,2,128,1.0,0,256,,0.0,83.54,227.98,0.37352,0.0,cls_root_unit,,,2.25,,,0.38
glue|roberta-base|stsb_wide|AB|t29|s14|confirm,glue,roberta-base,stsb_wide,stsb,AB,confirm,29,14,spearman,curvature=1.0;feature_mode=cls_root_unit;gat_hidden_dim=128;graph_curvature=2.25;graph_metric=poincare;hyperbolic_readout=1;jk_mode=cat;learnable_curvature=1;lr=0.0002;num_layers=2;proj_dim=128;readout_clip=1.0;readout_scale=0;rho_quantile=0.38;scorer_hidden=256;weight_decay=0.0,1.0,128,poincare,1,cat,1,0.0002,2,128,1.0,0,256,,0.0,82.77,228.38,0.37382,0.0,cls_root_unit,,,2.25,,,0.38
glue|roberta-base|stsb_wide|AB|t29|s15|confirm,glue,roberta-base,stsb_wide,stsb,AB,confirm,29,15,spearman,curvature=1.0;feature_mode=cls_root_unit;gat_hidden_dim=128;graph_curvature=2.25;graph_metric=poincare;hyperbolic_readout=1;jk_mode=cat;learnable_curvature=1;lr=0.0002;num_layers=2;proj_dim=128;readout_clip=1.0;readout_scale=0;rho_quantile=0.38;scorer_hidden=256;weight_decay=0.0,1.0,128,poincare,1,cat,1,0.0002,2,128,1.0,0,256,,0.0,82.48,229.76,0.37318,0.0,cls_root_unit,,,2.25,,,0.38
glue|roberta-base|stsb_wide|ABC|t3|s1|confirm,glue,roberta-base,stsb_wide,stsb,ABC,confirm,3,1,spearman,curvature=0.25;feature_mode=unit;gat_hidden_dim=128;gnn_input_clip=1.0;gnn_input_scale=1;graph_curvature=9.0;graph_metric=poincare;hyp_gnn_type=gcn;hyperbolic_gnn=1;hyperbolic_readout=1;jk_mode=cat;learnable_curvature=1;lr=0.0002;num_layers=4;proj_dim=128;readout_clip=0.0;readout_scale=0;rho_quantile=0.025;scorer_hidden=128;weight_decay=5e-05,0.25,128,poincare,1,cat,1,0.0002,4,128,0.0,0,128,,5e-05,83.99,285.73,0.0266,0.0,unit,1.0,1,9.0,gcn,1,0.025
glue|roberta-base|stsb_wide|ABC|t3|s2|confirm,glue,roberta-base,stsb_wide,stsb,ABC,confirm,3,2,spearman,curvature=0.25;feature_mode=unit;gat_hidden_dim=128;gnn_input_clip=1.0;gnn_input_scale=1;graph_curvature=9.0;graph_metric=poincare;hyp_gnn_type=gcn;hyperbolic_gnn=1;hyperbolic_readout=1;jk_mode=cat;learnable_curvature=1;lr=0.0002;num_layers=4;proj_dim=128;readout_clip=0.0;readout_scale=0;rho_quantile=0.025;scorer_hidden=128;weight_decay=5e-05,0.25,128,poincare,1,cat,1,0.0002,4,128,0.0,0,128,,5e-05,83.83,284.53,0.02665,0.0,unit,1.0,1,9.0,gcn,1,0.025
glue|roberta-base|stsb_wide|ABC|t3|s3|confirm,glue,roberta-base,stsb_wide,stsb,ABC,confirm,3,3,spearman,curvature=0.25;feature_mode=unit;gat_hidden_dim=128;gnn_input_clip=1.0;gnn_input_scale=1;graph_curvature=9.0;graph_metric=poincare;hyp_gnn_type=gcn;hyperbolic_gnn=1;hyperbolic_readout=1;jk_mode=cat;learnable_curvature=1;lr=0.0002;num_layers=4;proj_dim=128;readout_clip=0.0;readout_scale=0;rho_quantile=0.025;scorer_hidden=128;weight_decay=5e-05,0.25,128,poincare,1,cat,1,0.0002,4,128,0.0,0,128,,5e-05,83.7,282.06,0.02671,0.0,unit,1.0,1,9.0,gcn,1,0.025
glue|roberta-base|stsb_wide|ABC|t3|s4|confirm,glue,roberta-base,stsb_wide,stsb,ABC,confirm,3,4,spearman,curvature=0.25;feature_mode=unit;gat_hidden_dim=128;gnn_input_clip=1.0;gnn_input_scale=1;graph_curvature=9.0;graph_metric=poincare;hyp_gnn_type=gcn;hyperbolic_gnn=1;hyperbolic_readout=1;jk_mode=cat;learnable_curvature=1;lr=0.0002;num_layers=4;proj_dim=128;readout_clip=0.0;readout_scale=0;rho_quantile=0.025;scorer_hidden=128;weight_decay=5e-05,0.25,128,poincare,1,cat,1,0.0002,4,128,0.0,0,128,,5e-05,84.03,286.4,0.0269,0.0,unit,1.0,1,9.0,gcn,1,0.025
glue|roberta-base|stsb_wide|ABC|t3|s5|confirm,glue,roberta-base,stsb_wide,stsb,ABC,confirm,3,5,spearman,curvature=0.25;feature_mode=unit;gat_hidden_dim=128;gnn_input_clip=1.0;gnn_input_scale=1;graph_curvature=9.0;graph_metric=poincare;hyp_gnn_type=gcn;hyperbolic_gnn=1;hyperbolic_readout=1;jk_mode=cat;learnable_curvature=1;lr=0.0002;num_layers=4;proj_dim=128;readout_clip=0.0;readout_scale=0;rho_quantile=0.025;scorer_hidden=128;weight_decay=5e-05,0.25,128,poincare,1,cat,1,0.0002,4,128,0.0,0,128,,5e-05,82.8,285.62,0.02628,0.00391,unit,1.0,1,9.0,gcn,1,0.025
glue|roberta-base|stsb_wide|ABC|t3|s6|confirm,glue,roberta-base,stsb_wide,stsb,ABC,confirm,3,6,spearman,curvature=0.25;feature_mode=unit;gat_hidden_dim=128;gnn_input_clip=1.0;gnn_input_scale=1;graph_curvature=9.0;graph_metric=poincare;hyp_gnn_type=gcn;hyperbolic_gnn=1;hyperbolic_readout=1;jk_mode=cat;learnable_curvature=1;lr=0.0002;num_layers=4;proj_dim=128;readout_clip=0.0;readout_scale=0;rho_quantile=0.025;scorer_hidden=128;weight_decay=5e-05,0.25,128,poincare,1,cat,1,0.0002,4,128,0.0,0,128,,5e-05,83.92,285.17,0.02694,0.00391,unit,1.0,1,9.0,gcn,1,0.025
glue|roberta-base|stsb_wide|ABC|t3|s7|confirm,glue,roberta-base,stsb_wide,stsb,ABC,confirm,3,7,spearman,curvature=0.25;feature_mode=unit;gat_hidden_dim=128;gnn_input_clip=1.0;gnn_input_scale=1;graph_curvature=9.0;graph_metric=poincare;hyp_gnn_type=gcn;hyperbolic_gnn=1;hyperbolic_readout=1;jk_mode=cat;learnable_curvature=1;lr=0.0002;num_layers=4;proj_dim=128;readout_clip=0.0;readout_scale=0;rho_quantile=0.025;scorer_hidden=128;weight_decay=5e-05,0.25,128,poincare,1,cat,1,0.0002,4,128,0.0,0,128,,5e-05,83.87,284.86,0.02658,0.00391,unit,1.0,1,9.0,gcn,1,0.025
glue|roberta-base|stsb_wide|ABC|t3|s8|confirm,glue,roberta-base,stsb_wide,stsb,ABC,confirm,3,8,spearman,curvature=0.25;feature_mode=unit;gat_hidden_dim=128;gnn_input_clip=1.0;gnn_input_scale=1;graph_curvature=9.0;graph_metric=poincare;hyp_gnn_type=gcn;hyperbolic_gnn=1;hyperbolic_readout=1;jk_mode=cat;learnable_curvature=1;lr=0.0002;num_layers=4;proj_dim=128;readout_clip=0.0;readout_scale=0;rho_quantile=0.025;scorer_hidden=128;weight_decay=5e-05,0.25,128,poincare,1,cat,1,0.0002,4,128,0.0,0,128,,5e-05,83.72,283.21,0.02683,0.00781,unit,1.0,1,9.0,gcn,1,0.025
glue|roberta-base|stsb_wide|ABC|t3|s9|confirm,glue,roberta-base,stsb_wide,stsb,ABC,confirm,3,9,spearman,curvature=0.25;feature_mode=unit;gat_hidden_dim=128;gnn_input_clip=1.0;gnn_input_scale=1;graph_curvature=9.0;graph_metric=poincare;hyp_gnn_type=gcn;hyperbolic_gnn=1;hyperbolic_readout=1;jk_mode=cat;learnable_curvature=1;lr=0.0002;num_layers=4;proj_dim=128;readout_clip=0.0;readout_scale=0;rho_quantile=0.025;scorer_hidden=128;weight_decay=5e-05,0.25,128,poincare,1,cat,1,0.0002,4,128,0.0,0,128,,5e-05,83.91,283.94,0.0267,0.0,unit,1.0,1,9.0,gcn,1,0.025
glue|roberta-base|stsb_wide|ABC|t3|s10|confirm,glue,roberta-base,stsb_wide,stsb,ABC,confirm,3,10,spearman,curvature=0.25;feature_mode=unit;gat_hidden_dim=128;gnn_input_clip=1.0;gnn_input_scale=1;graph_curvature=9.0;graph_metric=poincare;hyp_gnn_type=gcn;hyperbolic_gnn=1;hyperbolic_readout=1;jk_mode=cat;learnable_curvature=1;lr=0.0002;num_layers=4;proj_dim=128;readout_clip=0.0;readout_scale=0;rho_quantile=0.025;scorer_hidden=128;weight_decay=5e-05,0.25,128,poincare,1,cat,1,0.0002,4,128,0.0,0,128,,5e-05,83.72,286.28,0.02704,0.0,unit,1.0,1,9.0,gcn,1,0.025
glue|roberta-base|stsb_wide|ABC|t3|s11|confirm,glue,roberta-base,stsb_wide,stsb,ABC,confirm,3,11,spearman,curvature=0.25;feature_mode=unit;gat_hidden_dim=128;gnn_input_clip=1.0;gnn_input_scale=1;graph_curvature=9.0;graph_metric=poincare;hyp_gnn_type=gcn;hyperbolic_gnn=1;hyperbolic_readout=1;jk_mode=cat;learnable_curvature=1;lr=0.0002;num_layers=4;proj_dim=128;readout_clip=0.0;readout_scale=0;rho_quantile=0.025;scorer_hidden=128;weight_decay=5e-05,0.25,128,poincare,1,cat,1,0.0002,4,128,0.0,0,128,,5e-05,83.45,282.39,0.02717,0.0,unit,1.0,1,9.0,gcn,1,0.025
glue|roberta-base|stsb_wide|ABC|t3|s12|confirm,glue,roberta-base,stsb_wide,stsb,ABC,confirm,3,12,spearman,curvature=0.25;feature_mode=unit;gat_hidden_dim=128;gnn_input_clip=1.0;gnn_input_scale=1;graph_curvature=9.0;graph_metric=poincare;hyp_gnn_type=gcn;hyperbolic_gnn=1;hyperbolic_readout=1;jk_mode=cat;learnable_curvature=1;lr=0.0002;num_layers=4;proj_dim=128;readout_clip=0.0;readout_scale=0;rho_quantile=0.025;scorer_hidden=128;weight_decay=5e-05,0.25,128,poincare,1,cat,1,0.0002,4,128,0.0,0,128,,5e-05,83.77,285.74,0.0269,0.00391,unit,1.0,1,9.0,gcn,1,0.025
glue|roberta-base|stsb_wide|ABC|t3|s13|confirm,glue,roberta-base,stsb_wide,stsb,ABC,confirm,3,13,spearman,curvature=0.25;feature_mode=unit;gat_hidden_dim=128;gnn_input_clip=1.0;gnn_input_scale=1;graph_curvature=9.0;graph_metric=poincare;hyp_gnn_type=gcn;hyperbolic_gnn=1;hyperbolic_readout=1;jk_mode=cat;learnable_curvature=1;lr=0.0002;num_layers=4;proj_dim=128;readout_clip=0.0;readout_scale=0;rho_quantile=0.025;scorer_hidden=128;weight_decay=5e-05,0.25,128,poincare,1,cat,1,0.0002,4,128,0.0,0,128,,5e-05,83.98,280.84,0.02702,0.0,unit,1.0,1,9.0,gcn,1,0.025
glue|roberta-base|stsb_wide|ABC|t3|s14|confirm,glue,roberta-base,stsb_wide,stsb,ABC,confirm,3,14,spearman,curvature=0.25;feature_mode=unit;gat_hidden_dim=128;gnn_input_clip=1.0;gnn_input_scale=1;graph_curvature=9.0;graph_metric=poincare;hyp_gnn_type=gcn;hyperbolic_gnn=1;hyperbolic_readout=1;jk_mode=cat;learnable_curvature=1;lr=0.0002;num_layers=4;proj_dim=128;readout_clip=0.0;readout_scale=0;rho_quantile=0.025;scorer_hidden=128;weight_decay=5e-05,0.25,128,poincare,1,cat,1,0.0002,4,128,0.0,0,128,,5e-05,83.76,283.79,0.0271,0.0,unit,1.0,1,9.0,gcn,1,0.025
glue|roberta-base|stsb_wide|ABC|t3|s15|confirm,glue,roberta-base,stsb_wide,stsb,ABC,confirm,3,15,spearman,curvature=0.25;feature_mode=unit;gat_hidden_dim=128;gnn_input_clip=1.0;gnn_input_scale=1;graph_curvature=9.0;graph_metric=poincare;hyp_gnn_type=gcn;hyperbolic_gnn=1;hyperbolic_readout=1;jk_mode=cat;learnable_curvature=1;lr=0.0002;num_layers=4;proj_dim=128;readout_clip=0.0;readout_scale=0;rho_quantile=0.025;scorer_hidden=128;weight_decay=5e-05,0.25,128,poincare,1,cat,1,0.0002,4,128,0.0,0,128,,5e-05,83.86,281.99,0.02735,0.0,unit,1.0,1,9.0,gcn,1,0.025
