run_key,target,model,setting,task,arm,stage,trial,seed,metric,detail,gat_hidden_dim,graph_metric,jk_mode,lr,num_layers,proj_dim,scorer_hidden,tau_quantile,weight_decay,score,elapsed_sec,mean_density,empty_frac,feature_mode,graph_curvature,rho_quantile,curvature,hyperbolic_readout,learnable_curvature,readout_clip,readout_scale,gnn_input_clip,gnn_input_scale,hyp_gnn_type,hyperbolic_gnn,tau
glue|roberta-base|mrpc_wide|baseline|t0|s42|tune,glue,roberta-base,mrpc_wide,mrpc,baseline,tune,0,42,f1,gat_hidden_dim=256;graph_metric=cosine;jk_mode=cat;lr=2e-05;num_layers=2;proj_dim=512;scorer_hidden=128;tau_quantile=0.05;weight_decay=0.0,256,cosine,cat,2e-05,2,512,128,0.05,0.0,81.22,112.92,0.05038,0.0,,,,,,,,,,,,,
glue|roberta-base|mrpc_wide|baseline|t1|s42|tune,glue,roberta-base,mrpc_wide,mrpc,baseline,tune,1,42,f1,gat_hidden_dim=64;graph_metric=cosine;jk_mode=max;lr=0.001;num_layers=4;proj_dim=512;scorer_hidden=128;tau_quantile=0.2;weight_decay=5e-05,64,cosine,max,0.001,4,512,128,0.2,5e-05,82.26,102.37,0.1995,0.0,,,,,,,,,,,,,
glue|roberta-base|mrpc_wide|baseline|t2|s42|tune,glue,roberta-base,mrpc_wide,mrpc,baseline,tune,2,42,f1,gat_hidden_dim=64;graph_metric=cosine;jk_mode=max;lr=0.0002;num_layers=2;proj_dim=128;scorer_hidden=128;tau_quantile=0.2;weight_decay=1e-05,64,cosine,max,0.0002,2,128,128,0.2,1e-05,82.63,98.91,0.19958,0.0,,,,,,,,,,,,,
glue|roberta-base|mrpc_wide|baseline|t3|s42|tune,glue,roberta-base,mrpc_wide,mrpc,baseline,tune,3,42,f1,gat_hidden_dim=128;graph_metric=cosine;jk_mode=cat;lr=2e-05;num_layers=2;proj_dim=512;scorer_hidden=128;tau_quantile=0.2;weight_decay=5e-05,128,cosine,cat,2e-05,2,512,128,0.2,5e-05,81.22,99.72,0.19944,0.0,,,,,,,,,,,,,
glue|roberta-base|mrpc_wide|baseline|t4|s42|tune,glue,roberta-base,mrpc_wide,mrpc,baseline,tune,4,42,f1,gat_hidden_dim=128;graph_metric=cosine;jk_mode=max;lr=0.0002;num_layers=4;proj_dim=128;scorer_hidden=256;tau_quantile=0.05;weight_decay=5e-05,128,cosine,max,0.0002,4,128,256,0.05,5e-05,82.23,101.36,0.05032,0.0,,,,,,,,,,,,,
glue|roberta-base|mrpc_wide|baseline|t5|s42|tune,glue,roberta-base,mrpc_wide,mrpc,baseline,tune,5,42,f1,gat_hidden_dim=256;graph_metric=cosine;jk_mode=cat;lr=2e-05;num_layers=2;proj_dim=512;scorer_hidden=256;tau_quantile=0.38;weight_decay=5e-05,256,cosine,cat,2e-05,2,512,256,0.38,5e-05,81.22,99.46,0.37961,0.0,,,,,,,,,,,,,
glue|roberta-base|mrpc_wide|baseline|t6|s42|tune,glue,roberta-base,mrpc_wide,mrpc,baseline,tune,6,42,f1,gat_hidden_dim=128;graph_metric=cosine;jk_mode=cat;lr=2e-05;num_layers=4;proj_dim=128;scorer_hidden=256;tau_quantile=0.2;weight_decay=0.0,128,cosine,cat,2e-05,4,128,256,0.2,0.0,81.34,100.99,0.1995,0.0,,,,,,,,,,,,,
glue|roberta-base|mrpc_wide|baseline|t7|s42|tune,glue,roberta-base,mrpc_wide,mrpc,baseline,tune,7,42,f1,gat_hidden_dim=256;graph_metric=cosine;jk_mode=cat;lr=2e-05;num_layers=2;proj_dim=128;scorer_hidden=256;tau_quantile=0.1;weight_decay=1e-05,256,cosine,cat,2e-05,2,128,256,0.1,1e-05,81.22,98.56,0.10005,0.0,,,,,,,,,,,,,
glue|roberta-base|mrpc_wide|baseline|t8|s42|tune,glue,roberta-base,mrpc_wide,mrpc,baseline,tune,8,42,f1,gat_hidden_dim=128;graph_metric=cosine;jk_mode=max;lr=2e-05;num_layers=4;proj_dim=256;scorer_hidden=128;tau_quantile=0.025;weight_decay=1e-05,128,cosine,max,2e-05,4,256,128,0.025,1e-05,81.22,101.73,0.02513,0.0,,,,,,,,,,,,,
glue|roberta-base|mrpc_wide|baseline|t9|s42|tune,glue,roberta-base,mrpc_wide,mrpc,baseline,tune,9,42,f1,gat_hidden_dim=64;graph_metric=cosine;jk_mode=max;lr=0.0002;num_layers=2;proj_dim=128;scorer_hidden=128;tau_quantile=0.025;weight_decay=0.0,64,cosine,max,0.0002,2,128,128,0.025,0.0,82.76,100.18,0.02518,0.0,,,,,,,,,,,,,
glue|roberta-base|mrpc_wide|baseline|t10|s42|tune,glue,roberta-base,mrpc_wide,mrpc,baseline,tune,10,42,f1,gat_hidden_dim=128;graph_metric=cosine;jk_mode=cat;lr=2e-05;num_layers=2;proj_dim=128;scorer_hidden=128;tau_quantile=0.025;weight_decay=0.0,128,cosine,cat,2e-05,2,128,128,0.025,0.0,81.22,98.97,0.02511,0.0,,,,,,,,,,,,,
glue|roberta-base|mrpc_wide|baseline|t11|s42|tune,glue,roberta-base,mrpc_wide,mrpc,baseline,tune,11,42,f1,gat_hidden_dim=64;graph_metric=cosine;jk_mode=max;lr=0.0002;num_layers=2;proj_dim=512;scorer_hidden=256;tau_quantile=0.2;weight_decay=1e-05,64,cosine,max,0.0002,2,512,256,0.2,1e-05,82.63,98.36,0.19958,0.0,,,,,,,,,,,,,
glue|roberta-base|mrpc_wide|baseline|t12|s42|tune,glue,roberta-base,mrpc_wide,mrpc,baseline,tune,12,42,f1,gat_hidden_dim=64;graph_metric=cosine;jk_mode=cat;lr=0.0002;num_layers=2;proj_dim=128;scorer_hidden=256;tau_quantile=0.05;weight_decay=0.0,64,cosine,cat,0.0002,2,128,256,0.05,0.0,81.72,99.6,0.05029,0.0,,,,,,,,,,,,,
glue|roberta-base|mrpc_wide|baseline|t13|s42|tune,glue,roberta-base,mrpc_wide,mrpc,baseline,tune,13,42,f1,gat_hidden_dim=256;graph_metric=cosine;jk_mode=cat;lr=2e-05;num_layers=4;proj_dim=256;scorer_hidden=128;tau_quantile=0.025;weight_decay=0.0,256,cosine,cat,2e-05,4,256,128,0.025,0.0,81.59,100.94,0.02516,0.0,,,,,,,,,,,,,
glue|roberta-base|mrpc_wide|baseline|t14|s42|tune,glue,roberta-base,mrpc_wide,mrpc,baseline,tune,14,42,f1,gat_hidden_dim=64;graph_metric=cosine;jk_mode=max;lr=0.001;num_layers=4;proj_dim=128;scorer_hidden=256;tau_quantile=0.05;weight_decay=5e-05,64,cosine,max,0.001,4,128,256,0.05,5e-05,82.46,101.05,0.05035,0.0,,,,,,,,,,,,,
glue|roberta-base|mrpc_wide|baseline|t15|s42|tune,glue,roberta-base,mrpc_wide,mrpc,baseline,tune,15,42,f1,gat_hidden_dim=128;graph_metric=cosine;jk_mode=cat;lr=0.001;num_layers=4;proj_dim=512;scorer_hidden=128;tau_quantile=0.38;weight_decay=5e-05,128,cosine,cat,0.001,4,512,128,0.38,5e-05,82.18,102.44,0.37955,0.0,,,,,,,,,,,,,
glue|roberta-base|mrpc_wide|baseline|t16|s42|tune,glue,roberta-base,mrpc_wide,mrpc,baseline,tune,16,42,f1,gat_hidden_dim=64;graph_metric=cosine;jk_mode=cat;lr=0.0002;num_layers=4;proj_dim=512;scorer_hidden=128;tau_quantile=0.2;weight_decay=1e-05,64,cosine,cat,0.0002,4,512,128,0.2,1e-05,82.23,100.66,0.19954,0.0,,,,,,,,,,,,,
glue|roberta-base|mrpc_wide|baseline|t17|s42|tune,glue,roberta-base,mrpc_wide,mrpc,baseline,tune,17,42,f1,gat_hidden_dim=64;graph_metric=cosine;jk_mode=max;lr=0.001;num_layers=4;proj_dim=512;scorer_hidden=256;tau_quantile=0.2;weight_decay=5e-05,64,cosine,max,0.001,4,512,256,0.2,5e-05,82.39,101.9,0.1995,0.0,,,,,,,,,,,,,
glue|roberta-base|mrpc_wide|baseline|t18|s42|tune,glue,roberta-base,mrpc_wide,mrpc,baseline,tune,18,42,f1,gat_hidden_dim=128;graph_metric=cosine;jk_mode=cat;lr=0.0002;num_layers=4;proj_dim=128;scorer_hidden=256;tau_quantile=0.2;weight_decay=0.0,128,cosine,cat,0.0002,4,128,256,0.2,0.0,82.46,101.94,0.1995,0.0,,,,,,,,,,,,,
glue|roberta-base|mrpc_wide|baseline|t19|s42|tune,glue,roberta-base,mrpc_wide,mrpc,baseline,tune,19,42,f1,gat_hidden_dim=64;graph_metric=cosine;jk_mode=cat;lr=0.0002;num_layers=2;proj_dim=256;scorer_hidden=128;tau_quantile=0.1;weight_decay=5e-05,64,cosine,cat,0.0002,2,256,128,0.1,5e-05,81.75,98.94,0.09997,0.0,,,,,,,,,,,,,
glue|roberta-base|mrpc_wide|baseline|t20|s42|tune,glue,roberta-base,mrpc_wide,mrpc,baseline,tune,20,42,f1,gat_hidden_dim=256;graph_metric=cosine;jk_mode=max;lr=0.0002;num_layers=4;proj_dim=256;scorer_hidden=256;tau_quantile=0.38;weight_decay=1e-05,256,cosine,max,0.0002,4,256,256,0.38,1e-05,82.46,101.61,0.37956,0.0,,,,,,,,,,,,,
glue|roberta-base|mrpc_wide|baseline|t21|s42|tune,glue,roberta-base,mrpc_wide,mrpc,baseline,tune,21,42,f1,gat_hidden_dim=256;graph_metric=cosine;jk_mode=cat;lr=0.0002;num_layers=2;proj_dim=256;scorer_hidden=128;tau_quantile=0.2;weight_decay=0.0,256,cosine,cat,0.0002,2,256,128,0.2,0.0,82.39,98.64,0.19946,0.0,,,,,,,,,,,,,
glue|roberta-base|mrpc_wide|baseline|t22|s42|tune,glue,roberta-base,mrpc_wide,mrpc,baseline,tune,22,42,f1,gat_hidden_dim=128;graph_metric=cosine;jk_mode=max;lr=0.0002;num_layers=4;proj_dim=128;scorer_hidden=128;tau_quantile=0.38;weight_decay=0.0,128,cosine,max,0.0002,4,128,128,0.38,0.0,82.78,101.76,0.37959,0.0,,,,,,,,,,,,,
glue|roberta-base|mrpc_wide|baseline|t23|s42|tune,glue,roberta-base,mrpc_wide,mrpc,baseline,tune,23,42,f1,gat_hidden_dim=256;graph_metric=cosine;jk_mode=max;lr=0.0002;num_layers=2;proj_dim=128;scorer_hidden=128;tau_quantile=0.38;weight_decay=5e-05,256,cosine,max,0.0002,2,128,128,0.38,5e-05,82.04,98.62,0.37962,0.0,,,,,,,,,,,,,
glue|roberta-base|mrpc_wide|baseline|t24|s42|tune,glue,roberta-base,mrpc_wide,mrpc,baseline,tune,24,42,f1,gat_hidden_dim=128;graph_metric=cosine;jk_mode=max;lr=0.001;num_layers=2;proj_dim=512;scorer_hidden=128;tau_quantile=0.025;weight_decay=1e-05,128,cosine,max,0.001,2,512,128,0.025,1e-05,82.37,100.3,0.02519,0.0,,,,,,,,,,,,,
glue|roberta-base|mrpc_wide|baseline|t25|s42|tune,glue,roberta-base,mrpc_wide,mrpc,baseline,tune,25,42,f1,gat_hidden_dim=256;graph_metric=cosine;jk_mode=cat;lr=0.0002;num_layers=4;proj_dim=128;scorer_hidden=256;tau_quantile=0.2;weight_decay=5e-05,256,cosine,cat,0.0002,4,128,256,0.2,5e-05,81.9,100.99,0.19959,0.0,,,,,,,,,,,,,
glue|roberta-base|mrpc_wide|baseline|t26|s42|tune,glue,roberta-base,mrpc_wide,mrpc,baseline,tune,26,42,f1,gat_hidden_dim=128;graph_metric=cosine;jk_mode=max;lr=2e-05;num_layers=2;proj_dim=512;scorer_hidden=128;tau_quantile=0.025;weight_decay=5e-05,128,cosine,max,2e-05,2,512,128,0.025,5e-05,81.22,98.9,0.02519,0.0,,,,,,,,,,,,,
glue|roberta-base|mrpc_wide|baseline|t27|s42|tune,glue,roberta-base,mrpc_wide,mrpc,baseline,tune,27,42,f1,gat_hidden_dim=128;graph_metric=cosine;jk_mode=cat;lr=2e-05;num_layers=2;proj_dim=256;scorer_hidden=256;tau_quantile=0.38;weight_decay=5e-05,128,cosine,cat,2e-05,2,256,256,0.38,5e-05,81.22,98.58,0.37969,0.0,,,,,,,,,,,,,
glue|roberta-base|mrpc_wide|baseline|t28|s42|tune,glue,roberta-base,mrpc_wide,mrpc,baseline,tune,28,42,f1,gat_hidden_dim=64;graph_metric=cosine;jk_mode=cat;lr=0.001;num_layers=4;proj_dim=256;scorer_hidden=128;tau_quantile=0.025;weight_decay=0.0,64,cosine,cat,0.001,4,256,128,0.025,0.0,82.41,101.55,0.02524,0.0,,,,,,,,,,,,,
glue|roberta-base|mrpc_wide|baseline|t29|s42|tune,glue,roberta-base,mrpc_wide,mrpc,baseline,tune,29,42,f1,gat_hidden_dim=64;graph_metric=cosine;jk_mode=cat;lr=0.0002;num_layers=2;proj_dim=256;scorer_hidden=256;tau_quantile=0.2;weight_decay=0.0,64,cosine,cat,0.0002,2,256,256,0.2,0.0,81.6,98.58,0.1996,0.0,,,,,,,,,,,,,
glue|roberta-base|mrpc_wide|baseline|t30|s42|tune,glue,roberta-base,mrpc_wide,mrpc,baseline,tune,30,42,f1,gat_hidden_dim=128;graph_metric=cosine;jk_mode=cat;lr=2e-05;num_layers=4;proj_dim=128;scorer_hidden=128;tau_quantile=0.025;weight_decay=1e-05,128,cosine,cat,2e-05,4,128,128,0.025,1e-05,81.22,102.41,0.02513,0.0,,,,,,,,,,,,,
glue|roberta-base|mrpc_wide|baseline|t31|s42|tune,glue,roberta-base,mrpc_wide,mrpc,baseline,tune,31,42,f1,gat_hidden_dim=256;graph_metric=cosine;jk_mode=cat;lr=0.001;num_layers=4;proj_dim=128;scorer_hidden=128;tau_quantile=0.025;weight_decay=5e-05,256,cosine,cat,0.001,4,128,128,0.025,5e-05,81.86,101.33,0.02516,0.0,,,,,,,,,,,,,
glue|roberta-base|mrpc_wide|baseline|t32|s42|tune,glue,roberta-base,mrpc_wide,mrpc,baseline,tune,32,42,f1,gat_hidden_dim=256;graph_metric=cosine;jk_mode=cat;lr=0.0002;num_layers=2;proj_dim=256;scorer_hidden=256;tau_quantile=0.2;weight_decay=5e-05,256,cosine,cat,0.0002,2,256,256,0.2,5e-05,82.52,99.4,0.19946,0.0,,,,,,,,,,,,,
glue|roberta-base|mrpc_wide|baseline|t33|s42|tune,glue,roberta-base,mrpc_wide,mrpc,baseline,tune,33,42,f1,gat_hidden_dim=64;graph_metric=cosine;jk_mode=cat;lr=2e-05;num_layers=4;proj_dim=256;scorer_hidden=128;tau_quantile=0.05;weight_decay=0.0,64,cosine,cat,2e-05,4,256,128,0.05,0.0,81.22,101.18,0.05038,0.0,,,,,,,,,,,,,
glue|roberta-base|mrpc_wide|baseline|t34|s42|tune,glue,roberta-base,mrpc_wide,mrpc,baseline,tune,34,42,f1,gat_hidden_dim=256;graph_metric=cosine;jk_mode=cat;lr=0.0002;num_layers=4;proj_dim=512;scorer_hidden=128;tau_quantile=0.38;weight_decay=0.0,256,cosine,cat,0.0002,4,512,128,0.38,0.0,82.1,101.38,0.37954,0.0,,,,,,,,,,,,,
glue|roberta-base|mrpc_wide|baseline|t35|s42|tune,glue,roberta-base,mrpc_wide,mrpc,baseline,tune,35,42,f1,gat_hidden_dim=64;graph_metric=cosine;jk_mode=max;lr=0.001;num_layers=2;proj_dim=128;scorer_hidden=128;tau_quantile=0.025;weight_decay=1e-05,64,cosine,max,0.001,2,128,128,0.025,1e-05,82.23,100.19,0.02518,0.0,,,,,,,,,,,,,
glue|roberta-base|mrpc_wide|baseline|t36|s42|tune,glue,roberta-base,mrpc_wide,mrpc,baseline,tune,36,42,f1,gat_hidden_dim=64;graph_metric=cosine;jk_mode=max;lr=0.0002;num_layers=2;proj_dim=128;scorer_hidden=256;tau_quantile=0.05;weight_decay=1e-05,64,cosine,max,0.0002,2,128,256,0.05,1e-05,82.76,97.58,0.05047,0.0,,,,,,,,,,,,,
glue|roberta-base|mrpc_wide|baseline|t37|s42|tune,glue,roberta-base,mrpc_wide,mrpc,baseline,tune,37,42,f1,gat_hidden_dim=64;graph_metric=cosine;jk_mode=max;lr=2e-05;num_layers=4;proj_dim=256;scorer_hidden=128;tau_quantile=0.1;weight_decay=5e-05,64,cosine,max,2e-05,4,256,128,0.1,5e-05,81.22,101.54,0.09997,0.0,,,,,,,,,,,,,
glue|roberta-base|mrpc_wide|baseline|t38|s42|tune,glue,roberta-base,mrpc_wide,mrpc,baseline,tune,38,42,f1,gat_hidden_dim=128;graph_metric=cosine;jk_mode=max;lr=2e-05;num_layers=4;proj_dim=256;scorer_hidden=128;tau_quantile=0.025;weight_decay=0.0,128,cosine,max,2e-05,4,256,128,0.025,0.0,81.22,101.39,0.02513,0.0,,,,,,,,,,,,,
glue|roberta-base|mrpc_wide|baseline|t39|s42|tune,glue,roberta-base,mrpc_wide,mrpc,baseline,tune,39,42,f1,gat_hidden_dim=256;graph_metric=cosine;jk_mode=max;lr=0.001;num_layers=2;proj_dim=512;scorer_hidden=256;tau_quantile=0.38;weight_decay=5e-05,256,cosine,max,0.001,2,512,256,0.38,5e-05,81.93,99.49,0.37962,0.0,,,,,,,,,,,,,
glue|roberta-base|mrpc_wide|A|t0|s42|tune,glue,roberta-base,mrpc_wide,mrpc,A,tune,0,42,f1,feature_mode=center;gat_hidden_dim=128;graph_curvature=9.0;graph_metric=poincare;jk_mode=cat;lr=0.001;num_layers=4;proj_dim=256;rho_quantile=0.1;scorer_hidden=128;weight_decay=5e-05,128,poincare,cat,0.001,4,256,128,,5e-05,82.04,124.8,0.09901,0.0,center,9.0,0.1,,,,,,,,,,
glue|roberta-base|mrpc_wide|A|t1|s42|tune,glue,roberta-base,mrpc_wide,mrpc,A,tune,1,42,f1,feature_mode=cls_root_unit;gat_hidden_dim=64;graph_curvature=9.0;graph_metric=poincare;jk_mode=cat;lr=0.001;num_layers=4;proj_dim=128;rho_quantile=0.2;scorer_hidden=128;weight_decay=0.0,64,poincare,cat,0.001,4,128,128,,0.0,81.49,125.22,0.19894,0.0,cls_root_unit,9.0,0.2,,,,,,,,,,
glue|roberta-base|mrpc_wide|A|t2|s42|tune,glue,roberta-base,mrpc_wide,mrpc,A,tune,2,42,f1,feature_mode=center;gat_hidden_dim=64;graph_curvature=2.25;graph_metric=poincare;jk_mode=cat;lr=2e-05;num_layers=2;proj_dim=512;rho_quantile=0.38;scorer_hidden=256;weight_decay=0.0,64,poincare,cat,2e-05,2,512,256,,0.0,81.22,120.97,0.37678,0.0,center,2.25,0.38,,,,,,,,,,
glue|roberta-base|mrpc_wide|A|t3|s42|tune,glue,roberta-base,mrpc_wide,mrpc,A,tune,3,42,f1,feature_mode=cls_root_unit;gat_hidden_dim=128;graph_curvature=4.0;graph_metric=poincare;jk_mode=cat;lr=2e-05;num_layers=4;proj_dim=512;rho_quantile=0.05;scorer_hidden=128;weight_decay=1e-05,128,poincare,cat,2e-05,4,512,128,,1e-05,81.22,124.76,0.05006,0.0,cls_root_unit,4.0,0.05,,,,,,,,,,
glue|roberta-base|mrpc_wide|A|t4|s42|tune,glue,roberta-base,mrpc_wide,mrpc,A,tune,4,42,f1,feature_mode=center;gat_hidden_dim=128;graph_curvature=1.0;graph_metric=poincare;jk_mode=max;lr=2e-05;num_layers=2;proj_dim=512;rho_quantile=0.1;scorer_hidden=128;weight_decay=1e-05,128,poincare,max,2e-05,2,512,128,,1e-05,81.22,120.91,0.09956,0.0,center,1.0,0.1,,,,,,,,,,
glue|roberta-base|mrpc_wide|A|t5|s42|tune,glue,roberta-base,mrpc_wide,mrpc,A,tune,5,42,f1,feature_mode=center;gat_hidden_dim=64;graph_curvature=2.25;graph_metric=poincare;jk_mode=cat;lr=2e-05;num_layers=2;proj_dim=512;rho_quantile=0.1;scorer_hidden=128;weight_decay=5e-05,64,poincare,cat,2e-05,2,512,128,,5e-05,81.22,121.6,0.0993,0.0,center,2.25,0.1,,,,,,,,,,
glue|roberta-base|mrpc_wide|A|t6|s42|tune,glue,roberta-base,mrpc_wide,mrpc,A,tune,6,42,f1,feature_mode=cls_root_unit;gat_hidden_dim=128;graph_curvature=9.0;graph_metric=poincare;jk_mode=max;lr=0.0002;num_layers=2;proj_dim=256;rho_quantile=0.025;scorer_hidden=128;weight_decay=0.0,128,poincare,max,0.0002,2,256,128,,0.0,82.14,123.02,0.02486,0.0,cls_root_unit,9.0,0.025,,,,,,,,,,
glue|roberta-base|mrpc_wide|A|t7|s42|tune,glue,roberta-base,mrpc_wide,mrpc,A,tune,7,42,f1,feature_mode=center;gat_hidden_dim=128;graph_curvature=0.25;graph_metric=poincare;jk_mode=cat;lr=0.001;num_layers=2;proj_dim=128;rho_quantile=0.1;scorer_hidden=128;weight_decay=0.0,128,poincare,cat,0.001,2,128,128,,0.0,82.7,121.43,0.09982,0.0,center,0.25,0.1,,,,,,,,,,
glue|roberta-base|mrpc_wide|A|t8|s42|tune,glue,roberta-base,mrpc_wide,mrpc,A,tune,8,42,f1,feature_mode=center_unit;gat_hidden_dim=256;graph_curvature=2.25;graph_metric=poincare;jk_mode=cat;lr=2e-05;num_layers=2;proj_dim=256;rho_quantile=0.05;scorer_hidden=128;weight_decay=0.0,256,poincare,cat,2e-05,2,256,128,,0.0,81.22,124.47,0.05008,0.0,center_unit,2.25,0.05,,,,,,,,,,
glue|roberta-base|mrpc_wide|A|t9|s42|tune,glue,roberta-base,mrpc_wide,mrpc,A,tune,9,42,f1,feature_mode=unit;gat_hidden_dim=64;graph_curvature=0.25;graph_metric=poincare;jk_mode=max;lr=0.001;num_layers=2;proj_dim=256;rho_quantile=0.05;scorer_hidden=256;weight_decay=5e-05,64,poincare,max,0.001,2,256,256,,5e-05,82.58,121.69,0.05015,0.0,unit,0.25,0.05,,,,,,,,,,
glue|roberta-base|mrpc_wide|A|t10|s42|tune,glue,roberta-base,mrpc_wide,mrpc,A,tune,10,42,f1,feature_mode=center_unit;gat_hidden_dim=256;graph_curvature=9.0;graph_metric=poincare;jk_mode=cat;lr=2e-05;num_layers=4;proj_dim=512;rho_quantile=0.2;scorer_hidden=256;weight_decay=5e-05,256,poincare,cat,2e-05,4,512,256,,5e-05,81.71,125.11,0.19928,0.0,center_unit,9.0,0.2,,,,,,,,,,
glue|roberta-base|mrpc_wide|A|t11|s42|tune,glue,roberta-base,mrpc_wide,mrpc,A,tune,11,42,f1,feature_mode=center;gat_hidden_dim=64;graph_curvature=1.0;graph_metric=poincare;jk_mode=max;lr=0.001;num_layers=2;proj_dim=128;rho_quantile=0.05;scorer_hidden=128;weight_decay=1e-05,64,poincare,max,0.001,2,128,128,,1e-05,82.53,120.72,0.04994,0.0,center,1.0,0.05,,,,,,,,,,
glue|roberta-base|mrpc_wide|A|t12|s42|tune,glue,roberta-base,mrpc_wide,mrpc,A,tune,12,42,f1,feature_mode=cls_root_unit;gat_hidden_dim=64;graph_curvature=9.0;graph_metric=poincare;jk_mode=max;lr=2e-05;num_layers=4;proj_dim=512;rho_quantile=0.2;scorer_hidden=128;weight_decay=5e-05,64,poincare,max,2e-05,4,512,128,,5e-05,81.22,124.44,0.19933,0.0,cls_root_unit,9.0,0.2,,,,,,,,,,
glue|roberta-base|mrpc_wide|A|t13|s42|tune,glue,roberta-base,mrpc_wide,mrpc,A,tune,13,42,f1,feature_mode=unit;gat_hidden_dim=128;graph_curvature=2.25;graph_metric=poincare;jk_mode=cat;lr=0.0002;num_layers=2;proj_dim=128;rho_quantile=0.38;scorer_hidden=256;weight_decay=1e-05,128,poincare,cat,0.0002,2,128,256,,1e-05,82.27,122.18,0.37946,0.0,unit,2.25,0.38,,,,,,,,,,
glue|roberta-base|mrpc_wide|A|t14|s42|tune,glue,roberta-base,mrpc_wide,mrpc,A,tune,14,42,f1,feature_mode=cls_root_unit;gat_hidden_dim=256;graph_curvature=2.25;graph_metric=poincare;jk_mode=max;lr=0.001;num_layers=2;proj_dim=256;rho_quantile=0.38;scorer_hidden=128;weight_decay=1e-05,256,poincare,max,0.001,2,256,128,,1e-05,81.83,121.97,0.37937,0.0,cls_root_unit,2.25,0.38,,,,,,,,,,
glue|roberta-base|mrpc_wide|A|t15|s42|tune,glue,roberta-base,mrpc_wide,mrpc,A,tune,15,42,f1,feature_mode=cls_root_unit;gat_hidden_dim=256;graph_curvature=2.25;graph_metric=poincare;jk_mode=cat;lr=0.0002;num_layers=2;proj_dim=256;rho_quantile=0.025;scorer_hidden=128;weight_decay=1e-05,256,poincare,cat,0.0002,2,256,128,,1e-05,82.32,123.58,0.02481,0.0,cls_root_unit,2.25,0.025,,,,,,,,,,
glue|roberta-base|mrpc_wide|A|t16|s42|tune,glue,roberta-base,mrpc_wide,mrpc,A,tune,16,42,f1,feature_mode=center_unit;gat_hidden_dim=64;graph_curvature=9.0;graph_metric=poincare;jk_mode=max;lr=0.001;num_layers=4;proj_dim=512;rho_quantile=0.1;scorer_hidden=128;weight_decay=1e-05,64,poincare,max,0.001,4,512,128,,1e-05,82.46,126.19,0.09976,0.0,center_unit,9.0,0.1,,,,,,,,,,
glue|roberta-base|mrpc_wide|A|t17|s42|tune,glue,roberta-base,mrpc_wide,mrpc,A,tune,17,42,f1,feature_mode=center_unit;gat_hidden_dim=128;graph_curvature=1.0;graph_metric=poincare;jk_mode=max;lr=0.001;num_layers=2;proj_dim=128;rho_quantile=0.38;scorer_hidden=128;weight_decay=1e-05,128,poincare,max,0.001,2,128,128,,1e-05,82.28,123.79,0.37925,0.0,center_unit,1.0,0.38,,,,,,,,,,
glue|roberta-base|mrpc_wide|A|t18|s42|tune,glue,roberta-base,mrpc_wide,mrpc,A,tune,18,42,f1,feature_mode=cls_root_unit;gat_hidden_dim=256;graph_curvature=2.25;graph_metric=poincare;jk_mode=max;lr=2e-05;num_layers=2;proj_dim=256;rho_quantile=0.2;scorer_hidden=256;weight_decay=0.0,256,poincare,max,2e-05,2,256,256,,0.0,81.22,122.27,0.19939,0.0,cls_root_unit,2.25,0.2,,,,,,,,,,
glue|roberta-base|mrpc_wide|A|t19|s42|tune,glue,roberta-base,mrpc_wide,mrpc,A,tune,19,42,f1,feature_mode=center;gat_hidden_dim=64;graph_curvature=9.0;graph_metric=poincare;jk_mode=max;lr=2e-05;num_layers=4;proj_dim=128;rho_quantile=0.025;scorer_hidden=256;weight_decay=0.0,64,poincare,max,2e-05,4,128,256,,0.0,81.22,125.25,0.02488,0.0,center,9.0,0.025,,,,,,,,,,
glue|roberta-base|mrpc_wide|A|t20|s42|tune,glue,roberta-base,mrpc_wide,mrpc,A,tune,20,42,f1,feature_mode=center;gat_hidden_dim=64;graph_curvature=2.25;graph_metric=poincare;jk_mode=cat;lr=2e-05;num_layers=4;proj_dim=128;rho_quantile=0.025;scorer_hidden=128;weight_decay=1e-05,64,poincare,cat,2e-05,4,128,128,,1e-05,81.22,124.04,0.02484,0.0,center,2.25,0.025,,,,,,,,,,
glue|roberta-base|mrpc_wide|A|t21|s42|tune,glue,roberta-base,mrpc_wide,mrpc,A,tune,21,42,f1,feature_mode=unit;gat_hidden_dim=256;graph_curvature=4.0;graph_metric=poincare;jk_mode=max;lr=0.0002;num_layers=4;proj_dim=512;rho_quantile=0.05;scorer_hidden=256;weight_decay=0.0,256,poincare,max,0.0002,4,512,256,,0.0,82.63,124.77,0.05021,0.0,unit,4.0,0.05,,,,,,,,,,
glue|roberta-base|mrpc_wide|A|t22|s42|tune,glue,roberta-base,mrpc_wide,mrpc,A,tune,22,42,f1,feature_mode=center_unit;gat_hidden_dim=128;graph_curvature=0.25;graph_metric=poincare;jk_mode=max;lr=0.001;num_layers=2;proj_dim=256;rho_quantile=0.05;scorer_hidden=256;weight_decay=0.0,128,poincare,max,0.001,2,256,256,,0.0,82.37,122.94,0.05014,0.0,center_unit,0.25,0.05,,,,,,,,,,
glue|roberta-base|mrpc_wide|A|t23|s42|tune,glue,roberta-base,mrpc_wide,mrpc,A,tune,23,42,f1,feature_mode=cls_root_unit;gat_hidden_dim=64;graph_curvature=9.0;graph_metric=poincare;jk_mode=max;lr=0.0002;num_layers=2;proj_dim=512;rho_quantile=0.05;scorer_hidden=256;weight_decay=1e-05,64,poincare,max,0.0002,2,512,256,,1e-05,82.76,121.75,0.04865,0.0,cls_root_unit,9.0,0.05,,,,,,,,,,
glue|roberta-base|mrpc_wide|A|t24|s42|tune,glue,roberta-base,mrpc_wide,mrpc,A,tune,24,42,f1,feature_mode=unit;gat_hidden_dim=128;graph_curvature=1.0;graph_metric=poincare;jk_mode=max;lr=2e-05;num_layers=2;proj_dim=512;rho_quantile=0.025;scorer_hidden=256;weight_decay=1e-05,128,poincare,max,2e-05,2,512,256,,1e-05,81.22,122.44,0.02486,0.0,unit,1.0,0.025,,,,,,,,,,
glue|roberta-base|mrpc_wide|A|t25|s42|tune,glue,roberta-base,mrpc_wide,mrpc,A,tune,25,42,f1,feature_mode=center;gat_hidden_dim=64;graph_curvature=0.25;graph_metric=poincare;jk_mode=cat;lr=2e-05;num_layers=4;proj_dim=512;rho_quantile=0.05;scorer_hidden=128;weight_decay=0.0,64,poincare,cat,2e-05,4,512,128,,0.0,81.22,123.11,0.05009,0.0,center,0.25,0.05,,,,,,,,,,
glue|roberta-base|mrpc_wide|A|t26|s42|tune,glue,roberta-base,mrpc_wide,mrpc,A,tune,26,42,f1,feature_mode=center;gat_hidden_dim=256;graph_curvature=0.25;graph_metric=poincare;jk_mode=max;lr=0.0002;num_layers=4;proj_dim=512;rho_quantile=0.1;scorer_hidden=256;weight_decay=1e-05,256,poincare,max,0.0002,4,512,256,,1e-05,82.63,124.36,0.09986,0.0,center,0.25,0.1,,,,,,,,,,
glue|roberta-base|mrpc_wide|A|t27|s42|tune,glue,roberta-base,mrpc_wide,mrpc,A,tune,27,42,f1,feature_mode=center_unit;gat_hidden_dim=128;graph_curvature=2.25;graph_metric=poincare;jk_mode=cat;lr=0.001;num_layers=4;proj_dim=256;rho_quantile=0.38;scorer_hidden=128;weight_decay=0.0,128,poincare,cat,0.001,4,256,128,,0.0,82.11,124.48,0.37927,0.0,center_unit,2.25,0.38,,,,,,,,,,
glue|roberta-base|mrpc_wide|A|t28|s42|tune,glue,roberta-base,mrpc_wide,mrpc,A,tune,28,42,f1,feature_mode=center;gat_hidden_dim=128;graph_curvature=4.0;graph_metric=poincare;jk_mode=max;lr=0.0002;num_layers=4;proj_dim=128;rho_quantile=0.025;scorer_hidden=128;weight_decay=1e-05,128,poincare,max,0.0002,4,128,128,,1e-05,82.05,123.97,0.02474,0.0,center,4.0,0.025,,,,,,,,,,
glue|roberta-base|mrpc_wide|A|t29|s42|tune,glue,roberta-base,mrpc_wide,mrpc,A,tune,29,42,f1,feature_mode=center_unit;gat_hidden_dim=128;graph_curvature=2.25;graph_metric=poincare;jk_mode=max;lr=0.001;num_layers=4;proj_dim=128;rho_quantile=0.38;scorer_hidden=128;weight_decay=1e-05,128,poincare,max,0.001,4,128,128,,1e-05,82.19,125.69,0.37933,0.0,center_unit,2.25,0.38,,,,,,,,,,
glue|roberta-base|mrpc_wide|A|t30|s42|tune,glue,roberta-base,mrpc_wide,mrpc,A,tune,30,42,f1,feature_mode=cls_root_unit;gat_hidden_dim=256;graph_curvature=1.0;graph_metric=poincare;jk_mode=cat;lr=0.001;num_layers=4;proj_dim=512;rho_quantile=0.05;scorer_hidden=128;weight_decay=5e-05,256,poincare,cat,0.001,4,512,128,,5e-05,81.89,125.46,0.05003,0.0,cls_root_unit,1.0,0.05,,,,,,,,,,
glue|roberta-base|mrpc_wide|A|t31|s42|tune,glue,roberta-base,mrpc_wide,mrpc,A,tune,31,42,f1,feature_mode=center_unit;gat_hidden_dim=64;graph_curvature=0.25;graph_metric=poincare;jk_mode=cat;lr=2e-05;num_layers=2;proj_dim=256;rho_quantile=0.1;scorer_hidden=256;weight_decay=0.0,64,poincare,cat,2e-05,2,256,256,,0.0,81.22,122.89,0.09979,0.0,center_unit,0.25,0.1,,,,,,,,,,
glue|roberta-base|mrpc_wide|A|t32|s42|tune,glue,roberta-base,mrpc_wide,mrpc,A,tune,32,42,f1,feature_mode=center_unit;gat_hidden_dim=64;graph_curvature=9.0;graph_metric=poincare;jk_mode=max;lr=0.001;num_layers=4;proj_dim=128;rho_quantile=0.05;scorer_hidden=256;weight_decay=0.0,64,poincare,max,0.001,4,128,256,,0.0,82.28,124.88,0.05005,0.0,center_unit,9.0,0.05,,,,,,,,,,
glue|roberta-base|mrpc_wide|A|t33|s42|tune,glue,roberta-base,mrpc_wide,mrpc,A,tune,33,42,f1,feature_mode=center;gat_hidden_dim=128;graph_curvature=9.0;graph_metric=poincare;jk_mode=cat;lr=0.001;num_layers=4;proj_dim=128;rho_quantile=0.38;scorer_hidden=256;weight_decay=0.0,128,poincare,cat,0.001,4,128,256,,0.0,81.97,124.89,0.37669,0.0,center,9.0,0.38,,,,,,,,,,
glue|roberta-base|mrpc_wide|A|t34|s42|tune,glue,roberta-base,mrpc_wide,mrpc,A,tune,34,42,f1,feature_mode=unit;gat_hidden_dim=256;graph_curvature=9.0;graph_metric=poincare;jk_mode=max;lr=0.0002;num_layers=2;proj_dim=128;rho_quantile=0.05;scorer_hidden=128;weight_decay=5e-05,256,poincare,max,0.0002,2,128,128,,5e-05,82.14,120.73,0.05007,0.0,unit,9.0,0.05,,,,,,,,,,
glue|roberta-base|mrpc_wide|A|t35|s42|tune,glue,roberta-base,mrpc_wide,mrpc,A,tune,35,42,f1,feature_mode=unit;gat_hidden_dim=128;graph_curvature=1.0;graph_metric=poincare;jk_mode=max;lr=2e-05;num_layers=4;proj_dim=512;rho_quantile=0.025;scorer_hidden=128;weight_decay=1e-05,128,poincare,max,2e-05,4,512,128,,1e-05,81.22,124.02,0.02481,0.0,unit,1.0,0.025,,,,,,,,,,
glue|roberta-base|mrpc_wide|A|t36|s42|tune,glue,roberta-base,mrpc_wide,mrpc,A,tune,36,42,f1,feature_mode=cls_root_unit;gat_hidden_dim=64;graph_curvature=0.25;graph_metric=poincare;jk_mode=max;lr=0.0002;num_layers=4;proj_dim=128;rho_quantile=0.38;scorer_hidden=128;weight_decay=5e-05,64,poincare,max,0.0002,4,128,128,,5e-05,82.12,124.23,0.37938,0.0,cls_root_unit,0.25,0.38,,,,,,,,,,
glue|roberta-base|mrpc_wide|A|t37|s42|tune,glue,roberta-base,mrpc_wide,mrpc,A,tune,37,42,f1,feature_mode=cls_root_unit;gat_hidden_dim=256;graph_curvature=1.0;graph_metric=poincare;jk_mode=cat;lr=2e-05;num_layers=2;proj_dim=512;rho_quantile=0.2;scorer_hidden=256;weight_decay=1e-05,256,poincare,cat,2e-05,2,512,256,,1e-05,81.22,122.61,0.19927,0.0,cls_root_unit,1.0,0.2,,,,,,,,,,
glue|roberta-base|mrpc_wide|A|t38|s42|tune,glue,roberta-base,mrpc_wide,mrpc,A,tune,38,42,f1,feature_mode=center;gat_hidden_dim=256;graph_curvature=4.0;graph_metric=poincare;jk_mode=cat;lr=0.0002;num_layers=2;proj_dim=128;rho_quantile=0.05;scorer_hidden=256;weight_decay=1e-05,256,poincare,cat,0.0002,2,128,256,,1e-05,82.28,121.96,0.04993,0.0,center,4.0,0.05,,,,,,,,,,
glue|roberta-base|mrpc_wide|A|t39|s42|tune,glue,roberta-base,mrpc_wide,mrpc,A,tune,39,42,f1,feature_mode=unit;gat_hidden_dim=64;graph_curvature=1.0;graph_metric=poincare;jk_mode=cat;lr=0.001;num_layers=4;proj_dim=256;rho_quantile=0.1;scorer_hidden=128;weight_decay=1e-05,64,poincare,cat,0.001,4,256,128,,1e-05,81.67,125.1,0.09973,0.0,unit,1.0,0.1,,,,,,,,,,
glue|roberta-base|mrpc_wide|B|t0|s42|tune,glue,roberta-base,mrpc_wide,mrpc,B,tune,0,42,f1,curvature=0.25;gat_hidden_dim=256;graph_metric=cosine;hyperbolic_readout=1;jk_mode=cat;learnable_curvature=0;lr=2e-05;num_layers=2;proj_dim=256;readout_clip=0.0;readout_scale=1;scorer_hidden=128;tau_quantile=0.1;weight_decay=5e-05,256,cosine,cat,2e-05,2,256,128,0.1,5e-05,81.22,103.12,0.10005,0.0,,,,0.25,1,0,0.0,1,,,,,
glue|roberta-base|mrpc_wide|B|t1|s42|tune,glue,roberta-base,mrpc_wide,mrpc,B,tune,1,42,f1,curvature=4.0;gat_hidden_dim=256;graph_metric=cosine;hyperbolic_readout=1;jk_mode=max;learnable_curvature=0;lr=2e-05;num_layers=2;proj_dim=512;readout_clip=0.3;readout_scale=1;scorer_hidden=256;tau_quantile=0.2;weight_decay=0.0,256,cosine,max,2e-05,2,512,256,0.2,0.0,81.22,103.63,0.19955,0.0,,,,4.0,1,0,0.3,1,,,,,
glue|roberta-base|mrpc_wide|B|t2|s42|tune,glue,roberta-base,mrpc_wide,mrpc,B,tune,2,42,f1,curvature=4.0;gat_hidden_dim=128;graph_metric=cosine;hyperbolic_readout=1;jk_mode=max;learnable_curvature=1;lr=2e-05;num_layers=2;proj_dim=256;readout_clip=0.7;readout_scale=1;scorer_hidden=128;tau_quantile=0.025;weight_decay=1e-05,128,cosine,max,2e-05,2,256,128,0.025,1e-05,81.22,104.15,0.02519,0.0,,,,4.0,1,1,0.7,1,,,,,
glue|roberta-base|mrpc_wide|B|t3|s42|tune,glue,roberta-base,mrpc_wide,mrpc,B,tune,3,42,f1,curvature=4.0;gat_hidden_dim=128;graph_metric=cosine;hyperbolic_readout=1;jk_mode=max;learnable_curvature=1;lr=0.001;num_layers=4;proj_dim=256;readout_clip=0.7;readout_scale=0;scorer_hidden=128;tau_quantile=0.025;weight_decay=5e-05,128,cosine,max,0.001,4,256,128,0.025,5e-05,81.94,106.36,0.02513,0.0,,,,4.0,1,1,0.7,0,,,,,
glue|roberta-base|mrpc_wide|B|t4|s42|tune,glue,roberta-base,mrpc_wide,mrpc,B,tune,4,42,f1,curvature=4.0;gat_hidden_dim=128;graph_metric=cosine;hyperbolic_readout=1;jk_mode=cat;learnable_curvature=1;lr=0.0002;num_layers=4;proj_dim=512;readout_clip=0.7;readout_scale=0;scorer_hidden=256;tau_quantile=0.025;weight_decay=1e-05,128,cosine,cat,0.0002,4,512,256,0.025,1e-05,81.35,105.65,0.02513,0.0,,,,4.0,1,1,0.7,0,,,,,
glue|roberta-base|mrpc_wide|B|t5|s42|tune,glue,roberta-base,mrpc_wide,mrpc,B,tune,5,42,f1,curvature=4.0;gat_hidden_dim=256;graph_metric=cosine;hyperbolic_readout=1;jk_mode=max;learnable_curvature=0;lr=0.0002;num_layers=2;proj_dim=128;readout_clip=0.0;readout_scale=1;scorer_hidden=256;tau_quantile=0.025;weight_decay=0.0,256,cosine,max,0.0002,2,128,256,0.025,0.0,81.9,103.02,0.02517,0.0,,,,4.0,1,0,0.0,1,,,,,
glue|roberta-base|mrpc_wide|B|t6|s42|tune,glue,roberta-base,mrpc_wide,mrpc,B,tune,6,42,f1,curvature=0.25;gat_hidden_dim=64;graph_metric=cosine;hyperbolic_readout=1;jk_mode=max;learnable_curvature=1;lr=2e-05;num_layers=4;proj_dim=128;readout_clip=0.7;readout_scale=0;scorer_hidden=128;tau_quantile=0.2;weight_decay=0.0,64,cosine,max,2e-05,4,128,128,0.2,0.0,81.22,106.86,0.1995,0.0,,,,0.25,1,1,0.7,0,,,,,
glue|roberta-base|mrpc_wide|B|t7|s42|tune,glue,roberta-base,mrpc_wide,mrpc,B,tune,7,42,f1,curvature=0.25;gat_hidden_dim=256;graph_metric=cosine;hyperbolic_readout=1;jk_mode=max;learnable_curvature=1;lr=0.0002;num_layers=4;proj_dim=128;readout_clip=0.0;readout_scale=1;scorer_hidden=128;tau_quantile=0.1;weight_decay=1e-05,256,cosine,max,0.0002,4,128,128,0.1,1e-05,82.53,105.73,0.10007,0.0,,,,0.25,1,1,0.0,1,,,,,
glue|roberta-base|mrpc_wide|B|t8|s42|tune,glue,roberta-base,mrpc_wide,mrpc,B,tune,8,42,f1,curvature=4.0;gat_hidden_dim=128;graph_metric=cosine;hyperbolic_readout=1;jk_mode=cat;learnable_curvature=1;lr=2e-05;num_layers=2;proj_dim=128;readout_clip=0.3;readout_scale=0;scorer_hidden=256;tau_quantile=0.1;weight_decay=5e-05,128,cosine,cat,2e-05,2,128,256,0.1,5e-05,81.22,104.06,0.09995,0.0,,,,4.0,1,1,0.3,0,,,,,
glue|roberta-base|mrpc_wide|B|t9|s42|tune,glue,roberta-base,mrpc_wide,mrpc,B,tune,9,42,f1,curvature=1.0;gat_hidden_dim=64;graph_metric=cosine;hyperbolic_readout=1;jk_mode=cat;learnable_curvature=1;lr=0.001;num_layers=4;proj_dim=512;readout_clip=0.7;readout_scale=1;scorer_hidden=128;tau_quantile=0.025;weight_decay=0.0,64,cosine,cat,0.001,4,512,128,0.025,0.0,81.89,105.8,0.02524,0.0,,,,1.0,1,1,0.7,1,,,,,
glue|roberta-base|mrpc_wide|B|t10|s42|tune,glue,roberta-base,mrpc_wide,mrpc,B,tune,10,42,f1,curvature=4.0;gat_hidden_dim=256;graph_metric=cosine;hyperbolic_readout=1;jk_mode=max;learnable_curvature=0;lr=0.001;num_layers=2;proj_dim=128;readout_clip=0.3;readout_scale=1;scorer_hidden=256;tau_quantile=0.05;weight_decay=0.0,256,cosine,max,0.001,2,128,256,0.05,0.0,81.17,103.71,0.05035,0.0,,,,4.0,1,0,0.3,1,,,,,
glue|roberta-base|mrpc_wide|B|t11|s42|tune,glue,roberta-base,mrpc_wide,mrpc,B,tune,11,42,f1,curvature=1.0;gat_hidden_dim=64;graph_metric=cosine;hyperbolic_readout=1;jk_mode=max;learnable_curvature=1;lr=0.0002;num_layers=4;proj_dim=512;readout_clip=0.3;readout_scale=1;scorer_hidden=256;tau_quantile=0.05;weight_decay=1e-05,64,cosine,max,0.0002,4,512,256,0.05,1e-05,81.22,106.05,0.05035,0.0,,,,1.0,1,1,0.3,1,,,,,
glue|roberta-base|mrpc_wide|B|t12|s42|tune,glue,roberta-base,mrpc_wide,mrpc,B,tune,12,42,f1,curvature=0.25;gat_hidden_dim=256;graph_metric=cosine;hyperbolic_readout=1;jk_mode=max;learnable_curvature=0;lr=2e-05;num_layers=4;proj_dim=256;readout_clip=1.0;readout_scale=1;scorer_hidden=256;tau_quantile=0.2;weight_decay=5e-05,256,cosine,max,2e-05,4,256,256,0.2,5e-05,81.22,105.23,0.19948,0.0,,,,0.25,1,0,1.0,1,,,,,
glue|roberta-base|mrpc_wide|B|t13|s42|tune,glue,roberta-base,mrpc_wide,mrpc,B,tune,13,42,f1,curvature=1.0;gat_hidden_dim=256;graph_metric=cosine;hyperbolic_readout=1;jk_mode=cat;learnable_curvature=1;lr=0.0002;num_layers=2;proj_dim=128;readout_clip=0.7;readout_scale=0;scorer_hidden=128;tau_quantile=0.2;weight_decay=1e-05,256,cosine,cat,0.0002,2,128,128,0.2,1e-05,82.02,103.57,0.19946,0.0,,,,1.0,1,1,0.7,0,,,,,
glue|roberta-base|mrpc_wide|B|t14|s42|tune,glue,roberta-base,mrpc_wide,mrpc,B,tune,14,42,f1,curvature=0.25;gat_hidden_dim=64;graph_metric=cosine;hyperbolic_readout=1;jk_mode=cat;learnable_curvature=1;lr=2e-05;num_layers=4;proj_dim=256;readout_clip=0.7;readout_scale=1;scorer_hidden=128;tau_quantile=0.2;weight_decay=0.0,64,cosine,cat,2e-05,4,256,128,0.2,0.0,81.22,106.02,0.19954,0.0,,,,0.25,1,1,0.7,1,,,,,
glue|roberta-base|mrpc_wide|B|t15|s42|tune,glue,roberta-base,mrpc_wide,mrpc,B,tune,15,42,f1,curvature=0.25;gat_hidden_dim=256;graph_metric=cosine;hyperbolic_readout=1;jk_mode=cat;learnable_curvature=0;lr=0.0002;num_layers=2;proj_dim=128;readout_clip=0.7;readout_scale=0;scorer_hidden=128;tau_quantile=0.05;weight_decay=0.0,256,cosine,cat,0.0002,2,128,128,0.05,0.0,82.2,103.36,0.05038,0.0,,,,0.25,1,0,0.7,0,,,,,
glue|roberta-base|mrpc_wide|B|t16|s42|tune,glue,roberta-base,mrpc_wide,mrpc,B,tune,16,42,f1,curvature=1.0;gat_hidden_dim=128;graph_metric=cosine;hyperbolic_readout=1;jk_mode=cat;learnable_curvature=0;lr=2e-05;num_layers=4;proj_dim=128;readout_clip=1.0;readout_scale=0;scorer_hidden=128;tau_quantile=0.38;weight_decay=5e-05,128,cosine,cat,2e-05,4,128,128,0.38,5e-05,81.22,105.71,0.37955,0.0,,,,1.0,1,0,1.0,0,,,,,
glue|roberta-base|mrpc_wide|B|t17|s42|tune,glue,roberta-base,mrpc_wide,mrpc,B,tune,17,42,f1,curvature=1.0;gat_hidden_dim=128;graph_metric=cosine;hyperbolic_readout=1;jk_mode=cat;learnable_curvature=1;lr=0.001;num_layers=4;proj_dim=256;readout_clip=0.0;readout_scale=1;scorer_hidden=128;tau_quantile=0.1;weight_decay=5e-05,128,cosine,cat,0.001,4,256,128,0.1,5e-05,82.2,105.19,0.10002,0.0,,,,1.0,1,1,0.0,1,,,,,
glue|roberta-base|mrpc_wide|B|t18|s42|tune,glue,roberta-base,mrpc_wide,mrpc,B,tune,18,42,f1,curvature=4.0;gat_hidden_dim=128;graph_metric=cosine;hyperbolic_readout=1;jk_mode=max;learnable_curvature=1;lr=2e-05;num_layers=4;proj_dim=512;readout_clip=0.7;readout_scale=1;scorer_hidden=128;tau_quantile=0.1;weight_decay=0.0,128,cosine,max,2e-05,4,512,128,0.1,0.0,81.22,105.66,0.10002,0.0,,,,4.0,1,1,0.7,1,,,,,
glue|roberta-base|mrpc_wide|B|t19|s42|tune,glue,roberta-base,mrpc_wide,mrpc,B,tune,19,42,f1,curvature=1.0;gat_hidden_dim=64;graph_metric=cosine;hyperbolic_readout=1;jk_mode=cat;learnable_curvature=0;lr=0.0002;num_layers=4;proj_dim=512;readout_clip=0.0;readout_scale=1;scorer_hidden=256;tau_quantile=0.38;weight_decay=0.0,64,cosine,cat,0.0002,4,512,256,0.38,0.0,82.39,105.49,0.37963,0.0,,,,1.0,1,0,0.0,1,,,,,
glue|roberta-base|mrpc_wide|B|t20|s42|tune,glue,roberta-base,mrpc_wide,mrpc,B,tune,20,42,f1,curvature=0.25;gat_hidden_dim=256;graph_metric=cosine;hyperbolic_readout=1;jk_mode=max;learnable_curvature=1;lr=0.001;num_layers=4;proj_dim=512;readout_clip=0.3;readout_scale=1;scorer_hidden=128;tau_quantile=0.05;weight_decay=1e-05,256,cosine,max,0.001,4,512,128,0.05,1e-05,82.23,106.08,0.05043,0.0,,,,0.25,1,1,0.3,1,,,,,
glue|roberta-base|mrpc_wide|B|t21|s42|tune,glue,roberta-base,mrpc_wide,mrpc,B,tune,21,42,f1,curvature=0.25;gat_hidden_dim=256;graph_metric=cosine;hyperbolic_readout=1;jk_mode=max;learnable_curvature=1;lr=2e-05;num_layers=2;proj_dim=512;readout_clip=0.0;readout_scale=1;scorer_hidden=128;tau_quantile=0.1;weight_decay=0.0,256,cosine,max,2e-05,2,512,128,0.1,0.0,81.22,103.71,0.10006,0.0,,,,0.25,1,1,0.0,1,,,,,
glue|roberta-base|mrpc_wide|B|t22|s42|tune,glue,roberta-base,mrpc_wide,mrpc,B,tune,22,42,f1,curvature=4.0;gat_hidden_dim=256;graph_metric=cosine;hyperbolic_readout=1;jk_mode=cat;learnable_curvature=0;lr=2e-05;num_layers=2;proj_dim=128;readout_clip=1.0;readout_scale=0;scorer_hidden=256;tau_quantile=0.05;weight_decay=5e-05,256,cosine,cat,2e-05,2,128,256,0.05,5e-05,81.22,102.88,0.05038,0.0,,,,4.0,1,0,1.0,0,,,,,
glue|roberta-base|mrpc_wide|B|t23|s42|tune,glue,roberta-base,mrpc_wide,mrpc,B,tune,23,42,f1,curvature=4.0;gat_hidden_dim=256;graph_metric=cosine;hyperbolic_readout=1;jk_mode=cat;learnable_curvature=0;lr=0.0002;num_layers=4;proj_dim=128;readout_clip=0.3;readout_scale=0;scorer_hidden=128;tau_quantile=0.025;weight_decay=0.0,256,cosine,cat,0.0002,4,128,128,0.025,0.0,81.22,105.37,0.02516,0.0,,,,4.0,1,0,0.3,0,,,,,
glue|roberta-base|mrpc_wide|B|t24|s42|tune,glue,roberta-base,mrpc_wide,mrpc,B,tune,24,42,f1,curvature=1.0;gat_hidden_dim=256;graph_metric=cosine;hyperbolic_readout=1;jk_mode=cat;learnable_curvature=1;lr=2e-05;num_layers=4;proj_dim=128;readout_clip=1.0;readout_scale=0;scorer_hidden=128;tau_quantile=0.38;weight_decay=1e-05,256,cosine,cat,2e-05,4,128,128,0.38,1e-05,81.22,105.69,0.37954,0.0,,,,1.0,1,1,1.0,0,,,,,
glue|roberta-base|mrpc_wide|B|t25|s42|tune,glue,roberta-base,mrpc_wide,mrpc,B,tune,25,42,f1,curvature=1.0;gat_hidden_dim=256;graph_metric=cosine;hyperbolic_readout=1;jk_mode=max;learnable_curvature=0;lr=0.001;num_layers=2;proj_dim=256;readout_clip=0.3;readout_scale=1;scorer_hidden=256;tau_quantile=0.025;weight_decay=0.0,256,cosine,max,0.001,2,256,256,0.025,0.0,81.76,103.42,0.02517,0.0,,,,1.0,1,0,0.3,1,,,,,
glue|roberta-base|mrpc_wide|B|t26|s42|tune,glue,roberta-base,mrpc_wide,mrpc,B,tune,26,42,f1,curvature=1.0;gat_hidden_dim=128;graph_metric=cosine;hyperbolic_readout=1;jk_mode=cat;learnable_curvature=0;lr=2e-05;num_layers=2;proj_dim=512;readout_clip=1.0;readout_scale=1;scorer_hidden=128;tau_quantile=0.38;weight_decay=1e-05,128,cosine,cat,2e-05,2,512,128,0.38,1e-05,81.22,102.79,0.37969,0.0,,,,1.0,1,0,1.0,1,,,,,
glue|roberta-base|mrpc_wide|B|t27|s42|tune,glue,roberta-base,mrpc_wide,mrpc,B,tune,27,42,f1,curvature=1.0;gat_hidden_dim=256;graph_metric=cosine;hyperbolic_readout=1;jk_mode=cat;learnable_curvature=1;lr=0.0002;num_layers=2;proj_dim=512;readout_clip=0.7;readout_scale=1;scorer_hidden=128;tau_quantile=0.025;weight_decay=5e-05,256,cosine,cat,0.0002,2,512,128,0.025,5e-05,82.48,103.59,0.02511,0.0,,,,1.0,1,1,0.7,1,,,,,
glue|roberta-base|mrpc_wide|B|t28|s42|tune,glue,roberta-base,mrpc_wide,mrpc,B,tune,28,42,f1,curvature=0.25;gat_hidden_dim=64;graph_metric=cosine;hyperbolic_readout=1;jk_mode=cat;learnable_curvature=0;lr=0.0002;num_layers=4;proj_dim=256;readout_clip=0.3;readout_scale=1;scorer_hidden=128;tau_quantile=0.2;weight_decay=0.0,64,cosine,cat,0.0002,4,256,128,0.2,0.0,81.22,104.6,0.19954,0.0,,,,0.25,1,0,0.3,1,,,,,
glue|roberta-base|mrpc_wide|B|t29|s42|tune,glue,roberta-base,mrpc_wide,mrpc,B,tune,29,42,f1,curvature=4.0;gat_hidden_dim=64;graph_metric=cosine;hyperbolic_readout=1;jk_mode=max;learnable_curvature=1;lr=0.001;num_layers=2;proj_dim=128;readout_clip=0.7;readout_scale=0;scorer_hidden=256;tau_quantile=0.025;weight_decay=1e-05,64,cosine,max,0.001,2,128,256,0.025,1e-05,82.19,104.04,0.02518,0.0,,,,4.0,1,1,0.7,0,,,,,
glue|roberta-base|mrpc_wide|B|t30|s42|tune,glue,roberta-base,mrpc_wide,mrpc,B,tune,30,42,f1,curvature=0.25;gat_hidden_dim=64;graph_metric=cosine;hyperbolic_readout=1;jk_mode=max;learnable_curvature=0;lr=2e-05;num_layers=4;proj_dim=512;readout_clip=0.0;readout_scale=0;scorer_hidden=128;tau_quantile=0.05;weight_decay=5e-05,64,cosine,max,2e-05,4,512,128,0.05,5e-05,81.22,104.85,0.05035,0.0,,,,0.25,1,0,0.0,0,,,,,
glue|roberta-base|mrpc_wide|B|t31|s42|tune,glue,roberta-base,mrpc_wide,mrpc,B,tune,31,42,f1,curvature=1.0;gat_hidden_dim=256;graph_metric=cosine;hyperbolic_readout=1;jk_mode=cat;learnable_curvature=0;lr=2e-05;num_layers=2;proj_dim=512;readout_clip=1.0;readout_scale=1;scorer_hidden=128;tau_quantile=0.05;weight_decay=1e-05,256,cosine,cat,2e-05,2,512,128,0.05,1e-05,81.22,103.01,0.05038,0.0,,,,1.0,1,0,1.0,1,,,,,
glue|roberta-base|mrpc_wide|B|t32|s42|tune,glue,roberta-base,mrpc_wide,mrpc,B,tune,32,42,f1,curvature=0.25;gat_hidden_dim=64;graph_metric=cosine;hyperbolic_readout=1;jk_mode=cat;learnable_curvature=1;lr=0.001;num_layers=4;proj_dim=256;readout_clip=0.3;readout_scale=0;scorer_hidden=128;tau_quantile=0.1;weight_decay=1e-05,64,cosine,cat,0.001,4,256,128,0.1,1e-05,81.68,105.36,0.0999,0.0,,,,0.25,1,1,0.3,0,,,,,
glue|roberta-base|mrpc_wide|B|t33|s42|tune,glue,roberta-base,mrpc_wide,mrpc,B,tune,33,42,f1,curvature=4.0;gat_hidden_dim=256;graph_metric=cosine;hyperbolic_readout=1;jk_mode=cat;learnable_curvature=1;lr=2e-05;num_layers=4;proj_dim=256;readout_clip=1.0;readout_scale=1;scorer_hidden=128;tau_quantile=0.38;weight_decay=5e-05,256,cosine,cat,2e-05,4,256,128,0.38,5e-05,81.22,105.88,0.37954,0.0,,,,4.0,1,1,1.0,1,,,,,
glue|roberta-base|mrpc_wide|B|t34|s42|tune,glue,roberta-base,mrpc_wide,mrpc,B,tune,34,42,f1,curvature=1.0;gat_hidden_dim=128;graph_metric=cosine;hyperbolic_readout=1;jk_mode=cat;learnable_curvature=1;lr=0.0002;num_layers=2;proj_dim=256;readout_clip=0.0;readout_scale=0;scorer_hidden=128;tau_quantile=0.025;weight_decay=5e-05,128,cosine,cat,0.0002,2,256,128,0.025,5e-05,82.02,103.3,0.02511,0.0,,,,1.0,1,1,0.0,0,,,,,
glue|roberta-base|mrpc_wide|B|t35|s42|tune,glue,roberta-base,mrpc_wide,mrpc,B,tune,35,42,f1,curvature=1.0;gat_hidden_dim=256;graph_metric=cosine;hyperbolic_readout=1;jk_mode=cat;learnable_curvature=0;lr=0.001;num_layers=4;proj_dim=512;readout_clip=1.0;readout_scale=1;scorer_hidden=128;tau_quantile=0.2;weight_decay=5e-05,256,cosine,cat,0.001,4,512,128,0.2,5e-05,82.65,105.49,0.19959,0.0,,,,1.0,1,0,1.0,1,,,,,
glue|roberta-base|mrpc_wide|B|t36|s42|tune,glue,roberta-base,mrpc_wide,mrpc,B,tune,36,42,f1,curvature=0.25;gat_hidden_dim=64;graph_metric=cosine;hyperbolic_readout=1;jk_mode=max;learnable_curvature=0;lr=0.001;num_layers=2;proj_dim=128;readout_clip=0.3;readout_scale=1;scorer_hidden=128;tau_quantile=0.38;weight_decay=5e-05,64,cosine,max,0.001,2,128,128,0.38,5e-05,82.65,102.62,0.37952,0.0,,,,0.25,1,0,0.3,1,,,,,
glue|roberta-base|mrpc_wide|B|t37|s42|tune,glue,roberta-base,mrpc_wide,mrpc,B,tune,37,42,f1,curvature=0.25;gat_hidden_dim=64;graph_metric=cosine;hyperbolic_readout=1;jk_mode=max;learnable_curvature=1;lr=2e-05;num_layers=2;proj_dim=256;readout_clip=0.7;readout_scale=0;scorer_hidden=128;tau_quantile=0.025;weight_decay=0.0,64,cosine,max,2e-05,2,256,128,0.025,0.0,81.22,103.69,0.02518,0.0,,,,0.25,1,1,0.7,0,,,,,
glue|roberta-base|mrpc_wide|B|t38|s42|tune,glue,roberta-base,mrpc_wide,mrpc,B,tune,38,42,f1,curvature=1.0;gat_hidden_dim=64;graph_metric=cosine;hyperbolic_readout=1;jk_mode=max;learnable_curvature=1;lr=2e-05;num_layers=4;proj_dim=512;readout_clip=1.0;readout_scale=1;scorer_hidden=128;tau_quantile=0.2;weight_decay=5e-05,64,cosine,max,2e-05,4,512,128,0.2,5e-05,81.22,105.53,0.1995,0.0,,,,1.0,1,1,1.0,1,,,,,
glue|roberta-base|mrpc_wide|B|t39|s42|tune,glue,roberta-base,mrpc_wide,mrpc,B,tune,39,42,f1,curvature=0.25;gat_hidden_dim=128;graph_metric=cosine;hyperbolic_readout=1;jk_mode=max;learnable_curvature=0;lr=0.001;num_layers=2;proj_dim=256;readout_clip=0.3;readout_scale=0;scorer_hidden=128;tau_quantile=0.025;weight_decay=1e-05,128,cosine,max,0.001,2,256,128,0.025,1e-05,82.56,102.63,0.02519,0.0,,,,0.25,1,0,0.3,0,,,,,
glue|roberta-base|mrpc_wide|C|t0|s42|tune,glue,roberta-base,mrpc_wide,mrpc,C,tune,0,42,f1,curvature=1.0;gat_hidden_dim=256;gnn_input_clip=1.0;gnn_input_scale=0;graph_metric=cosine;hyp_gnn_type=gat;hyperbolic_gnn=1;jk_mode=max;lr=0.001;num_layers=4;proj_dim=128;scorer_hidden=128;tau_quantile=0.38;weight_decay=0.0,256,cosine,max,0.001,4,128,128,0.38,0.0,82.21,120.3,0.37959,0.0,,,,1.0,,,,,1.0,0,gat,1,
glue|roberta-base|mrpc_wide|C|t1|s42|tune,glue,roberta-base,mrpc_wide,mrpc,C,tune,1,42,f1,curvature=1.0;gat_hidden_dim=128;gnn_input_clip=0.7;gnn_input_scale=1;graph_metric=cosine;hyp_gnn_type=gat;hyperbolic_gnn=1;jk_mode=max;lr=0.001;num_layers=4;proj_dim=128;scorer_hidden=128;tau_quantile=0.2;weight_decay=5e-05,128,cosine,max,0.001,4,128,128,0.2,5e-05,82.46,121.48,0.19949,0.0,,,,1.0,,,,,0.7,1,gat,1,
glue|roberta-base|mrpc_wide|C|t2|s42|tune,glue,roberta-base,mrpc_wide,mrpc,C,tune,2,42,f1,curvature=0.25;gat_hidden_dim=64;gnn_input_clip=1.0;gnn_input_scale=1;graph_metric=cosine;hyp_gnn_type=gcn;hyperbolic_gnn=1;jk_mode=max;lr=2e-05;num_layers=2;proj_dim=512;scorer_hidden=128;tau_quantile=0.38;weight_decay=0.0,64,cosine,max,2e-05,2,512,128,0.38,0.0,81.22,113.13,0.37955,0.0,,,,0.25,,,,,1.0,1,gcn,1,
glue|roberta-base|mrpc_wide|C|t3|s42|tune,glue,roberta-base,mrpc_wide,mrpc,C,tune,3,42,f1,curvature=0.25;gat_hidden_dim=256;gnn_input_clip=0.3;gnn_input_scale=1;graph_metric=cosine;hyp_gnn_type=gat;hyperbolic_gnn=1;jk_mode=cat;lr=0.0002;num_layers=4;proj_dim=512;scorer_hidden=128;tau_quantile=0.2;weight_decay=5e-05,256,cosine,cat,0.0002,4,512,128,0.2,5e-05,82.07,120.39,0.19951,0.0,,,,0.25,,,,,0.3,1,gat,1,
glue|roberta-base|mrpc_wide|C|t4|s42|tune,glue,roberta-base,mrpc_wide,mrpc,C,tune,4,42,f1,curvature=4.0;gat_hidden_dim=64;gnn_input_clip=0.3;gnn_input_scale=1;graph_metric=cosine;hyp_gnn_type=gat;hyperbolic_gnn=1;jk_mode=max;lr=0.0002;num_layers=4;proj_dim=128;scorer_hidden=128;tau_quantile=0.025;weight_decay=0.0,64,cosine,max,0.0002,4,128,128,0.025,0.0,81.22,121.0,0.02508,0.0,,,,4.0,,,,,0.3,1,gat,1,
glue|roberta-base|mrpc_wide|C|t5|s42|tune,glue,roberta-base,mrpc_wide,mrpc,C,tune,5,42,f1,curvature=1.0;gat_hidden_dim=64;gnn_input_clip=1.0;gnn_input_scale=1;graph_metric=cosine;hyp_gnn_type=gat;hyperbolic_gnn=1;jk_mode=max;lr=2e-05;num_layers=2;proj_dim=256;scorer_hidden=256;tau_quantile=0.2;weight_decay=0.0,64,cosine,max,2e-05,2,256,256,0.2,0.0,81.22,111.13,0.19953,0.0,,,,1.0,,,,,1.0,1,gat,1,
glue|roberta-base|mrpc_wide|C|t6|s42|tune,glue,roberta-base,mrpc_wide,mrpc,C,tune,6,42,f1,curvature=0.25;gat_hidden_dim=64;gnn_input_clip=0.3;gnn_input_scale=1;graph_metric=cosine;hyp_gnn_type=gat;hyperbolic_gnn=1;jk_mode=cat;lr=0.001;num_layers=4;proj_dim=512;scorer_hidden=128;tau_quantile=0.1;weight_decay=5e-05,64,cosine,cat,0.001,4,512,128,0.1,5e-05,82.41,120.72,0.1001,0.0,,,,0.25,,,,,0.3,1,gat,1,
glue|roberta-base|mrpc_wide|C|t7|s42|tune,glue,roberta-base,mrpc_wide,mrpc,C,tune,7,42,f1,curvature=0.25;gat_hidden_dim=64;gnn_input_clip=1.0;gnn_input_scale=0;graph_metric=cosine;hyp_gnn_type=gat;hyperbolic_gnn=1;jk_mode=max;lr=2e-05;num_layers=4;proj_dim=256;scorer_hidden=128;tau_quantile=0.38;weight_decay=5e-05,64,cosine,max,2e-05,4,256,128,0.38,5e-05,81.22,120.1,0.37959,0.0,,,,0.25,,,,,1.0,0,gat,1,
glue|roberta-base|mrpc_wide|C|t8|s42|tune,glue,roberta-base,mrpc_wide,mrpc,C,tune,8,42,f1,curvature=0.25;gat_hidden_dim=128;gnn_input_clip=0.3;gnn_input_scale=1;graph_metric=cosine;hyp_gnn_type=gat;hyperbolic_gnn=1;jk_mode=cat;lr=0.0002;num_layers=2;proj_dim=256;scorer_hidden=128;tau_quantile=0.38;weight_decay=5e-05,128,cosine,cat,0.0002,2,256,128,0.38,5e-05,82.65,110.27,0.37962,0.0,,,,0.25,,,,,0.3,1,gat,1,
glue|roberta-base|mrpc_wide|C|t9|s42|tune,glue,roberta-base,mrpc_wide,mrpc,C,tune,9,42,f1,curvature=4.0;gat_hidden_dim=256;gnn_input_clip=1.0;gnn_input_scale=1;graph_metric=cosine;hyp_gnn_type=gcn;hyperbolic_gnn=1;jk_mode=cat;lr=2e-05;num_layers=4;proj_dim=512;scorer_hidden=128;tau_quantile=0.025;weight_decay=1e-05,256,cosine,cat,2e-05,4,512,128,0.025,1e-05,81.22,124.96,0.02506,0.0,,,,4.0,,,,,1.0,1,gcn,1,
glue|roberta-base|mrpc_wide|C|t10|s42|tune,glue,roberta-base,mrpc_wide,mrpc,C,tune,10,42,f1,curvature=4.0;gat_hidden_dim=128;gnn_input_clip=0.7;gnn_input_scale=1;graph_metric=cosine;hyp_gnn_type=gcn;hyperbolic_gnn=1;jk_mode=max;lr=2e-05;num_layers=4;proj_dim=512;scorer_hidden=128;tau_quantile=0.1;weight_decay=0.0,128,cosine,max,2e-05,4,512,128,0.1,0.0,81.22,125.38,0.09994,0.0,,,,4.0,,,,,0.7,1,gcn,1,
glue|roberta-base|mrpc_wide|C|t11|s42|tune,glue,roberta-base,mrpc_wide,mrpc,C,tune,11,42,f1,curvature=0.25;gat_hidden_dim=64;gnn_input_clip=0.0;gnn_input_scale=0;graph_metric=cosine;hyp_gnn_type=gcn;hyperbolic_gnn=1;jk_mode=max;lr=0.001;num_layers=4;proj_dim=512;scorer_hidden=128;tau_quantile=0.2;weight_decay=5e-05,64,cosine,max,0.001,4,512,128,0.2,5e-05,82.32,123.98,0.19957,0.0,,,,0.25,,,,,0.0,0,gcn,1,
glue|roberta-base|mrpc_wide|C|t12|s42|tune,glue,roberta-base,mrpc_wide,mrpc,C,tune,12,42,f1,curvature=0.25;gat_hidden_dim=64;gnn_input_clip=0.0;gnn_input_scale=0;graph_metric=cosine;hyp_gnn_type=gcn;hyperbolic_gnn=1;jk_mode=cat;lr=2e-05;num_layers=2;proj_dim=512;scorer_hidden=256;tau_quantile=0.2;weight_decay=5e-05,64,cosine,cat,2e-05,2,512,256,0.2,5e-05,81.22,112.18,0.19947,0.0,,,,0.25,,,,,0.0,0,gcn,1,
glue|roberta-base|mrpc_wide|C|t13|s42|tune,glue,roberta-base,mrpc_wide,mrpc,C,tune,13,42,f1,curvature=0.25;gat_hidden_dim=64;gnn_input_clip=0.0;gnn_input_scale=1;graph_metric=cosine;hyp_gnn_type=gcn;hyperbolic_gnn=1;jk_mode=cat;lr=2e-05;num_layers=4;proj_dim=128;scorer_hidden=256;tau_quantile=0.2;weight_decay=0.0,64,cosine,cat,2e-05,4,128,256,0.2,0.0,81.22,123.94,0.19946,0.0,,,,0.25,,,,,0.0,1,gcn,1,
glue|roberta-base|mrpc_wide|C|t14|s42|tune,glue,roberta-base,mrpc_wide,mrpc,C,tune,14,42,f1,curvature=1.0;gat_hidden_dim=64;gnn_input_clip=0.7;gnn_input_scale=1;graph_metric=cosine;hyp_gnn_type=gat;hyperbolic_gnn=1;jk_mode=max;lr=0.001;num_layers=2;proj_dim=128;scorer_hidden=256;tau_quantile=0.2;weight_decay=5e-05,64,cosine,max,0.001,2,128,256,0.2,5e-05,82.63,109.64,0.19953,0.0,,,,1.0,,,,,0.7,1,gat,1,
glue|roberta-base|mrpc_wide|C|t15|s42|tune,glue,roberta-base,mrpc_wide,mrpc,C,tune,15,42,f1,curvature=0.25;gat_hidden_dim=128;gnn_input_clip=0.3;gnn_input_scale=1;graph_metric=cosine;hyp_gnn_type=gcn;hyperbolic_gnn=1;jk_mode=max;lr=2e-05;num_layers=4;proj_dim=256;scorer_hidden=128;tau_quantile=0.38;weight_decay=0.0,128,cosine,max,2e-05,4,256,128,0.38,0.0,81.22,123.66,0.37958,0.0,,,,0.25,,,,,0.3,1,gcn,1,
glue|roberta-base|mrpc_wide|C|t16|s42|tune,glue,roberta-base,mrpc_wide,mrpc,C,tune,16,42,f1,curvature=4.0;gat_hidden_dim=256;gnn_input_clip=1.0;gnn_input_scale=1;graph_metric=cosine;hyp_gnn_type=gat;hyperbolic_gnn=1;jk_mode=max;lr=2e-05;num_layers=2;proj_dim=128;scorer_hidden=128;tau_quantile=0.1;weight_decay=5e-05,256,cosine,max,2e-05,2,128,128,0.1,5e-05,81.22,110.81,0.10004,0.0,,,,4.0,,,,,1.0,1,gat,1,
glue|roberta-base|mrpc_wide|C|t17|s42|tune,glue,roberta-base,mrpc_wide,mrpc,C,tune,17,42,f1,curvature=4.0;gat_hidden_dim=256;gnn_input_clip=0.3;gnn_input_scale=0;graph_metric=cosine;hyp_gnn_type=gat;hyperbolic_gnn=1;jk_mode=cat;lr=0.001;num_layers=2;proj_dim=512;scorer_hidden=256;tau_quantile=0.2;weight_decay=1e-05,256,cosine,cat,0.001,2,512,256,0.2,1e-05,82.14,110.51,0.1995,0.0,,,,4.0,,,,,0.3,0,gat,1,
glue|roberta-base|mrpc_wide|C|t18|s42|tune,glue,roberta-base,mrpc_wide,mrpc,C,tune,18,42,f1,curvature=4.0;gat_hidden_dim=256;gnn_input_clip=0.7;gnn_input_scale=0;graph_metric=cosine;hyp_gnn_type=gcn;hyperbolic_gnn=1;jk_mode=cat;lr=0.001;num_layers=2;proj_dim=128;scorer_hidden=256;tau_quantile=0.025;weight_decay=1e-05,256,cosine,cat,0.001,2,128,256,0.025,1e-05,82.75,111.88,0.02514,0.0,,,,4.0,,,,,0.7,0,gcn,1,
glue|roberta-base|mrpc_wide|C|t19|s42|tune,glue,roberta-base,mrpc_wide,mrpc,C,tune,19,42,f1,curvature=4.0;gat_hidden_dim=256;gnn_input_clip=0.7;gnn_input_scale=0;graph_metric=cosine;hyp_gnn_type=gcn;hyperbolic_gnn=1;jk_mode=max;lr=2e-05;num_layers=2;proj_dim=256;scorer_hidden=128;tau_quantile=0.2;weight_decay=0.0,256,cosine,max,2e-05,2,256,128,0.2,0.0,81.22,111.72,0.19957,0.0,,,,4.0,,,,,0.7,0,gcn,1,
glue|roberta-base|mrpc_wide|C|t20|s42|tune,glue,roberta-base,mrpc_wide,mrpc,C,tune,20,42,f1,curvature=4.0;gat_hidden_dim=128;gnn_input_clip=0.7;gnn_input_scale=0;graph_metric=cosine;hyp_gnn_type=gcn;hyperbolic_gnn=1;jk_mode=cat;lr=0.001;num_layers=2;proj_dim=256;scorer_hidden=256;tau_quantile=0.05;weight_decay=5e-05,128,cosine,cat,0.001,2,256,256,0.05,5e-05,81.53,112.4,0.05046,0.0,,,,4.0,,,,,0.7,0,gcn,1,
glue|roberta-base|mrpc_wide|C|t21|s42|tune,glue,roberta-base,mrpc_wide,mrpc,C,tune,21,42,f1,curvature=4.0;gat_hidden_dim=256;gnn_input_clip=0.3;gnn_input_scale=1;graph_metric=cosine;hyp_gnn_type=gat;hyperbolic_gnn=1;jk_mode=cat;lr=0.0002;num_layers=4;proj_dim=512;scorer_hidden=128;tau_quantile=0.2;weight_decay=1e-05,256,cosine,cat,0.0002,4,512,128,0.2,1e-05,82.07,120.37,0.19951,0.0,,,,4.0,,,,,0.3,1,gat,1,
glue|roberta-base|mrpc_wide|C|t22|s42|tune,glue,roberta-base,mrpc_wide,mrpc,C,tune,22,42,f1,curvature=0.25;gat_hidden_dim=64;gnn_input_clip=1.0;gnn_input_scale=1;graph_metric=cosine;hyp_gnn_type=gcn;hyperbolic_gnn=1;jk_mode=max;lr=0.001;num_layers=2;proj_dim=256;scorer_hidden=128;tau_quantile=0.38;weight_decay=5e-05,64,cosine,max,0.001,2,256,128,0.38,5e-05,82.39,111.85,0.37955,0.0,,,,0.25,,,,,1.0,1,gcn,1,
glue|roberta-base|mrpc_wide|C|t23|s42|tune,glue,roberta-base,mrpc_wide,mrpc,C,tune,23,42,f1,curvature=1.0;gat_hidden_dim=64;gnn_input_clip=0.7;gnn_input_scale=1;graph_metric=cosine;hyp_gnn_type=gat;hyperbolic_gnn=1;jk_mode=max;lr=0.001;num_layers=2;proj_dim=512;scorer_hidden=128;tau_quantile=0.05;weight_decay=5e-05,64,cosine,max,0.001,2,512,128,0.05,5e-05,82.63,110.68,0.05033,0.0,,,,1.0,,,,,0.7,1,gat,1,
glue|roberta-base|mrpc_wide|C|t24|s42|tune,glue,roberta-base,mrpc_wide,mrpc,C,tune,24,42,f1,curvature=1.0;gat_hidden_dim=256;gnn_input_clip=0.3;gnn_input_scale=1;graph_metric=cosine;hyp_gnn_type=gcn;hyperbolic_gnn=1;jk_mode=cat;lr=2e-05;num_layers=4;proj_dim=512;scorer_hidden=256;tau_quantile=0.025;weight_decay=0.0,256,cosine,cat,2e-05,4,512,256,0.025,0.0,81.22,124.19,0.02506,0.0,,,,1.0,,,,,0.3,1,gcn,1,
glue|roberta-base|mrpc_wide|C|t25|s42|tune,glue,roberta-base,mrpc_wide,mrpc,C,tune,25,42,f1,curvature=0.25;gat_hidden_dim=64;gnn_input_clip=1.0;gnn_input_scale=0;graph_metric=cosine;hyp_gnn_type=gat;hyperbolic_gnn=1;jk_mode=max;lr=0.001;num_layers=4;proj_dim=512;scorer_hidden=128;tau_quantile=0.2;weight_decay=1e-05,64,cosine,max,0.001,4,512,128,0.2,1e-05,82.63,120.29,0.19947,0.0,,,,0.25,,,,,1.0,0,gat,1,
glue|roberta-base|mrpc_wide|C|t26|s42|tune,glue,roberta-base,mrpc_wide,mrpc,C,tune,26,42,f1,curvature=4.0;gat_hidden_dim=64;gnn_input_clip=0.7;gnn_input_scale=1;graph_metric=cosine;hyp_gnn_type=gat;hyperbolic_gnn=1;jk_mode=max;lr=0.0002;num_layers=4;proj_dim=512;scorer_hidden=128;tau_quantile=0.1;weight_decay=1e-05,64,cosine,max,0.0002,4,512,128,0.1,1e-05,81.22,120.13,0.10006,0.0,,,,4.0,,,,,0.7,1,gat,1,
glue|roberta-base|mrpc_wide|C|t27|s42|tune,glue,roberta-base,mrpc_wide,mrpc,C,tune,27,42,f1,curvature=1.0;gat_hidden_dim=128;gnn_input_clip=0.3;gnn_input_scale=1;graph_metric=cosine;hyp_gnn_type=gat;hyperbolic_gnn=1;jk_mode=cat;lr=0.0002;num_layers=2;proj_dim=256;scorer_hidden=256;tau_quantile=0.1;weight_decay=0.0,128,cosine,cat,0.0002,2,256,256,0.1,0.0,82.65,110.71,0.10001,0.0,,,,1.0,,,,,0.3,1,gat,1,
glue|roberta-base|mrpc_wide|C|t28|s42|tune,glue,roberta-base,mrpc_wide,mrpc,C,tune,28,42,f1,curvature=0.25;gat_hidden_dim=64;gnn_input_clip=0.7;gnn_input_scale=0;graph_metric=cosine;hyp_gnn_type=gat;hyperbolic_gnn=1;jk_mode=cat;lr=0.001;num_layers=2;proj_dim=128;scorer_hidden=128;tau_quantile=0.38;weight_decay=5e-05,64,cosine,cat,0.001,2,128,128,0.38,5e-05,82.01,110.24,0.37953,0.0,,,,0.25,,,,,0.7,0,gat,1,
glue|roberta-base|mrpc_wide|C|t29|s42|tune,glue,roberta-base,mrpc_wide,mrpc,C,tune,29,42,f1,curvature=0.25;gat_hidden_dim=64;gnn_input_clip=0.0;gnn_input_scale=1;graph_metric=cosine;hyp_gnn_type=gcn;hyperbolic_gnn=1;jk_mode=cat;lr=2e-05;num_layers=4;proj_dim=256;scorer_hidden=128;tau_quantile=0.2;weight_decay=1e-05,64,cosine,cat,2e-05,4,256,128,0.2,1e-05,81.22,123.57,0.19946,0.0,,,,0.25,,,,,0.0,1,gcn,1,
glue|roberta-base|mrpc_wide|C|t30|s42|tune,glue,roberta-base,mrpc_wide,mrpc,C,tune,30,42,f1,curvature=1.0;gat_hidden_dim=256;gnn_input_clip=1.0;gnn_input_scale=0;graph_metric=cosine;hyp_gnn_type=gat;hyperbolic_gnn=1;jk_mode=max;lr=2e-05;num_layers=2;proj_dim=256;scorer_hidden=256;tau_quantile=0.1;weight_decay=1e-05,256,cosine,max,2e-05,2,256,256,0.1,1e-05,81.22,109.55,0.10004,0.0,,,,1.0,,,,,1.0,0,gat,1,
glue|roberta-base|mrpc_wide|C|t31|s42|tune,glue,roberta-base,mrpc_wide,mrpc,C,tune,31,42,f1,curvature=1.0;gat_hidden_dim=256;gnn_input_clip=0.3;gnn_input_scale=1;graph_metric=cosine;hyp_gnn_type=gat;hyperbolic_gnn=1;jk_mode=max;lr=0.001;num_layers=2;proj_dim=512;scorer_hidden=256;tau_quantile=0.025;weight_decay=1e-05,256,cosine,max,0.001,2,512,256,0.025,1e-05,81.76,110.72,0.02515,0.0,,,,1.0,,,,,0.3,1,gat,1,
glue|roberta-base|mrpc_wide|C|t32|s42|tune,glue,roberta-base,mrpc_wide,mrpc,C,tune,32,42,f1,curvature=1.0;gat_hidden_dim=128;gnn_input_clip=0.0;gnn_input_scale=0;graph_metric=cosine;hyp_gnn_type=gcn;hyperbolic_gnn=1;jk_mode=cat;lr=0.0002;num_layers=4;proj_dim=256;scorer_hidden=256;tau_quantile=0.2;weight_decay=1e-05,128,cosine,cat,0.0002,4,256,256,0.2,1e-05,82.56,124.18,0.19953,0.0,,,,1.0,,,,,0.0,0,gcn,1,
glue|roberta-base|mrpc_wide|C|t33|s42|tune,glue,roberta-base,mrpc_wide,mrpc,C,tune,33,42,f1,curvature=1.0;gat_hidden_dim=256;gnn_input_clip=1.0;gnn_input_scale=0;graph_metric=cosine;hyp_gnn_type=gat;hyperbolic_gnn=1;jk_mode=max;lr=0.0002;num_layers=2;proj_dim=256;scorer_hidden=256;tau_quantile=0.025;weight_decay=5e-05,256,cosine,max,0.0002,2,256,256,0.025,5e-05,82.46,109.65,0.02515,0.0,,,,1.0,,,,,1.0,0,gat,1,
glue|roberta-base|mrpc_wide|C|t34|s42|tune,glue,roberta-base,mrpc_wide,mrpc,C,tune,34,42,f1,curvature=1.0;gat_hidden_dim=256;gnn_input_clip=1.0;gnn_input_scale=1;graph_metric=cosine;hyp_gnn_type=gat;hyperbolic_gnn=1;jk_mode=max;lr=2e-05;num_layers=2;proj_dim=256;scorer_hidden=256;tau_quantile=0.025;weight_decay=5e-05,256,cosine,max,2e-05,2,256,256,0.025,5e-05,81.22,110.61,0.02515,0.0,,,,1.0,,,,,1.0,1,gat,1,
glue|roberta-base|mrpc_wide|C|t35|s42|tune,glue,roberta-base,mrpc_wide,mrpc,C,tune,35,42,f1,curvature=1.0;gat_hidden_dim=64;gnn_input_clip=0.3;gnn_input_scale=1;graph_metric=cosine;hyp_gnn_type=gat;hyperbolic_gnn=1;jk_mode=max;lr=0.0002;num_layers=2;proj_dim=128;scorer_hidden=256;tau_quantile=0.1;weight_decay=5e-05,64,cosine,max,0.0002,2,128,256,0.1,5e-05,81.22,110.41,0.09998,0.0,,,,1.0,,,,,0.3,1,gat,1,
glue|roberta-base|mrpc_wide|C|t36|s42|tune,glue,roberta-base,mrpc_wide,mrpc,C,tune,36,42,f1,curvature=0.25;gat_hidden_dim=256;gnn_input_clip=0.7;gnn_input_scale=0;graph_metric=cosine;hyp_gnn_type=gcn;hyperbolic_gnn=1;jk_mode=cat;lr=0.0002;num_layers=4;proj_dim=512;scorer_hidden=256;tau_quantile=0.2;weight_decay=5e-05,256,cosine,cat,0.0002,4,512,256,0.2,5e-05,82.14,125.09,0.19949,0.0,,,,0.25,,,,,0.7,0,gcn,1,
glue|roberta-base|mrpc_wide|C|t37|s42|tune,glue,roberta-base,mrpc_wide,mrpc,C,tune,37,42,f1,curvature=4.0;gat_hidden_dim=256;gnn_input_clip=0.7;gnn_input_scale=1;graph_metric=cosine;hyp_gnn_type=gcn;hyperbolic_gnn=1;jk_mode=max;lr=2e-05;num_layers=2;proj_dim=512;scorer_hidden=256;tau_quantile=0.2;weight_decay=1e-05,256,cosine,max,2e-05,2,512,256,0.2,1e-05,81.22,112.4,0.19957,0.0,,,,4.0,,,,,0.7,1,gcn,1,
glue|roberta-base|mrpc_wide|C|t38|s42|tune,glue,roberta-base,mrpc_wide,mrpc,C,tune,38,42,f1,curvature=4.0;gat_hidden_dim=64;gnn_input_clip=0.7;gnn_input_scale=1;graph_metric=cosine;hyp_gnn_type=gat;hyperbolic_gnn=1;jk_mode=max;lr=2e-05;num_layers=4;proj_dim=256;scorer_hidden=256;tau_quantile=0.38;weight_decay=0.0,64,cosine,max,2e-05,4,256,256,0.38,0.0,81.22,121.37,0.37959,0.0,,,,4.0,,,,,0.7,1,gat,1,
glue|roberta-base|mrpc_wide|C|t39|s42|tune,glue,roberta-base,mrpc_wide,mrpc,C,tune,39,42,f1,curvature=1.0;gat_hidden_dim=64;gnn_input_clip=1.0;gnn_input_scale=0;graph_metric=cosine;hyp_gnn_type=gat;hyperbolic_gnn=1;jk_mode=max;lr=0.001;num_layers=2;proj_dim=256;scorer_hidden=128;tau_quantile=0.38;weight_decay=5e-05,64,cosine,max,0.001,2,256,128,0.38,5e-05,82.63,109.16,0.37955,0.0,,,,1.0,,,,,1.0,0,gat,1,
glue|roberta-base|mrpc_wide|AB|t0|s42|tune,glue,roberta-base,mrpc_wide,mrpc,AB,tune,0,42,f1,curvature=0.25;feature_mode=center;gat_hidden_dim=64;graph_curvature=9.0;graph_metric=poincare;hyperbolic_readout=1;jk_mode=cat;learnable_curvature=0;lr=0.0002;num_layers=4;proj_dim=512;readout_clip=0.7;readout_scale=1;rho_quantile=0.025;scorer_hidden=256;weight_decay=5e-05,64,poincare,cat,0.0002,4,512,256,,5e-05,81.22,127.72,0.02481,0.0,center,9.0,0.025,0.25,1,0,0.7,1,,,,,
glue|roberta-base|mrpc_wide|AB|t1|s42|tune,glue,roberta-base,mrpc_wide,mrpc,AB,tune,1,42,f1,curvature=4.0;feature_mode=unit;gat_hidden_dim=256;graph_curvature=9.0;graph_metric=poincare;hyperbolic_readout=1;jk_mode=cat;learnable_curvature=1;lr=2e-05;num_layers=4;proj_dim=128;readout_clip=0.0;readout_scale=0;rho_quantile=0.1;scorer_hidden=256;weight_decay=0.0,256,poincare,cat,2e-05,4,128,256,,0.0,81.22,128.48,0.09991,0.0,unit,9.0,0.1,4.0,1,1,0.0,0,,,,,
glue|roberta-base|mrpc_wide|AB|t2|s42|tune,glue,roberta-base,mrpc_wide,mrpc,AB,tune,2,42,f1,curvature=0.25;feature_mode=center_unit;gat_hidden_dim=64;graph_curvature=4.0;graph_metric=poincare;hyperbolic_readout=1;jk_mode=max;learnable_curvature=0;lr=2e-05;num_layers=2;proj_dim=256;readout_clip=0.7;readout_scale=1;rho_quantile=0.2;scorer_hidden=128;weight_decay=1e-05,64,poincare,max,2e-05,2,256,128,,1e-05,81.22,125.72,0.19944,0.0,center_unit,4.0,0.2,0.25,1,0,0.7,1,,,,,
glue|roberta-base|mrpc_wide|AB|t3|s42|tune,glue,roberta-base,mrpc_wide,mrpc,AB,tune,3,42,f1,curvature=1.0;feature_mode=center;gat_hidden_dim=64;graph_curvature=2.25;graph_metric=poincare;hyperbolic_readout=1;jk_mode=max;learnable_curvature=1;lr=0.001;num_layers=4;proj_dim=512;readout_clip=0.0;readout_scale=1;rho_quantile=0.1;scorer_hidden=128;weight_decay=1e-05,64,poincare,max,0.001,4,512,128,,1e-05,82.26,128.07,0.09932,0.0,center,2.25,0.1,1.0,1,1,0.0,1,,,,,
glue|roberta-base|mrpc_wide|AB|t4|s42|tune,glue,roberta-base,mrpc_wide,mrpc,AB,tune,4,42,f1,curvature=4.0;feature_mode=center;gat_hidden_dim=128;graph_curvature=9.0;graph_metric=poincare;hyperbolic_readout=1;jk_mode=cat;learnable_curvature=1;lr=0.0002;num_layers=4;proj_dim=256;readout_clip=0.3;readout_scale=1;rho_quantile=0.38;scorer_hidden=128;weight_decay=1e-05,128,poincare,cat,0.0002,4,256,128,,1e-05,81.22,128.0,0.37669,0.0,center,9.0,0.38,4.0,1,1,0.3,1,,,,,
glue|roberta-base|mrpc_wide|AB|t5|s42|tune,glue,roberta-base,mrpc_wide,mrpc,AB,tune,5,42,f1,curvature=4.0;feature_mode=cls_root_unit;gat_hidden_dim=64;graph_curvature=0.25;graph_metric=poincare;hyperbolic_readout=1;jk_mode=cat;learnable_curvature=0;lr=2e-05;num_layers=2;proj_dim=256;readout_clip=0.0;readout_scale=1;rho_quantile=0.1;scorer_hidden=128;weight_decay=0.0,64,poincare,cat,2e-05,2,256,128,,0.0,81.22,126.22,0.09979,0.0,cls_root_unit,0.25,0.1,4.0,1,0,0.0,1,,,,,
glue|roberta-base|mrpc_wide|AB|t6|s42|tune,glue,roberta-base,mrpc_wide,mrpc,AB,tune,6,42,f1,curvature=0.25;feature_mode=unit;gat_hidden_dim=256;graph_curvature=4.0;graph_metric=poincare;hyperbolic_readout=1;jk_mode=max;learnable_curvature=1;lr=0.001;num_layers=4;proj_dim=512;readout_clip=0.7;readout_scale=0;rho_quantile=0.2;scorer_hidden=128;weight_decay=5e-05,256,poincare,max,0.001,4,512,128,,5e-05,81.59,130.23,0.19928,0.0,unit,4.0,0.2,0.25,1,1,0.7,0,,,,,
glue|roberta-base|mrpc_wide|AB|t7|s42|tune,glue,roberta-base,mrpc_wide,mrpc,AB,tune,7,42,f1,curvature=1.0;feature_mode=cls_root_unit;gat_hidden_dim=256;graph_curvature=4.0;graph_metric=poincare;hyperbolic_readout=1;jk_mode=cat;learnable_curvature=0;lr=0.0002;num_layers=4;proj_dim=512;readout_clip=1.0;readout_scale=0;rho_quantile=0.025;scorer_hidden=128;weight_decay=1e-05,256,poincare,cat,0.0002,4,512,128,,1e-05,81.78,127.89,0.02483,0.0,cls_root_unit,4.0,0.025,1.0,1,0,1.0,0,,,,,
glue|roberta-base|mrpc_wide|AB|t8|s42|tune,glue,roberta-base,mrpc_wide,mrpc,AB,tune,8,42,f1,curvature=4.0;feature_mode=center;gat_hidden_dim=64;graph_curvature=0.25;graph_metric=poincare;hyperbolic_readout=1;jk_mode=cat;learnable_curvature=1;lr=2e-05;num_layers=4;proj_dim=256;readout_clip=0.3;readout_scale=1;rho_quantile=0.2;scorer_hidden=128;weight_decay=0.0,64,poincare,cat,2e-05,4,256,128,,0.0,81.22,128.06,0.19931,0.0,center,0.25,0.2,4.0,1,1,0.3,1,,,,,
glue|roberta-base|mrpc_wide|AB|t9|s42|tune,glue,roberta-base,mrpc_wide,mrpc,AB,tune,9,42,f1,curvature=4.0;feature_mode=center_unit;gat_hidden_dim=64;graph_curvature=1.0;graph_metric=poincare;hyperbolic_readout=1;jk_mode=max;learnable_curvature=0;lr=0.001;num_layers=4;proj_dim=256;readout_clip=0.7;readout_scale=1;rho_quantile=0.2;scorer_hidden=128;weight_decay=5e-05,64,poincare,max,0.001,4,256,128,,5e-05,81.89,128.32,0.19933,0.0,center_unit,1.0,0.2,4.0,1,0,0.7,1,,,,,
glue|roberta-base|mrpc_wide|AB|t10|s42|tune,glue,roberta-base,mrpc_wide,mrpc,AB,tune,10,42,f1,curvature=4.0;feature_mode=cls_root_unit;gat_hidden_dim=64;graph_curvature=4.0;graph_metric=poincare;hyperbolic_readout=1;jk_mode=cat;learnable_curvature=0;lr=2e-05;num_layers=2;proj_dim=128;readout_clip=0.3;readout_scale=0;rho_quantile=0.05;scorer_hidden=256;weight_decay=5e-05,64,poincare,cat,2e-05,2,128,256,,5e-05,81.22,127.47,0.05003,0.0,cls_root_unit,4.0,0.05,4.0,1,0,0.3,0,,,,,
glue|roberta-base|mrpc_wide|AB|t11|s42|tune,glue,roberta-base,mrpc_wide,mrpc,AB,tune,11,42,f1,curvature=1.0;feature_mode=cls_root_unit;gat_hidden_dim=256;graph_curvature=4.0;graph_metric=poincare;hyperbolic_readout=1;jk_mode=cat;learnable_curvature=1;lr=0.0002;num_layers=4;proj_dim=256;readout_clip=0.0;readout_scale=1;rho_quantile=0.38;scorer_hidden=256;weight_decay=5e-05,256,poincare,cat,0.0002,4,256,256,,5e-05,82.32,129.23,0.37922,0.0,cls_root_unit,4.0,0.38,1.0,1,1,0.0,1,,,,,
glue|roberta-base|mrpc_wide|AB|t12|s42|tune,glue,roberta-base,mrpc_wide,mrpc,AB,tune,12,42,f1,curvature=1.0;feature_mode=center;gat_hidden_dim=128;graph_curvature=2.25;graph_metric=poincare;hyperbolic_readout=1;jk_mode=cat;learnable_curvature=0;lr=0.001;num_layers=2;proj_dim=128;readout_clip=1.0;readout_scale=1;rho_quantile=0.1;scorer_hidden=128;weight_decay=0.0,128,poincare,cat,0.001,2,128,128,,0.0,82.12,124.19,0.09928,0.0,center,2.25,0.1,1.0,1,0,1.0,1,,,,,
glue|roberta-base|mrpc_wide|AB|t13|s42|tune,glue,roberta-base,mrpc_wide,mrpc,AB,tune,13,42,f1,curvature=0.25;feature_mode=center_unit;gat_hidden_dim=256;graph_curvature=9.0;graph_metric=poincare;hyperbolic_readout=1;jk_mode=max;learnable_curvature=1;lr=2e-05;num_layers=4;proj_dim=256;readout_clip=0.0;readout_scale=1;rho_quantile=0.38;scorer_hidden=128;weight_decay=5e-05,256,poincare,max,2e-05,4,256,128,,5e-05,81.22,128.72,0.37913,0.0,center_unit,9.0,0.38,0.25,1,1,0.0,1,,,,,
glue|roberta-base|mrpc_wide|AB|t14|s42|tune,glue,roberta-base,mrpc_wide,mrpc,AB,tune,14,42,f1,curvature=4.0;feature_mode=center;gat_hidden_dim=256;graph_curvature=0.25;graph_metric=poincare;hyperbolic_readout=1;jk_mode=max;learnable_curvature=0;lr=2e-05;num_layers=2;proj_dim=256;readout_clip=0.3;readout_scale=1;rho_quantile=0.05;scorer_hidden=256;weight_decay=0.0,256,poincare,max,2e-05,2,256,256,,0.0,81.22,124.17,0.05004,0.0,center,0.25,0.05,4.0,1,0,0.3,1,,,,,
glue|roberta-base|mrpc_wide|AB|t15|s42|tune,glue,roberta-base,mrpc_wide,mrpc,AB,tune,15,42,f1,curvature=1.0;feature_mode=center;gat_hidden_dim=256;graph_curvature=9.0;graph_metric=poincare;hyperbolic_readout=1;jk_mode=max;learnable_curvature=1;lr=2e-05;num_layers=2;proj_dim=256;readout_clip=0.7;readout_scale=1;rho_quantile=0.38;scorer_hidden=256;weight_decay=5e-05,256,poincare,max,2e-05,2,256,256,,5e-05,81.22,124.97,0.37664,0.0,center,9.0,0.38,1.0,1,1,0.7,1,,,,,
glue|roberta-base|mrpc_wide|AB|t16|s42|tune,glue,roberta-base,mrpc_wide,mrpc,AB,tune,16,42,f1,curvature=1.0;feature_mode=center;gat_hidden_dim=256;graph_curvature=2.25;graph_metric=poincare;hyperbolic_readout=1;jk_mode=cat;learnable_curvature=0;lr=2e-05;num_layers=4;proj_dim=128;readout_clip=1.0;readout_scale=0;rho_quantile=0.1;scorer_hidden=256;weight_decay=5e-05,256,poincare,cat,2e-05,4,128,256,,5e-05,81.22,126.92,0.09936,0.0,center,2.25,0.1,1.0,1,0,1.0,0,,,,,
glue|roberta-base|mrpc_wide|AB|t17|s42|tune,glue,roberta-base,mrpc_wide,mrpc,AB,tune,17,42,f1,curvature=4.0;feature_mode=center_unit;gat_hidden_dim=64;graph_curvature=4.0;graph_metric=poincare;hyperbolic_readout=1;jk_mode=cat;learnable_curvature=0;lr=0.001;num_layers=4;proj_dim=512;readout_clip=0.7;readout_scale=1;rho_quantile=0.025;scorer_hidden=256;weight_decay=1e-05,64,poincare,cat,0.001,4,512,256,,1e-05,81.71,127.38,0.0249,0.0,center_unit,4.0,0.025,4.0,1,0,0.7,1,,,,,
glue|roberta-base|mrpc_wide|AB|t18|s42|tune,glue,roberta-base,mrpc_wide,mrpc,AB,tune,18,42,f1,curvature=0.25;feature_mode=center_unit;gat_hidden_dim=256;graph_curvature=9.0;graph_metric=poincare;hyperbolic_readout=1;jk_mode=cat;learnable_curvature=1;lr=0.001;num_layers=4;proj_dim=256;readout_clip=0.0;readout_scale=1;rho_quantile=0.025;scorer_hidden=128;weight_decay=5e-05,256,poincare,cat,0.001,4,256,128,,5e-05,82.21,129.56,0.02483,0.0,center_unit,9.0,0.025,0.25,1,1,0.0,1,,,,,
glue|roberta-base|mrpc_wide|AB|t19|s42|tune,glue,roberta-base,mrpc_wide,mrpc,AB,tune,19,42,f1,curvature=1.0;feature_mode=center;gat_hidden_dim=128;graph_curvature=4.0;graph_metric=poincare;hyperbolic_readout=1;jk_mode=max;learnable_curvature=1;lr=2e-05;num_layers=2;proj_dim=128;readout_clip=0.7;readout_scale=0;rho_quantile=0.025;scorer_hidden=256;weight_decay=5e-05,128,poincare,max,2e-05,2,128,256,,5e-05,81.22,124.69,0.02483,0.0,center,4.0,0.025,1.0,1,1,0.7,0,,,,,
glue|roberta-base|mrpc_wide|AB|t20|s42|tune,glue,roberta-base,mrpc_wide,mrpc,AB,tune,20,42,f1,curvature=4.0;feature_mode=center;gat_hidden_dim=64;graph_curvature=1.0;graph_metric=poincare;hyperbolic_readout=1;jk_mode=cat;learnable_curvature=1;lr=0.001;num_layers=4;proj_dim=256;readout_clip=1.0;readout_scale=0;rho_quantile=0.1;scorer_hidden=256;weight_decay=0.0,64,poincare,cat,0.001,4,256,256,,0.0,82.18,126.88,0.09943,0.0,center,1.0,0.1,4.0,1,1,1.0,0,,,,,
glue|roberta-base|mrpc_wide|AB|t21|s42|tune,glue,roberta-base,mrpc_wide,mrpc,AB,tune,21,42,f1,curvature=4.0;feature_mode=center;gat_hidden_dim=128;graph_curvature=2.25;graph_metric=poincare;hyperbolic_readout=1;jk_mode=cat;learnable_curvature=0;lr=0.0002;num_layers=2;proj_dim=128;readout_clip=0.7;readout_scale=0;rho_quantile=0.2;scorer_hidden=128;weight_decay=1e-05,128,poincare,cat,0.0002,2,128,128,,1e-05,81.22,124.65,0.1981,0.0,center,2.25,0.2,4.0,1,0,0.7,0,,,,,
glue|roberta-base|mrpc_wide|AB|t22|s42|tune,glue,roberta-base,mrpc_wide,mrpc,AB,tune,22,42,f1,curvature=4.0;feature_mode=center_unit;gat_hidden_dim=64;graph_curvature=4.0;graph_metric=poincare;hyperbolic_readout=1;jk_mode=max;learnable_curvature=0;lr=0.0002;num_layers=4;proj_dim=512;readout_clip=0.3;readout_scale=1;rho_quantile=0.2;scorer_hidden=256;weight_decay=0.0,64,poincare,max,0.0002,4,512,256,,0.0,81.22,128.17,0.19933,0.0,center_unit,4.0,0.2,4.0,1,0,0.3,1,,,,,
glue|roberta-base|mrpc_wide|AB|t23|s42|tune,glue,roberta-base,mrpc_wide,mrpc,AB,tune,23,42,f1,curvature=1.0;feature_mode=unit;gat_hidden_dim=256;graph_curvature=2.25;graph_metric=poincare;hyperbolic_readout=1;jk_mode=max;learnable_curvature=1;lr=0.0002;num_layers=2;proj_dim=256;readout_clip=0.7;readout_scale=0;rho_quantile=0.2;scorer_hidden=256;weight_decay=0.0,256,poincare,max,0.0002,2,256,256,,0.0,82.34,127.06,0.19939,0.0,unit,2.25,0.2,1.0,1,1,0.7,0,,,,,
glue|roberta-base|mrpc_wide|AB|t24|s42|tune,glue,roberta-base,mrpc_wide,mrpc,AB,tune,24,42,f1,curvature=0.25;feature_mode=unit;gat_hidden_dim=64;graph_curvature=9.0;graph_metric=poincare;hyperbolic_readout=1;jk_mode=max;learnable_curvature=1;lr=0.0002;num_layers=4;proj_dim=128;readout_clip=1.0;readout_scale=0;rho_quantile=0.2;scorer_hidden=128;weight_decay=1e-05,64,poincare,max,0.0002,4,128,128,,1e-05,81.22,128.32,0.19932,0.0,unit,9.0,0.2,0.25,1,1,1.0,0,,,,,
glue|roberta-base|mrpc_wide|AB|t25|s42|tune,glue,roberta-base,mrpc_wide,mrpc,AB,tune,25,42,f1,curvature=1.0;feature_mode=unit;gat_hidden_dim=128;graph_curvature=4.0;graph_metric=poincare;hyperbolic_readout=1;jk_mode=max;learnable_curvature=0;lr=2e-05;num_layers=4;proj_dim=512;readout_clip=0.7;readout_scale=0;rho_quantile=0.2;scorer_hidden=128;weight_decay=5e-05,128,poincare,max,2e-05,4,512,128,,5e-05,81.22,129.21,0.19935,0.0,unit,4.0,0.2,1.0,1,0,0.7,0,,,,,
glue|roberta-base|mrpc_wide|AB|t26|s42|tune,glue,roberta-base,mrpc_wide,mrpc,AB,tune,26,42,f1,curvature=0.25;feature_mode=unit;gat_hidden_dim=128;graph_curvature=4.0;graph_metric=poincare;hyperbolic_readout=1;jk_mode=cat;learnable_curvature=1;lr=2e-05;num_layers=4;proj_dim=256;readout_clip=0.0;readout_scale=1;rho_quantile=0.1;scorer_hidden=128;weight_decay=5e-05,128,poincare,cat,2e-05,4,256,128,,5e-05,81.22,129.47,0.09984,0.0,unit,4.0,0.1,0.25,1,1,0.0,1,,,,,
glue|roberta-base|mrpc_wide|AB|t27|s42|tune,glue,roberta-base,mrpc_wide,mrpc,AB,tune,27,42,f1,curvature=4.0;feature_mode=center;gat_hidden_dim=256;graph_curvature=0.25;graph_metric=poincare;hyperbolic_readout=1;jk_mode=max;learnable_curvature=1;lr=0.001;num_layers=4;proj_dim=128;readout_clip=0.3;readout_scale=1;rho_quantile=0.2;scorer_hidden=128;weight_decay=0.0,256,poincare,max,0.001,4,128,128,,0.0,81.83,127.69,0.19921,0.0,center,0.25,0.2,4.0,1,1,0.3,1,,,,,
glue|roberta-base|mrpc_wide|AB|t28|s42|tune,glue,roberta-base,mrpc_wide,mrpc,AB,tune,28,42,f1,curvature=1.0;feature_mode=center;gat_hidden_dim=256;graph_curvature=2.25;graph_metric=poincare;hyperbolic_readout=1;jk_mode=cat;learnable_curvature=1;lr=0.0002;num_layers=4;proj_dim=128;readout_clip=0.0;readout_scale=0;rho_quantile=0.38;scorer_hidden=256;weight_decay=5e-05,256,poincare,cat,0.0002,4,128,256,,5e-05,82.2,127.33,0.37665,0.0,center,2.25,0.38,1.0,1,1,0.0,0,,,,,
glue|roberta-base|mrpc_wide|AB|t29|s42|tune,glue,roberta-base,mrpc_wide,mrpc,AB,tune,29,42,f1,curvature=1.0;feature_mode=center_unit;gat_hidden_dim=128;graph_curvature=1.0;graph_metric=poincare;hyperbolic_readout=1;jk_mode=cat;learnable_curvature=1;lr=0.001;num_layers=4;proj_dim=128;readout_clip=0.7;readout_scale=1;rho_quantile=0.025;scorer_hidden=256;weight_decay=1e-05,128,poincare,cat,0.001,4,128,256,,1e-05,81.79,129.14,0.02486,0.0,center_unit,1.0,0.025,1.0,1,1,0.7,1,,,,,
glue|roberta-base|mrpc_wide|AB|t30|s42|tune,glue,roberta-base,mrpc_wide,mrpc,AB,tune,30,42,f1,curvature=4.0;feature_mode=center;gat_hidden_dim=64;graph_curvature=2.25;graph_metric=poincare;hyperbolic_readout=1;jk_mode=cat;learnable_curvature=1;lr=2e-05;num_layers=2;proj_dim=256;readout_clip=0.7;readout_scale=0;rho_quantile=0.05;scorer_hidden=128;weight_decay=1e-05,64,poincare,cat,2e-05,2,256,128,,1e-05,81.22,124.71,0.04981,0.0,center,2.25,0.05,4.0,1,1,0.7,0,,,,,
glue|roberta-base|mrpc_wide|AB|t31|s42|tune,glue,roberta-base,mrpc_wide,mrpc,AB,tune,31,42,f1,curvature=4.0;feature_mode=cls_root_unit;gat_hidden_dim=64;graph_curvature=2.25;graph_metric=poincare;hyperbolic_readout=1;jk_mode=cat;learnable_curvature=1;lr=2e-05;num_layers=2;proj_dim=256;readout_clip=0.3;readout_scale=1;rho_quantile=0.38;scorer_hidden=128;weight_decay=1e-05,64,poincare,cat,2e-05,2,256,128,,1e-05,81.22,126.45,0.37944,0.0,cls_root_unit,2.25,0.38,4.0,1,1,0.3,1,,,,,
glue|roberta-base|mrpc_wide|AB|t32|s42|tune,glue,roberta-base,mrpc_wide,mrpc,AB,tune,32,42,f1,curvature=0.25;feature_mode=center;gat_hidden_dim=64;graph_curvature=0.25;graph_metric=poincare;hyperbolic_readout=1;jk_mode=max;learnable_curvature=0;lr=0.001;num_layers=2;proj_dim=256;readout_clip=0.3;readout_scale=1;rho_quantile=0.2;scorer_hidden=128;weight_decay=5e-05,64,poincare,max,0.001,2,256,128,,5e-05,82.23,123.8,0.19937,0.0,center,0.25,0.2,0.25,1,0,0.3,1,,,,,
glue|roberta-base|mrpc_wide|AB|t33|s42|tune,glue,roberta-base,mrpc_wide,mrpc,AB,tune,33,42,f1,curvature=0.25;feature_mode=unit;gat_hidden_dim=64;graph_curvature=4.0;graph_metric=poincare;hyperbolic_readout=1;jk_mode=max;learnable_curvature=1;lr=2e-05;num_layers=4;proj_dim=256;readout_clip=0.3;readout_scale=1;rho_quantile=0.025;scorer_hidden=256;weight_decay=0.0,64,poincare,max,2e-05,4,256,256,,0.0,81.22,128.34,0.02495,0.0,unit,4.0,0.025,0.25,1,1,0.3,1,,,,,
glue|roberta-base|mrpc_wide|AB|t34|s42|tune,glue,roberta-base,mrpc_wide,mrpc,AB,tune,34,42,f1,curvature=4.0;feature_mode=unit;gat_hidden_dim=256;graph_curvature=2.25;graph_metric=poincare;hyperbolic_readout=1;jk_mode=cat;learnable_curvature=1;lr=0.0002;num_layers=2;proj_dim=512;readout_clip=1.0;readout_scale=1;rho_quantile=0.1;scorer_hidden=256;weight_decay=0.0,256,poincare,cat,0.0002,2,512,256,,0.0,81.9,126.07,0.09988,0.0,unit,2.25,0.1,4.0,1,1,1.0,1,,,,,
glue|roberta-base|mrpc_wide|AB|t35|s42|tune,glue,roberta-base,mrpc_wide,mrpc,AB,tune,35,42,f1,curvature=0.25;feature_mode=unit;gat_hidden_dim=64;graph_curvature=0.25;graph_metric=poincare;hyperbolic_readout=1;jk_mode=max;learnable_curvature=0;lr=0.001;num_layers=2;proj_dim=512;readout_clip=1.0;readout_scale=1;rho_quantile=0.05;scorer_hidden=128;weight_decay=0.0,64,poincare,max,0.001,2,512,128,,0.0,82.48,125.73,0.05015,0.0,unit,0.25,0.05,0.25,1,0,1.0,1,,,,,
glue|roberta-base|mrpc_wide|AB|t36|s42|tune,glue,roberta-base,mrpc_wide,mrpc,AB,tune,36,42,f1,curvature=0.25;feature_mode=unit;gat_hidden_dim=64;graph_curvature=0.25;graph_metric=poincare;hyperbolic_readout=1;jk_mode=max;learnable_curvature=0;lr=0.0002;num_layers=2;proj_dim=256;readout_clip=0.3;readout_scale=0;rho_quantile=0.1;scorer_hidden=128;weight_decay=1e-05,64,poincare,max,0.0002,2,256,128,,1e-05,81.22,125.34,0.09979,0.0,unit,0.25,0.1,0.25,1,0,0.3,0,,,,,
glue|roberta-base|mrpc_wide|AB|t37|s42|tune,glue,roberta-base,mrpc_wide,mrpc,AB,tune,37,42,f1,curvature=4.0;feature_mode=center;gat_hidden_dim=256;graph_curvature=0.25;graph_metric=poincare;hyperbolic_readout=1;jk_mode=cat;learnable_curvature=1;lr=0.001;num_layers=4;proj_dim=256;readout_clip=1.0;readout_scale=1;rho_quantile=0.1;scorer_hidden=256;weight_decay=0.0,256,poincare,cat,0.001,4,256,256,,0.0,81.95,127.16,0.09991,0.0,center,0.25,0.1,4.0,1,1,1.0,1,,,,,
glue|roberta-base|mrpc_wide|AB|t38|s42|tune,glue,roberta-base,mrpc_wide,mrpc,AB,tune,38,42,f1,curvature=4.0;feature_mode=center_unit;gat_hidden_dim=128;graph_curvature=9.0;graph_metric=poincare;hyperbolic_readout=1;jk_mode=max;learnable_curvature=1;lr=2e-05;num_layers=4;proj_dim=256;readout_clip=0.7;readout_scale=1;rho_quantile=0.1;scorer_hidden=256;weight_decay=0.0,128,poincare,max,2e-05,4,256,256,,0.0,81.22,129.35,0.09988,0.0,center_unit,9.0,0.1,4.0,1,1,0.7,1,,,,,
glue|roberta-base|mrpc_wide|AB|t39|s42|tune,glue,roberta-base,mrpc_wide,mrpc,AB,tune,39,42,f1,curvature=4.0;feature_mode=cls_root_unit;gat_hidden_dim=256;graph_curvature=4.0;graph_metric=poincare;hyperbolic_readout=1;jk_mode=max;learnable_curvature=1;lr=0.0002;num_layers=4;proj_dim=256;readout_clip=0.0;readout_scale=1;rho_quantile=0.38;scorer_hidden=128;weight_decay=0.0,256,poincare,max,0.0002,4,256,128,,0.0,82.07,129.97,0.37929,0.0,cls_root_unit,4.0,0.38,4.0,1,1,0.0,1,,,,,
glue|roberta-base|mrpc_wide|AC|t0|s42|tune,glue,roberta-base,mrpc_wide,mrpc,AC,tune,0,42,f1,curvature=0.25;feature_mode=unit;gat_hidden_dim=256;gnn_input_clip=0.7;gnn_input_scale=0;graph_curvature=9.0;graph_metric=poincare;hyp_gnn_type=gcn;hyperbolic_gnn=1;jk_mode=max;lr=0.001;num_layers=2;proj_dim=512;rho_quantile=0.05;scorer_hidden=128;weight_decay=1e-05,256,poincare,max,0.001,2,512,128,,1e-05,82.53,134.79,0.05005,0.0,unit,9.0,0.05,0.25,,,,,0.7,0,gcn,1,
glue|roberta-base|mrpc_wide|AC|t1|s42|tune,glue,roberta-base,mrpc_wide,mrpc,AC,tune,1,42,f1,curvature=4.0;feature_mode=unit;gat_hidden_dim=256;gnn_input_clip=0.0;gnn_input_scale=1;graph_curvature=0.25;graph_metric=poincare;hyp_gnn_type=gat;hyperbolic_gnn=1;jk_mode=cat;lr=0.001;num_layers=2;proj_dim=128;rho_quantile=0.025;scorer_hidden=256;weight_decay=5e-05,256,poincare,cat,0.001,2,128,256,,5e-05,82.02,133.0,0.02482,0.0,unit,0.25,0.025,4.0,,,,,0.0,1,gat,1,
glue|roberta-base|mrpc_wide|AC|t2|s42|tune,glue,roberta-base,mrpc_wide,mrpc,AC,tune,2,42,f1,curvature=4.0;feature_mode=center;gat_hidden_dim=256;gnn_input_clip=0.7;gnn_input_scale=0;graph_curvature=9.0;graph_metric=poincare;hyp_gnn_type=gcn;hyperbolic_gnn=1;jk_mode=max;lr=0.0002;num_layers=4;proj_dim=128;rho_quantile=0.05;scorer_hidden=256;weight_decay=1e-05,256,poincare,max,0.0002,4,128,256,,1e-05,81.9,146.45,0.04981,0.0,center,9.0,0.05,4.0,,,,,0.7,0,gcn,1,
glue|roberta-base|mrpc_wide|AC|t3|s42|tune,glue,roberta-base,mrpc_wide,mrpc,AC,tune,3,42,f1,curvature=0.25;feature_mode=center_unit;gat_hidden_dim=256;gnn_input_clip=0.0;gnn_input_scale=1;graph_curvature=1.0;graph_metric=poincare;hyp_gnn_type=gcn;hyperbolic_gnn=1;jk_mode=cat;lr=0.0002;num_layers=4;proj_dim=256;rho_quantile=0.05;scorer_hidden=256;weight_decay=0.0,256,poincare,cat,0.0002,4,256,256,,0.0,82.16,148.67,0.05016,0.0,center_unit,1.0,0.05,0.25,,,,,0.0,1,gcn,1,
glue|roberta-base|mrpc_wide|AC|t4|s42|tune,glue,roberta-base,mrpc_wide,mrpc,AC,tune,4,42,f1,curvature=1.0;feature_mode=unit;gat_hidden_dim=64;gnn_input_clip=0.7;gnn_input_scale=1;graph_curvature=0.25;graph_metric=poincare;hyp_gnn_type=gat;hyperbolic_gnn=1;jk_mode=cat;lr=0.001;num_layers=4;proj_dim=256;rho_quantile=0.2;scorer_hidden=128;weight_decay=5e-05,64,poincare,cat,0.001,4,256,128,,5e-05,82.28,144.24,0.19934,0.0,unit,0.25,0.2,1.0,,,,,0.7,1,gat,1,
glue|roberta-base|mrpc_wide|AC|t5|s42|tune,glue,roberta-base,mrpc_wide,mrpc,AC,tune,5,42,f1,curvature=0.25;feature_mode=center;gat_hidden_dim=128;gnn_input_clip=0.7;gnn_input_scale=1;graph_curvature=9.0;graph_metric=poincare;hyp_gnn_type=gat;hyperbolic_gnn=1;jk_mode=cat;lr=2e-05;num_layers=4;proj_dim=512;rho_quantile=0.38;scorer_hidden=128;weight_decay=1e-05,128,poincare,cat,2e-05,4,512,128,,1e-05,81.22,143.92,0.37684,0.0,center,9.0,0.38,0.25,,,,,0.7,1,gat,1,
glue|roberta-base|mrpc_wide|AC|t6|s42|tune,glue,roberta-base,mrpc_wide,mrpc,AC,tune,6,42,f1,curvature=0.25;feature_mode=center;gat_hidden_dim=64;gnn_input_clip=0.0;gnn_input_scale=0;graph_curvature=0.25;graph_metric=poincare;hyp_gnn_type=gcn;hyperbolic_gnn=1;jk_mode=max;lr=0.0002;num_layers=2;proj_dim=128;rho_quantile=0.38;scorer_hidden=256;weight_decay=0.0,64,poincare,max,0.0002,2,128,256,,0.0,81.95,134.38,0.37905,0.0,center,0.25,0.38,0.25,,,,,0.0,0,gcn,1,
glue|roberta-base|mrpc_wide|AC|t7|s42|tune,glue,roberta-base,mrpc_wide,mrpc,AC,tune,7,42,f1,curvature=1.0;feature_mode=unit;gat_hidden_dim=128;gnn_input_clip=0.7;gnn_input_scale=0;graph_curvature=0.25;graph_metric=poincare;hyp_gnn_type=gat;hyperbolic_gnn=1;jk_mode=max;lr=0.0002;num_layers=2;proj_dim=512;rho_quantile=0.2;scorer_hidden=128;weight_decay=1e-05,128,poincare,max,0.0002,2,512,128,,1e-05,81.22,132.92,0.1993,0.0,unit,0.25,0.2,1.0,,,,,0.7,0,gat,1,
glue|roberta-base|mrpc_wide|AC|t8|s42|tune,glue,roberta-base,mrpc_wide,mrpc,AC,tune,8,42,f1,curvature=4.0;feature_mode=cls_root_unit;gat_hidden_dim=256;gnn_input_clip=0.3;gnn_input_scale=1;graph_curvature=4.0;graph_metric=poincare;hyp_gnn_type=gcn;hyperbolic_gnn=1;jk_mode=max;lr=0.0002;num_layers=2;proj_dim=512;rho_quantile=0.025;scorer_hidden=256;weight_decay=1e-05,256,poincare,max,0.0002,2,512,256,,1e-05,81.22,135.85,0.02499,0.0,cls_root_unit,4.0,0.025,4.0,,,,,0.3,1,gcn,1,
glue|roberta-base|mrpc_wide|AC|t9|s42|tune,glue,roberta-base,mrpc_wide,mrpc,AC,tune,9,42,f1,curvature=4.0;feature_mode=center;gat_hidden_dim=64;gnn_input_clip=0.3;gnn_input_scale=1;graph_curvature=2.25;graph_metric=poincare;hyp_gnn_type=gat;hyperbolic_gnn=1;jk_mode=max;lr=2e-05;num_layers=2;proj_dim=256;rho_quantile=0.38;scorer_hidden=128;weight_decay=5e-05,64,poincare,max,2e-05,2,256,128,,5e-05,81.22,132.03,0.377,0.0,center,2.25,0.38,4.0,,,,,0.3,1,gat,1,
glue|roberta-base|mrpc_wide|AC|t10|s42|tune,glue,roberta-base,mrpc_wide,mrpc,AC,tune,10,42,f1,curvature=0.25;feature_mode=unit;gat_hidden_dim=128;gnn_input_clip=0.7;gnn_input_scale=1;graph_curvature=4.0;graph_metric=poincare;hyp_gnn_type=gcn;hyperbolic_gnn=1;jk_mode=max;lr=0.0002;num_layers=2;proj_dim=128;rho_quantile=0.05;scorer_hidden=256;weight_decay=1e-05,128,poincare,max,0.0002,2,128,256,,1e-05,81.22,135.43,0.05027,0.0,unit,4.0,0.05,0.25,,,,,0.7,1,gcn,1,
glue|roberta-base|mrpc_wide|AC|t11|s42|tune,glue,roberta-base,mrpc_wide,mrpc,AC,tune,11,42,f1,curvature=0.25;feature_mode=center;gat_hidden_dim=64;gnn_input_clip=0.3;gnn_input_scale=1;graph_curvature=4.0;graph_metric=poincare;hyp_gnn_type=gcn;hyperbolic_gnn=1;jk_mode=max;lr=0.001;num_layers=2;proj_dim=128;rho_quantile=0.025;scorer_hidden=256;weight_decay=1e-05,64,poincare,max,0.001,2,128,256,,1e-05,81.59,134.2,0.02487,0.0,center,4.0,0.025,0.25,,,,,0.3,1,gcn,1,
glue|roberta-base|mrpc_wide|AC|t12|s42|tune,glue,roberta-base,mrpc_wide,mrpc,AC,tune,12,42,f1,curvature=0.25;feature_mode=center;gat_hidden_dim=128;gnn_input_clip=1.0;gnn_input_scale=0;graph_curvature=2.25;graph_metric=poincare;hyp_gnn_type=gcn;hyperbolic_gnn=1;jk_mode=cat;lr=0.001;num_layers=2;proj_dim=512;rho_quantile=0.025;scorer_hidden=128;weight_decay=5e-05,128,poincare,cat,0.001,2,512,128,,5e-05,81.65,136.06,0.02472,0.0,center,2.25,0.025,0.25,,,,,1.0,0,gcn,1,
glue|roberta-base|mrpc_wide|AC|t13|s42|tune,glue,roberta-base,mrpc_wide,mrpc,AC,tune,13,42,f1,curvature=1.0;feature_mode=center;gat_hidden_dim=256;gnn_input_clip=0.7;gnn_input_scale=0;graph_curvature=0.25;graph_metric=poincare;hyp_gnn_type=gat;hyperbolic_gnn=1;jk_mode=max;lr=2e-05;num_layers=4;proj_dim=512;rho_quantile=0.1;scorer_hidden=128;weight_decay=5e-05,256,poincare,max,2e-05,4,512,128,,5e-05,81.22,143.03,0.09985,0.0,center,0.25,0.1,1.0,,,,,0.7,0,gat,1,
glue|roberta-base|mrpc_wide|AC|t14|s42|tune,glue,roberta-base,mrpc_wide,mrpc,AC,tune,14,42,f1,curvature=0.25;feature_mode=unit;gat_hidden_dim=64;gnn_input_clip=0.7;gnn_input_scale=0;graph_curvature=4.0;graph_metric=poincare;hyp_gnn_type=gat;hyperbolic_gnn=1;jk_mode=max;lr=0.001;num_layers=2;proj_dim=128;rho_quantile=0.38;scorer_hidden=256;weight_decay=1e-05,64,poincare,max,0.001,2,128,256,,1e-05,82.63,131.81,0.37931,0.0,unit,4.0,0.38,0.25,,,,,0.7,0,gat,1,
glue|roberta-base|mrpc_wide|AC|t15|s42|tune,glue,roberta-base,mrpc_wide,mrpc,AC,tune,15,42,f1,curvature=1.0;feature_mode=unit;gat_hidden_dim=128;gnn_input_clip=0.3;gnn_input_scale=1;graph_curvature=4.0;graph_metric=poincare;hyp_gnn_type=gcn;hyperbolic_gnn=1;jk_mode=cat;lr=0.001;num_layers=4;proj_dim=512;rho_quantile=0.2;scorer_hidden=128;weight_decay=0.0,128,poincare,cat,0.001,4,512,128,,0.0,81.98,148.23,0.1994,0.0,unit,4.0,0.2,1.0,,,,,0.3,1,gcn,1,
glue|roberta-base|mrpc_wide|AC|t16|s42|tune,glue,roberta-base,mrpc_wide,mrpc,AC,tune,16,42,f1,curvature=4.0;feature_mode=unit;gat_hidden_dim=256;gnn_input_clip=1.0;gnn_input_scale=0;graph_curvature=9.0;graph_metric=poincare;hyp_gnn_type=gat;hyperbolic_gnn=1;jk_mode=cat;lr=0.0002;num_layers=4;proj_dim=128;rho_quantile=0.2;scorer_hidden=256;weight_decay=5e-05,256,poincare,cat,0.0002,4,128,256,,5e-05,82.14,143.37,0.19927,0.0,unit,9.0,0.2,4.0,,,,,1.0,0,gat,1,
glue|roberta-base|mrpc_wide|AC|t17|s42|tune,glue,roberta-base,mrpc_wide,mrpc,AC,tune,17,42,f1,curvature=0.25;feature_mode=center;gat_hidden_dim=64;gnn_input_clip=0.3;gnn_input_scale=0;graph_curvature=0.25;graph_metric=poincare;hyp_gnn_type=gat;hyperbolic_gnn=1;jk_mode=cat;lr=0.0002;num_layers=4;proj_dim=512;rho_quantile=0.1;scorer_hidden=256;weight_decay=1e-05,64,poincare,cat,0.0002,4,512,256,,1e-05,82.21,141.91,0.09987,0.0,center,0.25,0.1,0.25,,,,,0.3,0,gat,1,
glue|roberta-base|mrpc_wide|AC|t18|s42|tune,glue,roberta-base,mrpc_wide,mrpc,AC,tune,18,42,f1,curvature=0.25;feature_mode=unit;gat_hidden_dim=256;gnn_input_clip=0.0;gnn_input_scale=1;graph_curvature=1.0;graph_metric=poincare;hyp_gnn_type=gcn;hyperbolic_gnn=1;jk_mode=cat;lr=0.0002;num_layers=2;proj_dim=128;rho_quantile=0.05;scorer_hidden=128;weight_decay=0.0,256,poincare,cat,0.0002,2,128,128,,0.0,82.21,134.55,0.05003,0.0,unit,1.0,0.05,0.25,,,,,0.0,1,gcn,1,
glue|roberta-base|mrpc_wide|AC|t19|s42|tune,glue,roberta-base,mrpc_wide,mrpc,AC,tune,19,42,f1,curvature=1.0;feature_mode=unit;gat_hidden_dim=64;gnn_input_clip=1.0;gnn_input_scale=0;graph_curvature=1.0;graph_metric=poincare;hyp_gnn_type=gcn;hyperbolic_gnn=1;jk_mode=cat;lr=0.001;num_layers=2;proj_dim=256;rho_quantile=0.025;scorer_hidden=256;weight_decay=1e-05,64,poincare,cat,0.001,2,256,256,,1e-05,82.14,133.85,0.02481,0.0,unit,1.0,0.025,1.0,,,,,1.0,0,gcn,1,
glue|roberta-base|mrpc_wide|AC|t20|s42|tune,glue,roberta-base,mrpc_wide,mrpc,AC,tune,20,42,f1,curvature=1.0;feature_mode=unit;gat_hidden_dim=64;gnn_input_clip=0.7;gnn_input_scale=1;graph_curvature=4.0;graph_metric=poincare;hyp_gnn_type=gat;hyperbolic_gnn=1;jk_mode=max;lr=0.0002;num_layers=4;proj_dim=128;rho_quantile=0.05;scorer_hidden=128;weight_decay=5e-05,64,poincare,max,0.0002,4,128,128,,5e-05,81.22,144.99,0.05019,0.0,unit,4.0,0.05,1.0,,,,,0.7,1,gat,1,
glue|roberta-base|mrpc_wide|AC|t21|s42|tune,glue,roberta-base,mrpc_wide,mrpc,AC,tune,21,42,f1,curvature=0.25;feature_mode=unit;gat_hidden_dim=64;gnn_input_clip=1.0;gnn_input_scale=1;graph_curvature=1.0;graph_metric=poincare;hyp_gnn_type=gcn;hyperbolic_gnn=1;jk_mode=cat;lr=2e-05;num_layers=2;proj_dim=512;rho_quantile=0.38;scorer_hidden=256;weight_decay=0.0,64,poincare,cat,2e-05,2,512,256,,0.0,81.22,135.27,0.37929,0.0,unit,1.0,0.38,0.25,,,,,1.0,1,gcn,1,
glue|roberta-base|mrpc_wide|AC|t22|s42|tune,glue,roberta-base,mrpc_wide,mrpc,AC,tune,22,42,f1,curvature=0.25;feature_mode=cls_root_unit;gat_hidden_dim=256;gnn_input_clip=1.0;gnn_input_scale=0;graph_curvature=4.0;graph_metric=poincare;hyp_gnn_type=gcn;hyperbolic_gnn=1;jk_mode=max;lr=2e-05;num_layers=4;proj_dim=128;rho_quantile=0.025;scorer_hidden=128;weight_decay=1e-05,256,poincare,max,2e-05,4,128,128,,1e-05,81.22,147.87,0.02484,0.0,cls_root_unit,4.0,0.025,0.25,,,,,1.0,0,gcn,1,
glue|roberta-base|mrpc_wide|AC|t23|s42|tune,glue,roberta-base,mrpc_wide,mrpc,AC,tune,23,42,f1,curvature=1.0;feature_mode=center_unit;gat_hidden_dim=64;gnn_input_clip=0.0;gnn_input_scale=1;graph_curvature=4.0;graph_metric=poincare;hyp_gnn_type=gat;hyperbolic_gnn=1;jk_mode=cat;lr=0.001;num_layers=4;proj_dim=512;rho_quantile=0.1;scorer_hidden=256;weight_decay=1e-05,64,poincare,cat,0.001,4,512,256,,1e-05,82.28,145.75,0.09987,0.0,center_unit,4.0,0.1,1.0,,,,,0.0,1,gat,1,
glue|roberta-base|mrpc_wide|AC|t24|s42|tune,glue,roberta-base,mrpc_wide,mrpc,AC,tune,24,42,f1,curvature=0.25;feature_mode=center;gat_hidden_dim=256;gnn_input_clip=0.3;gnn_input_scale=1;graph_curvature=1.0;graph_metric=poincare;hyp_gnn_type=gcn;hyperbolic_gnn=1;jk_mode=max;lr=0.001;num_layers=2;proj_dim=128;rho_quantile=0.025;scorer_hidden=128;weight_decay=0.0,256,poincare,max,0.001,2,128,128,,0.0,82.28,134.4,0.02495,0.0,center,1.0,0.025,0.25,,,,,0.3,1,gcn,1,
glue|roberta-base|mrpc_wide|AC|t25|s42|tune,glue,roberta-base,mrpc_wide,mrpc,AC,tune,25,42,f1,curvature=4.0;feature_mode=cls_root_unit;gat_hidden_dim=256;gnn_input_clip=1.0;gnn_input_scale=1;graph_curvature=9.0;graph_metric=poincare;hyp_gnn_type=gcn;hyperbolic_gnn=1;jk_mode=cat;lr=0.0002;num_layers=4;proj_dim=256;rho_quantile=0.38;scorer_hidden=128;weight_decay=5e-05,256,poincare,cat,0.0002,4,256,128,,5e-05,82.44,148.97,0.37903,0.0,cls_root_unit,9.0,0.38,4.0,,,,,1.0,1,gcn,1,
glue|roberta-base|mrpc_wide|AC|t26|s42|tune,glue,roberta-base,mrpc_wide,mrpc,AC,tune,26,42,f1,curvature=0.25;feature_mode=unit;gat_hidden_dim=256;gnn_input_clip=0.0;gnn_input_scale=0;graph_curvature=9.0;graph_metric=poincare;hyp_gnn_type=gcn;hyperbolic_gnn=1;jk_mode=cat;lr=0.001;num_layers=2;proj_dim=512;rho_quantile=0.2;scorer_hidden=128;weight_decay=5e-05,256,poincare,cat,0.001,2,512,128,,5e-05,82.55,135.08,0.19924,0.0,unit,9.0,0.2,0.25,,,,,0.0,0,gcn,1,
glue|roberta-base|mrpc_wide|AC|t27|s42|tune,glue,roberta-base,mrpc_wide,mrpc,AC,tune,27,42,f1,curvature=0.25;feature_mode=center_unit;gat_hidden_dim=256;gnn_input_clip=0.3;gnn_input_scale=1;graph_curvature=2.25;graph_metric=poincare;hyp_gnn_type=gcn;hyperbolic_gnn=1;jk_mode=max;lr=0.0002;num_layers=2;proj_dim=128;rho_quantile=0.05;scorer_hidden=256;weight_decay=0.0,256,poincare,max,0.0002,2,128,256,,0.0,81.22,135.97,0.05005,0.0,center_unit,2.25,0.05,0.25,,,,,0.3,1,gcn,1,
glue|roberta-base|mrpc_wide|AC|t28|s42|tune,glue,roberta-base,mrpc_wide,mrpc,AC,tune,28,42,f1,curvature=0.25;feature_mode=center_unit;gat_hidden_dim=128;gnn_input_clip=0.3;gnn_input_scale=0;graph_curvature=9.0;graph_metric=poincare;hyp_gnn_type=gat;hyperbolic_gnn=1;jk_mode=cat;lr=2e-05;num_layers=4;proj_dim=128;rho_quantile=0.05;scorer_hidden=256;weight_decay=0.0,128,poincare,cat,2e-05,4,128,256,,0.0,81.22,144.44,0.05015,0.0,center_unit,9.0,0.05,0.25,,,,,0.3,0,gat,1,
glue|roberta-base|mrpc_wide|AC|t29|s42|tune,glue,roberta-base,mrpc_wide,mrpc,AC,tune,29,42,f1,curvature=1.0;feature_mode=cls_root_unit;gat_hidden_dim=128;gnn_input_clip=0.0;gnn_input_scale=0;graph_curvature=0.25;graph_metric=poincare;hyp_gnn_type=gcn;hyperbolic_gnn=1;jk_mode=max;lr=0.001;num_layers=4;proj_dim=512;rho_quantile=0.38;scorer_hidden=256;weight_decay=1e-05,128,poincare,max,0.001,4,512,256,,1e-05,82.72,148.2,0.37932,0.0,cls_root_unit,0.25,0.38,1.0,,,,,0.0,0,gcn,1,
glue|roberta-base|mrpc_wide|AC|t30|s42|tune,glue,roberta-base,mrpc_wide,mrpc,AC,tune,30,42,f1,curvature=1.0;feature_mode=center;gat_hidden_dim=256;gnn_input_clip=0.0;gnn_input_scale=0;graph_curvature=2.25;graph_metric=poincare;hyp_gnn_type=gat;hyperbolic_gnn=1;jk_mode=max;lr=0.0002;num_layers=4;proj_dim=256;rho_quantile=0.025;scorer_hidden=128;weight_decay=5e-05,256,poincare,max,0.0002,4,256,128,,5e-05,82.48,143.63,0.02479,0.0,center,2.25,0.025,1.0,,,,,0.0,0,gat,1,
glue|roberta-base|mrpc_wide|AC|t31|s42|tune,glue,roberta-base,mrpc_wide,mrpc,AC,tune,31,42,f1,curvature=1.0;feature_mode=center_unit;gat_hidden_dim=256;gnn_input_clip=0.0;gnn_input_scale=0;graph_curvature=2.25;graph_metric=poincare;hyp_gnn_type=gcn;hyperbolic_gnn=1;jk_mode=cat;lr=0.0002;num_layers=2;proj_dim=512;rho_quantile=0.38;scorer_hidden=256;weight_decay=5e-05,256,poincare,cat,0.0002,2,512,256,,5e-05,82.34,135.87,0.37924,0.0,center_unit,2.25,0.38,1.0,,,,,0.0,0,gcn,1,
glue|roberta-base|mrpc_wide|AC|t32|s42|tune,glue,roberta-base,mrpc_wide,mrpc,AC,tune,32,42,f1,curvature=0.25;feature_mode=center;gat_hidden_dim=128;gnn_input_clip=0.7;gnn_input_scale=1;graph_curvature=2.25;graph_metric=poincare;hyp_gnn_type=gat;hyperbolic_gnn=1;jk_mode=max;lr=2e-05;num_layers=2;proj_dim=256;rho_quantile=0.38;scorer_hidden=128;weight_decay=1e-05,128,poincare,max,2e-05,2,256,128,,1e-05,81.22,131.66,0.37654,0.0,center,2.25,0.38,0.25,,,,,0.7,1,gat,1,
glue|roberta-base|mrpc_wide|AC|t33|s42|tune,glue,roberta-base,mrpc_wide,mrpc,AC,tune,33,42,f1,curvature=4.0;feature_mode=unit;gat_hidden_dim=256;gnn_input_clip=0.3;gnn_input_scale=0;graph_curvature=2.25;graph_metric=poincare;hyp_gnn_type=gcn;hyperbolic_gnn=1;jk_mode=cat;lr=0.0002;num_layers=4;proj_dim=256;rho_quantile=0.05;scorer_hidden=128;weight_decay=1e-05,256,poincare,cat,0.0002,4,256,128,,1e-05,82.32,147.94,0.05016,0.0,unit,2.25,0.05,4.0,,,,,0.3,0,gcn,1,
glue|roberta-base|mrpc_wide|AC|t34|s42|tune,glue,roberta-base,mrpc_wide,mrpc,AC,tune,34,42,f1,curvature=1.0;feature_mode=center_unit;gat_hidden_dim=256;gnn_input_clip=0.0;gnn_input_scale=0;graph_curvature=4.0;graph_metric=poincare;hyp_gnn_type=gat;hyperbolic_gnn=1;jk_mode=max;lr=0.0002;num_layers=2;proj_dim=512;rho_quantile=0.38;scorer_hidden=256;weight_decay=5e-05,256,poincare,max,0.0002,2,512,256,,5e-05,81.89,132.5,0.37925,0.0,center_unit,4.0,0.38,1.0,,,,,0.0,0,gat,1,
glue|roberta-base|mrpc_wide|AC|t35|s42|tune,glue,roberta-base,mrpc_wide,mrpc,AC,tune,35,42,f1,curvature=4.0;feature_mode=center_unit;gat_hidden_dim=256;gnn_input_clip=0.7;gnn_input_scale=1;graph_curvature=2.25;graph_metric=poincare;hyp_gnn_type=gat;hyperbolic_gnn=1;jk_mode=max;lr=0.0002;num_layers=4;proj_dim=256;rho_quantile=0.38;scorer_hidden=128;weight_decay=1e-05,256,poincare,max,0.0002,4,256,128,,1e-05,82.41,145.85,0.37937,0.0,center_unit,2.25,0.38,4.0,,,,,0.7,1,gat,1,
glue|roberta-base|mrpc_wide|AC|t36|s42|tune,glue,roberta-base,mrpc_wide,mrpc,AC,tune,36,42,f1,curvature=1.0;feature_mode=center;gat_hidden_dim=128;gnn_input_clip=0.0;gnn_input_scale=1;graph_curvature=4.0;graph_metric=poincare;hyp_gnn_type=gcn;hyperbolic_gnn=1;jk_mode=max;lr=0.0002;num_layers=4;proj_dim=128;rho_quantile=0.05;scorer_hidden=128;weight_decay=5e-05,128,poincare,max,0.0002,4,128,128,,5e-05,81.71,147.95,0.04997,0.0,center,4.0,0.05,1.0,,,,,0.0,1,gcn,1,
glue|roberta-base|mrpc_wide|AC|t37|s42|tune,glue,roberta-base,mrpc_wide,mrpc,AC,tune,37,42,f1,curvature=4.0;feature_mode=center_unit;gat_hidden_dim=64;gnn_input_clip=0.7;gnn_input_scale=1;graph_curvature=2.25;graph_metric=poincare;hyp_gnn_type=gat;hyperbolic_gnn=1;jk_mode=max;lr=0.001;num_layers=2;proj_dim=512;rho_quantile=0.05;scorer_hidden=128;weight_decay=0.0,64,poincare,max,0.001,2,512,128,,0.0,82.51,132.92,0.05007,0.0,center_unit,2.25,0.05,4.0,,,,,0.7,1,gat,1,
glue|roberta-base|mrpc_wide|AC|t38|s42|tune,glue,roberta-base,mrpc_wide,mrpc,AC,tune,38,42,f1,curvature=4.0;feature_mode=center_unit;gat_hidden_dim=256;gnn_input_clip=0.7;gnn_input_scale=1;graph_curvature=9.0;graph_metric=poincare;hyp_gnn_type=gcn;hyperbolic_gnn=1;jk_mode=max;lr=0.001;num_layers=4;proj_dim=128;rho_quantile=0.05;scorer_hidden=256;weight_decay=5e-05,256,poincare,max,0.001,4,128,256,,5e-05,82.07,148.84,0.05006,0.0,center_unit,9.0,0.05,4.0,,,,,0.7,1,gcn,1,
glue|roberta-base|mrpc_wide|AC|t39|s42|tune,glue,roberta-base,mrpc_wide,mrpc,AC,tune,39,42,f1,curvature=4.0;feature_mode=center;gat_hidden_dim=64;gnn_input_clip=1.0;gnn_input_scale=1;graph_curvature=0.25;graph_metric=poincare;hyp_gnn_type=gat;hyperbolic_gnn=1;jk_mode=cat;lr=0.001;num_layers=2;proj_dim=256;rho_quantile=0.1;scorer_hidden=128;weight_decay=5e-05,64,poincare,cat,0.001,2,256,128,,5e-05,82.17,132.72,0.09969,0.0,center,0.25,0.1,4.0,,,,,1.0,1,gat,1,
glue|roberta-base|mrpc_wide|BC|t0|s42|tune,glue,roberta-base,mrpc_wide,mrpc,BC,tune,0,42,f1,curvature=1.0;gat_hidden_dim=128;gnn_input_clip=0.0;gnn_input_scale=0;graph_metric=cosine;hyp_gnn_type=gcn;hyperbolic_gnn=1;hyperbolic_readout=1;jk_mode=max;learnable_curvature=1;lr=2e-05;num_layers=4;proj_dim=256;readout_clip=0.3;readout_scale=0;scorer_hidden=128;tau_quantile=0.38;weight_decay=5e-05,128,cosine,max,2e-05,4,256,128,0.38,5e-05,81.22,135.26,0.37958,0.0,,,,1.0,1,1,0.3,0,0.0,0,gcn,1,
glue|roberta-base|mrpc_wide|BC|t1|s42|tune,glue,roberta-base,mrpc_wide,mrpc,BC,tune,1,42,f1,curvature=4.0;gat_hidden_dim=256;gnn_input_clip=1.0;gnn_input_scale=0;graph_metric=cosine;hyp_gnn_type=gat;hyperbolic_gnn=1;hyperbolic_readout=1;jk_mode=cat;learnable_curvature=0;lr=2e-05;num_layers=2;proj_dim=128;readout_clip=1.0;readout_scale=1;scorer_hidden=256;tau_quantile=0.05;weight_decay=1e-05,256,cosine,cat,2e-05,2,128,256,0.05,1e-05,81.22,112.62,0.05042,0.0,,,,4.0,1,0,1.0,1,1.0,0,gat,1,
glue|roberta-base|mrpc_wide|BC|t2|s42|tune,glue,roberta-base,mrpc_wide,mrpc,BC,tune,2,42,f1,curvature=4.0;gat_hidden_dim=256;gnn_input_clip=0.7;gnn_input_scale=1;graph_metric=cosine;hyp_gnn_type=gcn;hyperbolic_gnn=1;hyperbolic_readout=1;jk_mode=max;learnable_curvature=1;lr=0.001;num_layers=2;proj_dim=128;readout_clip=1.0;readout_scale=0;scorer_hidden=128;tau_quantile=0.38;weight_decay=5e-05,256,cosine,max,0.001,2,128,128,0.38,5e-05,82.46,119.62,0.37952,0.0,,,,4.0,1,1,1.0,0,0.7,1,gcn,1,
glue|roberta-base|mrpc_wide|BC|t3|s42|tune,glue,roberta-base,mrpc_wide,mrpc,BC,tune,3,42,f1,curvature=0.25;gat_hidden_dim=64;gnn_input_clip=1.0;gnn_input_scale=0;graph_metric=cosine;hyp_gnn_type=gat;hyperbolic_gnn=1;hyperbolic_readout=1;jk_mode=cat;learnable_curvature=0;lr=0.001;num_layers=2;proj_dim=128;readout_clip=0.7;readout_scale=1;scorer_hidden=256;tau_quantile=0.05;weight_decay=5e-05,64,cosine,cat,0.001,2,128,256,0.05,5e-05,82.21,112.73,0.05043,0.0,,,,0.25,1,0,0.7,1,1.0,0,gat,1,
glue|roberta-base|mrpc_wide|BC|t4|s42|tune,glue,roberta-base,mrpc_wide,mrpc,BC,tune,4,42,f1,curvature=4.0;gat_hidden_dim=128;gnn_input_clip=1.0;gnn_input_scale=1;graph_metric=cosine;hyp_gnn_type=gat;hyperbolic_gnn=1;hyperbolic_readout=1;jk_mode=max;learnable_curvature=1;lr=0.0002;num_layers=2;proj_dim=512;readout_clip=0.0;readout_scale=0;scorer_hidden=256;tau_quantile=0.025;weight_decay=0.0,128,cosine,max,0.0002,2,512,256,0.025,0.0,81.22,116.63,0.02518,0.0,,,,4.0,1,1,0.0,0,1.0,1,gat,1,
glue|roberta-base|mrpc_wide|BC|t5|s42|tune,glue,roberta-base,mrpc_wide,mrpc,BC,tune,5,42,f1,curvature=4.0;gat_hidden_dim=64;gnn_input_clip=0.7;gnn_input_scale=1;graph_metric=cosine;hyp_gnn_type=gat;hyperbolic_gnn=1;hyperbolic_readout=1;jk_mode=cat;learnable_curvature=1;lr=0.001;num_layers=2;proj_dim=256;readout_clip=0.0;readout_scale=1;scorer_hidden=256;tau_quantile=0.1;weight_decay=1e-05,64,cosine,cat,0.001,2,256,256,0.1,1e-05,81.85,116.36,0.09991,0.0,,,,4.0,1,1,0.0,1,0.7,1,gat,1,
glue|roberta-base|mrpc_wide|BC|t6|s42|tune,glue,roberta-base,mrpc_wide,mrpc,BC,tune,6,42,f1,curvature=4.0;gat_hidden_dim=128;gnn_input_clip=0.3;gnn_input_scale=0;graph_metric=cosine;hyp_gnn_type=gcn;hyperbolic_gnn=1;hyperbolic_readout=1;jk_mode=cat;learnable_curvature=0;lr=2e-05;num_layers=2;proj_dim=128;readout_clip=0.7;readout_scale=1;scorer_hidden=256;tau_quantile=0.1;weight_decay=0.0,128,cosine,cat,2e-05,2,128,256,0.1,0.0,81.22,114.37,0.10001,0.0,,,,4.0,1,0,0.7,1,0.3,0,gcn,1,
glue|roberta-base|mrpc_wide|BC|t7|s42|tune,glue,roberta-base,mrpc_wide,mrpc,BC,tune,7,42,f1,curvature=1.0;gat_hidden_dim=64;gnn_input_clip=0.3;gnn_input_scale=1;graph_metric=cosine;hyp_gnn_type=gcn;hyperbolic_gnn=1;hyperbolic_readout=1;jk_mode=max;learnable_curvature=1;lr=0.0002;num_layers=2;proj_dim=128;readout_clip=0.0;readout_scale=1;scorer_hidden=256;tau_quantile=0.1;weight_decay=5e-05,64,cosine,max,0.0002,2,128,256,0.1,5e-05,81.22,118.2,0.1,0.0,,,,1.0,1,1,0.0,1,0.3,1,gcn,1,
glue|roberta-base|mrpc_wide|BC|t8|s42|tune,glue,roberta-base,mrpc_wide,mrpc,BC,tune,8,42,f1,curvature=4.0;gat_hidden_dim=128;gnn_input_clip=0.3;gnn_input_scale=0;graph_metric=cosine;hyp_gnn_type=gcn;hyperbolic_gnn=1;hyperbolic_readout=1;jk_mode=max;learnable_curvature=1;lr=2e-05;num_layers=4;proj_dim=128;readout_clip=0.7;readout_scale=1;scorer_hidden=256;tau_quantile=0.2;weight_decay=5e-05,128,cosine,max,2e-05,4,128,256,0.2,5e-05,81.22,134.49,0.19948,0.0,,,,4.0,1,1,0.7,1,0.3,0,gcn,1,
glue|roberta-base|mrpc_wide|BC|t9|s42|tune,glue,roberta-base,mrpc_wide,mrpc,BC,tune,9,42,f1,curvature=0.25;gat_hidden_dim=64;gnn_input_clip=0.7;gnn_input_scale=0;graph_metric=cosine;hyp_gnn_type=gcn;hyperbolic_gnn=1;hyperbolic_readout=1;jk_mode=max;learnable_curvature=1;lr=2e-05;num_layers=4;proj_dim=128;readout_clip=0.7;readout_scale=0;scorer_hidden=256;tau_quantile=0.1;weight_decay=5e-05,64,cosine,max,2e-05,4,128,256,0.1,5e-05,81.22,134.51,0.10003,0.0,,,,0.25,1,1,0.7,0,0.7,0,gcn,1,
glue|roberta-base|mrpc_wide|BC|t10|s42|tune,glue,roberta-base,mrpc_wide,mrpc,BC,tune,10,42,f1,curvature=0.25;gat_hidden_dim=128;gnn_input_clip=0.3;gnn_input_scale=0;graph_metric=cosine;hyp_gnn_type=gat;hyperbolic_gnn=1;hyperbolic_readout=1;jk_mode=cat;learnable_curvature=0;lr=0.0002;num_layers=2;proj_dim=128;readout_clip=0.7;readout_scale=1;scorer_hidden=128;tau_quantile=0.05;weight_decay=5e-05,128,cosine,cat,0.0002,2,128,128,0.05,5e-05,81.22,112.2,0.05044,0.0,,,,0.25,1,0,0.7,1,0.3,0,gat,1,
glue|roberta-base|mrpc_wide|BC|t11|s42|tune,glue,roberta-base,mrpc_wide,mrpc,BC,tune,11,42,f1,curvature=4.0;gat_hidden_dim=128;gnn_input_clip=0.0;gnn_input_scale=1;graph_metric=cosine;hyp_gnn_type=gcn;hyperbolic_gnn=1;hyperbolic_readout=1;jk_mode=max;learnable_curvature=1;lr=0.001;num_layers=2;proj_dim=128;readout_clip=0.0;readout_scale=1;scorer_hidden=256;tau_quantile=0.1;weight_decay=1e-05,128,cosine,max,0.001,2,128,256,0.1,1e-05,82.46,118.74,0.09999,0.0,,,,4.0,1,1,0.0,1,0.0,1,gcn,1,
glue|roberta-base|mrpc_wide|BC|t12|s42|tune,glue,roberta-base,mrpc_wide,mrpc,BC,tune,12,42,f1,curvature=4.0;gat_hidden_dim=64;gnn_input_clip=1.0;gnn_input_scale=1;graph_metric=cosine;hyp_gnn_type=gcn;hyperbolic_gnn=1;hyperbolic_readout=1;jk_mode=cat;learnable_curvature=1;lr=2e-05;num_layers=2;proj_dim=128;readout_clip=0.0;readout_scale=1;scorer_hidden=256;tau_quantile=0.38;weight_decay=5e-05,64,cosine,cat,2e-05,2,128,256,0.38,5e-05,81.22,118.88,0.37963,0.0,,,,4.0,1,1,0.0,1,1.0,1,gcn,1,
glue|roberta-base|mrpc_wide|BC|t13|s42|tune,glue,roberta-base,mrpc_wide,mrpc,BC,tune,13,42,f1,curvature=4.0;gat_hidden_dim=256;gnn_input_clip=0.0;gnn_input_scale=0;graph_metric=cosine;hyp_gnn_type=gcn;hyperbolic_gnn=1;hyperbolic_readout=1;jk_mode=max;learnable_curvature=1;lr=0.001;num_layers=4;proj_dim=128;readout_clip=0.0;readout_scale=1;scorer_hidden=256;tau_quantile=0.1;weight_decay=5e-05,256,cosine,max,0.001,4,128,256,0.1,5e-05,81.95,134.09,0.10004,0.0,,,,4.0,1,1,0.0,1,0.0,0,gcn,1,
glue|roberta-base|mrpc_wide|BC|t14|s42|tune,glue,roberta-base,mrpc_wide,mrpc,BC,tune,14,42,f1,curvature=4.0;gat_hidden_dim=128;gnn_input_clip=0.3;gnn_input_scale=0;graph_metric=cosine;hyp_gnn_type=gat;hyperbolic_gnn=1;hyperbolic_readout=1;jk_mode=max;learnable_curvature=1;lr=2e-05;num_layers=4;proj_dim=128;readout_clip=0.0;readout_scale=0;scorer_hidden=128;tau_quantile=0.2;weight_decay=1e-05,128,cosine,max,2e-05,4,128,128,0.2,1e-05,81.22,129.02,0.19949,0.0,,,,4.0,1,1,0.0,0,0.3,0,gat,1,
glue|roberta-base|mrpc_wide|BC|t15|s42|tune,glue,roberta-base,mrpc_wide,mrpc,BC,tune,15,42,f1,curvature=0.25;gat_hidden_dim=256;gnn_input_clip=0.7;gnn_input_scale=1;graph_metric=cosine;hyp_gnn_type=gat;hyperbolic_gnn=1;hyperbolic_readout=1;jk_mode=cat;learnable_curvature=1;lr=0.0002;num_layers=4;proj_dim=256;readout_clip=1.0;readout_scale=1;scorer_hidden=128;tau_quantile=0.1;weight_decay=0.0,256,cosine,cat,0.0002,4,256,128,0.1,0.0,81.46,129.0,0.10004,0.0,,,,0.25,1,1,1.0,1,0.7,1,gat,1,
glue|roberta-base|mrpc_wide|BC|t16|s42|tune,glue,roberta-base,mrpc_wide,mrpc,BC,tune,16,42,f1,curvature=0.25;gat_hidden_dim=256;gnn_input_clip=0.0;gnn_input_scale=1;graph_metric=cosine;hyp_gnn_type=gcn;hyperbolic_gnn=1;hyperbolic_readout=1;jk_mode=max;learnable_curvature=0;lr=2e-05;num_layers=2;proj_dim=512;readout_clip=0.0;readout_scale=1;scorer_hidden=256;tau_quantile=0.05;weight_decay=0.0,256,cosine,max,2e-05,2,512,256,0.05,0.0,81.22,115.0,0.0503,0.0,,,,0.25,1,0,0.0,1,0.0,1,gcn,1,
glue|roberta-base|mrpc_wide|BC|t17|s42|tune,glue,roberta-base,mrpc_wide,mrpc,BC,tune,17,42,f1,curvature=1.0;gat_hidden_dim=64;gnn_input_clip=0.0;gnn_input_scale=0;graph_metric=cosine;hyp_gnn_type=gat;hyperbolic_gnn=1;hyperbolic_readout=1;jk_mode=max;learnable_curvature=1;lr=0.001;num_layers=2;proj_dim=512;readout_clip=1.0;readout_scale=1;scorer_hidden=256;tau_quantile=0.1;weight_decay=0.0,64,cosine,max,0.001,2,512,256,0.1,0.0,82.58,115.45,0.09998,0.0,,,,1.0,1,1,1.0,1,0.0,0,gat,1,
glue|roberta-base|mrpc_wide|BC|t18|s42|tune,glue,roberta-base,mrpc_wide,mrpc,BC,tune,18,42,f1,curvature=0.25;gat_hidden_dim=256;gnn_input_clip=0.3;gnn_input_scale=0;graph_metric=cosine;hyp_gnn_type=gcn;hyperbolic_gnn=1;hyperbolic_readout=1;jk_mode=cat;learnable_curvature=1;lr=0.001;num_layers=2;proj_dim=256;readout_clip=0.7;readout_scale=0;scorer_hidden=256;tau_quantile=0.38;weight_decay=0.0,256,cosine,cat,0.001,2,256,256,0.38,0.0,81.71,118.91,0.37952,0.0,,,,0.25,1,1,0.7,0,0.3,0,gcn,1,
glue|roberta-base|mrpc_wide|BC|t19|s42|tune,glue,roberta-base,mrpc_wide,mrpc,BC,tune,19,42,f1,curvature=0.25;gat_hidden_dim=256;gnn_input_clip=0.3;gnn_input_scale=1;graph_metric=cosine;hyp_gnn_type=gat;hyperbolic_gnn=1;hyperbolic_readout=1;jk_mode=cat;learnable_curvature=1;lr=0.0002;num_layers=4;proj_dim=256;readout_clip=1.0;readout_scale=1;scorer_hidden=256;tau_quantile=0.2;weight_decay=0.0,256,cosine,cat,0.0002,4,256,256,0.2,0.0,81.22,128.97,0.19951,0.0,,,,0.25,1,1,1.0,1,0.3,1,gat,1,
glue|roberta-base|mrpc_wide|BC|t20|s42|tune,glue,roberta-base,mrpc_wide,mrpc,BC,tune,20,42,f1,curvature=0.25;gat_hidden_dim=64;gnn_input_clip=0.3;gnn_input_scale=1;graph_metric=cosine;hyp_gnn_type=gcn;hyperbolic_gnn=1;hyperbolic_readout=1;jk_mode=cat;learnable_curvature=1;lr=0.0002;num_layers=4;proj_dim=128;readout_clip=1.0;readout_scale=0;scorer_hidden=128;tau_quantile=0.05;weight_decay=0.0,64,cosine,cat,0.0002,4,128,128,0.05,0.0,81.22,134.26,0.05034,0.0,,,,0.25,1,1,1.0,0,0.3,1,gcn,1,
glue|roberta-base|mrpc_wide|BC|t21|s42|tune,glue,roberta-base,mrpc_wide,mrpc,BC,tune,21,42,f1,curvature=4.0;gat_hidden_dim=128;gnn_input_clip=0.3;gnn_input_scale=0;graph_metric=cosine;hyp_gnn_type=gcn;hyperbolic_gnn=1;hyperbolic_readout=1;jk_mode=cat;learnable_curvature=1;lr=0.001;num_layers=4;proj_dim=256;readout_clip=0.0;readout_scale=1;scorer_hidden=256;tau_quantile=0.2;weight_decay=0.0,128,cosine,cat,0.001,4,256,256,0.2,0.0,81.22,134.74,0.19953,0.0,,,,4.0,1,1,0.0,1,0.3,0,gcn,1,
glue|roberta-base|mrpc_wide|BC|t22|s42|tune,glue,roberta-base,mrpc_wide,mrpc,BC,tune,22,42,f1,curvature=0.25;gat_hidden_dim=256;gnn_input_clip=1.0;gnn_input_scale=0;graph_metric=cosine;hyp_gnn_type=gcn;hyperbolic_gnn=1;hyperbolic_readout=1;jk_mode=max;learnable_curvature=1;lr=2e-05;num_layers=4;proj_dim=512;readout_clip=0.7;readout_scale=1;scorer_hidden=256;tau_quantile=0.1;weight_decay=5e-05,256,cosine,max,2e-05,4,512,256,0.1,5e-05,81.22,136.13,0.10004,0.0,,,,0.25,1,1,0.7,1,1.0,0,gcn,1,
glue|roberta-base|mrpc_wide|BC|t23|s42|tune,glue,roberta-base,mrpc_wide,mrpc,BC,tune,23,42,f1,curvature=1.0;gat_hidden_dim=256;gnn_input_clip=1.0;gnn_input_scale=1;graph_metric=cosine;hyp_gnn_type=gcn;hyperbolic_gnn=1;hyperbolic_readout=1;jk_mode=max;learnable_curvature=1;lr=2e-05;num_layers=2;proj_dim=256;readout_clip=0.3;readout_scale=0;scorer_hidden=256;tau_quantile=0.025;weight_decay=0.0,256,cosine,max,2e-05,2,256,256,0.025,0.0,81.22,119.31,0.02528,0.0,,,,1.0,1,1,0.3,0,1.0,1,gcn,1,
glue|roberta-base|mrpc_wide|BC|t24|s42|tune,glue,roberta-base,mrpc_wide,mrpc,BC,tune,24,42,f1,curvature=1.0;gat_hidden_dim=64;gnn_input_clip=1.0;gnn_input_scale=1;graph_metric=cosine;hyp_gnn_type=gcn;hyperbolic_gnn=1;hyperbolic_readout=1;jk_mode=cat;learnable_curvature=1;lr=0.0002;num_layers=4;proj_dim=256;readout_clip=0.0;readout_scale=1;scorer_hidden=128;tau_quantile=0.025;weight_decay=0.0,64,cosine,cat,0.0002,4,256,128,0.025,0.0,81.54,134.07,0.0251,0.0,,,,1.0,1,1,0.0,1,1.0,1,gcn,1,
glue|roberta-base|mrpc_wide|BC|t25|s42|tune,glue,roberta-base,mrpc_wide,mrpc,BC,tune,25,42,f1,curvature=0.25;gat_hidden_dim=128;gnn_input_clip=1.0;gnn_input_scale=1;graph_metric=cosine;hyp_gnn_type=gat;hyperbolic_gnn=1;hyperbolic_readout=1;jk_mode=cat;learnable_curvature=0;lr=2e-05;num_layers=2;proj_dim=512;readout_clip=0.7;readout_scale=1;scorer_hidden=128;tau_quantile=0.38;weight_decay=1e-05,128,cosine,cat,2e-05,2,512,128,0.38,1e-05,81.22,113.56,0.37962,0.0,,,,0.25,1,0,0.7,1,1.0,1,gat,1,
glue|roberta-base|mrpc_wide|BC|t26|s42|tune,glue,roberta-base,mrpc_wide,mrpc,BC,tune,26,42,f1,curvature=4.0;gat_hidden_dim=256;gnn_input_clip=0.7;gnn_input_scale=1;graph_metric=cosine;hyp_gnn_type=gat;hyperbolic_gnn=1;hyperbolic_readout=1;jk_mode=max;learnable_curvature=1;lr=0.001;num_layers=4;proj_dim=256;readout_clip=0.3;readout_scale=0;scorer_hidden=128;tau_quantile=0.1;weight_decay=1e-05,256,cosine,max,0.001,4,256,128,0.1,1e-05,82.26,129.49,0.1,0.0,,,,4.0,1,1,0.3,0,0.7,1,gat,1,
glue|roberta-base|mrpc_wide|BC|t27|s42|tune,glue,roberta-base,mrpc_wide,mrpc,BC,tune,27,42,f1,curvature=4.0;gat_hidden_dim=128;gnn_input_clip=0.0;gnn_input_scale=0;graph_metric=cosine;hyp_gnn_type=gat;hyperbolic_gnn=1;hyperbolic_readout=1;jk_mode=max;learnable_curvature=1;lr=0.001;num_layers=2;proj_dim=128;readout_clip=0.0;readout_scale=0;scorer_hidden=128;tau_quantile=0.2;weight_decay=1e-05,128,cosine,max,0.001,2,128,128,0.2,1e-05,81.95,115.93,0.19952,0.0,,,,4.0,1,1,0.0,0,0.0,0,gat,1,
glue|roberta-base|mrpc_wide|BC|t28|s42|tune,glue,roberta-base,mrpc_wide,mrpc,BC,tune,28,42,f1,curvature=0.25;gat_hidden_dim=256;gnn_input_clip=0.0;gnn_input_scale=0;graph_metric=cosine;hyp_gnn_type=gat;hyperbolic_gnn=1;hyperbolic_readout=1;jk_mode=max;learnable_curvature=1;lr=2e-05;num_layers=2;proj_dim=256;readout_clip=0.7;readout_scale=1;scorer_hidden=256;tau_quantile=0.38;weight_decay=5e-05,256,cosine,max,2e-05,2,256,256,0.38,5e-05,81.22,116.37,0.37954,0.0,,,,0.25,1,1,0.7,1,0.0,0,gat,1,
glue|roberta-base|mrpc_wide|BC|t29|s42|tune,glue,roberta-base,mrpc_wide,mrpc,BC,tune,29,42,f1,curvature=4.0;gat_hidden_dim=256;gnn_input_clip=0.3;gnn_input_scale=1;graph_metric=cosine;hyp_gnn_type=gat;hyperbolic_gnn=1;hyperbolic_readout=1;jk_mode=max;learnable_curvature=1;lr=0.0002;num_layers=2;proj_dim=128;readout_clip=0.3;readout_scale=1;scorer_hidden=128;tau_quantile=0.38;weight_decay=5e-05,256,cosine,max,0.0002,2,128,128,0.38,5e-05,81.22,116.79,0.37954,0.0,,,,4.0,1,1,0.3,1,0.3,1,gat,1,
glue|roberta-base|mrpc_wide|BC|t30|s42|tune,glue,roberta-base,mrpc_wide,mrpc,BC,tune,30,42,f1,curvature=1.0;gat_hidden_dim=64;gnn_input_clip=1.0;gnn_input_scale=1;graph_metric=cosine;hyp_gnn_type=gcn;hyperbolic_gnn=1;hyperbolic_readout=1;jk_mode=cat;learnable_curvature=0;lr=2e-05;num_layers=4;proj_dim=512;readout_clip=0.0;readout_scale=1;scorer_hidden=128;tau_quantile=0.05;weight_decay=0.0,64,cosine,cat,2e-05,4,512,128,0.05,0.0,81.22,126.77,0.05034,0.0,,,,1.0,1,0,0.0,1,1.0,1,gcn,1,
glue|roberta-base|mrpc_wide|BC|t31|s42|tune,glue,roberta-base,mrpc_wide,mrpc,BC,tune,31,42,f1,curvature=4.0;gat_hidden_dim=256;gnn_input_clip=1.0;gnn_input_scale=0;graph_metric=cosine;hyp_gnn_type=gat;hyperbolic_gnn=1;hyperbolic_readout=1;jk_mode=cat;learnable_curvature=1;lr=0.001;num_layers=4;proj_dim=256;readout_clip=0.0;readout_scale=1;scorer_hidden=256;tau_quantile=0.05;weight_decay=5e-05,256,cosine,cat,0.001,4,256,256,0.05,5e-05,81.52,129.66,0.05042,0.0,,,,4.0,1,1,0.0,1,1.0,0,gat,1,
glue|roberta-base|mrpc_wide|BC|t32|s42|tune,glue,roberta-base,mrpc_wide,mrpc,BC,tune,32,42,f1,curvature=0.25;gat_hidden_dim=64;gnn_input_clip=1.0;gnn_input_scale=0;graph_metric=cosine;hyp_gnn_type=gat;hyperbolic_gnn=1;hyperbolic_readout=1;jk_mode=cat;learnable_curvature=0;lr=0.001;num_layers=2;proj_dim=512;readout_clip=0.0;readout_scale=0;scorer_hidden=128;tau_quantile=0.1;weight_decay=5e-05,64,cosine,cat,0.001,2,512,128,0.1,5e-05,81.85,111.57,0.09991,0.0,,,,0.25,1,0,0.0,0,1.0,0,gat,1,
glue|roberta-base|mrpc_wide|BC|t33|s42|tune,glue,roberta-base,mrpc_wide,mrpc,BC,tune,33,42,f1,curvature=0.25;gat_hidden_dim=256;gnn_input_clip=1.0;gnn_input_scale=0;graph_metric=cosine;hyp_gnn_type=gcn;hyperbolic_gnn=1;hyperbolic_readout=1;jk_mode=cat;learnable_curvature=1;lr=0.001;num_layers=2;proj_dim=512;readout_clip=0.0;readout_scale=0;scorer_hidden=128;tau_quantile=0.05;weight_decay=5e-05,256,cosine,cat,0.001,2,512,128,0.05,5e-05,82.04,119.15,0.05033,0.0,,,,0.25,1,1,0.0,0,1.0,0,gcn,1,
glue|roberta-base|mrpc_wide|BC|t34|s42|tune,glue,roberta-base,mrpc_wide,mrpc,BC,tune,34,42,f1,curvature=0.25;gat_hidden_dim=256;gnn_input_clip=0.7;gnn_input_scale=1;graph_metric=cosine;hyp_gnn_type=gcn;hyperbolic_gnn=1;hyperbolic_readout=1;jk_mode=max;learnable_curvature=1;lr=2e-05;num_layers=2;proj_dim=256;readout_clip=0.3;readout_scale=1;scorer_hidden=128;tau_quantile=0.2;weight_decay=0.0,256,cosine,max,2e-05,2,256,128,0.2,0.0,81.22,119.63,0.19957,0.0,,,,0.25,1,1,0.3,1,0.7,1,gcn,1,
glue|roberta-base|mrpc_wide|BC|t35|s42|tune,glue,roberta-base,mrpc_wide,mrpc,BC,tune,35,42,f1,curvature=4.0;gat_hidden_dim=64;gnn_input_clip=0.3;gnn_input_scale=0;graph_metric=cosine;hyp_gnn_type=gat;hyperbolic_gnn=1;hyperbolic_readout=1;jk_mode=max;learnable_curvature=0;lr=2e-05;num_layers=2;proj_dim=256;readout_clip=0.7;readout_scale=1;scorer_hidden=256;tau_quantile=0.1;weight_decay=5e-05,64,cosine,max,2e-05,2,256,256,0.1,5e-05,0.0,112.12,0.09998,0.0,,,,4.0,1,0,0.7,1,0.3,0,gat,1,
glue|roberta-base|mrpc_wide|BC|t36|s42|tune,glue,roberta-base,mrpc_wide,mrpc,BC,tune,36,42,f1,curvature=0.25;gat_hidden_dim=256;gnn_input_clip=0.3;gnn_input_scale=1;graph_metric=cosine;hyp_gnn_type=gat;hyperbolic_gnn=1;hyperbolic_readout=1;jk_mode=cat;learnable_curvature=0;lr=0.001;num_layers=4;proj_dim=128;readout_clip=0.3;readout_scale=1;scorer_hidden=256;tau_quantile=0.2;weight_decay=0.0,256,cosine,cat,0.001,4,128,256,0.2,0.0,82.14,124.2,0.19951,0.0,,,,0.25,1,0,0.3,1,0.3,1,gat,1,
glue|roberta-base|mrpc_wide|BC|t37|s42|tune,glue,roberta-base,mrpc_wide,mrpc,BC,tune,37,42,f1,curvature=0.25;gat_hidden_dim=128;gnn_input_clip=1.0;gnn_input_scale=0;graph_metric=cosine;hyp_gnn_type=gat;hyperbolic_gnn=1;hyperbolic_readout=1;jk_mode=cat;learnable_curvature=1;lr=2e-05;num_layers=4;proj_dim=512;readout_clip=1.0;readout_scale=1;scorer_hidden=128;tau_quantile=0.2;weight_decay=1e-05,128,cosine,cat,2e-05,4,512,128,0.2,1e-05,81.22,129.2,0.19953,0.0,,,,0.25,1,1,1.0,1,1.0,0,gat,1,
glue|roberta-base|mrpc_wide|BC|t38|s42|tune,glue,roberta-base,mrpc_wide,mrpc,BC,tune,38,42,f1,curvature=4.0;gat_hidden_dim=64;gnn_input_clip=1.0;gnn_input_scale=0;graph_metric=cosine;hyp_gnn_type=gat;hyperbolic_gnn=1;hyperbolic_readout=1;jk_mode=cat;learnable_curvature=0;lr=0.0002;num_layers=4;proj_dim=512;readout_clip=0.3;readout_scale=0;scorer_hidden=256;tau_quantile=0.2;weight_decay=1e-05,64,cosine,cat,0.0002,4,512,256,0.2,1e-05,81.22,122.22,0.19953,0.0,,,,4.0,1,0,0.3,0,1.0,0,gat,1,
glue|roberta-base|mrpc_wide|BC|t39|s42|tune,glue,roberta-base,mrpc_wide,mrpc,BC,tune,39,42,f1,curvature=0.25;gat_hidden_dim=64;gnn_input_clip=1.0;gnn_input_scale=0;graph_metric=cosine;hyp_gnn_type=gat;hyperbolic_gnn=1;hyperbolic_readout=1;jk_mode=cat;learnable_curvature=1;lr=0.001;num_layers=4;proj_dim=512;readout_clip=1.0;readout_scale=1;scorer_hidden=128;tau_quantile=0.025;weight_decay=0.0,64,cosine,cat,0.001,4,512,128,0.025,0.0,82.09,128.97,0.02512,0.0,,,,0.25,1,1,1.0,1,1.0,0,gat,1,
glue|roberta-base|mrpc_wide|ABC|t0|s42|tune,glue,roberta-base,mrpc_wide,mrpc,ABC,tune,0,42,f1,curvature=1.0;feature_mode=center;gat_hidden_dim=128;gnn_input_clip=0.7;gnn_input_scale=0;graph_curvature=1.0;graph_metric=poincare;hyp_gnn_type=gat;hyperbolic_gnn=1;hyperbolic_readout=1;jk_mode=cat;learnable_curvature=0;lr=0.001;num_layers=4;proj_dim=128;readout_clip=0.0;readout_scale=0;rho_quantile=0.025;scorer_hidden=128;weight_decay=0.0,128,poincare,cat,0.001,4,128,128,,0.0,81.66,145.19,0.02478,0.0,center,1.0,0.025,1.0,1,0,0.0,0,0.7,0,gat,1,
glue|roberta-base|mrpc_wide|ABC|t1|s42|tune,glue,roberta-base,mrpc_wide,mrpc,ABC,tune,1,42,f1,curvature=1.0;feature_mode=unit;gat_hidden_dim=256;gnn_input_clip=0.0;gnn_input_scale=1;graph_curvature=1.0;graph_metric=poincare;hyp_gnn_type=gat;hyperbolic_gnn=1;hyperbolic_readout=1;jk_mode=cat;learnable_curvature=1;lr=0.001;num_layers=2;proj_dim=256;readout_clip=0.0;readout_scale=0;rho_quantile=0.2;scorer_hidden=128;weight_decay=5e-05,256,poincare,cat,0.001,2,256,128,,5e-05,82.25,139.19,0.19932,0.0,unit,1.0,0.2,1.0,1,1,0.0,0,0.0,1,gat,1,
glue|roberta-base|mrpc_wide|ABC|t2|s42|tune,glue,roberta-base,mrpc_wide,mrpc,ABC,tune,2,42,f1,curvature=4.0;feature_mode=center;gat_hidden_dim=128;gnn_input_clip=0.7;gnn_input_scale=0;graph_curvature=0.25;graph_metric=poincare;hyp_gnn_type=gcn;hyperbolic_gnn=1;hyperbolic_readout=1;jk_mode=max;learnable_curvature=0;lr=2e-05;num_layers=4;proj_dim=512;readout_clip=0.7;readout_scale=0;rho_quantile=0.025;scorer_hidden=256;weight_decay=1e-05,128,poincare,max,2e-05,4,512,256,,1e-05,81.22,148.19,0.02486,0.0,center,0.25,0.025,4.0,1,0,0.7,0,0.7,0,gcn,1,
glue|roberta-base|mrpc_wide|ABC|t3|s42|tune,glue,roberta-base,mrpc_wide,mrpc,ABC,tune,3,42,f1,curvature=1.0;feature_mode=center_unit;gat_hidden_dim=256;gnn_input_clip=0.0;gnn_input_scale=0;graph_curvature=1.0;graph_metric=poincare;hyp_gnn_type=gcn;hyperbolic_gnn=1;hyperbolic_readout=1;jk_mode=max;learnable_curvature=1;lr=2e-05;num_layers=2;proj_dim=256;readout_clip=1.0;readout_scale=1;rho_quantile=0.025;scorer_hidden=256;weight_decay=1e-05,256,poincare,max,2e-05,2,256,256,,1e-05,81.22,144.72,0.02499,0.0,center_unit,1.0,0.025,1.0,1,1,1.0,1,0.0,0,gcn,1,
glue|roberta-base|mrpc_wide|ABC|t4|s42|tune,glue,roberta-base,mrpc_wide,mrpc,ABC,tune,4,42,f1,curvature=1.0;feature_mode=unit;gat_hidden_dim=64;gnn_input_clip=0.3;gnn_input_scale=0;graph_curvature=1.0;graph_metric=poincare;hyp_gnn_type=gcn;hyperbolic_gnn=1;hyperbolic_readout=1;jk_mode=cat;learnable_curvature=0;lr=0.001;num_layers=2;proj_dim=128;readout_clip=0.3;readout_scale=1;rho_quantile=0.025;scorer_hidden=128;weight_decay=1e-05,64,poincare,cat,0.001,2,128,128,,1e-05,81.71,138.47,0.02481,0.0,unit,1.0,0.025,1.0,1,0,0.3,1,0.3,0,gcn,1,
glue|roberta-base|mrpc_wide|ABC|t5|s42|tune,glue,roberta-base,mrpc_wide,mrpc,ABC,tune,5,42,f1,curvature=1.0;feature_mode=center_unit;gat_hidden_dim=128;gnn_input_clip=0.3;gnn_input_scale=0;graph_curvature=4.0;graph_metric=poincare;hyp_gnn_type=gcn;hyperbolic_gnn=1;hyperbolic_readout=1;jk_mode=cat;learnable_curvature=1;lr=2e-05;num_layers=2;proj_dim=512;readout_clip=1.0;readout_scale=0;rho_quantile=0.025;scorer_hidden=256;weight_decay=1e-05,128,poincare,cat,2e-05,2,512,256,,1e-05,81.22,143.98,0.02484,0.0,center_unit,4.0,0.025,1.0,1,1,1.0,0,0.3,0,gcn,1,
glue|roberta-base|mrpc_wide|ABC|t6|s42|tune,glue,roberta-base,mrpc_wide,mrpc,ABC,tune,6,42,f1,curvature=4.0;feature_mode=unit;gat_hidden_dim=128;gnn_input_clip=1.0;gnn_input_scale=0;graph_curvature=9.0;graph_metric=poincare;hyp_gnn_type=gcn;hyperbolic_gnn=1;hyperbolic_readout=1;jk_mode=cat;learnable_curvature=0;lr=0.0002;num_layers=4;proj_dim=512;readout_clip=0.7;readout_scale=0;rho_quantile=0.025;scorer_hidden=256;weight_decay=0.0,128,poincare,cat,0.0002,4,512,256,,0.0,81.22,151.19,0.02486,0.0,unit,9.0,0.025,4.0,1,0,0.7,0,1.0,0,gcn,1,
glue|roberta-base|mrpc_wide|ABC|t7|s42|tune,glue,roberta-base,mrpc_wide,mrpc,ABC,tune,7,42,f1,curvature=0.25;feature_mode=center;gat_hidden_dim=64;gnn_input_clip=0.0;gnn_input_scale=0;graph_curvature=1.0;graph_metric=poincare;hyp_gnn_type=gat;hyperbolic_gnn=1;hyperbolic_readout=1;jk_mode=max;learnable_curvature=1;lr=0.0002;num_layers=4;proj_dim=256;readout_clip=0.7;readout_scale=1;rho_quantile=0.2;scorer_hidden=128;weight_decay=5e-05,64,poincare,max,0.0002,4,256,128,,5e-05,81.22,153.13,0.19835,0.0,center,1.0,0.2,0.25,1,1,0.7,1,0.0,0,gat,1,
glue|roberta-base|mrpc_wide|ABC|t8|s42|tune,glue,roberta-base,mrpc_wide,mrpc,ABC,tune,8,42,f1,curvature=0.25;feature_mode=center_unit;gat_hidden_dim=128;gnn_input_clip=0.3;gnn_input_scale=0;graph_curvature=1.0;graph_metric=poincare;hyp_gnn_type=gat;hyperbolic_gnn=1;hyperbolic_readout=1;jk_mode=cat;learnable_curvature=1;lr=0.0002;num_layers=4;proj_dim=512;readout_clip=0.3;readout_scale=0;rho_quantile=0.2;scorer_hidden=256;weight_decay=5e-05,128,poincare,cat,0.0002,4,512,256,,5e-05,81.22,154.84,0.19931,0.0,center_unit,1.0,0.2,0.25,1,1,0.3,0,0.3,0,gat,1,
glue|roberta-base|mrpc_wide|ABC|t9|s42|tune,glue,roberta-base,mrpc_wide,mrpc,ABC,tune,9,42,f1,curvature=4.0;feature_mode=cls_root_unit;gat_hidden_dim=64;gnn_input_clip=0.0;gnn_input_scale=1;graph_curvature=2.25;graph_metric=poincare;hyp_gnn_type=gcn;hyperbolic_gnn=1;hyperbolic_readout=1;jk_mode=max;learnable_curvature=1;lr=0.0002;num_layers=2;proj_dim=256;readout_clip=1.0;readout_scale=0;rho_quantile=0.05;scorer_hidden=128;weight_decay=5e-05,64,poincare,max,0.0002,2,256,128,,5e-05,81.22,143.57,0.05023,0.0,cls_root_unit,2.25,0.05,4.0,1,1,1.0,0,0.0,1,gcn,1,
glue|roberta-base|mrpc_wide|ABC|t10|s42|tune,glue,roberta-base,mrpc_wide,mrpc,ABC,tune,10,42,f1,curvature=0.25;feature_mode=center_unit;gat_hidden_dim=256;gnn_input_clip=0.3;gnn_input_scale=0;graph_curvature=2.25;graph_metric=poincare;hyp_gnn_type=gcn;hyperbolic_gnn=1;hyperbolic_readout=1;jk_mode=cat;learnable_curvature=0;lr=0.0002;num_layers=4;proj_dim=512;readout_clip=0.3;readout_scale=1;rho_quantile=0.025;scorer_hidden=128;weight_decay=0.0,256,poincare,cat,0.0002,4,512,128,,0.0,81.22,152.18,0.02478,0.0,center_unit,2.25,0.025,0.25,1,0,0.3,1,0.3,0,gcn,1,
glue|roberta-base|mrpc_wide|ABC|t11|s42|tune,glue,roberta-base,mrpc_wide,mrpc,ABC,tune,11,42,f1,curvature=0.25;feature_mode=unit;gat_hidden_dim=64;gnn_input_clip=0.7;gnn_input_scale=1;graph_curvature=1.0;graph_metric=poincare;hyp_gnn_type=gat;hyperbolic_gnn=1;hyperbolic_readout=1;jk_mode=max;learnable_curvature=1;lr=2e-05;num_layers=2;proj_dim=256;readout_clip=1.0;readout_scale=0;rho_quantile=0.2;scorer_hidden=128;weight_decay=1e-05,64,poincare,max,2e-05,2,256,128,,1e-05,81.22,138.68,0.19935,0.0,unit,1.0,0.2,0.25,1,1,1.0,0,0.7,1,gat,1,
glue|roberta-base|mrpc_wide|ABC|t12|s42|tune,glue,roberta-base,mrpc_wide,mrpc,ABC,tune,12,42,f1,curvature=0.25;feature_mode=cls_root_unit;gat_hidden_dim=256;gnn_input_clip=0.3;gnn_input_scale=0;graph_curvature=1.0;graph_metric=poincare;hyp_gnn_type=gat;hyperbolic_gnn=1;hyperbolic_readout=1;jk_mode=cat;learnable_curvature=1;lr=0.0002;num_layers=4;proj_dim=128;readout_clip=0.0;readout_scale=0;rho_quantile=0.025;scorer_hidden=256;weight_decay=0.0,256,poincare,cat,0.0002,4,128,256,,0.0,81.9,154.98,0.02482,0.0,cls_root_unit,1.0,0.025,0.25,1,1,0.0,0,0.3,0,gat,1,
glue|roberta-base|mrpc_wide|ABC|t13|s42|tune,glue,roberta-base,mrpc_wide,mrpc,ABC,tune,13,42,f1,curvature=1.0;feature_mode=unit;gat_hidden_dim=256;gnn_input_clip=0.3;gnn_input_scale=1;graph_curvature=1.0;graph_metric=poincare;hyp_gnn_type=gcn;hyperbolic_gnn=1;hyperbolic_readout=1;jk_mode=cat;learnable_curvature=1;lr=2e-05;num_layers=4;proj_dim=256;readout_clip=0.7;readout_scale=0;rho_quantile=0.2;scorer_hidden=128;weight_decay=0.0,256,poincare,cat,2e-05,4,256,128,,0.0,81.22,160.83,0.19929,0.0,unit,1.0,0.2,1.0,1,1,0.7,0,0.3,1,gcn,1,
glue|roberta-base|mrpc_wide|ABC|t14|s42|tune,glue,roberta-base,mrpc_wide,mrpc,ABC,tune,14,42,f1,curvature=4.0;feature_mode=unit;gat_hidden_dim=256;gnn_input_clip=0.3;gnn_input_scale=1;graph_curvature=9.0;graph_metric=poincare;hyp_gnn_type=gcn;hyperbolic_gnn=1;hyperbolic_readout=1;jk_mode=max;learnable_curvature=1;lr=2e-05;num_layers=2;proj_dim=256;readout_clip=0.3;readout_scale=0;rho_quantile=0.38;scorer_hidden=128;weight_decay=5e-05,256,poincare,max,2e-05,2,256,128,,5e-05,81.22,142.91,0.37921,0.0,unit,9.0,0.38,4.0,1,1,0.3,0,0.3,1,gcn,1,
glue|roberta-base|mrpc_wide|ABC|t15|s42|tune,glue,roberta-base,mrpc_wide,mrpc,ABC,tune,15,42,f1,curvature=0.25;feature_mode=center_unit;gat_hidden_dim=128;gnn_input_clip=1.0;gnn_input_scale=1;graph_curvature=9.0;graph_metric=poincare;hyp_gnn_type=gcn;hyperbolic_gnn=1;hyperbolic_readout=1;jk_mode=cat;learnable_curvature=0;lr=2e-05;num_layers=2;proj_dim=128;readout_clip=1.0;readout_scale=1;rho_quantile=0.05;scorer_hidden=128;weight_decay=0.0,128,poincare,cat,2e-05,2,128,128,,0.0,81.22,138.72,0.05011,0.0,center_unit,9.0,0.05,0.25,1,0,1.0,1,1.0,1,gcn,1,
glue|roberta-base|mrpc_wide|ABC|t16|s42|tune,glue,roberta-base,mrpc_wide,mrpc,ABC,tune,16,42,f1,curvature=4.0;feature_mode=center;gat_hidden_dim=128;gnn_input_clip=0.3;gnn_input_scale=0;graph_curvature=0.25;graph_metric=poincare;hyp_gnn_type=gcn;hyperbolic_gnn=1;hyperbolic_readout=1;jk_mode=cat;learnable_curvature=1;lr=2e-05;num_layers=4;proj_dim=512;readout_clip=0.0;readout_scale=0;rho_quantile=0.38;scorer_hidden=128;weight_decay=5e-05,128,poincare,cat,2e-05,4,512,128,,5e-05,81.22,158.67,0.37915,0.0,center,0.25,0.38,4.0,1,1,0.0,0,0.3,0,gcn,1,
glue|roberta-base|mrpc_wide|ABC|t17|s42|tune,glue,roberta-base,mrpc_wide,mrpc,ABC,tune,17,42,f1,curvature=4.0;feature_mode=center;gat_hidden_dim=256;gnn_input_clip=1.0;gnn_input_scale=0;graph_curvature=2.25;graph_metric=poincare;hyp_gnn_type=gcn;hyperbolic_gnn=1;hyperbolic_readout=1;jk_mode=cat;learnable_curvature=0;lr=0.0002;num_layers=2;proj_dim=512;readout_clip=0.7;readout_scale=1;rho_quantile=0.05;scorer_hidden=256;weight_decay=0.0,256,poincare,cat,0.0002,2,512,256,,0.0,81.22,139.33,0.04975,0.0,center,2.25,0.05,4.0,1,0,0.7,1,1.0,0,gcn,1,
glue|roberta-base|mrpc_wide|ABC|t18|s42|tune,glue,roberta-base,mrpc_wide,mrpc,ABC,tune,18,42,f1,curvature=4.0;feature_mode=unit;gat_hidden_dim=128;gnn_input_clip=0.0;gnn_input_scale=1;graph_curvature=1.0;graph_metric=poincare;hyp_gnn_type=gcn;hyperbolic_gnn=1;hyperbolic_readout=1;jk_mode=max;learnable_curvature=0;lr=2e-05;num_layers=4;proj_dim=512;readout_clip=0.0;readout_scale=0;rho_quantile=0.38;scorer_hidden=256;weight_decay=1e-05,128,poincare,max,2e-05,4,512,256,,1e-05,81.22,150.11,0.37932,0.0,unit,1.0,0.38,4.0,1,0,0.0,0,0.0,1,gcn,1,
glue|roberta-base|mrpc_wide|ABC|t19|s42|tune,glue,roberta-base,mrpc_wide,mrpc,ABC,tune,19,42,f1,curvature=1.0;feature_mode=unit;gat_hidden_dim=64;gnn_input_clip=0.0;gnn_input_scale=0;graph_curvature=2.25;graph_metric=poincare;hyp_gnn_type=gcn;hyperbolic_gnn=1;hyperbolic_readout=1;jk_mode=max;learnable_curvature=1;lr=0.001;num_layers=2;proj_dim=512;readout_clip=0.7;readout_scale=0;rho_quantile=0.05;scorer_hidden=128;weight_decay=1e-05,64,poincare,max,0.001,2,512,128,,1e-05,81.9,142.78,0.05023,0.0,unit,2.25,0.05,1.0,1,1,0.7,0,0.0,0,gcn,1,
glue|roberta-base|mrpc_wide|ABC|t20|s42|tune,glue,roberta-base,mrpc_wide,mrpc,ABC,tune,20,42,f1,curvature=1.0;feature_mode=center_unit;gat_hidden_dim=64;gnn_input_clip=0.3;gnn_input_scale=0;graph_curvature=9.0;graph_metric=poincare;hyp_gnn_type=gat;hyperbolic_gnn=1;hyperbolic_readout=1;jk_mode=max;learnable_curvature=1;lr=2e-05;num_layers=4;proj_dim=512;readout_clip=0.7;readout_scale=0;rho_quantile=0.025;scorer_hidden=256;weight_decay=5e-05,64,poincare,max,2e-05,4,512,256,,5e-05,81.22,153.85,0.0248,0.0,center_unit,9.0,0.025,1.0,1,1,0.7,0,0.3,0,gat,1,
glue|roberta-base|mrpc_wide|ABC|t21|s42|tune,glue,roberta-base,mrpc_wide,mrpc,ABC,tune,21,42,f1,curvature=0.25;feature_mode=unit;gat_hidden_dim=256;gnn_input_clip=0.3;gnn_input_scale=1;graph_curvature=2.25;graph_metric=poincare;hyp_gnn_type=gcn;hyperbolic_gnn=1;hyperbolic_readout=1;jk_mode=cat;learnable_curvature=1;lr=0.0002;num_layers=2;proj_dim=128;readout_clip=0.3;readout_scale=0;rho_quantile=0.025;scorer_hidden=128;weight_decay=5e-05,256,poincare,cat,0.0002,2,128,128,,5e-05,81.22,143.74,0.02487,0.0,unit,2.25,0.025,0.25,1,1,0.3,0,0.3,1,gcn,1,
glue|roberta-base|mrpc_wide|ABC|t22|s42|tune,glue,roberta-base,mrpc_wide,mrpc,ABC,tune,22,42,f1,curvature=0.25;feature_mode=cls_root_unit;gat_hidden_dim=64;gnn_input_clip=0.0;gnn_input_scale=1;graph_curvature=4.0;graph_metric=poincare;hyp_gnn_type=gcn;hyperbolic_gnn=1;hyperbolic_readout=1;jk_mode=max;learnable_curvature=0;lr=2e-05;num_layers=4;proj_dim=512;readout_clip=0.7;readout_scale=0;rho_quantile=0.2;scorer_hidden=256;weight_decay=5e-05,64,poincare,max,2e-05,4,512,256,,5e-05,81.22,150.99,0.19935,0.0,cls_root_unit,4.0,0.2,0.25,1,0,0.7,0,0.0,1,gcn,1,
glue|roberta-base|mrpc_wide|ABC|t23|s42|tune,glue,roberta-base,mrpc_wide,mrpc,ABC,tune,23,42,f1,curvature=4.0;feature_mode=center_unit;gat_hidden_dim=256;gnn_input_clip=1.0;gnn_input_scale=0;graph_curvature=9.0;graph_metric=poincare;hyp_gnn_type=gcn;hyperbolic_gnn=1;hyperbolic_readout=1;jk_mode=cat;learnable_curvature=0;lr=0.0002;num_layers=2;proj_dim=256;readout_clip=0.0;readout_scale=0;rho_quantile=0.025;scorer_hidden=128;weight_decay=0.0,256,poincare,cat,0.0002,2,256,128,,0.0,81.22,137.32,0.02487,0.0,center_unit,9.0,0.025,4.0,1,0,0.0,0,1.0,0,gcn,1,
glue|roberta-base|mrpc_wide|ABC|t24|s42|tune,glue,roberta-base,mrpc_wide,mrpc,ABC,tune,24,42,f1,curvature=0.25;feature_mode=cls_root_unit;gat_hidden_dim=128;gnn_input_clip=0.0;gnn_input_scale=1;graph_curvature=4.0;graph_metric=poincare;hyp_gnn_type=gcn;hyperbolic_gnn=1;hyperbolic_readout=1;jk_mode=max;learnable_curvature=0;lr=2e-05;num_layers=2;proj_dim=512;readout_clip=0.3;readout_scale=0;rho_quantile=0.05;scorer_hidden=128;weight_decay=5e-05,128,poincare,max,2e-05,2,512,128,,5e-05,81.22,137.68,0.05027,0.0,cls_root_unit,4.0,0.05,0.25,1,0,0.3,0,0.0,1,gcn,1,
glue|roberta-base|mrpc_wide|ABC|t25|s42|tune,glue,roberta-base,mrpc_wide,mrpc,ABC,tune,25,42,f1,curvature=0.25;feature_mode=cls_root_unit;gat_hidden_dim=256;gnn_input_clip=0.7;gnn_input_scale=1;graph_curvature=2.25;graph_metric=poincare;hyp_gnn_type=gat;hyperbolic_gnn=1;hyperbolic_readout=1;jk_mode=max;learnable_curvature=0;lr=2e-05;num_layers=2;proj_dim=256;readout_clip=0.3;readout_scale=1;rho_quantile=0.2;scorer_hidden=256;weight_decay=5e-05,256,poincare,max,2e-05,2,256,256,,5e-05,81.22,135.8,0.19936,0.0,cls_root_unit,2.25,0.2,0.25,1,0,0.3,1,0.7,1,gat,1,
glue|roberta-base|mrpc_wide|ABC|t26|s42|tune,glue,roberta-base,mrpc_wide,mrpc,ABC,tune,26,42,f1,curvature=4.0;feature_mode=cls_root_unit;gat_hidden_dim=128;gnn_input_clip=0.7;gnn_input_scale=0;graph_curvature=9.0;graph_metric=poincare;hyp_gnn_type=gcn;hyperbolic_gnn=1;hyperbolic_readout=1;jk_mode=max;learnable_curvature=1;lr=0.0002;num_layers=4;proj_dim=128;readout_clip=0.7;readout_scale=1;rho_quantile=0.05;scorer_hidden=128;weight_decay=0.0,128,poincare,max,0.0002,4,128,128,,0.0,81.22,160.23,0.04878,0.0,cls_root_unit,9.0,0.05,4.0,1,1,0.7,1,0.7,0,gcn,1,
glue|roberta-base|mrpc_wide|ABC|t27|s42|tune,glue,roberta-base,mrpc_wide,mrpc,ABC,tune,27,42,f1,curvature=4.0;feature_mode=cls_root_unit;gat_hidden_dim=256;gnn_input_clip=0.0;gnn_input_scale=0;graph_curvature=4.0;graph_metric=poincare;hyp_gnn_type=gcn;hyperbolic_gnn=1;hyperbolic_readout=1;jk_mode=cat;learnable_curvature=0;lr=0.0002;num_layers=2;proj_dim=128;readout_clip=0.7;readout_scale=0;rho_quantile=0.025;scorer_hidden=256;weight_decay=5e-05,256,poincare,cat,0.0002,2,128,256,,5e-05,81.22,139.49,0.02487,0.0,cls_root_unit,4.0,0.025,4.0,1,0,0.7,0,0.0,0,gcn,1,
glue|roberta-base|mrpc_wide|ABC|t28|s42|tune,glue,roberta-base,mrpc_wide,mrpc,ABC,tune,28,42,f1,curvature=4.0;feature_mode=center_unit;gat_hidden_dim=128;gnn_input_clip=1.0;gnn_input_scale=0;graph_curvature=9.0;graph_metric=poincare;hyp_gnn_type=gcn;hyperbolic_gnn=1;hyperbolic_readout=1;jk_mode=cat;learnable_curvature=1;lr=0.001;num_layers=4;proj_dim=512;readout_clip=0.0;readout_scale=1;rho_quantile=0.1;scorer_hidden=256;weight_decay=1e-05,128,poincare,cat,0.001,4,512,256,,1e-05,81.22,160.54,0.09985,0.0,center_unit,9.0,0.1,4.0,1,1,0.0,1,1.0,0,gcn,1,
glue|roberta-base|mrpc_wide|ABC|t29|s42|tune,glue,roberta-base,mrpc_wide,mrpc,ABC,tune,29,42,f1,curvature=0.25;feature_mode=center_unit;gat_hidden_dim=64;gnn_input_clip=0.3;gnn_input_scale=1;graph_curvature=2.25;graph_metric=poincare;hyp_gnn_type=gcn;hyperbolic_gnn=1;hyperbolic_readout=1;jk_mode=cat;learnable_curvature=1;lr=0.001;num_layers=4;proj_dim=256;readout_clip=0.0;readout_scale=0;rho_quantile=0.38;scorer_hidden=128;weight_decay=5e-05,64,poincare,cat,0.001,4,256,128,,5e-05,82.27,161.38,0.37924,0.0,center_unit,2.25,0.38,0.25,1,1,0.0,0,0.3,1,gcn,1,
glue|roberta-base|mrpc_wide|ABC|t30|s42|tune,glue,roberta-base,mrpc_wide,mrpc,ABC,tune,30,42,f1,curvature=1.0;feature_mode=center;gat_hidden_dim=128;gnn_input_clip=0.7;gnn_input_scale=1;graph_curvature=4.0;graph_metric=poincare;hyp_gnn_type=gat;hyperbolic_gnn=1;hyperbolic_readout=1;jk_mode=max;learnable_curvature=1;lr=2e-05;num_layers=4;proj_dim=256;readout_clip=1.0;readout_scale=0;rho_quantile=0.025;scorer_hidden=256;weight_decay=1e-05,128,poincare,max,2e-05,4,256,256,,1e-05,81.22,153.64,0.02472,0.0,center,4.0,0.025,1.0,1,1,1.0,0,0.7,1,gat,1,
glue|roberta-base|mrpc_wide|ABC|t31|s42|tune,glue,roberta-base,mrpc_wide,mrpc,ABC,tune,31,42,f1,curvature=4.0;feature_mode=center_unit;gat_hidden_dim=256;gnn_input_clip=0.0;gnn_input_scale=0;graph_curvature=1.0;graph_metric=poincare;hyp_gnn_type=gcn;hyperbolic_gnn=1;hyperbolic_readout=1;jk_mode=max;learnable_curvature=1;lr=2e-05;num_layers=2;proj_dim=512;readout_clip=0.0;readout_scale=0;rho_quantile=0.1;scorer_hidden=128;weight_decay=0.0,256,poincare,max,2e-05,2,512,128,,0.0,81.22,143.13,0.09976,0.0,center_unit,1.0,0.1,4.0,1,1,0.0,0,0.0,0,gcn,1,
glue|roberta-base|mrpc_wide|ABC|t32|s42|tune,glue,roberta-base,mrpc_wide,mrpc,ABC,tune,32,42,f1,curvature=4.0;feature_mode=unit;gat_hidden_dim=128;gnn_input_clip=1.0;gnn_input_scale=1;graph_curvature=2.25;graph_metric=poincare;hyp_gnn_type=gcn;hyperbolic_gnn=1;hyperbolic_readout=1;jk_mode=cat;learnable_curvature=0;lr=2e-05;num_layers=4;proj_dim=256;readout_clip=0.3;readout_scale=1;rho_quantile=0.2;scorer_hidden=128;weight_decay=5e-05,128,poincare,cat,2e-05,4,256,128,,5e-05,81.22,151.53,0.1994,0.0,unit,2.25,0.2,4.0,1,0,0.3,1,1.0,1,gcn,1,
glue|roberta-base|mrpc_wide|ABC|t33|s42|tune,glue,roberta-base,mrpc_wide,mrpc,ABC,tune,33,42,f1,curvature=0.25;feature_mode=unit;gat_hidden_dim=256;gnn_input_clip=0.3;gnn_input_scale=1;graph_curvature=4.0;graph_metric=poincare;hyp_gnn_type=gcn;hyperbolic_gnn=1;hyperbolic_readout=1;jk_mode=cat;learnable_curvature=0;lr=2e-05;num_layers=2;proj_dim=256;readout_clip=0.7;readout_scale=0;rho_quantile=0.025;scorer_hidden=128;weight_decay=0.0,256,poincare,cat,2e-05,2,256,128,,0.0,81.22,138.08,0.02487,0.0,unit,4.0,0.025,0.25,1,0,0.7,0,0.3,1,gcn,1,
glue|roberta-base|mrpc_wide|ABC|t34|s42|tune,glue,roberta-base,mrpc_wide,mrpc,ABC,tune,34,42,f1,curvature=4.0;feature_mode=unit;gat_hidden_dim=64;gnn_input_clip=0.0;gnn_input_scale=1;graph_curvature=1.0;graph_metric=poincare;hyp_gnn_type=gcn;hyperbolic_gnn=1;hyperbolic_readout=1;jk_mode=cat;learnable_curvature=1;lr=2e-05;num_layers=2;proj_dim=512;readout_clip=0.7;readout_scale=1;rho_quantile=0.38;scorer_hidden=128;weight_decay=1e-05,64,poincare,cat,2e-05,2,512,128,,1e-05,81.22,142.7,0.37929,0.0,unit,1.0,0.38,4.0,1,1,0.7,1,0.0,1,gcn,1,
glue|roberta-base|mrpc_wide|ABC|t35|s42|tune,glue,roberta-base,mrpc_wide,mrpc,ABC,tune,35,42,f1,curvature=0.25;feature_mode=center;gat_hidden_dim=64;gnn_input_clip=0.3;gnn_input_scale=1;graph_curvature=9.0;graph_metric=poincare;hyp_gnn_type=gat;hyperbolic_gnn=1;hyperbolic_readout=1;jk_mode=max;learnable_curvature=1;lr=0.0002;num_layers=4;proj_dim=512;readout_clip=0.7;readout_scale=1;rho_quantile=0.05;scorer_hidden=256;weight_decay=0.0,64,poincare,max,0.0002,4,512,256,,0.0,81.22,152.96,0.04997,0.0,center,9.0,0.05,0.25,1,1,0.7,1,0.3,1,gat,1,
glue|roberta-base|mrpc_wide|ABC|t36|s42|tune,glue,roberta-base,mrpc_wide,mrpc,ABC,tune,36,42,f1,curvature=1.0;feature_mode=center_unit;gat_hidden_dim=128;gnn_input_clip=0.3;gnn_input_scale=1;graph_curvature=1.0;graph_metric=poincare;hyp_gnn_type=gat;hyperbolic_gnn=1;hyperbolic_readout=1;jk_mode=cat;learnable_curvature=1;lr=2e-05;num_layers=4;proj_dim=256;readout_clip=0.0;readout_scale=0;rho_quantile=0.025;scorer_hidden=128;weight_decay=5e-05,128,poincare,cat,2e-05,4,256,128,,5e-05,81.22,154.45,0.02479,0.0,center_unit,1.0,0.025,1.0,1,1,0.0,0,0.3,1,gat,1,
glue|roberta-base|mrpc_wide|ABC|t37|s42|tune,glue,roberta-base,mrpc_wide,mrpc,ABC,tune,37,42,f1,curvature=4.0;feature_mode=center;gat_hidden_dim=64;gnn_input_clip=0.0;gnn_input_scale=0;graph_curvature=1.0;graph_metric=poincare;hyp_gnn_type=gat;hyperbolic_gnn=1;hyperbolic_readout=1;jk_mode=cat;learnable_curvature=0;lr=0.001;num_layers=2;proj_dim=512;readout_clip=0.7;readout_scale=1;rho_quantile=0.025;scorer_hidden=256;weight_decay=1e-05,64,poincare,cat,0.001,2,512,256,,1e-05,81.22,133.74,0.02479,0.0,center,1.0,0.025,4.0,1,0,0.7,1,0.0,0,gat,1,
glue|roberta-base|mrpc_wide|ABC|t38|s42|tune,glue,roberta-base,mrpc_wide,mrpc,ABC,tune,38,42,f1,curvature=4.0;feature_mode=center;gat_hidden_dim=128;gnn_input_clip=0.3;gnn_input_scale=0;graph_curvature=9.0;graph_metric=poincare;hyp_gnn_type=gcn;hyperbolic_gnn=1;hyperbolic_readout=1;jk_mode=cat;learnable_curvature=1;lr=0.001;num_layers=4;proj_dim=128;readout_clip=0.7;readout_scale=1;rho_quantile=0.38;scorer_hidden=256;weight_decay=0.0,128,poincare,cat,0.001,4,128,256,,0.0,81.64,158.73,0.37675,0.0,center,9.0,0.38,4.0,1,1,0.7,1,0.3,0,gcn,1,
glue|roberta-base|mrpc_wide|ABC|t39|s42|tune,glue,roberta-base,mrpc_wide,mrpc,ABC,tune,39,42,f1,curvature=0.25;feature_mode=center_unit;gat_hidden_dim=256;gnn_input_clip=1.0;gnn_input_scale=0;graph_curvature=2.25;graph_metric=poincare;hyp_gnn_type=gcn;hyperbolic_gnn=1;hyperbolic_readout=1;jk_mode=cat;learnable_curvature=0;lr=2e-05;num_layers=4;proj_dim=128;readout_clip=1.0;readout_scale=1;rho_quantile=0.2;scorer_hidden=128;weight_decay=0.0,256,poincare,cat,2e-05,4,128,128,,0.0,81.22,151.19,0.19929,0.0,center_unit,2.25,0.2,0.25,1,0,1.0,1,1.0,0,gcn,1,
glue|roberta-base|mrpc_wide|no_graph|t0|s42|tune,glue,roberta-base,mrpc_wide,mrpc,no_graph,tune,0,42,f1,gat_hidden_dim=128;graph_metric=cosine;jk_mode=max;lr=0.001;num_layers=2;proj_dim=256;scorer_hidden=128;tau=0.999;weight_decay=5e-05,128,cosine,max,0.001,2,256,128,,5e-05,82.37,94.98,0.0,1.0,,,,,,,,,,,,,0.999
glue|roberta-base|mrpc_wide|no_graph|t1|s42|tune,glue,roberta-base,mrpc_wide,mrpc,no_graph,tune,1,42,f1,gat_hidden_dim=128;graph_metric=cosine;jk_mode=cat;lr=0.001;num_layers=4;proj_dim=128;scorer_hidden=256;tau=0.999;weight_decay=0.0,128,cosine,cat,0.001,4,128,256,,0.0,82.16,96.73,0.0,1.0,,,,,,,,,,,,,0.999
glue|roberta-base|mrpc_wide|no_graph|t2|s42|tune,glue,roberta-base,mrpc_wide,mrpc,no_graph,tune,2,42,f1,gat_hidden_dim=128;graph_metric=cosine;jk_mode=max;lr=0.001;num_layers=4;proj_dim=512;scorer_hidden=128;tau=0.999;weight_decay=0.0,128,cosine,max,0.001,4,512,128,,0.0,82.44,96.34,0.0,1.0,,,,,,,,,,,,,0.999
glue|roberta-base|mrpc_wide|no_graph|t3|s42|tune,glue,roberta-base,mrpc_wide,mrpc,no_graph,tune,3,42,f1,gat_hidden_dim=256;graph_metric=cosine;jk_mode=max;lr=0.0002;num_layers=4;proj_dim=128;scorer_hidden=256;tau=0.999;weight_decay=5e-05,256,cosine,max,0.0002,4,128,256,,5e-05,82.34,95.47,0.0,0.99609,,,,,,,,,,,,,0.999
glue|roberta-base|mrpc_wide|no_graph|t4|s42|tune,glue,roberta-base,mrpc_wide,mrpc,no_graph,tune,4,42,f1,gat_hidden_dim=256;graph_metric=cosine;jk_mode=max;lr=0.0002;num_layers=2;proj_dim=128;scorer_hidden=128;tau=0.999;weight_decay=1e-05,256,cosine,max,0.0002,2,128,128,,1e-05,82.14,93.69,0.0,0.99609,,,,,,,,,,,,,0.999
glue|roberta-base|mrpc_wide|no_graph|t5|s42|tune,glue,roberta-base,mrpc_wide,mrpc,no_graph,tune,5,42,f1,gat_hidden_dim=64;graph_metric=cosine;jk_mode=cat;lr=0.0002;num_layers=4;proj_dim=256;scorer_hidden=256;tau=0.999;weight_decay=1e-05,64,cosine,cat,0.0002,4,256,256,,1e-05,82.07,95.89,0.0,1.0,,,,,,,,,,,,,0.999
glue|roberta-base|mrpc_wide|no_graph|t6|s42|tune,glue,roberta-base,mrpc_wide,mrpc,no_graph,tune,6,42,f1,gat_hidden_dim=256;graph_metric=cosine;jk_mode=max;lr=0.0002;num_layers=2;proj_dim=256;scorer_hidden=256;tau=0.999;weight_decay=5e-05,256,cosine,max,0.0002,2,256,256,,5e-05,82.14,93.67,0.0,0.99609,,,,,,,,,,,,,0.999
glue|roberta-base|mrpc_wide|no_graph|t7|s42|tune,glue,roberta-base,mrpc_wide,mrpc,no_graph,tune,7,42,f1,gat_hidden_dim=64;graph_metric=cosine;jk_mode=cat;lr=0.0002;num_layers=2;proj_dim=128;scorer_hidden=128;tau=0.999;weight_decay=5e-05,64,cosine,cat,0.0002,2,128,128,,5e-05,81.72,93.64,0.0,1.0,,,,,,,,,,,,,0.999
glue|roberta-base|mrpc_wide|no_graph|t8|s42|tune,glue,roberta-base,mrpc_wide,mrpc,no_graph,tune,8,42,f1,gat_hidden_dim=128;graph_metric=cosine;jk_mode=max;lr=0.001;num_layers=2;proj_dim=128;scorer_hidden=256;tau=0.999;weight_decay=0.0,128,cosine,max,0.001,2,128,256,,0.0,82.37,93.04,0.0,1.0,,,,,,,,,,,,,0.999
glue|roberta-base|mrpc_wide|no_graph|t9|s42|tune,glue,roberta-base,mrpc_wide,mrpc,no_graph,tune,9,42,f1,gat_hidden_dim=64;graph_metric=cosine;jk_mode=cat;lr=0.0002;num_layers=4;proj_dim=512;scorer_hidden=128;tau=0.999;weight_decay=5e-05,64,cosine,cat,0.0002,4,512,128,,5e-05,82.07,95.17,0.0,1.0,,,,,,,,,,,,,0.999
glue|roberta-base|mrpc_wide|no_graph|t10|s42|tune,glue,roberta-base,mrpc_wide,mrpc,no_graph,tune,10,42,f1,gat_hidden_dim=64;graph_metric=cosine;jk_mode=cat;lr=0.001;num_layers=2;proj_dim=256;scorer_hidden=128;tau=0.999;weight_decay=1e-05,64,cosine,cat,0.001,2,256,128,,1e-05,81.93,93.08,0.0,1.0,,,,,,,,,,,,,0.999
glue|roberta-base|mrpc_wide|no_graph|t11|s42|tune,glue,roberta-base,mrpc_wide,mrpc,no_graph,tune,11,42,f1,gat_hidden_dim=128;graph_metric=cosine;jk_mode=max;lr=0.001;num_layers=4;proj_dim=128;scorer_hidden=256;tau=0.999;weight_decay=1e-05,128,cosine,max,0.001,4,128,256,,1e-05,82.44,95.43,0.0,1.0,,,,,,,,,,,,,0.999
glue|roberta-base|mrpc_wide|no_graph|t12|s42|tune,glue,roberta-base,mrpc_wide,mrpc,no_graph,tune,12,42,f1,gat_hidden_dim=256;graph_metric=cosine;jk_mode=cat;lr=0.001;num_layers=4;proj_dim=256;scorer_hidden=128;tau=0.999;weight_decay=1e-05,256,cosine,cat,0.001,4,256,128,,1e-05,81.17,95.36,0.0,1.0,,,,,,,,,,,,,0.999
glue|roberta-base|mrpc_wide|no_graph|t13|s42|tune,glue,roberta-base,mrpc_wide,mrpc,no_graph,tune,13,42,f1,gat_hidden_dim=128;graph_metric=cosine;jk_mode=max;lr=0.0002;num_layers=4;proj_dim=128;scorer_hidden=128;tau=0.999;weight_decay=5e-05,128,cosine,max,0.0002,4,128,128,,5e-05,82.11,96.79,0.0,1.0,,,,,,,,,,,,,0.999
glue|roberta-base|mrpc_wide|no_graph|t14|s42|tune,glue,roberta-base,mrpc_wide,mrpc,no_graph,tune,14,42,f1,gat_hidden_dim=256;graph_metric=cosine;jk_mode=max;lr=2e-05;num_layers=2;proj_dim=128;scorer_hidden=256;tau=0.999;weight_decay=0.0,256,cosine,max,2e-05,2,128,256,,0.0,81.22,93.59,0.0,0.99609,,,,,,,,,,,,,0.999
glue|roberta-base|mrpc_wide|no_graph|t15|s42|tune,glue,roberta-base,mrpc_wide,mrpc,no_graph,tune,15,42,f1,gat_hidden_dim=64;graph_metric=cosine;jk_mode=cat;lr=2e-05;num_layers=4;proj_dim=512;scorer_hidden=256;tau=0.999;weight_decay=5e-05,64,cosine,cat,2e-05,4,512,256,,5e-05,81.22,95.63,0.0,1.0,,,,,,,,,,,,,0.999
glue|roberta-base|mrpc_wide|no_graph|t16|s42|tune,glue,roberta-base,mrpc_wide,mrpc,no_graph,tune,16,42,f1,gat_hidden_dim=256;graph_metric=cosine;jk_mode=cat;lr=0.001;num_layers=4;proj_dim=128;scorer_hidden=256;tau=0.999;weight_decay=0.0,256,cosine,cat,0.001,4,128,256,,0.0,81.3,96.85,0.0,1.0,,,,,,,,,,,,,0.999
glue|roberta-base|mrpc_wide|no_graph|t17|s42|tune,glue,roberta-base,mrpc_wide,mrpc,no_graph,tune,17,42,f1,gat_hidden_dim=64;graph_metric=cosine;jk_mode=cat;lr=0.0002;num_layers=4;proj_dim=512;scorer_hidden=256;tau=0.999;weight_decay=1e-05,64,cosine,cat,0.0002,4,512,256,,1e-05,82.07,95.45,0.0,1.0,,,,,,,,,,,,,0.999
glue|roberta-base|mrpc_wide|no_graph|t18|s42|tune,glue,roberta-base,mrpc_wide,mrpc,no_graph,tune,18,42,f1,gat_hidden_dim=256;graph_metric=cosine;jk_mode=cat;lr=0.001;num_layers=2;proj_dim=256;scorer_hidden=256;tau=0.999;weight_decay=1e-05,256,cosine,cat,0.001,2,256,256,,1e-05,82.46,93.93,0.0,1.0,,,,,,,,,,,,,0.999
glue|roberta-base|mrpc_wide|no_graph|t19|s42|tune,glue,roberta-base,mrpc_wide,mrpc,no_graph,tune,19,42,f1,gat_hidden_dim=256;graph_metric=cosine;jk_mode=max;lr=2e-05;num_layers=2;proj_dim=512;scorer_hidden=256;tau=0.999;weight_decay=0.0,256,cosine,max,2e-05,2,512,256,,0.0,81.22,93.91,0.0,0.99609,,,,,,,,,,,,,0.999
glue|roberta-base|mrpc_wide|no_graph|t20|s42|tune,glue,roberta-base,mrpc_wide,mrpc,no_graph,tune,20,42,f1,gat_hidden_dim=256;graph_metric=cosine;jk_mode=max;lr=0.001;num_layers=2;proj_dim=512;scorer_hidden=128;tau=0.999;weight_decay=5e-05,256,cosine,max,0.001,2,512,128,,5e-05,81.87,93.08,0.0,0.99609,,,,,,,,,,,,,0.999
glue|roberta-base|mrpc_wide|no_graph|t21|s42|tune,glue,roberta-base,mrpc_wide,mrpc,no_graph,tune,21,42,f1,gat_hidden_dim=256;graph_metric=cosine;jk_mode=max;lr=2e-05;num_layers=4;proj_dim=128;scorer_hidden=128;tau=0.999;weight_decay=5e-05,256,cosine,max,2e-05,4,128,128,,5e-05,81.22,95.71,0.0,0.99609,,,,,,,,,,,,,0.999
glue|roberta-base|mrpc_wide|no_graph|t22|s42|tune,glue,roberta-base,mrpc_wide,mrpc,no_graph,tune,22,42,f1,gat_hidden_dim=64;graph_metric=cosine;jk_mode=cat;lr=2e-05;num_layers=4;proj_dim=512;scorer_hidden=128;tau=0.999;weight_decay=1e-05,64,cosine,cat,2e-05,4,512,128,,1e-05,81.22,95.51,0.0,1.0,,,,,,,,,,,,,0.999
glue|roberta-base|mrpc_wide|no_graph|t23|s42|tune,glue,roberta-base,mrpc_wide,mrpc,no_graph,tune,23,42,f1,gat_hidden_dim=128;graph_metric=cosine;jk_mode=max;lr=0.0002;num_layers=2;proj_dim=128;scorer_hidden=128;tau=0.999;weight_decay=5e-05,128,cosine,max,0.0002,2,128,128,,5e-05,82.14,93.8,0.0,1.0,,,,,,,,,,,,,0.999
glue|roberta-base|mrpc_wide|no_graph|t24|s42|tune,glue,roberta-base,mrpc_wide,mrpc,no_graph,tune,24,42,f1,gat_hidden_dim=128;graph_metric=cosine;jk_mode=cat;lr=2e-05;num_layers=2;proj_dim=512;scorer_hidden=256;tau=0.999;weight_decay=5e-05,128,cosine,cat,2e-05,2,512,256,,5e-05,81.22,93.35,0.0,1.0,,,,,,,,,,,,,0.999
glue|roberta-base|mrpc_wide|no_graph|t25|s42|tune,glue,roberta-base,mrpc_wide,mrpc,no_graph,tune,25,42,f1,gat_hidden_dim=256;graph_metric=cosine;jk_mode=max;lr=2e-05;num_layers=4;proj_dim=512;scorer_hidden=256;tau=0.999;weight_decay=5e-05,256,cosine,max,2e-05,4,512,256,,5e-05,81.22,95.29,0.0,0.99609,,,,,,,,,,,,,0.999
glue|roberta-base|mrpc_wide|no_graph|t26|s42|tune,glue,roberta-base,mrpc_wide,mrpc,no_graph,tune,26,42,f1,gat_hidden_dim=256;graph_metric=cosine;jk_mode=max;lr=0.001;num_layers=2;proj_dim=256;scorer_hidden=128;tau=0.999;weight_decay=5e-05,256,cosine,max,0.001,2,256,128,,5e-05,82.05,93.96,0.0,0.99609,,,,,,,,,,,,,0.999
glue|roberta-base|mrpc_wide|no_graph|t27|s42|tune,glue,roberta-base,mrpc_wide,mrpc,no_graph,tune,27,42,f1,gat_hidden_dim=128;graph_metric=cosine;jk_mode=max;lr=0.001;num_layers=2;proj_dim=512;scorer_hidden=128;tau=0.999;weight_decay=5e-05,128,cosine,max,0.001,2,512,128,,5e-05,82.37,93.1,0.0,1.0,,,,,,,,,,,,,0.999
glue|roberta-base|mrpc_wide|no_graph|t28|s42|tune,glue,roberta-base,mrpc_wide,mrpc,no_graph,tune,28,42,f1,gat_hidden_dim=256;graph_metric=cosine;jk_mode=cat;lr=0.0002;num_layers=4;proj_dim=512;scorer_hidden=256;tau=0.999;weight_decay=5e-05,256,cosine,cat,0.0002,4,512,256,,5e-05,82.07,95.32,0.0,1.0,,,,,,,,,,,,,0.999
glue|roberta-base|mrpc_wide|no_graph|t29|s42|tune,glue,roberta-base,mrpc_wide,mrpc,no_graph,tune,29,42,f1,gat_hidden_dim=64;graph_metric=cosine;jk_mode=max;lr=2e-05;num_layers=4;proj_dim=256;scorer_hidden=128;tau=0.999;weight_decay=5e-05,64,cosine,max,2e-05,4,256,128,,5e-05,81.22,97.23,0.0,1.0,,,,,,,,,,,,,0.999
glue|roberta-base|mrpc_wide|no_graph|t30|s42|tune,glue,roberta-base,mrpc_wide,mrpc,no_graph,tune,30,42,f1,gat_hidden_dim=64;graph_metric=cosine;jk_mode=cat;lr=0.0002;num_layers=4;proj_dim=256;scorer_hidden=256;tau=0.999;weight_decay=5e-05,64,cosine,cat,0.0002,4,256,256,,5e-05,82.07,95.6,0.0,1.0,,,,,,,,,,,,,0.999
glue|roberta-base|mrpc_wide|no_graph|t31|s42|tune,glue,roberta-base,mrpc_wide,mrpc,no_graph,tune,31,42,f1,gat_hidden_dim=64;graph_metric=cosine;jk_mode=max;lr=0.001;num_layers=2;proj_dim=256;scorer_hidden=128;tau=0.999;weight_decay=5e-05,64,cosine,max,0.001,2,256,128,,5e-05,82.65,93.64,0.0,1.0,,,,,,,,,,,,,0.999
glue|roberta-base|mrpc_wide|no_graph|t32|s42|tune,glue,roberta-base,mrpc_wide,mrpc,no_graph,tune,32,42,f1,gat_hidden_dim=64;graph_metric=cosine;jk_mode=cat;lr=2e-05;num_layers=4;proj_dim=128;scorer_hidden=128;tau=0.999;weight_decay=0.0,64,cosine,cat,2e-05,4,128,128,,0.0,81.22,95.31,0.0,1.0,,,,,,,,,,,,,0.999
glue|roberta-base|mrpc_wide|no_graph|t33|s42|tune,glue,roberta-base,mrpc_wide,mrpc,no_graph,tune,33,42,f1,gat_hidden_dim=64;graph_metric=cosine;jk_mode=cat;lr=0.0002;num_layers=4;proj_dim=256;scorer_hidden=128;tau=0.999;weight_decay=5e-05,64,cosine,cat,0.0002,4,256,128,,5e-05,82.07,96.47,0.0,1.0,,,,,,,,,,,,,0.999
glue|roberta-base|mrpc_wide|no_graph|t34|s42|tune,glue,roberta-base,mrpc_wide,mrpc,no_graph,tune,34,42,f1,gat_hidden_dim=256;graph_metric=cosine;jk_mode=max;lr=0.0002;num_layers=4;proj_dim=128;scorer_hidden=128;tau=0.999;weight_decay=1e-05,256,cosine,max,0.0002,4,128,128,,1e-05,82.34,95.17,0.0,0.99609,,,,,,,,,,,,,0.999
glue|roberta-base|mrpc_wide|no_graph|t35|s42|tune,glue,roberta-base,mrpc_wide,mrpc,no_graph,tune,35,42,f1,gat_hidden_dim=256;graph_metric=cosine;jk_mode=cat;lr=0.0002;num_layers=4;proj_dim=256;scorer_hidden=256;tau=0.999;weight_decay=1e-05,256,cosine,cat,0.0002,4,256,256,,1e-05,82.19,97.21,0.0,1.0,,,,,,,,,,,,,0.999
glue|roberta-base|mrpc_wide|no_graph|t36|s42|tune,glue,roberta-base,mrpc_wide,mrpc,no_graph,tune,36,42,f1,gat_hidden_dim=128;graph_metric=cosine;jk_mode=cat;lr=2e-05;num_layers=4;proj_dim=256;scorer_hidden=256;tau=0.999;weight_decay=0.0,128,cosine,cat,2e-05,4,256,256,,0.0,81.22,95.34,0.0,1.0,,,,,,,,,,,,,0.999
glue|roberta-base|mrpc_wide|no_graph|t37|s42|tune,glue,roberta-base,mrpc_wide,mrpc,no_graph,tune,37,42,f1,gat_hidden_dim=64;graph_metric=cosine;jk_mode=cat;lr=0.001;num_layers=2;proj_dim=512;scorer_hidden=128;tau=0.999;weight_decay=5e-05,64,cosine,cat,0.001,2,512,128,,5e-05,81.93,93.08,0.0,1.0,,,,,,,,,,,,,0.999
glue|roberta-base|mrpc_wide|no_graph|t38|s42|tune,glue,roberta-base,mrpc_wide,mrpc,no_graph,tune,38,42,f1,gat_hidden_dim=64;graph_metric=cosine;jk_mode=cat;lr=0.001;num_layers=2;proj_dim=256;scorer_hidden=256;tau=0.999;weight_decay=0.0,64,cosine,cat,0.001,2,256,256,,0.0,81.93,93.12,0.0,1.0,,,,,,,,,,,,,0.999
glue|roberta-base|mrpc_wide|no_graph|t39|s42|tune,glue,roberta-base,mrpc_wide,mrpc,no_graph,tune,39,42,f1,gat_hidden_dim=64;graph_metric=cosine;jk_mode=max;lr=0.001;num_layers=4;proj_dim=512;scorer_hidden=256;tau=0.999;weight_decay=5e-05,64,cosine,max,0.001,4,512,256,,5e-05,82.46,95.78,0.0,1.0,,,,,,,,,,,,,0.999
glue|roberta-base|mrpc_wide|A|t23|s1|confirm,glue,roberta-base,mrpc_wide,mrpc,A,confirm,23,1,f1,feature_mode=cls_root_unit;gat_hidden_dim=64;graph_curvature=9.0;graph_metric=poincare;jk_mode=max;lr=0.0002;num_layers=2;proj_dim=512;rho_quantile=0.05;scorer_hidden=256;weight_decay=1e-05,64,poincare,max,0.0002,2,512,256,,1e-05,82.35,123.53,0.0488,0.0,cls_root_unit,9.0,0.05,,,,,,,,,,
glue|roberta-base|mrpc_wide|A|t23|s2|confirm,glue,roberta-base,mrpc_wide,mrpc,A,confirm,23,2,f1,feature_mode=cls_root_unit;gat_hidden_dim=64;graph_curvature=9.0;graph_metric=poincare;jk_mode=max;lr=0.0002;num_layers=2;proj_dim=512;rho_quantile=0.05;scorer_hidden=256;weight_decay=1e-05,64,poincare,max,0.0002,2,512,256,,1e-05,82.46,122.38,0.04875,0.0,cls_root_unit,9.0,0.05,,,,,,,,,,
glue|roberta-base|mrpc_wide|A|t23|s3|confirm,glue,roberta-base,mrpc_wide,mrpc,A,confirm,23,3,f1,feature_mode=cls_root_unit;gat_hidden_dim=64;graph_curvature=9.0;graph_metric=poincare;jk_mode=max;lr=0.0002;num_layers=2;proj_dim=512;rho_quantile=0.05;scorer_hidden=256;weight_decay=1e-05,64,poincare,max,0.0002,2,512,256,,1e-05,82.16,122.07,0.04895,0.0,cls_root_unit,9.0,0.05,,,,,,,,,,
glue|roberta-base|mrpc_wide|A|t23|s4|confirm,glue,roberta-base,mrpc_wide,mrpc,A,confirm,23,4,f1,feature_mode=cls_root_unit;gat_hidden_dim=64;graph_curvature=9.0;graph_metric=poincare;jk_mode=max;lr=0.0002;num_layers=2;proj_dim=512;rho_quantile=0.05;scorer_hidden=256;weight_decay=1e-05,64,poincare,max,0.0002,2,512,256,,1e-05,82.65,123.2,0.04877,0.0,cls_root_unit,9.0,0.05,,,,,,,,,,
glue|roberta-base|mrpc_wide|A|t23|s5|confirm,glue,roberta-base,mrpc_wide,mrpc,A,confirm,23,5,f1,feature_mode=cls_root_unit;gat_hidden_dim=64;graph_curvature=9.0;graph_metric=poincare;jk_mode=max;lr=0.0002;num_layers=2;proj_dim=512;rho_quantile=0.05;scorer_hidden=256;weight_decay=1e-05,64,poincare,max,0.0002,2,512,256,,1e-05,82.71,123.69,0.04885,0.0,cls_root_unit,9.0,0.05,,,,,,,,,,
glue|roberta-base|mrpc_wide|A|t23|s6|confirm,glue,roberta-base,mrpc_wide,mrpc,A,confirm,23,6,f1,feature_mode=cls_root_unit;gat_hidden_dim=64;graph_curvature=9.0;graph_metric=poincare;jk_mode=max;lr=0.0002;num_layers=2;proj_dim=512;rho_quantile=0.05;scorer_hidden=256;weight_decay=1e-05,64,poincare,max,0.0002,2,512,256,,1e-05,82.02,122.3,0.04873,0.0,cls_root_unit,9.0,0.05,,,,,,,,,,
glue|roberta-base|mrpc_wide|A|t23|s7|confirm,glue,roberta-base,mrpc_wide,mrpc,A,confirm,23,7,f1,feature_mode=cls_root_unit;gat_hidden_dim=64;graph_curvature=9.0;graph_metric=poincare;jk_mode=max;lr=0.0002;num_layers=2;proj_dim=512;rho_quantile=0.05;scorer_hidden=256;weight_decay=1e-05,64,poincare,max,0.0002,2,512,256,,1e-05,82.23,122.17,0.04877,0.0,cls_root_unit,9.0,0.05,,,,,,,,,,
glue|roberta-base|mrpc_wide|A|t23|s8|confirm,glue,roberta-base,mrpc_wide,mrpc,A,confirm,23,8,f1,feature_mode=cls_root_unit;gat_hidden_dim=64;graph_curvature=9.0;graph_metric=poincare;jk_mode=max;lr=0.0002;num_layers=2;proj_dim=512;rho_quantile=0.05;scorer_hidden=256;weight_decay=1e-05,64,poincare,max,0.0002,2,512,256,,1e-05,82.18,123.21,0.04878,0.0,cls_root_unit,9.0,0.05,,,,,,,,,,
glue|roberta-base|mrpc_wide|A|t23|s9|confirm,glue,roberta-base,mrpc_wide,mrpc,A,confirm,23,9,f1,feature_mode=cls_root_unit;gat_hidden_dim=64;graph_curvature=9.0;graph_metric=poincare;jk_mode=max;lr=0.0002;num_layers=2;proj_dim=512;rho_quantile=0.05;scorer_hidden=256;weight_decay=1e-05,64,poincare,max,0.0002,2,512,256,,1e-05,81.95,121.86,0.0487,0.0,cls_root_unit,9.0,0.05,,,,,,,,,,
glue|roberta-base|mrpc_wide|A|t23|s10|confirm,glue,roberta-base,mrpc_wide,mrpc,A,confirm,23,10,f1,feature_mode=cls_root_unit;gat_hidden_dim=64;graph_curvature=9.0;graph_metric=poincare;jk_mode=max;lr=0.0002;num_layers=2;proj_dim=512;rho_quantile=0.05;scorer_hidden=256;weight_decay=1e-05,64,poincare,max,0.0002,2,512,256,,1e-05,82.41,121.87,0.04856,0.0,cls_root_unit,9.0,0.05,,,,,,,,,,
glue|roberta-base|mrpc_wide|A|t23|s11|confirm,glue,roberta-base,mrpc_wide,mrpc,A,confirm,23,11,f1,feature_mode=cls_root_unit;gat_hidden_dim=64;graph_curvature=9.0;graph_metric=poincare;jk_mode=max;lr=0.0002;num_layers=2;proj_dim=512;rho_quantile=0.05;scorer_hidden=256;weight_decay=1e-05,64,poincare,max,0.0002,2,512,256,,1e-05,82.09,123.8,0.04873,0.0,cls_root_unit,9.0,0.05,,,,,,,,,,
glue|roberta-base|mrpc_wide|A|t23|s12|confirm,glue,roberta-base,mrpc_wide,mrpc,A,confirm,23,12,f1,feature_mode=cls_root_unit;gat_hidden_dim=64;graph_curvature=9.0;graph_metric=poincare;jk_mode=max;lr=0.0002;num_layers=2;proj_dim=512;rho_quantile=0.05;scorer_hidden=256;weight_decay=1e-05,64,poincare,max,0.0002,2,512,256,,1e-05,82.23,122.19,0.04839,0.0,cls_root_unit,9.0,0.05,,,,,,,,,,
glue|roberta-base|mrpc_wide|A|t23|s13|confirm,glue,roberta-base,mrpc_wide,mrpc,A,confirm,23,13,f1,feature_mode=cls_root_unit;gat_hidden_dim=64;graph_curvature=9.0;graph_metric=poincare;jk_mode=max;lr=0.0002;num_layers=2;proj_dim=512;rho_quantile=0.05;scorer_hidden=256;weight_decay=1e-05,64,poincare,max,0.0002,2,512,256,,1e-05,81.86,122.45,0.04873,0.0,cls_root_unit,9.0,0.05,,,,,,,,,,
glue|roberta-base|mrpc_wide|A|t23|s14|confirm,glue,roberta-base,mrpc_wide,mrpc,A,confirm,23,14,f1,feature_mode=cls_root_unit;gat_hidden_dim=64;graph_curvature=9.0;graph_metric=poincare;jk_mode=max;lr=0.0002;num_layers=2;proj_dim=512;rho_quantile=0.05;scorer_hidden=256;weight_decay=1e-05,64,poincare,max,0.0002,2,512,256,,1e-05,82.14,122.15,0.04841,0.0,cls_root_unit,9.0,0.05,,,,,,,,,,
glue|roberta-base|mrpc_wide|A|t23|s15|confirm,glue,roberta-base,mrpc_wide,mrpc,A,confirm,23,15,f1,feature_mode=cls_root_unit;gat_hidden_dim=64;graph_curvature=9.0;graph_metric=poincare;jk_mode=max;lr=0.0002;num_layers=2;proj_dim=512;rho_quantile=0.05;scorer_hidden=256;weight_decay=1e-05,64,poincare,max,0.0002,2,512,256,,1e-05,82.53,122.11,0.04878,0.0,cls_root_unit,9.0,0.05,,,,,,,,,,
glue|roberta-base|mrpc_wide|AB|t35|s1|confirm,glue,roberta-base,mrpc_wide,mrpc,AB,confirm,35,1,f1,curvature=0.25;feature_mode=unit;gat_hidden_dim=64;graph_curvature=0.25;graph_metric=poincare;hyperbolic_readout=1;jk_mode=max;learnable_curvature=0;lr=0.001;num_layers=2;proj_dim=512;readout_clip=1.0;readout_scale=1;rho_quantile=0.05;scorer_hidden=128;weight_decay=0.0,64,poincare,max,0.001,2,512,128,,0.0,82.57,125.21,0.05016,0.0,unit,0.25,0.05,0.25,1,0,1.0,1,,,,,
glue|roberta-base|mrpc_wide|AB|t35|s2|confirm,glue,roberta-base,mrpc_wide,mrpc,AB,confirm,35,2,f1,curvature=0.25;feature_mode=unit;gat_hidden_dim=64;graph_curvature=0.25;graph_metric=poincare;hyperbolic_readout=1;jk_mode=max;learnable_curvature=0;lr=0.001;num_layers=2;proj_dim=512;readout_clip=1.0;readout_scale=1;rho_quantile=0.05;scorer_hidden=128;weight_decay=0.0,64,poincare,max,0.001,2,512,128,,0.0,81.94,124.94,0.05019,0.0,unit,0.25,0.05,0.25,1,0,1.0,1,,,,,
glue|roberta-base|mrpc_wide|AB|t35|s3|confirm,glue,roberta-base,mrpc_wide,mrpc,AB,confirm,35,3,f1,curvature=0.25;feature_mode=unit;gat_hidden_dim=64;graph_curvature=0.25;graph_metric=poincare;hyperbolic_readout=1;jk_mode=max;learnable_curvature=0;lr=0.001;num_layers=2;proj_dim=512;readout_clip=1.0;readout_scale=1;rho_quantile=0.05;scorer_hidden=128;weight_decay=0.0,64,poincare,max,0.001,2,512,128,,0.0,82.39,125.89,0.05008,0.0,unit,0.25,0.05,0.25,1,0,1.0,1,,,,,
glue|roberta-base|mrpc_wide|AB|t35|s4|confirm,glue,roberta-base,mrpc_wide,mrpc,AB,confirm,35,4,f1,curvature=0.25;feature_mode=unit;gat_hidden_dim=64;graph_curvature=0.25;graph_metric=poincare;hyperbolic_readout=1;jk_mode=max;learnable_curvature=0;lr=0.001;num_layers=2;proj_dim=512;readout_clip=1.0;readout_scale=1;rho_quantile=0.05;scorer_hidden=128;weight_decay=0.0,64,poincare,max,0.001,2,512,128,,0.0,82.87,125.31,0.05015,0.0,unit,0.25,0.05,0.25,1,0,1.0,1,,,,,
glue|roberta-base|mrpc_wide|AB|t35|s5|confirm,glue,roberta-base,mrpc_wide,mrpc,AB,confirm,35,5,f1,curvature=0.25;feature_mode=unit;gat_hidden_dim=64;graph_curvature=0.25;graph_metric=poincare;hyperbolic_readout=1;jk_mode=max;learnable_curvature=0;lr=0.001;num_layers=2;proj_dim=512;readout_clip=1.0;readout_scale=1;rho_quantile=0.05;scorer_hidden=128;weight_decay=0.0,64,poincare,max,0.001,2,512,128,,0.0,82.12,126.53,0.04996,0.0,unit,0.25,0.05,0.25,1,0,1.0,1,,,,,
glue|roberta-base|mrpc_wide|AB|t35|s6|confirm,glue,roberta-base,mrpc_wide,mrpc,AB,confirm,35,6,f1,curvature=0.25;feature_mode=unit;gat_hidden_dim=64;graph_curvature=0.25;graph_metric=poincare;hyperbolic_readout=1;jk_mode=max;learnable_curvature=0;lr=0.001;num_layers=2;proj_dim=512;readout_clip=1.0;readout_scale=1;rho_quantile=0.05;scorer_hidden=128;weight_decay=0.0,64,poincare,max,0.001,2,512,128,,0.0,82.27,125.23,0.05006,0.0,unit,0.25,0.05,0.25,1,0,1.0,1,,,,,
glue|roberta-base|mrpc_wide|AB|t35|s7|confirm,glue,roberta-base,mrpc_wide,mrpc,AB,confirm,35,7,f1,curvature=0.25;feature_mode=unit;gat_hidden_dim=64;graph_curvature=0.25;graph_metric=poincare;hyperbolic_readout=1;jk_mode=max;learnable_curvature=0;lr=0.001;num_layers=2;proj_dim=512;readout_clip=1.0;readout_scale=1;rho_quantile=0.05;scorer_hidden=128;weight_decay=0.0,64,poincare,max,0.001,2,512,128,,0.0,82.32,124.9,0.05012,0.0,unit,0.25,0.05,0.25,1,0,1.0,1,,,,,
glue|roberta-base|mrpc_wide|AB|t35|s8|confirm,glue,roberta-base,mrpc_wide,mrpc,AB,confirm,35,8,f1,curvature=0.25;feature_mode=unit;gat_hidden_dim=64;graph_curvature=0.25;graph_metric=poincare;hyperbolic_readout=1;jk_mode=max;learnable_curvature=0;lr=0.001;num_layers=2;proj_dim=512;readout_clip=1.0;readout_scale=1;rho_quantile=0.05;scorer_hidden=128;weight_decay=0.0,64,poincare,max,0.001,2,512,128,,0.0,82.27,125.65,0.05004,0.0,unit,0.25,0.05,0.25,1,0,1.0,1,,,,,
glue|roberta-base|mrpc_wide|AB|t35|s9|confirm,glue,roberta-base,mrpc_wide,mrpc,AB,confirm,35,9,f1,curvature=0.25;feature_mode=unit;gat_hidden_dim=64;graph_curvature=0.25;graph_metric=poincare;hyperbolic_readout=1;jk_mode=max;learnable_curvature=0;lr=0.001;num_layers=2;proj_dim=512;readout_clip=1.0;readout_scale=1;rho_quantile=0.05;scorer_hidden=128;weight_decay=0.0,64,poincare,max,0.001,2,512,128,,0.0,82.71,126.3,0.05016,0.0,unit,0.25,0.05,0.25,1,0,1.0,1,,,,,
glue|roberta-base|mrpc_wide|AB|t35|s10|confirm,glue,roberta-base,mrpc_wide,mrpc,AB,confirm,35,10,f1,curvature=0.25;feature_mode=unit;gat_hidden_dim=64;graph_curvature=0.25;graph_metric=poincare;hyperbolic_readout=1;jk_mode=max;learnable_curvature=0;lr=0.001;num_layers=2;proj_dim=512;readout_clip=1.0;readout_scale=1;rho_quantile=0.05;scorer_hidden=128;weight_decay=0.0,64,poincare,max,0.001,2,512,128,,0.0,81.97,126.15,0.05008,0.0,unit,0.25,0.05,0.25,1,0,1.0,1,,,,,
glue|roberta-base|mrpc_wide|AB|t35|s11|confirm,glue,roberta-base,mrpc_wide,mrpc,AB,confirm,35,11,f1,curvature=0.25;feature_mode=unit;gat_hidden_dim=64;graph_curvature=0.25;graph_metric=poincare;hyperbolic_readout=1;jk_mode=max;learnable_curvature=0;lr=0.001;num_layers=2;proj_dim=512;readout_clip=1.0;readout_scale=1;rho_quantile=0.05;scorer_hidden=128;weight_decay=0.0,64,poincare,max,0.001,2,512,128,,0.0,82.14,125.86,0.05007,0.0,unit,0.25,0.05,0.25,1,0,1.0,1,,,,,
glue|roberta-base|mrpc_wide|AB|t35|s12|confirm,glue,roberta-base,mrpc_wide,mrpc,AB,confirm,35,12,f1,curvature=0.25;feature_mode=unit;gat_hidden_dim=64;graph_curvature=0.25;graph_metric=poincare;hyperbolic_readout=1;jk_mode=max;learnable_curvature=0;lr=0.001;num_layers=2;proj_dim=512;readout_clip=1.0;readout_scale=1;rho_quantile=0.05;scorer_hidden=128;weight_decay=0.0,64,poincare,max,0.001,2,512,128,,0.0,82.7,125.09,0.04999,0.0,unit,0.25,0.05,0.25,1,0,1.0,1,,,,,
glue|roberta-base|mrpc_wide|AB|t35|s13|confirm,glue,roberta-base,mrpc_wide,mrpc,AB,confirm,35,13,f1,curvature=0.25;feature_mode=unit;gat_hidden_dim=64;graph_curvature=0.25;graph_metric=poincare;hyperbolic_readout=1;jk_mode=max;learnable_curvature=0;lr=0.001;num_layers=2;proj_dim=512;readout_clip=1.0;readout_scale=1;rho_quantile=0.05;scorer_hidden=128;weight_decay=0.0,64,poincare,max,0.001,2,512,128,,0.0,82.7,125.67,0.05008,0.0,unit,0.25,0.05,0.25,1,0,1.0,1,,,,,
glue|roberta-base|mrpc_wide|AB|t35|s14|confirm,glue,roberta-base,mrpc_wide,mrpc,AB,confirm,35,14,f1,curvature=0.25;feature_mode=unit;gat_hidden_dim=64;graph_curvature=0.25;graph_metric=poincare;hyperbolic_readout=1;jk_mode=max;learnable_curvature=0;lr=0.001;num_layers=2;proj_dim=512;readout_clip=1.0;readout_scale=1;rho_quantile=0.05;scorer_hidden=128;weight_decay=0.0,64,poincare,max,0.001,2,512,128,,0.0,82.18,125.99,0.05015,0.0,unit,0.25,0.05,0.25,1,0,1.0,1,,,,,
glue|roberta-base|mrpc_wide|AB|t35|s15|confirm,glue,roberta-base,mrpc_wide,mrpc,AB,confirm,35,15,f1,curvature=0.25;feature_mode=unit;gat_hidden_dim=64;graph_curvature=0.25;graph_metric=poincare;hyperbolic_readout=1;jk_mode=max;learnable_curvature=0;lr=0.001;num_layers=2;proj_dim=512;readout_clip=1.0;readout_scale=1;rho_quantile=0.05;scorer_hidden=128;weight_decay=0.0,64,poincare,max,0.001,2,512,128,,0.0,82.14,125.64,0.05018,0.0,unit,0.25,0.05,0.25,1,0,1.0,1,,,,,
glue|roberta-base|mrpc_wide|ABC|t29|s1|confirm,glue,roberta-base,mrpc_wide,mrpc,ABC,confirm,29,1,f1,curvature=0.25;feature_mode=center_unit;gat_hidden_dim=64;gnn_input_clip=0.3;gnn_input_scale=1;graph_curvature=2.25;graph_metric=poincare;hyp_gnn_type=gcn;hyperbolic_gnn=1;hyperbolic_readout=1;jk_mode=cat;learnable_curvature=1;lr=0.001;num_layers=4;proj_dim=256;readout_clip=0.0;readout_scale=0;rho_quantile=0.38;scorer_hidden=128;weight_decay=5e-05,64,poincare,cat,0.001,4,256,128,,5e-05,82.46,160.99,0.37929,0.0,center_unit,2.25,0.38,0.25,1,1,0.0,0,0.3,1,gcn,1,
glue|roberta-base|mrpc_wide|ABC|t29|s2|confirm,glue,roberta-base,mrpc_wide,mrpc,ABC,confirm,29,2,f1,curvature=0.25;feature_mode=center_unit;gat_hidden_dim=64;gnn_input_clip=0.3;gnn_input_scale=1;graph_curvature=2.25;graph_metric=poincare;hyp_gnn_type=gcn;hyperbolic_gnn=1;hyperbolic_readout=1;jk_mode=cat;learnable_curvature=1;lr=0.001;num_layers=4;proj_dim=256;readout_clip=0.0;readout_scale=0;rho_quantile=0.38;scorer_hidden=128;weight_decay=5e-05,64,poincare,cat,0.001,4,256,128,,5e-05,81.83,160.32,0.37909,0.0,center_unit,2.25,0.38,0.25,1,1,0.0,0,0.3,1,gcn,1,
glue|roberta-base|mrpc_wide|ABC|t29|s3|confirm,glue,roberta-base,mrpc_wide,mrpc,ABC,confirm,29,3,f1,curvature=0.25;feature_mode=center_unit;gat_hidden_dim=64;gnn_input_clip=0.3;gnn_input_scale=1;graph_curvature=2.25;graph_metric=poincare;hyp_gnn_type=gcn;hyperbolic_gnn=1;hyperbolic_readout=1;jk_mode=cat;learnable_curvature=1;lr=0.001;num_layers=4;proj_dim=256;readout_clip=0.0;readout_scale=0;rho_quantile=0.38;scorer_hidden=128;weight_decay=5e-05,64,poincare,cat,0.001,4,256,128,,5e-05,82.14,159.44,0.37928,0.0,center_unit,2.25,0.38,0.25,1,1,0.0,0,0.3,1,gcn,1,
glue|roberta-base|mrpc_wide|ABC|t29|s4|confirm,glue,roberta-base,mrpc_wide,mrpc,ABC,confirm,29,4,f1,curvature=0.25;feature_mode=center_unit;gat_hidden_dim=64;gnn_input_clip=0.3;gnn_input_scale=1;graph_curvature=2.25;graph_metric=poincare;hyp_gnn_type=gcn;hyperbolic_gnn=1;hyperbolic_readout=1;jk_mode=cat;learnable_curvature=1;lr=0.001;num_layers=4;proj_dim=256;readout_clip=0.0;readout_scale=0;rho_quantile=0.38;scorer_hidden=128;weight_decay=5e-05,64,poincare,cat,0.001,4,256,128,,5e-05,82.09,161.69,0.37942,0.0,center_unit,2.25,0.38,0.25,1,1,0.0,0,0.3,1,gcn,1,
glue|roberta-base|mrpc_wide|ABC|t29|s5|confirm,glue,roberta-base,mrpc_wide,mrpc,ABC,confirm,29,5,f1,curvature=0.25;feature_mode=center_unit;gat_hidden_dim=64;gnn_input_clip=0.3;gnn_input_scale=1;graph_curvature=2.25;graph_metric=poincare;hyp_gnn_type=gcn;hyperbolic_gnn=1;hyperbolic_readout=1;jk_mode=cat;learnable_curvature=1;lr=0.001;num_layers=4;proj_dim=256;readout_clip=0.0;readout_scale=0;rho_quantile=0.38;scorer_hidden=128;weight_decay=5e-05,64,poincare,cat,0.001,4,256,128,,5e-05,82.32,161.27,0.37932,0.0,center_unit,2.25,0.38,0.25,1,1,0.0,0,0.3,1,gcn,1,
glue|roberta-base|mrpc_wide|ABC|t29|s6|confirm,glue,roberta-base,mrpc_wide,mrpc,ABC,confirm,29,6,f1,curvature=0.25;feature_mode=center_unit;gat_hidden_dim=64;gnn_input_clip=0.3;gnn_input_scale=1;graph_curvature=2.25;graph_metric=poincare;hyp_gnn_type=gcn;hyperbolic_gnn=1;hyperbolic_readout=1;jk_mode=cat;learnable_curvature=1;lr=0.001;num_layers=4;proj_dim=256;readout_clip=0.0;readout_scale=0;rho_quantile=0.38;scorer_hidden=128;weight_decay=5e-05,64,poincare,cat,0.001,4,256,128,,5e-05,82.39,160.77,0.37924,0.0,center_unit,2.25,0.38,0.25,1,1,0.0,0,0.3,1,gcn,1,
glue|roberta-base|mrpc_wide|ABC|t29|s7|confirm,glue,roberta-base,mrpc_wide,mrpc,ABC,confirm,29,7,f1,curvature=0.25;feature_mode=center_unit;gat_hidden_dim=64;gnn_input_clip=0.3;gnn_input_scale=1;graph_curvature=2.25;graph_metric=poincare;hyp_gnn_type=gcn;hyperbolic_gnn=1;hyperbolic_readout=1;jk_mode=cat;learnable_curvature=1;lr=0.001;num_layers=4;proj_dim=256;readout_clip=0.0;readout_scale=0;rho_quantile=0.38;scorer_hidden=128;weight_decay=5e-05,64,poincare,cat,0.001,4,256,128,,5e-05,82.35,161.63,0.37939,0.0,center_unit,2.25,0.38,0.25,1,1,0.0,0,0.3,1,gcn,1,
glue|roberta-base|mrpc_wide|ABC|t29|s8|confirm,glue,roberta-base,mrpc_wide,mrpc,ABC,confirm,29,8,f1,curvature=0.25;feature_mode=center_unit;gat_hidden_dim=64;gnn_input_clip=0.3;gnn_input_scale=1;graph_curvature=2.25;graph_metric=poincare;hyp_gnn_type=gcn;hyperbolic_gnn=1;hyperbolic_readout=1;jk_mode=cat;learnable_curvature=1;lr=0.001;num_layers=4;proj_dim=256;readout_clip=0.0;readout_scale=0;rho_quantile=0.38;scorer_hidden=128;weight_decay=5e-05,64,poincare,cat,0.001,4,256,128,,5e-05,82.04,160.51,0.37931,0.0,center_unit,2.25,0.38,0.25,1,1,0.0,0,0.3,1,gcn,1,
glue|roberta-base|mrpc_wide|ABC|t29|s9|confirm,glue,roberta-base,mrpc_wide,mrpc,ABC,confirm,29,9,f1,curvature=0.25;feature_mode=center_unit;gat_hidden_dim=64;gnn_input_clip=0.3;gnn_input_scale=1;graph_curvature=2.25;graph_metric=poincare;hyp_gnn_type=gcn;hyperbolic_gnn=1;hyperbolic_readout=1;jk_mode=cat;learnable_curvature=1;lr=0.001;num_layers=4;proj_dim=256;readout_clip=0.0;readout_scale=0;rho_quantile=0.38;scorer_hidden=128;weight_decay=5e-05,64,poincare,cat,0.001,4,256,128,,5e-05,82.27,160.81,0.37914,0.0,center_unit,2.25,0.38,0.25,1,1,0.0,0,0.3,1,gcn,1,
glue|roberta-base|mrpc_wide|ABC|t29|s10|confirm,glue,roberta-base,mrpc_wide,mrpc,ABC,confirm,29,10,f1,curvature=0.25;feature_mode=center_unit;gat_hidden_dim=64;gnn_input_clip=0.3;gnn_input_scale=1;graph_curvature=2.25;graph_metric=poincare;hyp_gnn_type=gcn;hyperbolic_gnn=1;hyperbolic_readout=1;jk_mode=cat;learnable_curvature=1;lr=0.001;num_layers=4;proj_dim=256;readout_clip=0.0;readout_scale=0;rho_quantile=0.38;scorer_hidden=128;weight_decay=5e-05,64,poincare,cat,0.001,4,256,128,,5e-05,82.02,161.52,0.37932,0.0,center_unit,2.25,0.38,0.25,1,1,0.0,0,0.3,1,gcn,1,
glue|roberta-base|mrpc_wide|ABC|t29|s11|confirm,glue,roberta-base,mrpc_wide,mrpc,ABC,confirm,29,11,f1,curvature=0.25;feature_mode=center_unit;gat_hidden_dim=64;gnn_input_clip=0.3;gnn_input_scale=1;graph_curvature=2.25;graph_metric=poincare;hyp_gnn_type=gcn;hyperbolic_gnn=1;hyperbolic_readout=1;jk_mode=cat;learnable_curvature=1;lr=0.001;num_layers=4;proj_dim=256;readout_clip=0.0;readout_scale=0;rho_quantile=0.38;scorer_hidden=128;weight_decay=5e-05,64,poincare,cat,0.001,4,256,128,,5e-05,82.51,161.06,0.3792,0.0,center_unit,2.25,0.38,0.25,1,1,0.0,0,0.3,1,gcn,1,
glue|roberta-base|mrpc_wide|ABC|t29|s12|confirm,glue,roberta-base,mrpc_wide,mrpc,ABC,confirm,29,12,f1,curvature=0.25;feature_mode=center_unit;gat_hidden_dim=64;gnn_input_clip=0.3;gnn_input_scale=1;graph_curvature=2.25;graph_metric=poincare;hyp_gnn_type=gcn;hyperbolic_gnn=1;hyperbolic_readout=1;jk_mode=cat;learnable_curvature=1;lr=0.001;num_layers=4;proj_dim=256;readout_clip=0.0;readout_scale=0;rho_quantile=0.38;scorer_hidden=128;weight_decay=5e-05,64,poincare,cat,0.001,4,256,128,,5e-05,82.34,161.14,0.37918,0.0,center_unit,2.25,0.38,0.25,1,1,0.0,0,0.3,1,gcn,1,
glue|roberta-base|mrpc_wide|ABC|t29|s13|confirm,glue,roberta-base,mrpc_wide,mrpc,ABC,confirm,29,13,f1,curvature=0.25;feature_mode=center_unit;gat_hidden_dim=64;gnn_input_clip=0.3;gnn_input_scale=1;graph_curvature=2.25;graph_metric=poincare;hyp_gnn_type=gcn;hyperbolic_gnn=1;hyperbolic_readout=1;jk_mode=cat;learnable_curvature=1;lr=0.001;num_layers=4;proj_dim=256;readout_clip=0.0;readout_scale=0;rho_quantile=0.38;scorer_hidden=128;weight_decay=5e-05,64,poincare,cat,0.001,4,256,128,,5e-05,82.14,163.27,0.37925,0.0,center_unit,2.25,0.38,0.25,1,1,0.0,0,0.3,1,gcn,1,
glue|roberta-base|mrpc_wide|ABC|t29|s14|confirm,glue,roberta-base,mrpc_wide,mrpc,ABC,confirm,29,14,f1,curvature=0.25;feature_mode=center_unit;gat_hidden_dim=64;gnn_input_clip=0.3;gnn_input_scale=1;graph_curvature=2.25;graph_metric=poincare;hyp_gnn_type=gcn;hyperbolic_gnn=1;hyperbolic_readout=1;jk_mode=cat;learnable_curvature=1;lr=0.001;num_layers=4;proj_dim=256;readout_clip=0.0;readout_scale=0;rho_quantile=0.38;scorer_hidden=128;weight_decay=5e-05,64,poincare,cat,0.001,4,256,128,,5e-05,82.51,161.61,0.37915,0.0,center_unit,2.25,0.38,0.25,1,1,0.0,0,0.3,1,gcn,1,
glue|roberta-base|mrpc_wide|ABC|t29|s15|confirm,glue,roberta-base,mrpc_wide,mrpc,ABC,confirm,29,15,f1,curvature=0.25;feature_mode=center_unit;gat_hidden_dim=64;gnn_input_clip=0.3;gnn_input_scale=1;graph_curvature=2.25;graph_metric=poincare;hyp_gnn_type=gcn;hyperbolic_gnn=1;hyperbolic_readout=1;jk_mode=cat;learnable_curvature=1;lr=0.001;num_layers=4;proj_dim=256;readout_clip=0.0;readout_scale=0;rho_quantile=0.38;scorer_hidden=128;weight_decay=5e-05,64,poincare,cat,0.001,4,256,128,,5e-05,82.27,162.69,0.37927,0.0,center_unit,2.25,0.38,0.25,1,1,0.0,0,0.3,1,gcn,1,
glue|roberta-base|mrpc_wide|AC|t29|s1|confirm,glue,roberta-base,mrpc_wide,mrpc,AC,confirm,29,1,f1,curvature=1.0;feature_mode=cls_root_unit;gat_hidden_dim=128;gnn_input_clip=0.0;gnn_input_scale=0;graph_curvature=0.25;graph_metric=poincare;hyp_gnn_type=gcn;hyperbolic_gnn=1;jk_mode=max;lr=0.001;num_layers=4;proj_dim=512;rho_quantile=0.38;scorer_hidden=256;weight_decay=1e-05,128,poincare,max,0.001,4,512,256,,1e-05,82.04,148.6,0.37924,0.0,cls_root_unit,0.25,0.38,1.0,,,,,0.0,0,gcn,1,
glue|roberta-base|mrpc_wide|AC|t29|s2|confirm,glue,roberta-base,mrpc_wide,mrpc,AC,confirm,29,2,f1,curvature=1.0;feature_mode=cls_root_unit;gat_hidden_dim=128;gnn_input_clip=0.0;gnn_input_scale=0;graph_curvature=0.25;graph_metric=poincare;hyp_gnn_type=gcn;hyperbolic_gnn=1;jk_mode=max;lr=0.001;num_layers=4;proj_dim=512;rho_quantile=0.38;scorer_hidden=256;weight_decay=1e-05,128,poincare,max,0.001,4,512,256,,1e-05,82.41,148.76,0.37924,0.0,cls_root_unit,0.25,0.38,1.0,,,,,0.0,0,gcn,1,
glue|roberta-base|mrpc_wide|AC|t29|s3|confirm,glue,roberta-base,mrpc_wide,mrpc,AC,confirm,29,3,f1,curvature=1.0;feature_mode=cls_root_unit;gat_hidden_dim=128;gnn_input_clip=0.0;gnn_input_scale=0;graph_curvature=0.25;graph_metric=poincare;hyp_gnn_type=gcn;hyperbolic_gnn=1;jk_mode=max;lr=0.001;num_layers=4;proj_dim=512;rho_quantile=0.38;scorer_hidden=256;weight_decay=1e-05,128,poincare,max,0.001,4,512,256,,1e-05,82.41,148.87,0.37933,0.0,cls_root_unit,0.25,0.38,1.0,,,,,0.0,0,gcn,1,
glue|roberta-base|mrpc_wide|AC|t29|s4|confirm,glue,roberta-base,mrpc_wide,mrpc,AC,confirm,29,4,f1,curvature=1.0;feature_mode=cls_root_unit;gat_hidden_dim=128;gnn_input_clip=0.0;gnn_input_scale=0;graph_curvature=0.25;graph_metric=poincare;hyp_gnn_type=gcn;hyperbolic_gnn=1;jk_mode=max;lr=0.001;num_layers=4;proj_dim=512;rho_quantile=0.38;scorer_hidden=256;weight_decay=1e-05,128,poincare,max,0.001,4,512,256,,1e-05,82.48,148.37,0.37934,0.0,cls_root_unit,0.25,0.38,1.0,,,,,0.0,0,gcn,1,
glue|roberta-base|mrpc_wide|AC|t29|s5|confirm,glue,roberta-base,mrpc_wide,mrpc,AC,confirm,29,5,f1,curvature=1.0;feature_mode=cls_root_unit;gat_hidden_dim=128;gnn_input_clip=0.0;gnn_input_scale=0;graph_curvature=0.25;graph_metric=poincare;hyp_gnn_type=gcn;hyperbolic_gnn=1;jk_mode=max;lr=0.001;num_layers=4;proj_dim=512;rho_quantile=0.38;scorer_hidden=256;weight_decay=1e-05,128,poincare,max,0.001,4,512,256,,1e-05,81.97,148.52,0.37932,0.0,cls_root_unit,0.25,0.38,1.0,,,,,0.0,0,gcn,1,
glue|roberta-base|mrpc_wide|AC|t29|s6|confirm,glue,roberta-base,mrpc_wide,mrpc,AC,confirm,29,6,f1,curvature=1.0;feature_mode=cls_root_unit;gat_hidden_dim=128;gnn_input_clip=0.0;gnn_input_scale=0;graph_curvature=0.25;graph_metric=poincare;hyp_gnn_type=gcn;hyperbolic_gnn=1;jk_mode=max;lr=0.001;num_layers=4;proj_dim=512;rho_quantile=0.38;scorer_hidden=256;weight_decay=1e-05,128,poincare,max,0.001,4,512,256,,1e-05,82.34,149.2,0.37935,0.0,cls_root_unit,0.25,0.38,1.0,,,,,0.0,0,gcn,1,
glue|roberta-base|mrpc_wide|AC|t29|s7|confirm,glue,roberta-base,mrpc_wide,mrpc,AC,confirm,29,7,f1,curvature=1.0;feature_mode=cls_root_unit;gat_hidden_dim=128;gnn_input_clip=0.0;gnn_input_scale=0;graph_curvature=0.25;graph_metric=poincare;hyp_gnn_type=gcn;hyperbolic_gnn=1;jk_mode=max;lr=0.001;num_layers=4;proj_dim=512;rho_quantile=0.38;scorer_hidden=256;weight_decay=1e-05,128,poincare,max,0.001,4,512,256,,1e-05,82.02,148.33,0.37922,0.0,cls_root_unit,0.25,0.38,1.0,,,,,0.0,0,gcn,1,
glue|roberta-base|mrpc_wide|AC|t29|s8|confirm,glue,roberta-base,mrpc_wide,mrpc,AC,confirm,29,8,f1,curvature=1.0;feature_mode=cls_root_unit;gat_hidden_dim=128;gnn_input_clip=0.0;gnn_input_scale=0;graph_curvature=0.25;graph_metric=poincare;hyp_gnn_type=gcn;hyperbolic_gnn=1;jk_mode=max;lr=0.001;num_layers=4;proj_dim=512;rho_quantile=0.38;scorer_hidden=256;weight_decay=1e-05,128,poincare,max,0.001,4,512,256,,1e-05,82.32,148.9,0.37927,0.0,cls_root_unit,0.25,0.38,1.0,,,,,0.0,0,gcn,1,
glue|roberta-base|mrpc_wide|AC|t29|s9|confirm,glue,roberta-base,mrpc_wide,mrpc,AC,confirm,29,9,f1,curvature=1.0;feature_mode=cls_root_unit;gat_hidden_dim=128;gnn_input_clip=0.0;gnn_input_scale=0;graph_curvature=0.25;graph_metric=poincare;hyp_gnn_type=gcn;hyperbolic_gnn=1;jk_mode=max;lr=0.001;num_layers=4;proj_dim=512;rho_quantile=0.38;scorer_hidden=256;weight_decay=1e-05,128,poincare,max,0.001,4,512,256,,1e-05,82.8,148.4,0.37925,0.0,cls_root_unit,0.25,0.38,1.0,,,,,0.0,0,gcn,1,
glue|roberta-base|mrpc_wide|AC|t29|s10|confirm,glue,roberta-base,mrpc_wide,mrpc,AC,confirm,29,10,f1,curvature=1.0;feature_mode=cls_root_unit;gat_hidden_dim=128;gnn_input_clip=0.0;gnn_input_scale=0;graph_curvature=0.25;graph_metric=poincare;hyp_gnn_type=gcn;hyperbolic_gnn=1;jk_mode=max;lr=0.001;num_layers=4;proj_dim=512;rho_quantile=0.38;scorer_hidden=256;weight_decay=1e-05,128,poincare,max,0.001,4,512,256,,1e-05,82.48,147.76,0.37916,0.0,cls_root_unit,0.25,0.38,1.0,,,,,0.0,0,gcn,1,
glue|roberta-base|mrpc_wide|AC|t29|s11|confirm,glue,roberta-base,mrpc_wide,mrpc,AC,confirm,29,11,f1,curvature=1.0;feature_mode=cls_root_unit;gat_hidden_dim=128;gnn_input_clip=0.0;gnn_input_scale=0;graph_curvature=0.25;graph_metric=poincare;hyp_gnn_type=gcn;hyperbolic_gnn=1;jk_mode=max;lr=0.001;num_layers=4;proj_dim=512;rho_quantile=0.38;scorer_hidden=256;weight_decay=1e-05,128,poincare,max,0.001,4,512,256,,1e-05,82.39,148.82,0.3794,0.0,cls_root_unit,0.25,0.38,1.0,,,,,0.0,0,gcn,1,
glue|roberta-base|mrpc_wide|AC|t29|s12|confirm,glue,roberta-base,mrpc_wide,mrpc,AC,confirm,29,12,f1,curvature=1.0;feature_mode=cls_root_unit;gat_hidden_dim=128;gnn_input_clip=0.0;gnn_input_scale=0;graph_curvature=0.25;graph_metric=poincare;hyp_gnn_type=gcn;hyperbolic_gnn=1;jk_mode=max;lr=0.001;num_layers=4;proj_dim=512;rho_quantile=0.38;scorer_hidden=256;weight_decay=1e-05,128,poincare,max,0.001,4,512,256,,1e-05,82.48,149.59,0.37937,0.0,cls_root_unit,0.25,0.38,1.0,,,,,0.0,0,gcn,1,
glue|roberta-base|mrpc_wide|AC|t29|s13|confirm,glue,roberta-base,mrpc_wide,mrpc,AC,confirm,29,13,f1,curvature=1.0;feature_mode=cls_root_unit;gat_hidden_dim=128;gnn_input_clip=0.0;gnn_input_scale=0;graph_curvature=0.25;graph_metric=poincare;hyp_gnn_type=gcn;hyperbolic_gnn=1;jk_mode=max;lr=0.001;num_layers=4;proj_dim=512;rho_quantile=0.38;scorer_hidden=256;weight_decay=1e-05,128,poincare,max,0.001,4,512,256,,1e-05,82.14,148.21,0.37913,0.0,cls_root_unit,0.25,0.38,1.0,,,,,0.0,0,gcn,1,
glue|roberta-base|mrpc_wide|AC|t29|s14|confirm,glue,roberta-base,mrpc_wide,mrpc,AC,confirm,29,14,f1,curvature=1.0;feature_mode=cls_root_unit;gat_hidden_dim=128;gnn_input_clip=0.0;gnn_input_scale=0;graph_curvature=0.25;graph_metric=poincare;hyp_gnn_type=gcn;hyperbolic_gnn=1;jk_mode=max;lr=0.001;num_layers=4;proj_dim=512;rho_quantile=0.38;scorer_hidden=256;weight_decay=1e-05,128,poincare,max,0.001,4,512,256,,1e-05,82.14,148.31,0.37935,0.0,cls_root_unit,0.25,0.38,1.0,,,,,0.0,0,gcn,1,
glue|roberta-base|mrpc_wide|AC|t29|s15|confirm,glue,roberta-base,mrpc_wide,mrpc,AC,confirm,29,15,f1,curvature=1.0;feature_mode=cls_root_unit;gat_hidden_dim=128;gnn_input_clip=0.0;gnn_input_scale=0;graph_curvature=0.25;graph_metric=poincare;hyp_gnn_type=gcn;hyperbolic_gnn=1;jk_mode=max;lr=0.001;num_layers=4;proj_dim=512;rho_quantile=0.38;scorer_hidden=256;weight_decay=1e-05,128,poincare,max,0.001,4,512,256,,1e-05,82.63,147.98,0.37938,0.0,cls_root_unit,0.25,0.38,1.0,,,,,0.0,0,gcn,1,
glue|roberta-base|mrpc_wide|B|t35|s1|confirm,glue,roberta-base,mrpc_wide,mrpc,B,confirm,35,1,f1,curvature=1.0;gat_hidden_dim=256;graph_metric=cosine;hyperbolic_readout=1;jk_mode=cat;learnable_curvature=0;lr=0.001;num_layers=4;proj_dim=512;readout_clip=1.0;readout_scale=1;scorer_hidden=128;tau_quantile=0.2;weight_decay=5e-05,256,cosine,cat,0.001,4,512,128,0.2,5e-05,82.27,106.17,0.19947,0.0,,,,1.0,1,0,1.0,1,,,,,
glue|roberta-base|mrpc_wide|B|t35|s2|confirm,glue,roberta-base,mrpc_wide,mrpc,B,confirm,35,2,f1,curvature=1.0;gat_hidden_dim=256;graph_metric=cosine;hyperbolic_readout=1;jk_mode=cat;learnable_curvature=0;lr=0.001;num_layers=4;proj_dim=512;readout_clip=1.0;readout_scale=1;scorer_hidden=128;tau_quantile=0.2;weight_decay=5e-05,256,cosine,cat,0.001,4,512,128,0.2,5e-05,82.02,105.46,0.19945,0.0,,,,1.0,1,0,1.0,1,,,,,
glue|roberta-base|mrpc_wide|B|t35|s3|confirm,glue,roberta-base,mrpc_wide,mrpc,B,confirm,35,3,f1,curvature=1.0;gat_hidden_dim=256;graph_metric=cosine;hyperbolic_readout=1;jk_mode=cat;learnable_curvature=0;lr=0.001;num_layers=4;proj_dim=512;readout_clip=1.0;readout_scale=1;scorer_hidden=128;tau_quantile=0.2;weight_decay=5e-05,256,cosine,cat,0.001,4,512,128,0.2,5e-05,81.69,105.58,0.19952,0.0,,,,1.0,1,0,1.0,1,,,,,
glue|roberta-base|mrpc_wide|B|t35|s4|confirm,glue,roberta-base,mrpc_wide,mrpc,B,confirm,35,4,f1,curvature=1.0;gat_hidden_dim=256;graph_metric=cosine;hyperbolic_readout=1;jk_mode=cat;learnable_curvature=0;lr=0.001;num_layers=4;proj_dim=512;readout_clip=1.0;readout_scale=1;scorer_hidden=128;tau_quantile=0.2;weight_decay=5e-05,256,cosine,cat,0.001,4,512,128,0.2,5e-05,81.97,106.15,0.1995,0.0,,,,1.0,1,0,1.0,1,,,,,
glue|roberta-base|mrpc_wide|B|t35|s5|confirm,glue,roberta-base,mrpc_wide,mrpc,B,confirm,35,5,f1,curvature=1.0;gat_hidden_dim=256;graph_metric=cosine;hyperbolic_readout=1;jk_mode=cat;learnable_curvature=0;lr=0.001;num_layers=4;proj_dim=512;readout_clip=1.0;readout_scale=1;scorer_hidden=128;tau_quantile=0.2;weight_decay=5e-05,256,cosine,cat,0.001,4,512,128,0.2,5e-05,82.11,106.46,0.19941,0.0,,,,1.0,1,0,1.0,1,,,,,
glue|roberta-base|mrpc_wide|B|t35|s6|confirm,glue,roberta-base,mrpc_wide,mrpc,B,confirm,35,6,f1,curvature=1.0;gat_hidden_dim=256;graph_metric=cosine;hyperbolic_readout=1;jk_mode=cat;learnable_curvature=0;lr=0.001;num_layers=4;proj_dim=512;readout_clip=1.0;readout_scale=1;scorer_hidden=128;tau_quantile=0.2;weight_decay=5e-05,256,cosine,cat,0.001,4,512,128,0.2,5e-05,82.07,105.46,0.19958,0.0,,,,1.0,1,0,1.0,1,,,,,
glue|roberta-base|mrpc_wide|B|t35|s7|confirm,glue,roberta-base,mrpc_wide,mrpc,B,confirm,35,7,f1,curvature=1.0;gat_hidden_dim=256;graph_metric=cosine;hyperbolic_readout=1;jk_mode=cat;learnable_curvature=0;lr=0.001;num_layers=4;proj_dim=512;readout_clip=1.0;readout_scale=1;scorer_hidden=128;tau_quantile=0.2;weight_decay=5e-05,256,cosine,cat,0.001,4,512,128,0.2,5e-05,82.57,106.15,0.19953,0.0,,,,1.0,1,0,1.0,1,,,,,
glue|roberta-base|mrpc_wide|B|t35|s8|confirm,glue,roberta-base,mrpc_wide,mrpc,B,confirm,35,8,f1,curvature=1.0;gat_hidden_dim=256;graph_metric=cosine;hyperbolic_readout=1;jk_mode=cat;learnable_curvature=0;lr=0.001;num_layers=4;proj_dim=512;readout_clip=1.0;readout_scale=1;scorer_hidden=128;tau_quantile=0.2;weight_decay=5e-05,256,cosine,cat,0.001,4,512,128,0.2,5e-05,82.28,106.09,0.19944,0.0,,,,1.0,1,0,1.0,1,,,,,
glue|roberta-base|mrpc_wide|B|t35|s9|confirm,glue,roberta-base,mrpc_wide,mrpc,B,confirm,35,9,f1,curvature=1.0;gat_hidden_dim=256;graph_metric=cosine;hyperbolic_readout=1;jk_mode=cat;learnable_curvature=0;lr=0.001;num_layers=4;proj_dim=512;readout_clip=1.0;readout_scale=1;scorer_hidden=128;tau_quantile=0.2;weight_decay=5e-05,256,cosine,cat,0.001,4,512,128,0.2,5e-05,82.81,105.82,0.19959,0.0,,,,1.0,1,0,1.0,1,,,,,
glue|roberta-base|mrpc_wide|B|t35|s10|confirm,glue,roberta-base,mrpc_wide,mrpc,B,confirm,35,10,f1,curvature=1.0;gat_hidden_dim=256;graph_metric=cosine;hyperbolic_readout=1;jk_mode=cat;learnable_curvature=0;lr=0.001;num_layers=4;proj_dim=512;readout_clip=1.0;readout_scale=1;scorer_hidden=128;tau_quantile=0.2;weight_decay=5e-05,256,cosine,cat,0.001,4,512,128,0.2,5e-05,82.39,105.58,0.19958,0.0,,,,1.0,1,0,1.0,1,,,,,
glue|roberta-base|mrpc_wide|B|t35|s11|confirm,glue,roberta-base,mrpc_wide,mrpc,B,confirm,35,11,f1,curvature=1.0;gat_hidden_dim=256;graph_metric=cosine;hyperbolic_readout=1;jk_mode=cat;learnable_curvature=0;lr=0.001;num_layers=4;proj_dim=512;readout_clip=1.0;readout_scale=1;scorer_hidden=128;tau_quantile=0.2;weight_decay=5e-05,256,cosine,cat,0.001,4,512,128,0.2,5e-05,82.09,105.68,0.19949,0.0,,,,1.0,1,0,1.0,1,,,,,
glue|roberta-base|mrpc_wide|B|t35|s12|confirm,glue,roberta-base,mrpc_wide,mrpc,B,confirm,35,12,f1,curvature=1.0;gat_hidden_dim=256;graph_metric=cosine;hyperbolic_readout=1;jk_mode=cat;learnable_curvature=0;lr=0.001;num_layers=4;proj_dim=512;readout_clip=1.0;readout_scale=1;scorer_hidden=128;tau_quantile=0.2;weight_decay=5e-05,256,cosine,cat,0.001,4,512,128,0.2,5e-05,82.2,105.97,0.19953,0.0,,,,1.0,1,0,1.0,1,,,,,
glue|roberta-base|mrpc_wide|B|t35|s13|confirm,glue,roberta-base,mrpc_wide,mrpc,B,confirm,35,13,f1,curvature=1.0;gat_hidden_dim=256;graph_metric=cosine;hyperbolic_readout=1;jk_mode=cat;learnable_curvature=0;lr=0.001;num_layers=4;proj_dim=512;readout_clip=1.0;readout_scale=1;scorer_hidden=128;tau_quantile=0.2;weight_decay=5e-05,256,cosine,cat,0.001,4,512,128,0.2,5e-05,82.05,105.61,0.19946,0.0,,,,1.0,1,0,1.0,1,,,,,
glue|roberta-base|mrpc_wide|B|t35|s14|confirm,glue,roberta-base,mrpc_wide,mrpc,B,confirm,35,14,f1,curvature=1.0;gat_hidden_dim=256;graph_metric=cosine;hyperbolic_readout=1;jk_mode=cat;learnable_curvature=0;lr=0.001;num_layers=4;proj_dim=512;readout_clip=1.0;readout_scale=1;scorer_hidden=128;tau_quantile=0.2;weight_decay=5e-05,256,cosine,cat,0.001,4,512,128,0.2,5e-05,82.02,106.41,0.19951,0.0,,,,1.0,1,0,1.0,1,,,,,
glue|roberta-base|mrpc_wide|B|t35|s15|confirm,glue,roberta-base,mrpc_wide,mrpc,B,confirm,35,15,f1,curvature=1.0;gat_hidden_dim=256;graph_metric=cosine;hyperbolic_readout=1;jk_mode=cat;learnable_curvature=0;lr=0.001;num_layers=4;proj_dim=512;readout_clip=1.0;readout_scale=1;scorer_hidden=128;tau_quantile=0.2;weight_decay=5e-05,256,cosine,cat,0.001,4,512,128,0.2,5e-05,82.32,105.73,0.19951,0.0,,,,1.0,1,0,1.0,1,,,,,
glue|roberta-base|mrpc_wide|BC|t17|s1|confirm,glue,roberta-base,mrpc_wide,mrpc,BC,confirm,17,1,f1,curvature=1.0;gat_hidden_dim=64;gnn_input_clip=0.0;gnn_input_scale=0;graph_metric=cosine;hyp_gnn_type=gat;hyperbolic_gnn=1;hyperbolic_readout=1;jk_mode=max;learnable_curvature=1;lr=0.001;num_layers=2;proj_dim=512;readout_clip=1.0;readout_scale=1;scorer_hidden=256;tau_quantile=0.1;weight_decay=0.0,64,cosine,max,0.001,2,512,256,0.1,0.0,82.35,115.99,0.10004,0.0,,,,1.0,1,1,1.0,1,0.0,0,gat,1,
glue|roberta-base|mrpc_wide|BC|t17|s2|confirm,glue,roberta-base,mrpc_wide,mrpc,BC,confirm,17,2,f1,curvature=1.0;gat_hidden_dim=64;gnn_input_clip=0.0;gnn_input_scale=0;graph_metric=cosine;hyp_gnn_type=gat;hyperbolic_gnn=1;hyperbolic_readout=1;jk_mode=max;learnable_curvature=1;lr=0.001;num_layers=2;proj_dim=512;readout_clip=1.0;readout_scale=1;scorer_hidden=256;tau_quantile=0.1;weight_decay=0.0,64,cosine,max,0.001,2,512,256,0.1,0.0,82.53,117.26,0.10005,0.0,,,,1.0,1,1,1.0,1,0.0,0,gat,1,
glue|roberta-base|mrpc_wide|BC|t17|s3|confirm,glue,roberta-base,mrpc_wide,mrpc,BC,confirm,17,3,f1,curvature=1.0;gat_hidden_dim=64;gnn_input_clip=0.0;gnn_input_scale=0;graph_metric=cosine;hyp_gnn_type=gat;hyperbolic_gnn=1;hyperbolic_readout=1;jk_mode=max;learnable_curvature=1;lr=0.001;num_layers=2;proj_dim=512;readout_clip=1.0;readout_scale=1;scorer_hidden=256;tau_quantile=0.1;weight_decay=0.0,64,cosine,max,0.001,2,512,256,0.1,0.0,82.35,116.64,0.09996,0.0,,,,1.0,1,1,1.0,1,0.0,0,gat,1,
glue|roberta-base|mrpc_wide|BC|t17|s4|confirm,glue,roberta-base,mrpc_wide,mrpc,BC,confirm,17,4,f1,curvature=1.0;gat_hidden_dim=64;gnn_input_clip=0.0;gnn_input_scale=0;graph_metric=cosine;hyp_gnn_type=gat;hyperbolic_gnn=1;hyperbolic_readout=1;jk_mode=max;learnable_curvature=1;lr=0.001;num_layers=2;proj_dim=512;readout_clip=1.0;readout_scale=1;scorer_hidden=256;tau_quantile=0.1;weight_decay=0.0,64,cosine,max,0.001,2,512,256,0.1,0.0,82.3,116.72,0.10002,0.0,,,,1.0,1,1,1.0,1,0.0,0,gat,1,
glue|roberta-base|mrpc_wide|BC|t17|s5|confirm,glue,roberta-base,mrpc_wide,mrpc,BC,confirm,17,5,f1,curvature=1.0;gat_hidden_dim=64;gnn_input_clip=0.0;gnn_input_scale=0;graph_metric=cosine;hyp_gnn_type=gat;hyperbolic_gnn=1;hyperbolic_readout=1;jk_mode=max;learnable_curvature=1;lr=0.001;num_layers=2;proj_dim=512;readout_clip=1.0;readout_scale=1;scorer_hidden=256;tau_quantile=0.1;weight_decay=0.0,64,cosine,max,0.001,2,512,256,0.1,0.0,82.46,116.88,0.10006,0.0,,,,1.0,1,1,1.0,1,0.0,0,gat,1,
glue|roberta-base|mrpc_wide|BC|t17|s6|confirm,glue,roberta-base,mrpc_wide,mrpc,BC,confirm,17,6,f1,curvature=1.0;gat_hidden_dim=64;gnn_input_clip=0.0;gnn_input_scale=0;graph_metric=cosine;hyp_gnn_type=gat;hyperbolic_gnn=1;hyperbolic_readout=1;jk_mode=max;learnable_curvature=1;lr=0.001;num_layers=2;proj_dim=512;readout_clip=1.0;readout_scale=1;scorer_hidden=256;tau_quantile=0.1;weight_decay=0.0,64,cosine,max,0.001,2,512,256,0.1,0.0,82.53,116.46,0.09994,0.0,,,,1.0,1,1,1.0,1,0.0,0,gat,1,
glue|roberta-base|mrpc_wide|BC|t17|s7|confirm,glue,roberta-base,mrpc_wide,mrpc,BC,confirm,17,7,f1,curvature=1.0;gat_hidden_dim=64;gnn_input_clip=0.0;gnn_input_scale=0;graph_metric=cosine;hyp_gnn_type=gat;hyperbolic_gnn=1;hyperbolic_readout=1;jk_mode=max;learnable_curvature=1;lr=0.001;num_layers=2;proj_dim=512;readout_clip=1.0;readout_scale=1;scorer_hidden=256;tau_quantile=0.1;weight_decay=0.0,64,cosine,max,0.001,2,512,256,0.1,0.0,81.76,117.43,0.10008,0.0,,,,1.0,1,1,1.0,1,0.0,0,gat,1,
glue|roberta-base|mrpc_wide|BC|t17|s8|confirm,glue,roberta-base,mrpc_wide,mrpc,BC,confirm,17,8,f1,curvature=1.0;gat_hidden_dim=64;gnn_input_clip=0.0;gnn_input_scale=0;graph_metric=cosine;hyp_gnn_type=gat;hyperbolic_gnn=1;hyperbolic_readout=1;jk_mode=max;learnable_curvature=1;lr=0.001;num_layers=2;proj_dim=512;readout_clip=1.0;readout_scale=1;scorer_hidden=256;tau_quantile=0.1;weight_decay=0.0,64,cosine,max,0.001,2,512,256,0.1,0.0,82.53,116.84,0.10003,0.0,,,,1.0,1,1,1.0,1,0.0,0,gat,1,
glue|roberta-base|mrpc_wide|BC|t17|s9|confirm,glue,roberta-base,mrpc_wide,mrpc,BC,confirm,17,9,f1,curvature=1.0;gat_hidden_dim=64;gnn_input_clip=0.0;gnn_input_scale=0;graph_metric=cosine;hyp_gnn_type=gat;hyperbolic_gnn=1;hyperbolic_readout=1;jk_mode=max;learnable_curvature=1;lr=0.001;num_layers=2;proj_dim=512;readout_clip=1.0;readout_scale=1;scorer_hidden=256;tau_quantile=0.1;weight_decay=0.0,64,cosine,max,0.001,2,512,256,0.1,0.0,82.46,117.01,0.10007,0.0,,,,1.0,1,1,1.0,1,0.0,0,gat,1,
glue|roberta-base|mrpc_wide|BC|t17|s10|confirm,glue,roberta-base,mrpc_wide,mrpc,BC,confirm,17,10,f1,curvature=1.0;gat_hidden_dim=64;gnn_input_clip=0.0;gnn_input_scale=0;graph_metric=cosine;hyp_gnn_type=gat;hyperbolic_gnn=1;hyperbolic_readout=1;jk_mode=max;learnable_curvature=1;lr=0.001;num_layers=2;proj_dim=512;readout_clip=1.0;readout_scale=1;scorer_hidden=256;tau_quantile=0.1;weight_decay=0.0,64,cosine,max,0.001,2,512,256,0.1,0.0,82.21,117.22,0.10012,0.0,,,,1.0,1,1,1.0,1,0.0,0,gat,1,
glue|roberta-base|mrpc_wide|BC|t17|s11|confirm,glue,roberta-base,mrpc_wide,mrpc,BC,confirm,17,11,f1,curvature=1.0;gat_hidden_dim=64;gnn_input_clip=0.0;gnn_input_scale=0;graph_metric=cosine;hyp_gnn_type=gat;hyperbolic_gnn=1;hyperbolic_readout=1;jk_mode=max;learnable_curvature=1;lr=0.001;num_layers=2;proj_dim=512;readout_clip=1.0;readout_scale=1;scorer_hidden=256;tau_quantile=0.1;weight_decay=0.0,64,cosine,max,0.001,2,512,256,0.1,0.0,82.62,117.37,0.1001,0.0,,,,1.0,1,1,1.0,1,0.0,0,gat,1,
glue|roberta-base|mrpc_wide|BC|t17|s12|confirm,glue,roberta-base,mrpc_wide,mrpc,BC,confirm,17,12,f1,curvature=1.0;gat_hidden_dim=64;gnn_input_clip=0.0;gnn_input_scale=0;graph_metric=cosine;hyp_gnn_type=gat;hyperbolic_gnn=1;hyperbolic_readout=1;jk_mode=max;learnable_curvature=1;lr=0.001;num_layers=2;proj_dim=512;readout_clip=1.0;readout_scale=1;scorer_hidden=256;tau_quantile=0.1;weight_decay=0.0,64,cosine,max,0.001,2,512,256,0.1,0.0,82.01,116.48,0.09997,0.0,,,,1.0,1,1,1.0,1,0.0,0,gat,1,
glue|roberta-base|mrpc_wide|BC|t17|s13|confirm,glue,roberta-base,mrpc_wide,mrpc,BC,confirm,17,13,f1,curvature=1.0;gat_hidden_dim=64;gnn_input_clip=0.0;gnn_input_scale=0;graph_metric=cosine;hyp_gnn_type=gat;hyperbolic_gnn=1;hyperbolic_readout=1;jk_mode=max;learnable_curvature=1;lr=0.001;num_layers=2;proj_dim=512;readout_clip=1.0;readout_scale=1;scorer_hidden=256;tau_quantile=0.1;weight_decay=0.0,64,cosine,max,0.001,2,512,256,0.1,0.0,82.55,116.38,0.10005,0.0,,,,1.0,1,1,1.0,1,0.0,0,gat,1,
glue|roberta-base|mrpc_wide|BC|t17|s14|confirm,glue,roberta-base,mrpc_wide,mrpc,BC,confirm,17,14,f1,curvature=1.0;gat_hidden_dim=64;gnn_input_clip=0.0;gnn_input_scale=0;graph_metric=cosine;hyp_gnn_type=gat;hyperbolic_gnn=1;hyperbolic_readout=1;jk_mode=max;learnable_curvature=1;lr=0.001;num_layers=2;proj_dim=512;readout_clip=1.0;readout_scale=1;scorer_hidden=256;tau_quantile=0.1;weight_decay=0.0,64,cosine,max,0.001,2,512,256,0.1,0.0,82.28,115.97,0.10006,0.0,,,,1.0,1,1,1.0,1,0.0,0,gat,1,
glue|roberta-base|mrpc_wide|BC|t17|s15|confirm,glue,roberta-base,mrpc_wide,mrpc,BC,confirm,17,15,f1,curvature=1.0;gat_hidden_dim=64;gnn_input_clip=0.0;gnn_input_scale=0;graph_metric=cosine;hyp_gnn_type=gat;hyperbolic_gnn=1;hyperbolic_readout=1;jk_mode=max;learnable_curvature=1;lr=0.001;num_layers=2;proj_dim=512;readout_clip=1.0;readout_scale=1;scorer_hidden=256;tau_quantile=0.1;weight_decay=0.0,64,cosine,max,0.001,2,512,256,0.1,0.0,81.89,116.55,0.09994,0.0,,,,1.0,1,1,1.0,1,0.0,0,gat,1,
glue|roberta-base|mrpc_wide|C|t18|s1|confirm,glue,roberta-base,mrpc_wide,mrpc,C,confirm,18,1,f1,curvature=4.0;gat_hidden_dim=256;gnn_input_clip=0.7;gnn_input_scale=0;graph_metric=cosine;hyp_gnn_type=gcn;hyperbolic_gnn=1;jk_mode=cat;lr=0.001;num_layers=2;proj_dim=128;scorer_hidden=256;tau_quantile=0.025;weight_decay=1e-05,256,cosine,cat,0.001,2,128,256,0.025,1e-05,82.07,113.19,0.02521,0.0,,,,4.0,,,,,0.7,0,gcn,1,
glue|roberta-base|mrpc_wide|C|t18|s2|confirm,glue,roberta-base,mrpc_wide,mrpc,C,confirm,18,2,f1,curvature=4.0;gat_hidden_dim=256;gnn_input_clip=0.7;gnn_input_scale=0;graph_metric=cosine;hyp_gnn_type=gcn;hyperbolic_gnn=1;jk_mode=cat;lr=0.001;num_layers=2;proj_dim=128;scorer_hidden=256;tau_quantile=0.025;weight_decay=1e-05,256,cosine,cat,0.001,2,128,256,0.025,1e-05,82.27,111.73,0.02514,0.0,,,,4.0,,,,,0.7,0,gcn,1,
glue|roberta-base|mrpc_wide|C|t18|s3|confirm,glue,roberta-base,mrpc_wide,mrpc,C,confirm,18,3,f1,curvature=4.0;gat_hidden_dim=256;gnn_input_clip=0.7;gnn_input_scale=0;graph_metric=cosine;hyp_gnn_type=gcn;hyperbolic_gnn=1;jk_mode=cat;lr=0.001;num_layers=2;proj_dim=128;scorer_hidden=256;tau_quantile=0.025;weight_decay=1e-05,256,cosine,cat,0.001,2,128,256,0.025,1e-05,82.57,111.86,0.02524,0.0,,,,4.0,,,,,0.7,0,gcn,1,
glue|roberta-base|mrpc_wide|C|t18|s4|confirm,glue,roberta-base,mrpc_wide,mrpc,C,confirm,18,4,f1,curvature=4.0;gat_hidden_dim=256;gnn_input_clip=0.7;gnn_input_scale=0;graph_metric=cosine;hyp_gnn_type=gcn;hyperbolic_gnn=1;jk_mode=cat;lr=0.001;num_layers=2;proj_dim=128;scorer_hidden=256;tau_quantile=0.025;weight_decay=1e-05,256,cosine,cat,0.001,2,128,256,0.025,1e-05,82.28,111.94,0.02517,0.0,,,,4.0,,,,,0.7,0,gcn,1,
glue|roberta-base|mrpc_wide|C|t18|s5|confirm,glue,roberta-base,mrpc_wide,mrpc,C,confirm,18,5,f1,curvature=4.0;gat_hidden_dim=256;gnn_input_clip=0.7;gnn_input_scale=0;graph_metric=cosine;hyp_gnn_type=gcn;hyperbolic_gnn=1;jk_mode=cat;lr=0.001;num_layers=2;proj_dim=128;scorer_hidden=256;tau_quantile=0.025;weight_decay=1e-05,256,cosine,cat,0.001,2,128,256,0.025,1e-05,81.63,112.08,0.02516,0.0,,,,4.0,,,,,0.7,0,gcn,1,
glue|roberta-base|mrpc_wide|C|t18|s6|confirm,glue,roberta-base,mrpc_wide,mrpc,C,confirm,18,6,f1,curvature=4.0;gat_hidden_dim=256;gnn_input_clip=0.7;gnn_input_scale=0;graph_metric=cosine;hyp_gnn_type=gcn;hyperbolic_gnn=1;jk_mode=cat;lr=0.001;num_layers=2;proj_dim=128;scorer_hidden=256;tau_quantile=0.025;weight_decay=1e-05,256,cosine,cat,0.001,2,128,256,0.025,1e-05,82.44,111.65,0.02522,0.0,,,,4.0,,,,,0.7,0,gcn,1,
glue|roberta-base|mrpc_wide|C|t18|s7|confirm,glue,roberta-base,mrpc_wide,mrpc,C,confirm,18,7,f1,curvature=4.0;gat_hidden_dim=256;gnn_input_clip=0.7;gnn_input_scale=0;graph_metric=cosine;hyp_gnn_type=gcn;hyperbolic_gnn=1;jk_mode=cat;lr=0.001;num_layers=2;proj_dim=128;scorer_hidden=256;tau_quantile=0.025;weight_decay=1e-05,256,cosine,cat,0.001,2,128,256,0.025,1e-05,81.6,112.12,0.02517,0.0,,,,4.0,,,,,0.7,0,gcn,1,
glue|roberta-base|mrpc_wide|C|t18|s8|confirm,glue,roberta-base,mrpc_wide,mrpc,C,confirm,18,8,f1,curvature=4.0;gat_hidden_dim=256;gnn_input_clip=0.7;gnn_input_scale=0;graph_metric=cosine;hyp_gnn_type=gcn;hyperbolic_gnn=1;jk_mode=cat;lr=0.001;num_layers=2;proj_dim=128;scorer_hidden=256;tau_quantile=0.025;weight_decay=1e-05,256,cosine,cat,0.001,2,128,256,0.025,1e-05,81.54,111.29,0.02516,0.0,,,,4.0,,,,,0.7,0,gcn,1,
glue|roberta-base|mrpc_wide|C|t18|s9|confirm,glue,roberta-base,mrpc_wide,mrpc,C,confirm,18,9,f1,curvature=4.0;gat_hidden_dim=256;gnn_input_clip=0.7;gnn_input_scale=0;graph_metric=cosine;hyp_gnn_type=gcn;hyperbolic_gnn=1;jk_mode=cat;lr=0.001;num_layers=2;proj_dim=128;scorer_hidden=256;tau_quantile=0.025;weight_decay=1e-05,256,cosine,cat,0.001,2,128,256,0.025,1e-05,82.39,112.0,0.02519,0.0,,,,4.0,,,,,0.7,0,gcn,1,
glue|roberta-base|mrpc_wide|C|t18|s10|confirm,glue,roberta-base,mrpc_wide,mrpc,C,confirm,18,10,f1,curvature=4.0;gat_hidden_dim=256;gnn_input_clip=0.7;gnn_input_scale=0;graph_metric=cosine;hyp_gnn_type=gcn;hyperbolic_gnn=1;jk_mode=cat;lr=0.001;num_layers=2;proj_dim=128;scorer_hidden=256;tau_quantile=0.025;weight_decay=1e-05,256,cosine,cat,0.001,2,128,256,0.025,1e-05,82.27,111.59,0.02523,0.0,,,,4.0,,,,,0.7,0,gcn,1,
glue|roberta-base|mrpc_wide|C|t18|s11|confirm,glue,roberta-base,mrpc_wide,mrpc,C,confirm,18,11,f1,curvature=4.0;gat_hidden_dim=256;gnn_input_clip=0.7;gnn_input_scale=0;graph_metric=cosine;hyp_gnn_type=gcn;hyperbolic_gnn=1;jk_mode=cat;lr=0.001;num_layers=2;proj_dim=128;scorer_hidden=256;tau_quantile=0.025;weight_decay=1e-05,256,cosine,cat,0.001,2,128,256,0.025,1e-05,81.83,111.92,0.0252,0.0,,,,4.0,,,,,0.7,0,gcn,1,
glue|roberta-base|mrpc_wide|C|t18|s12|confirm,glue,roberta-base,mrpc_wide,mrpc,C,confirm,18,12,f1,curvature=4.0;gat_hidden_dim=256;gnn_input_clip=0.7;gnn_input_scale=0;graph_metric=cosine;hyp_gnn_type=gcn;hyperbolic_gnn=1;jk_mode=cat;lr=0.001;num_layers=2;proj_dim=128;scorer_hidden=256;tau_quantile=0.025;weight_decay=1e-05,256,cosine,cat,0.001,2,128,256,0.025,1e-05,81.98,112.5,0.02514,0.0,,,,4.0,,,,,0.7,0,gcn,1,
glue|roberta-base|mrpc_wide|C|t18|s13|confirm,glue,roberta-base,mrpc_wide,mrpc,C,confirm,18,13,f1,curvature=4.0;gat_hidden_dim=256;gnn_input_clip=0.7;gnn_input_scale=0;graph_metric=cosine;hyp_gnn_type=gcn;hyperbolic_gnn=1;jk_mode=cat;lr=0.001;num_layers=2;proj_dim=128;scorer_hidden=256;tau_quantile=0.025;weight_decay=1e-05,256,cosine,cat,0.001,2,128,256,0.025,1e-05,81.83,112.46,0.02515,0.0,,,,4.0,,,,,0.7,0,gcn,1,
glue|roberta-base|mrpc_wide|C|t18|s14|confirm,glue,roberta-base,mrpc_wide,mrpc,C,confirm,18,14,f1,curvature=4.0;gat_hidden_dim=256;gnn_input_clip=0.7;gnn_input_scale=0;graph_metric=cosine;hyp_gnn_type=gcn;hyperbolic_gnn=1;jk_mode=cat;lr=0.001;num_layers=2;proj_dim=128;scorer_hidden=256;tau_quantile=0.025;weight_decay=1e-05,256,cosine,cat,0.001,2,128,256,0.025,1e-05,81.69,111.63,0.02524,0.0,,,,4.0,,,,,0.7,0,gcn,1,
glue|roberta-base|mrpc_wide|C|t18|s15|confirm,glue,roberta-base,mrpc_wide,mrpc,C,confirm,18,15,f1,curvature=4.0;gat_hidden_dim=256;gnn_input_clip=0.7;gnn_input_scale=0;graph_metric=cosine;hyp_gnn_type=gcn;hyperbolic_gnn=1;jk_mode=cat;lr=0.001;num_layers=2;proj_dim=128;scorer_hidden=256;tau_quantile=0.025;weight_decay=1e-05,256,cosine,cat,0.001,2,128,256,0.025,1e-05,81.9,112.68,0.02521,0.0,,,,4.0,,,,,0.7,0,gcn,1,
glue|roberta-base|mrpc_wide|baseline|t22|s1|confirm,glue,roberta-base,mrpc_wide,mrpc,baseline,confirm,22,1,f1,gat_hidden_dim=128;graph_metric=cosine;jk_mode=max;lr=0.0002;num_layers=4;proj_dim=128;scorer_hidden=128;tau_quantile=0.38;weight_decay=0.0,128,cosine,max,0.0002,4,128,128,0.38,0.0,82.14,102.34,0.37965,0.0,,,,,,,,,,,,,
glue|roberta-base|mrpc_wide|baseline|t22|s2|confirm,glue,roberta-base,mrpc_wide,mrpc,baseline,confirm,22,2,f1,gat_hidden_dim=128;graph_metric=cosine;jk_mode=max;lr=0.0002;num_layers=4;proj_dim=128;scorer_hidden=128;tau_quantile=0.38;weight_decay=0.0,128,cosine,max,0.0002,4,128,128,0.38,0.0,82.25,101.02,0.37957,0.0,,,,,,,,,,,,,
glue|roberta-base|mrpc_wide|baseline|t22|s3|confirm,glue,roberta-base,mrpc_wide,mrpc,baseline,confirm,22,3,f1,gat_hidden_dim=128;graph_metric=cosine;jk_mode=max;lr=0.0002;num_layers=4;proj_dim=128;scorer_hidden=128;tau_quantile=0.38;weight_decay=0.0,128,cosine,max,0.0002,4,128,128,0.38,0.0,82.63,101.42,0.37964,0.0,,,,,,,,,,,,,
glue|roberta-base|mrpc_wide|baseline|t22|s4|confirm,glue,roberta-base,mrpc_wide,mrpc,baseline,confirm,22,4,f1,gat_hidden_dim=128;graph_metric=cosine;jk_mode=max;lr=0.0002;num_layers=4;proj_dim=128;scorer_hidden=128;tau_quantile=0.38;weight_decay=0.0,128,cosine,max,0.0002,4,128,128,0.38,0.0,82.39,102.18,0.37966,0.0,,,,,,,,,,,,,
glue|roberta-base|mrpc_wide|baseline|t22|s5|confirm,glue,roberta-base,mrpc_wide,mrpc,baseline,confirm,22,5,f1,gat_hidden_dim=128;graph_metric=cosine;jk_mode=max;lr=0.0002;num_layers=4;proj_dim=128;scorer_hidden=128;tau_quantile=0.38;weight_decay=0.0,128,cosine,max,0.0002,4,128,128,0.38,0.0,82.21,102.54,0.37954,0.0,,,,,,,,,,,,,
glue|roberta-base|mrpc_wide|baseline|t22|s6|confirm,glue,roberta-base,mrpc_wide,mrpc,baseline,confirm,22,6,f1,gat_hidden_dim=128;graph_metric=cosine;jk_mode=max;lr=0.0002;num_layers=4;proj_dim=128;scorer_hidden=128;tau_quantile=0.38;weight_decay=0.0,128,cosine,max,0.0002,4,128,128,0.38,0.0,82.12,103.06,0.37953,0.0,,,,,,,,,,,,,
glue|roberta-base|mrpc_wide|baseline|t22|s7|confirm,glue,roberta-base,mrpc_wide,mrpc,baseline,confirm,22,7,f1,gat_hidden_dim=128;graph_metric=cosine;jk_mode=max;lr=0.0002;num_layers=4;proj_dim=128;scorer_hidden=128;tau_quantile=0.38;weight_decay=0.0,128,cosine,max,0.0002,4,128,128,0.38,0.0,82.46,133.79,0.37956,0.0,,,,,,,,,,,,,
glue|roberta-base|mrpc_wide|baseline|t22|s8|confirm,glue,roberta-base,mrpc_wide,mrpc,baseline,confirm,22,8,f1,gat_hidden_dim=128;graph_metric=cosine;jk_mode=max;lr=0.0002;num_layers=4;proj_dim=128;scorer_hidden=128;tau_quantile=0.38;weight_decay=0.0,128,cosine,max,0.0002,4,128,128,0.38,0.0,82.32,102.33,0.37956,0.0,,,,,,,,,,,,,
glue|roberta-base|mrpc_wide|baseline|t22|s9|confirm,glue,roberta-base,mrpc_wide,mrpc,baseline,confirm,22,9,f1,gat_hidden_dim=128;graph_metric=cosine;jk_mode=max;lr=0.0002;num_layers=4;proj_dim=128;scorer_hidden=128;tau_quantile=0.38;weight_decay=0.0,128,cosine,max,0.0002,4,128,128,0.38,0.0,82.3,102.84,0.37948,0.0,,,,,,,,,,,,,
glue|roberta-base|mrpc_wide|baseline|t22|s10|confirm,glue,roberta-base,mrpc_wide,mrpc,baseline,confirm,22,10,f1,gat_hidden_dim=128;graph_metric=cosine;jk_mode=max;lr=0.0002;num_layers=4;proj_dim=128;scorer_hidden=128;tau_quantile=0.38;weight_decay=0.0,128,cosine,max,0.0002,4,128,128,0.38,0.0,82.39,127.36,0.37957,0.0,,,,,,,,,,,,,
glue|roberta-base|mrpc_wide|baseline|t22|s11|confirm,glue,roberta-base,mrpc_wide,mrpc,baseline,confirm,22,11,f1,gat_hidden_dim=128;graph_metric=cosine;jk_mode=max;lr=0.0002;num_layers=4;proj_dim=128;scorer_hidden=128;tau_quantile=0.38;weight_decay=0.0,128,cosine,max,0.0002,4,128,128,0.38,0.0,82.16,119.8,0.3795,0.0,,,,,,,,,,,,,
glue|roberta-base|mrpc_wide|baseline|t22|s12|confirm,glue,roberta-base,mrpc_wide,mrpc,baseline,confirm,22,12,f1,gat_hidden_dim=128;graph_metric=cosine;jk_mode=max;lr=0.0002;num_layers=4;proj_dim=128;scorer_hidden=128;tau_quantile=0.38;weight_decay=0.0,128,cosine,max,0.0002,4,128,128,0.38,0.0,82.48,102.62,0.37964,0.0,,,,,,,,,,,,,
glue|roberta-base|mrpc_wide|baseline|t22|s13|confirm,glue,roberta-base,mrpc_wide,mrpc,baseline,confirm,22,13,f1,gat_hidden_dim=128;graph_metric=cosine;jk_mode=max;lr=0.0002;num_layers=4;proj_dim=128;scorer_hidden=128;tau_quantile=0.38;weight_decay=0.0,128,cosine,max,0.0002,4,128,128,0.38,0.0,82.53,102.06,0.3795,0.0,,,,,,,,,,,,,
glue|roberta-base|mrpc_wide|baseline|t22|s14|confirm,glue,roberta-base,mrpc_wide,mrpc,baseline,confirm,22,14,f1,gat_hidden_dim=128;graph_metric=cosine;jk_mode=max;lr=0.0002;num_layers=4;proj_dim=128;scorer_hidden=128;tau_quantile=0.38;weight_decay=0.0,128,cosine,max,0.0002,4,128,128,0.38,0.0,82.12,102.35,0.37954,0.0,,,,,,,,,,,,,
glue|roberta-base|mrpc_wide|baseline|t22|s15|confirm,glue,roberta-base,mrpc_wide,mrpc,baseline,confirm,22,15,f1,gat_hidden_dim=128;graph_metric=cosine;jk_mode=max;lr=0.0002;num_layers=4;proj_dim=128;scorer_hidden=128;tau_quantile=0.38;weight_decay=0.0,128,cosine,max,0.0002,4,128,128,0.38,0.0,82.14,102.52,0.3796,0.0,,,,,,,,,,,,,
glue|roberta-base|mrpc_wide|no_graph|t31|s1|confirm,glue,roberta-base,mrpc_wide,mrpc,no_graph,confirm,31,1,f1,gat_hidden_dim=64;graph_metric=cosine;jk_mode=max;lr=0.001;num_layers=2;proj_dim=256;scorer_hidden=128;tau=0.999;weight_decay=5e-05,64,cosine,max,0.001,2,256,128,,5e-05,82.25,94.12,0.0,1.0,,,,,,,,,,,,,0.999
glue|roberta-base|mrpc_wide|no_graph|t31|s2|confirm,glue,roberta-base,mrpc_wide,mrpc,no_graph,confirm,31,2,f1,gat_hidden_dim=64;graph_metric=cosine;jk_mode=max;lr=0.001;num_layers=2;proj_dim=256;scorer_hidden=128;tau=0.999;weight_decay=5e-05,64,cosine,max,0.001,2,256,128,,5e-05,82.0,94.27,0.0,1.0,,,,,,,,,,,,,0.999
glue|roberta-base|mrpc_wide|no_graph|t31|s3|confirm,glue,roberta-base,mrpc_wide,mrpc,no_graph,confirm,31,3,f1,gat_hidden_dim=64;graph_metric=cosine;jk_mode=max;lr=0.001;num_layers=2;proj_dim=256;scorer_hidden=128;tau=0.999;weight_decay=5e-05,64,cosine,max,0.001,2,256,128,,5e-05,82.27,95.09,0.0,1.0,,,,,,,,,,,,,0.999
glue|roberta-base|mrpc_wide|no_graph|t31|s4|confirm,glue,roberta-base,mrpc_wide,mrpc,no_graph,confirm,31,4,f1,gat_hidden_dim=64;graph_metric=cosine;jk_mode=max;lr=0.001;num_layers=2;proj_dim=256;scorer_hidden=128;tau=0.999;weight_decay=5e-05,64,cosine,max,0.001,2,256,128,,5e-05,82.53,93.03,0.0,1.0,,,,,,,,,,,,,0.999
glue|roberta-base|mrpc_wide|no_graph|t31|s5|confirm,glue,roberta-base,mrpc_wide,mrpc,no_graph,confirm,31,5,f1,gat_hidden_dim=64;graph_metric=cosine;jk_mode=max;lr=0.001;num_layers=2;proj_dim=256;scorer_hidden=128;tau=0.999;weight_decay=5e-05,64,cosine,max,0.001,2,256,128,,5e-05,82.55,93.84,0.0,1.0,,,,,,,,,,,,,0.999
glue|roberta-base|mrpc_wide|no_graph|t31|s6|confirm,glue,roberta-base,mrpc_wide,mrpc,no_graph,confirm,31,6,f1,gat_hidden_dim=64;graph_metric=cosine;jk_mode=max;lr=0.001;num_layers=2;proj_dim=256;scorer_hidden=128;tau=0.999;weight_decay=5e-05,64,cosine,max,0.001,2,256,128,,5e-05,82.11,93.35,0.0,1.0,,,,,,,,,,,,,0.999
glue|roberta-base|mrpc_wide|no_graph|t31|s7|confirm,glue,roberta-base,mrpc_wide,mrpc,no_graph,confirm,31,7,f1,gat_hidden_dim=64;graph_metric=cosine;jk_mode=max;lr=0.001;num_layers=2;proj_dim=256;scorer_hidden=128;tau=0.999;weight_decay=5e-05,64,cosine,max,0.001,2,256,128,,5e-05,81.9,93.68,0.0,1.0,,,,,,,,,,,,,0.999
glue|roberta-base|mrpc_wide|no_graph|t31|s8|confirm,glue,roberta-base,mrpc_wide,mrpc,no_graph,confirm,31,8,f1,gat_hidden_dim=64;graph_metric=cosine;jk_mode=max;lr=0.001;num_layers=2;proj_dim=256;scorer_hidden=128;tau=0.999;weight_decay=5e-05,64,cosine,max,0.001,2,256,128,,5e-05,82.41,93.31,1e-05,0.99219,,,,,,,,,,,,,0.999
glue|roberta-base|mrpc_wide|no_graph|t31|s9|confirm,glue,roberta-base,mrpc_wide,mrpc,no_graph,confirm,31,9,f1,gat_hidden_dim=64;graph_metric=cosine;jk_mode=max;lr=0.001;num_layers=2;proj_dim=256;scorer_hidden=128;tau=0.999;weight_decay=5e-05,64,cosine,max,0.001,2,256,128,,5e-05,82.14,93.1,0.0,1.0,,,,,,,,,,,,,0.999
glue|roberta-base|mrpc_wide|no_graph|t31|s10|confirm,glue,roberta-base,mrpc_wide,mrpc,no_graph,confirm,31,10,f1,gat_hidden_dim=64;graph_metric=cosine;jk_mode=max;lr=0.001;num_layers=2;proj_dim=256;scorer_hidden=128;tau=0.999;weight_decay=5e-05,64,cosine,max,0.001,2,256,128,,5e-05,82.53,93.06,0.0,1.0,,,,,,,,,,,,,0.999
glue|roberta-base|mrpc_wide|no_graph|t31|s11|confirm,glue,roberta-base,mrpc_wide,mrpc,no_graph,confirm,31,11,f1,gat_hidden_dim=64;graph_metric=cosine;jk_mode=max;lr=0.001;num_layers=2;proj_dim=256;scorer_hidden=128;tau=0.999;weight_decay=5e-05,64,cosine,max,0.001,2,256,128,,5e-05,82.41,93.32,1e-05,0.99609,,,,,,,,,,,,,0.999
glue|roberta-base|mrpc_wide|no_graph|t31|s12|confirm,glue,roberta-base,mrpc_wide,mrpc,no_graph,confirm,31,12,f1,gat_hidden_dim=64;graph_metric=cosine;jk_mode=max;lr=0.001;num_layers=2;proj_dim=256;scorer_hidden=128;tau=0.999;weight_decay=5e-05,64,cosine,max,0.001,2,256,128,,5e-05,82.68,92.82,0.0,1.0,,,,,,,,,,,,,0.999
glue|roberta-base|mrpc_wide|no_graph|t31|s13|confirm,glue,roberta-base,mrpc_wide,mrpc,no_graph,confirm,31,13,f1,gat_hidden_dim=64;graph_metric=cosine;jk_mode=max;lr=0.001;num_layers=2;proj_dim=256;scorer_hidden=128;tau=0.999;weight_decay=5e-05,64,cosine,max,0.001,2,256,128,,5e-05,82.09,95.0,0.0,1.0,,,,,,,,,,,,,0.999
glue|roberta-base|mrpc_wide|no_graph|t31|s14|confirm,glue,roberta-base,mrpc_wide,mrpc,no_graph,confirm,31,14,f1,gat_hidden_dim=64;graph_metric=cosine;jk_mode=max;lr=0.001;num_layers=2;proj_dim=256;scorer_hidden=128;tau=0.999;weight_decay=5e-05,64,cosine,max,0.001,2,256,128,,5e-05,82.16,92.8,0.0,1.0,,,,,,,,,,,,,0.999
glue|roberta-base|mrpc_wide|no_graph|t31|s15|confirm,glue,roberta-base,mrpc_wide,mrpc,no_graph,confirm,31,15,f1,gat_hidden_dim=64;graph_metric=cosine;jk_mode=max;lr=0.001;num_layers=2;proj_dim=256;scorer_hidden=128;tau=0.999;weight_decay=5e-05,64,cosine,max,0.001,2,256,128,,5e-05,82.12,93.31,1e-05,0.99219,,,,,,,,,,,,,0.999
