run_key,target,model,setting,task,arm,stage,trial,seed,metric,detail,gat_hidden_dim,graph_metric,jk_mode,lr,num_layers,proj_dim,scorer_hidden,tau_quantile,weight_decay,score,elapsed_sec,mean_density,empty_frac,feature_mode,graph_curvature,rho_quantile,curvature,hyperbolic_readout,learnable_curvature,readout_clip,readout_scale,gnn_input_clip,gnn_input_scale,hyp_gnn_type,hyperbolic_gnn,tau
glue|TinyLlama/TinyLlama-1.1B-Chat-v1.0|rte_wide|baseline|t0|s42|tune,glue,TinyLlama/TinyLlama-1.1B-Chat-v1.0,rte_wide,rte,baseline,tune,0,42,acc,gat_hidden_dim=256;graph_metric=cosine;jk_mode=cat;lr=0.001;num_layers=2;proj_dim=512;scorer_hidden=128;tau_quantile=0.38;weight_decay=1e-05,256,cosine,cat,0.001,2,512,128,0.38,1e-05,52.35,315.17,0.37862,0.0,,,,,,,,,,,,,
glue|TinyLlama/TinyLlama-1.1B-Chat-v1.0|rte_wide|baseline|t1|s42|tune,glue,TinyLlama/TinyLlama-1.1B-Chat-v1.0,rte_wide,rte,baseline,tune,1,42,acc,gat_hidden_dim=64;graph_metric=cosine;jk_mode=max;lr=0.001;num_layers=2;proj_dim=512;scorer_hidden=256;tau_quantile=0.025;weight_decay=0.0,64,cosine,max,0.001,2,512,256,0.025,0.0,50.54,313.92,0.02534,0.0,,,,,,,,,,,,,
glue|TinyLlama/TinyLlama-1.1B-Chat-v1.0|rte_wide|baseline|t2|s42|tune,glue,TinyLlama/TinyLlama-1.1B-Chat-v1.0,rte_wide,rte,baseline,tune,2,42,acc,gat_hidden_dim=64;graph_metric=cosine;jk_mode=max;lr=0.001;num_layers=4;proj_dim=128;scorer_hidden=256;tau_quantile=0.2;weight_decay=5e-05,64,cosine,max,0.001,4,128,256,0.2,5e-05,53.79,308.21,0.19895,0.0,,,,,,,,,,,,,
glue|TinyLlama/TinyLlama-1.1B-Chat-v1.0|rte_wide|baseline|t3|s42|tune,glue,TinyLlama/TinyLlama-1.1B-Chat-v1.0,rte_wide,rte,baseline,tune,3,42,acc,gat_hidden_dim=128;graph_metric=cosine;jk_mode=max;lr=0.001;num_layers=4;proj_dim=128;scorer_hidden=128;tau_quantile=0.05;weight_decay=0.0,128,cosine,max,0.001,4,128,128,0.05,0.0,53.79,311.78,0.04994,0.0,,,,,,,,,,,,,
glue|TinyLlama/TinyLlama-1.1B-Chat-v1.0|rte_wide|baseline|t4|s42|tune,glue,TinyLlama/TinyLlama-1.1B-Chat-v1.0,rte_wide,rte,baseline,tune,4,42,acc,gat_hidden_dim=64;graph_metric=cosine;jk_mode=cat;lr=0.0002;num_layers=4;proj_dim=128;scorer_hidden=128;tau_quantile=0.2;weight_decay=5e-05,64,cosine,cat,0.0002,4,128,128,0.2,5e-05,51.62,308.57,0.199,0.0,,,,,,,,,,,,,
glue|TinyLlama/TinyLlama-1.1B-Chat-v1.0|rte_wide|baseline|t5|s42|tune,glue,TinyLlama/TinyLlama-1.1B-Chat-v1.0,rte_wide,rte,baseline,tune,5,42,acc,gat_hidden_dim=256;graph_metric=cosine;jk_mode=max;lr=0.0002;num_layers=2;proj_dim=512;scorer_hidden=128;tau_quantile=0.1;weight_decay=0.0,256,cosine,max,0.0002,2,512,128,0.1,0.0,54.15,311.99,0.09962,0.0,,,,,,,,,,,,,
glue|TinyLlama/TinyLlama-1.1B-Chat-v1.0|rte_wide|baseline|t6|s42|tune,glue,TinyLlama/TinyLlama-1.1B-Chat-v1.0,rte_wide,rte,baseline,tune,6,42,acc,gat_hidden_dim=64;graph_metric=cosine;jk_mode=max;lr=0.001;num_layers=4;proj_dim=512;scorer_hidden=128;tau_quantile=0.05;weight_decay=0.0,64,cosine,max,0.001,4,512,128,0.05,0.0,53.79,311.24,0.05024,0.0,,,,,,,,,,,,,
glue|TinyLlama/TinyLlama-1.1B-Chat-v1.0|rte_wide|baseline|t7|s42|tune,glue,TinyLlama/TinyLlama-1.1B-Chat-v1.0,rte_wide,rte,baseline,tune,7,42,acc,gat_hidden_dim=64;graph_metric=cosine;jk_mode=cat;lr=0.0002;num_layers=4;proj_dim=512;scorer_hidden=128;tau_quantile=0.05;weight_decay=5e-05,64,cosine,cat,0.0002,4,512,128,0.05,5e-05,53.43,314.38,0.04999,0.0,,,,,,,,,,,,,
glue|TinyLlama/TinyLlama-1.1B-Chat-v1.0|rte_wide|baseline|t8|s42|tune,glue,TinyLlama/TinyLlama-1.1B-Chat-v1.0,rte_wide,rte,baseline,tune,8,42,acc,gat_hidden_dim=256;graph_metric=cosine;jk_mode=max;lr=0.001;num_layers=4;proj_dim=256;scorer_hidden=128;tau_quantile=0.2;weight_decay=0.0,256,cosine,max,0.001,4,256,128,0.2,0.0,55.23,312.42,0.19898,0.0,,,,,,,,,,,,,
glue|TinyLlama/TinyLlama-1.1B-Chat-v1.0|rte_wide|baseline|t9|s42|tune,glue,TinyLlama/TinyLlama-1.1B-Chat-v1.0,rte_wide,rte,baseline,tune,9,42,acc,gat_hidden_dim=256;graph_metric=cosine;jk_mode=max;lr=0.001;num_layers=4;proj_dim=128;scorer_hidden=128;tau_quantile=0.38;weight_decay=0.0,256,cosine,max,0.001,4,128,128,0.38,0.0,54.51,315.47,0.37865,0.0,,,,,,,,,,,,,
glue|TinyLlama/TinyLlama-1.1B-Chat-v1.0|rte_wide|A|t0|s42|tune,glue,TinyLlama/TinyLlama-1.1B-Chat-v1.0,rte_wide,rte,A,tune,0,42,acc,feature_mode=cls_root_unit;gat_hidden_dim=256;graph_curvature=9.0;graph_metric=poincare;jk_mode=cat;lr=2e-05;num_layers=4;proj_dim=128;rho_quantile=0.2;scorer_hidden=256;weight_decay=1e-05,256,poincare,cat,2e-05,4,128,256,,1e-05,56.32,328.03,0.1955,0.0,cls_root_unit,9.0,0.2,,,,,,,,,,
glue|TinyLlama/TinyLlama-1.1B-Chat-v1.0|rte_wide|A|t1|s42|tune,glue,TinyLlama/TinyLlama-1.1B-Chat-v1.0,rte_wide,rte,A,tune,1,42,acc,feature_mode=cls_root_unit;gat_hidden_dim=256;graph_curvature=1.0;graph_metric=poincare;jk_mode=cat;lr=0.001;num_layers=4;proj_dim=512;rho_quantile=0.1;scorer_hidden=256;weight_decay=5e-05,256,poincare,cat,0.001,4,512,256,,5e-05,51.99,322.4,0.09983,0.0,cls_root_unit,1.0,0.1,,,,,,,,,,
glue|TinyLlama/TinyLlama-1.1B-Chat-v1.0|rte_wide|A|t2|s42|tune,glue,TinyLlama/TinyLlama-1.1B-Chat-v1.0,rte_wide,rte,A,tune,2,42,acc,feature_mode=unit;gat_hidden_dim=128;graph_curvature=9.0;graph_metric=poincare;jk_mode=cat;lr=2e-05;num_layers=4;proj_dim=256;rho_quantile=0.2;scorer_hidden=128;weight_decay=1e-05,128,poincare,cat,2e-05,4,256,128,,1e-05,57.04,312.23,0.19862,0.0,unit,9.0,0.2,,,,,,,,,,
glue|TinyLlama/TinyLlama-1.1B-Chat-v1.0|rte_wide|A|t3|s42|tune,glue,TinyLlama/TinyLlama-1.1B-Chat-v1.0,rte_wide,rte,A,tune,3,42,acc,feature_mode=center;gat_hidden_dim=64;graph_curvature=1.0;graph_metric=poincare;jk_mode=cat;lr=2e-05;num_layers=2;proj_dim=512;rho_quantile=0.38;scorer_hidden=256;weight_decay=5e-05,64,poincare,cat,2e-05,2,512,256,,5e-05,49.82,309.56,0.37642,0.0,center,1.0,0.38,,,,,,,,,,
glue|TinyLlama/TinyLlama-1.1B-Chat-v1.0|rte_wide|A|t4|s42|tune,glue,TinyLlama/TinyLlama-1.1B-Chat-v1.0,rte_wide,rte,A,tune,4,42,acc,feature_mode=center;gat_hidden_dim=256;graph_curvature=2.25;graph_metric=poincare;jk_mode=cat;lr=2e-05;num_layers=2;proj_dim=256;rho_quantile=0.025;scorer_hidden=256;weight_decay=1e-05,256,poincare,cat,2e-05,2,256,256,,1e-05,49.46,317.77,0.02503,0.0,center,2.25,0.025,,,,,,,,,,
glue|TinyLlama/TinyLlama-1.1B-Chat-v1.0|rte_wide|A|t5|s42|tune,glue,TinyLlama/TinyLlama-1.1B-Chat-v1.0,rte_wide,rte,A,tune,5,42,acc,feature_mode=cls_root_unit;gat_hidden_dim=256;graph_curvature=1.0;graph_metric=poincare;jk_mode=cat;lr=2e-05;num_layers=2;proj_dim=256;rho_quantile=0.05;scorer_hidden=256;weight_decay=5e-05,256,poincare,cat,2e-05,2,256,256,,5e-05,49.46,318.68,0.05009,0.0,cls_root_unit,1.0,0.05,,,,,,,,,,
glue|TinyLlama/TinyLlama-1.1B-Chat-v1.0|rte_wide|A|t6|s42|tune,glue,TinyLlama/TinyLlama-1.1B-Chat-v1.0,rte_wide,rte,A,tune,6,42,acc,feature_mode=cls_root_unit;gat_hidden_dim=64;graph_curvature=9.0;graph_metric=poincare;jk_mode=cat;lr=0.0002;num_layers=4;proj_dim=256;rho_quantile=0.38;scorer_hidden=128;weight_decay=0.0,64,poincare,cat,0.0002,4,256,128,,0.0,52.71,322.19,0.37812,0.0,cls_root_unit,9.0,0.38,,,,,,,,,,
glue|TinyLlama/TinyLlama-1.1B-Chat-v1.0|rte_wide|A|t7|s42|tune,glue,TinyLlama/TinyLlama-1.1B-Chat-v1.0,rte_wide,rte,A,tune,7,42,acc,feature_mode=cls_root_unit;gat_hidden_dim=256;graph_curvature=4.0;graph_metric=poincare;jk_mode=cat;lr=2e-05;num_layers=2;proj_dim=256;rho_quantile=0.05;scorer_hidden=256;weight_decay=5e-05,256,poincare,cat,2e-05,2,256,256,,5e-05,48.74,316.03,0.05002,0.0,cls_root_unit,4.0,0.05,,,,,,,,,,
glue|TinyLlama/TinyLlama-1.1B-Chat-v1.0|rte_wide|A|t8|s42|tune,glue,TinyLlama/TinyLlama-1.1B-Chat-v1.0,rte_wide,rte,A,tune,8,42,acc,feature_mode=unit;gat_hidden_dim=128;graph_curvature=1.0;graph_metric=poincare;jk_mode=max;lr=2e-05;num_layers=2;proj_dim=256;rho_quantile=0.38;scorer_hidden=256;weight_decay=0.0,128,poincare,max,2e-05,2,256,256,,0.0,54.87,324.41,0.37811,0.0,unit,1.0,0.38,,,,,,,,,,
glue|TinyLlama/TinyLlama-1.1B-Chat-v1.0|rte_wide|A|t9|s42|tune,glue,TinyLlama/TinyLlama-1.1B-Chat-v1.0,rte_wide,rte,A,tune,9,42,acc,feature_mode=unit;gat_hidden_dim=64;graph_curvature=2.25;graph_metric=poincare;jk_mode=max;lr=0.0002;num_layers=4;proj_dim=512;rho_quantile=0.1;scorer_hidden=256;weight_decay=0.0,64,poincare,max,0.0002,4,512,256,,0.0,57.4,320.05,0.09985,0.0,unit,2.25,0.1,,,,,,,,,,
glue|TinyLlama/TinyLlama-1.1B-Chat-v1.0|rte_wide|B|t0|s42|tune,glue,TinyLlama/TinyLlama-1.1B-Chat-v1.0,rte_wide,rte,B,tune,0,42,acc,curvature=4.0;gat_hidden_dim=256;graph_metric=cosine;hyperbolic_readout=1;jk_mode=cat;learnable_curvature=1;lr=0.0002;num_layers=2;proj_dim=512;readout_clip=0.3;readout_scale=0;scorer_hidden=256;tau_quantile=0.05;weight_decay=0.0,256,cosine,cat,0.0002,2,512,256,0.05,0.0,47.29,285.92,0.05024,0.0,,,,4.0,1,1,0.3,0,,,,,
glue|TinyLlama/TinyLlama-1.1B-Chat-v1.0|rte_wide|B|t1|s42|tune,glue,TinyLlama/TinyLlama-1.1B-Chat-v1.0,rte_wide,rte,B,tune,1,42,acc,curvature=0.25;gat_hidden_dim=256;graph_metric=cosine;hyperbolic_readout=1;jk_mode=cat;learnable_curvature=0;lr=0.001;num_layers=4;proj_dim=512;readout_clip=0.7;readout_scale=1;scorer_hidden=256;tau_quantile=0.05;weight_decay=1e-05,256,cosine,cat,0.001,4,512,256,0.05,1e-05,54.51,319.0,0.04985,0.0,,,,0.25,1,0,0.7,1,,,,,
glue|TinyLlama/TinyLlama-1.1B-Chat-v1.0|rte_wide|B|t2|s42|tune,glue,TinyLlama/TinyLlama-1.1B-Chat-v1.0,rte_wide,rte,B,tune,2,42,acc,curvature=4.0;gat_hidden_dim=64;graph_metric=cosine;hyperbolic_readout=1;jk_mode=cat;learnable_curvature=0;lr=0.0002;num_layers=2;proj_dim=512;readout_clip=1.0;readout_scale=1;scorer_hidden=256;tau_quantile=0.05;weight_decay=0.0,64,cosine,cat,0.0002,2,512,256,0.05,0.0,60.29,284.19,0.05024,0.0,,,,4.0,1,0,1.0,1,,,,,
glue|TinyLlama/TinyLlama-1.1B-Chat-v1.0|rte_wide|B|t3|s42|tune,glue,TinyLlama/TinyLlama-1.1B-Chat-v1.0,rte_wide,rte,B,tune,3,42,acc,curvature=1.0;gat_hidden_dim=64;graph_metric=cosine;hyperbolic_readout=1;jk_mode=cat;learnable_curvature=0;lr=0.001;num_layers=4;proj_dim=128;readout_clip=0.7;readout_scale=1;scorer_hidden=256;tau_quantile=0.1;weight_decay=5e-05,64,cosine,cat,0.001,4,128,256,0.1,5e-05,53.43,286.9,0.10008,0.0,,,,1.0,1,0,0.7,1,,,,,
glue|TinyLlama/TinyLlama-1.1B-Chat-v1.0|rte_wide|B|t4|s42|tune,glue,TinyLlama/TinyLlama-1.1B-Chat-v1.0,rte_wide,rte,B,tune,4,42,acc,curvature=4.0;gat_hidden_dim=64;graph_metric=cosine;hyperbolic_readout=1;jk_mode=max;learnable_curvature=0;lr=2e-05;num_layers=2;proj_dim=128;readout_clip=1.0;readout_scale=0;scorer_hidden=256;tau_quantile=0.38;weight_decay=1e-05,64,cosine,max,2e-05,2,128,256,0.38,1e-05,52.71,282.88,0.37826,0.0,,,,4.0,1,0,1.0,0,,,,,
glue|TinyLlama/TinyLlama-1.1B-Chat-v1.0|rte_wide|B|t5|s42|tune,glue,TinyLlama/TinyLlama-1.1B-Chat-v1.0,rte_wide,rte,B,tune,5,42,acc,curvature=0.25;gat_hidden_dim=64;graph_metric=cosine;hyperbolic_readout=1;jk_mode=cat;learnable_curvature=1;lr=0.0002;num_layers=4;proj_dim=256;readout_clip=1.0;readout_scale=0;scorer_hidden=256;tau_quantile=0.025;weight_decay=5e-05,64,cosine,cat,0.0002,4,256,256,0.025,5e-05,54.51,320.31,0.02535,0.0,,,,0.25,1,1,1.0,0,,,,,
glue|TinyLlama/TinyLlama-1.1B-Chat-v1.0|rte_wide|B|t6|s42|tune,glue,TinyLlama/TinyLlama-1.1B-Chat-v1.0,rte_wide,rte,B,tune,6,42,acc,curvature=0.25;gat_hidden_dim=64;graph_metric=cosine;hyperbolic_readout=1;jk_mode=max;learnable_curvature=1;lr=0.0002;num_layers=4;proj_dim=128;readout_clip=1.0;readout_scale=0;scorer_hidden=256;tau_quantile=0.38;weight_decay=0.0,64,cosine,max,0.0002,4,128,256,0.38,0.0,60.29,311.55,0.37823,0.0,,,,0.25,1,1,1.0,0,,,,,
glue|TinyLlama/TinyLlama-1.1B-Chat-v1.0|rte_wide|B|t7|s42|tune,glue,TinyLlama/TinyLlama-1.1B-Chat-v1.0,rte_wide,rte,B,tune,7,42,acc,curvature=1.0;gat_hidden_dim=128;graph_metric=cosine;hyperbolic_readout=1;jk_mode=cat;learnable_curvature=1;lr=0.0002;num_layers=4;proj_dim=512;readout_clip=0.7;readout_scale=0;scorer_hidden=128;tau_quantile=0.025;weight_decay=1e-05,128,cosine,cat,0.0002,4,512,128,0.025,1e-05,52.71,285.36,0.02541,0.0,,,,1.0,1,1,0.7,0,,,,,
glue|TinyLlama/TinyLlama-1.1B-Chat-v1.0|rte_wide|B|t8|s42|tune,glue,TinyLlama/TinyLlama-1.1B-Chat-v1.0,rte_wide,rte,B,tune,8,42,acc,curvature=4.0;gat_hidden_dim=256;graph_metric=cosine;hyperbolic_readout=1;jk_mode=cat;learnable_curvature=0;lr=0.0002;num_layers=2;proj_dim=128;readout_clip=0.7;readout_scale=1;scorer_hidden=128;tau_quantile=0.2;weight_decay=1e-05,256,cosine,cat,0.0002,2,128,128,0.2,1e-05,47.29,317.61,0.19912,0.0,,,,4.0,1,0,0.7,1,,,,,
glue|TinyLlama/TinyLlama-1.1B-Chat-v1.0|rte_wide|B|t9|s42|tune,glue,TinyLlama/TinyLlama-1.1B-Chat-v1.0,rte_wide,rte,B,tune,9,42,acc,curvature=4.0;gat_hidden_dim=128;graph_metric=cosine;hyperbolic_readout=1;jk_mode=max;learnable_curvature=1;lr=2e-05;num_layers=4;proj_dim=128;readout_clip=0.3;readout_scale=0;scorer_hidden=128;tau_quantile=0.1;weight_decay=0.0,128,cosine,max,2e-05,4,128,128,0.1,0.0,57.4,286.55,0.09961,0.0,,,,4.0,1,1,0.3,0,,,,,
glue|TinyLlama/TinyLlama-1.1B-Chat-v1.0|rte_wide|C|t0|s42|tune,glue,TinyLlama/TinyLlama-1.1B-Chat-v1.0,rte_wide,rte,C,tune,0,42,acc,curvature=1.0;gat_hidden_dim=128;gnn_input_clip=0.0;gnn_input_scale=1;graph_metric=cosine;hyp_gnn_type=gat;hyperbolic_gnn=1;jk_mode=max;lr=2e-05;num_layers=2;proj_dim=512;scorer_hidden=128;tau_quantile=0.2;weight_decay=0.0,128,cosine,max,2e-05,2,512,128,0.2,0.0,58.84,315.12,0.19888,0.0,,,,1.0,,,,,0.0,1,gat,1,
glue|TinyLlama/TinyLlama-1.1B-Chat-v1.0|rte_wide|C|t1|s42|tune,glue,TinyLlama/TinyLlama-1.1B-Chat-v1.0,rte_wide,rte,C,tune,1,42,acc,curvature=0.25;gat_hidden_dim=64;gnn_input_clip=0.7;gnn_input_scale=0;graph_metric=cosine;hyp_gnn_type=gat;hyperbolic_gnn=1;jk_mode=max;lr=0.0002;num_layers=4;proj_dim=512;scorer_hidden=256;tau_quantile=0.1;weight_decay=1e-05,64,cosine,max,0.0002,4,512,256,0.1,1e-05,55.96,320.94,0.09977,0.0,,,,0.25,,,,,0.7,0,gat,1,
glue|TinyLlama/TinyLlama-1.1B-Chat-v1.0|rte_wide|C|t2|s42|tune,glue,TinyLlama/TinyLlama-1.1B-Chat-v1.0,rte_wide,rte,C,tune,2,42,acc,curvature=4.0;gat_hidden_dim=256;gnn_input_clip=0.3;gnn_input_scale=1;graph_metric=cosine;hyp_gnn_type=gcn;hyperbolic_gnn=1;jk_mode=cat;lr=0.001;num_layers=2;proj_dim=512;scorer_hidden=128;tau_quantile=0.1;weight_decay=1e-05,256,cosine,cat,0.001,2,512,128,0.1,1e-05,52.71,322.26,0.09991,0.0,,,,4.0,,,,,0.3,1,gcn,1,
glue|TinyLlama/TinyLlama-1.1B-Chat-v1.0|rte_wide|C|t3|s42|tune,glue,TinyLlama/TinyLlama-1.1B-Chat-v1.0,rte_wide,rte,C,tune,3,42,acc,curvature=0.25;gat_hidden_dim=256;gnn_input_clip=0.0;gnn_input_scale=1;graph_metric=cosine;hyp_gnn_type=gcn;hyperbolic_gnn=1;jk_mode=cat;lr=0.0002;num_layers=2;proj_dim=128;scorer_hidden=128;tau_quantile=0.2;weight_decay=0.0,256,cosine,cat,0.0002,2,128,128,0.2,0.0,48.01,320.68,0.19879,0.0,,,,0.25,,,,,0.0,1,gcn,1,
glue|TinyLlama/TinyLlama-1.1B-Chat-v1.0|rte_wide|C|t4|s42|tune,glue,TinyLlama/TinyLlama-1.1B-Chat-v1.0,rte_wide,rte,C,tune,4,42,acc,curvature=4.0;gat_hidden_dim=128;gnn_input_clip=0.3;gnn_input_scale=1;graph_metric=cosine;hyp_gnn_type=gcn;hyperbolic_gnn=1;jk_mode=cat;lr=2e-05;num_layers=4;proj_dim=256;scorer_hidden=256;tau_quantile=0.2;weight_decay=1e-05,128,cosine,cat,2e-05,4,256,256,0.2,1e-05,53.07,330.06,0.1986,0.0,,,,4.0,,,,,0.3,1,gcn,1,
glue|TinyLlama/TinyLlama-1.1B-Chat-v1.0|rte_wide|C|t5|s42|tune,glue,TinyLlama/TinyLlama-1.1B-Chat-v1.0,rte_wide,rte,C,tune,5,42,acc,curvature=0.25;gat_hidden_dim=256;gnn_input_clip=0.7;gnn_input_scale=1;graph_metric=cosine;hyp_gnn_type=gcn;hyperbolic_gnn=1;jk_mode=max;lr=0.0002;num_layers=2;proj_dim=128;scorer_hidden=256;tau_quantile=0.05;weight_decay=5e-05,256,cosine,max,0.0002,2,128,256,0.05,5e-05,56.32,317.93,0.04993,0.0,,,,0.25,,,,,0.7,1,gcn,1,
glue|TinyLlama/TinyLlama-1.1B-Chat-v1.0|rte_wide|C|t6|s42|tune,glue,TinyLlama/TinyLlama-1.1B-Chat-v1.0,rte_wide,rte,C,tune,6,42,acc,curvature=0.25;gat_hidden_dim=128;gnn_input_clip=0.3;gnn_input_scale=0;graph_metric=cosine;hyp_gnn_type=gat;hyperbolic_gnn=1;jk_mode=cat;lr=0.0002;num_layers=2;proj_dim=128;scorer_hidden=256;tau_quantile=0.05;weight_decay=0.0,128,cosine,cat,0.0002,2,128,256,0.05,0.0,47.29,313.94,0.0498,0.0,,,,0.25,,,,,0.3,0,gat,1,
glue|TinyLlama/TinyLlama-1.1B-Chat-v1.0|rte_wide|C|t7|s42|tune,glue,TinyLlama/TinyLlama-1.1B-Chat-v1.0,rte_wide,rte,C,tune,7,42,acc,curvature=1.0;gat_hidden_dim=64;gnn_input_clip=0.3;gnn_input_scale=0;graph_metric=cosine;hyp_gnn_type=gcn;hyperbolic_gnn=1;jk_mode=max;lr=2e-05;num_layers=4;proj_dim=256;scorer_hidden=128;tau_quantile=0.1;weight_decay=5e-05,64,cosine,max,2e-05,4,256,128,0.1,5e-05,47.29,324.29,0.10008,0.0,,,,1.0,,,,,0.3,0,gcn,1,
glue|TinyLlama/TinyLlama-1.1B-Chat-v1.0|rte_wide|C|t8|s42|tune,glue,TinyLlama/TinyLlama-1.1B-Chat-v1.0,rte_wide,rte,C,tune,8,42,acc,curvature=1.0;gat_hidden_dim=256;gnn_input_clip=0.0;gnn_input_scale=1;graph_metric=cosine;hyp_gnn_type=gcn;hyperbolic_gnn=1;jk_mode=max;lr=2e-05;num_layers=4;proj_dim=128;scorer_hidden=128;tau_quantile=0.2;weight_decay=5e-05,256,cosine,max,2e-05,4,128,128,0.2,5e-05,54.51,318.97,0.19883,0.0,,,,1.0,,,,,0.0,1,gcn,1,
glue|TinyLlama/TinyLlama-1.1B-Chat-v1.0|rte_wide|C|t9|s42|tune,glue,TinyLlama/TinyLlama-1.1B-Chat-v1.0,rte_wide,rte,C,tune,9,42,acc,curvature=1.0;gat_hidden_dim=128;gnn_input_clip=0.7;gnn_input_scale=1;graph_metric=cosine;hyp_gnn_type=gcn;hyperbolic_gnn=1;jk_mode=max;lr=2e-05;num_layers=2;proj_dim=128;scorer_hidden=128;tau_quantile=0.05;weight_decay=5e-05,128,cosine,max,2e-05,2,128,128,0.05,5e-05,52.71,321.25,0.04999,0.0,,,,1.0,,,,,0.7,1,gcn,1,
glue|TinyLlama/TinyLlama-1.1B-Chat-v1.0|rte_wide|AB|t0|s42|tune,glue,TinyLlama/TinyLlama-1.1B-Chat-v1.0,rte_wide,rte,AB,tune,0,42,acc,curvature=4.0;feature_mode=center_unit;gat_hidden_dim=64;graph_curvature=2.25;graph_metric=poincare;hyperbolic_readout=1;jk_mode=cat;learnable_curvature=0;lr=2e-05;num_layers=2;proj_dim=256;readout_clip=0.3;readout_scale=1;rho_quantile=0.1;scorer_hidden=256;weight_decay=1e-05,64,poincare,cat,2e-05,2,256,256,,1e-05,52.71,296.65,0.10009,0.0,center_unit,2.25,0.1,4.0,1,0,0.3,1,,,,,
glue|TinyLlama/TinyLlama-1.1B-Chat-v1.0|rte_wide|AB|t1|s42|tune,glue,TinyLlama/TinyLlama-1.1B-Chat-v1.0,rte_wide,rte,AB,tune,1,42,acc,curvature=1.0;feature_mode=center;gat_hidden_dim=256;graph_curvature=2.25;graph_metric=poincare;hyperbolic_readout=1;jk_mode=max;learnable_curvature=1;lr=0.0002;num_layers=4;proj_dim=128;readout_clip=1.0;readout_scale=0;rho_quantile=0.38;scorer_hidden=256;weight_decay=0.0,256,poincare,max,0.0002,4,128,256,,0.0,51.26,297.18,0.37531,0.0,center,2.25,0.38,1.0,1,1,1.0,0,,,,,
glue|TinyLlama/TinyLlama-1.1B-Chat-v1.0|rte_wide|AB|t2|s42|tune,glue,TinyLlama/TinyLlama-1.1B-Chat-v1.0,rte_wide,rte,AB,tune,2,42,acc,curvature=1.0;feature_mode=center_unit;gat_hidden_dim=64;graph_curvature=1.0;graph_metric=poincare;hyperbolic_readout=1;jk_mode=max;learnable_curvature=0;lr=0.0002;num_layers=4;proj_dim=256;readout_clip=0.0;readout_scale=1;rho_quantile=0.025;scorer_hidden=256;weight_decay=0.0,64,poincare,max,0.0002,4,256,256,,0.0,59.93,295.91,0.02506,0.0,center_unit,1.0,0.025,1.0,1,0,0.0,1,,,,,
glue|TinyLlama/TinyLlama-1.1B-Chat-v1.0|rte_wide|AB|t3|s42|tune,glue,TinyLlama/TinyLlama-1.1B-Chat-v1.0,rte_wide,rte,AB,tune,3,42,acc,curvature=4.0;feature_mode=cls_root_unit;gat_hidden_dim=256;graph_curvature=4.0;graph_metric=poincare;hyperbolic_readout=1;jk_mode=cat;learnable_curvature=0;lr=2e-05;num_layers=2;proj_dim=256;readout_clip=1.0;readout_scale=1;rho_quantile=0.1;scorer_hidden=128;weight_decay=0.0,256,poincare,cat,2e-05,2,256,128,,0.0,56.32,297.0,0.09984,0.0,cls_root_unit,4.0,0.1,4.0,1,0,1.0,1,,,,,
glue|TinyLlama/TinyLlama-1.1B-Chat-v1.0|rte_wide|AB|t4|s42|tune,glue,TinyLlama/TinyLlama-1.1B-Chat-v1.0,rte_wide,rte,AB,tune,4,42,acc,curvature=1.0;feature_mode=unit;gat_hidden_dim=64;graph_curvature=9.0;graph_metric=poincare;hyperbolic_readout=1;jk_mode=cat;learnable_curvature=0;lr=0.0002;num_layers=4;proj_dim=512;readout_clip=0.3;readout_scale=1;rho_quantile=0.05;scorer_hidden=128;weight_decay=0.0,64,poincare,cat,0.0002,4,512,128,,0.0,52.35,299.34,0.04969,0.0,unit,9.0,0.05,1.0,1,0,0.3,1,,,,,
glue|TinyLlama/TinyLlama-1.1B-Chat-v1.0|rte_wide|AB|t5|s42|tune,glue,TinyLlama/TinyLlama-1.1B-Chat-v1.0,rte_wide,rte,AB,tune,5,42,acc,curvature=4.0;feature_mode=unit;gat_hidden_dim=64;graph_curvature=0.25;graph_metric=poincare;hyperbolic_readout=1;jk_mode=max;learnable_curvature=0;lr=0.0002;num_layers=4;proj_dim=128;readout_clip=0.0;readout_scale=1;rho_quantile=0.1;scorer_hidden=128;weight_decay=0.0,64,poincare,max,0.0002,4,128,128,,0.0,57.4,324.14,0.09985,0.0,unit,0.25,0.1,4.0,1,0,0.0,1,,,,,
glue|TinyLlama/TinyLlama-1.1B-Chat-v1.0|rte_wide|AB|t6|s42|tune,glue,TinyLlama/TinyLlama-1.1B-Chat-v1.0,rte_wide,rte,AB,tune,6,42,acc,curvature=4.0;feature_mode=cls_root_unit;gat_hidden_dim=128;graph_curvature=9.0;graph_metric=poincare;hyperbolic_readout=1;jk_mode=max;learnable_curvature=0;lr=2e-05;num_layers=4;proj_dim=128;readout_clip=0.3;readout_scale=0;rho_quantile=0.025;scorer_hidden=128;weight_decay=5e-05,128,poincare,max,2e-05,4,128,128,,5e-05,54.87,327.11,0.01905,0.1875,cls_root_unit,9.0,0.025,4.0,1,0,0.3,0,,,,,
glue|TinyLlama/TinyLlama-1.1B-Chat-v1.0|rte_wide|AB|t7|s42|tune,glue,TinyLlama/TinyLlama-1.1B-Chat-v1.0,rte_wide,rte,AB,tune,7,42,acc,curvature=0.25;feature_mode=unit;gat_hidden_dim=64;graph_curvature=2.25;graph_metric=poincare;hyperbolic_readout=1;jk_mode=max;learnable_curvature=0;lr=0.001;num_layers=4;proj_dim=256;readout_clip=0.7;readout_scale=1;rho_quantile=0.1;scorer_hidden=128;weight_decay=1e-05,64,poincare,max,0.001,4,256,128,,1e-05,59.21,295.58,0.09985,0.0,unit,2.25,0.1,0.25,1,0,0.7,1,,,,,
glue|TinyLlama/TinyLlama-1.1B-Chat-v1.0|rte_wide|AB|t8|s42|tune,glue,TinyLlama/TinyLlama-1.1B-Chat-v1.0,rte_wide,rte,AB,tune,8,42,acc,curvature=0.25;feature_mode=center;gat_hidden_dim=256;graph_curvature=2.25;graph_metric=poincare;hyperbolic_readout=1;jk_mode=cat;learnable_curvature=0;lr=0.0002;num_layers=4;proj_dim=128;readout_clip=0.3;readout_scale=1;rho_quantile=0.025;scorer_hidden=128;weight_decay=0.0,256,poincare,cat,0.0002,4,128,128,,0.0,60.65,298.96,0.02514,0.0,center,2.25,0.025,0.25,1,0,0.3,1,,,,,
glue|TinyLlama/TinyLlama-1.1B-Chat-v1.0|rte_wide|AB|t9|s42|tune,glue,TinyLlama/TinyLlama-1.1B-Chat-v1.0,rte_wide,rte,AB,tune,9,42,acc,curvature=4.0;feature_mode=center;gat_hidden_dim=256;graph_curvature=9.0;graph_metric=poincare;hyperbolic_readout=1;jk_mode=max;learnable_curvature=0;lr=0.001;num_layers=4;proj_dim=512;readout_clip=1.0;readout_scale=1;rho_quantile=0.38;scorer_hidden=128;weight_decay=0.0,256,poincare,max,0.001,4,512,128,,0.0,58.84,299.74,0.37531,0.0,center,9.0,0.38,4.0,1,0,1.0,1,,,,,
glue|TinyLlama/TinyLlama-1.1B-Chat-v1.0|rte_wide|AC|t0|s42|tune,glue,TinyLlama/TinyLlama-1.1B-Chat-v1.0,rte_wide,rte,AC,tune,0,42,acc,curvature=1.0;feature_mode=center;gat_hidden_dim=128;gnn_input_clip=0.7;gnn_input_scale=0;graph_curvature=0.25;graph_metric=poincare;hyp_gnn_type=gcn;hyperbolic_gnn=1;jk_mode=max;lr=0.0002;num_layers=4;proj_dim=256;rho_quantile=0.1;scorer_hidden=256;weight_decay=1e-05,128,poincare,max,0.0002,4,256,256,,1e-05,55.96,329.8,0.09959,0.0,center,0.25,0.1,1.0,,,,,0.7,0,gcn,1,
glue|TinyLlama/TinyLlama-1.1B-Chat-v1.0|rte_wide|AC|t1|s42|tune,glue,TinyLlama/TinyLlama-1.1B-Chat-v1.0,rte_wide,rte,AC,tune,1,42,acc,curvature=0.25;feature_mode=unit;gat_hidden_dim=128;gnn_input_clip=0.0;gnn_input_scale=0;graph_curvature=4.0;graph_metric=poincare;hyp_gnn_type=gat;hyperbolic_gnn=1;jk_mode=max;lr=0.001;num_layers=2;proj_dim=128;rho_quantile=0.025;scorer_hidden=128;weight_decay=0.0,128,poincare,max,0.001,2,128,128,,0.0,55.6,326.43,0.02499,0.00781,unit,4.0,0.025,0.25,,,,,0.0,0,gat,1,
glue|TinyLlama/TinyLlama-1.1B-Chat-v1.0|rte_wide|AC|t2|s42|tune,glue,TinyLlama/TinyLlama-1.1B-Chat-v1.0,rte_wide,rte,AC,tune,2,42,acc,curvature=4.0;feature_mode=center_unit;gat_hidden_dim=128;gnn_input_clip=0.7;gnn_input_scale=0;graph_curvature=9.0;graph_metric=poincare;hyp_gnn_type=gat;hyperbolic_gnn=1;jk_mode=max;lr=0.0002;num_layers=2;proj_dim=256;rho_quantile=0.05;scorer_hidden=256;weight_decay=5e-05,128,poincare,max,0.0002,2,256,256,,5e-05,58.12,328.32,0.04987,0.0,center_unit,9.0,0.05,4.0,,,,,0.7,0,gat,1,
glue|TinyLlama/TinyLlama-1.1B-Chat-v1.0|rte_wide|AC|t3|s42|tune,glue,TinyLlama/TinyLlama-1.1B-Chat-v1.0,rte_wide,rte,AC,tune,3,42,acc,curvature=0.25;feature_mode=cls_root_unit;gat_hidden_dim=128;gnn_input_clip=0.0;gnn_input_scale=1;graph_curvature=4.0;graph_metric=poincare;hyp_gnn_type=gat;hyperbolic_gnn=1;jk_mode=max;lr=0.0002;num_layers=2;proj_dim=256;rho_quantile=0.1;scorer_hidden=128;weight_decay=1e-05,128,poincare,max,0.0002,2,256,128,,1e-05,60.29,326.32,0.09961,0.0,cls_root_unit,4.0,0.1,0.25,,,,,0.0,1,gat,1,
glue|TinyLlama/TinyLlama-1.1B-Chat-v1.0|rte_wide|AC|t4|s42|tune,glue,TinyLlama/TinyLlama-1.1B-Chat-v1.0,rte_wide,rte,AC,tune,4,42,acc,curvature=1.0;feature_mode=cls_root_unit;gat_hidden_dim=128;gnn_input_clip=1.0;gnn_input_scale=0;graph_curvature=9.0;graph_metric=poincare;hyp_gnn_type=gcn;hyperbolic_gnn=1;jk_mode=cat;lr=0.0002;num_layers=4;proj_dim=128;rho_quantile=0.38;scorer_hidden=128;weight_decay=0.0,128,poincare,cat,0.0002,4,128,128,,0.0,54.87,337.71,0.37787,0.0,cls_root_unit,9.0,0.38,1.0,,,,,1.0,0,gcn,1,
glue|TinyLlama/TinyLlama-1.1B-Chat-v1.0|rte_wide|AC|t5|s42|tune,glue,TinyLlama/TinyLlama-1.1B-Chat-v1.0,rte_wide,rte,AC,tune,5,42,acc,curvature=1.0;feature_mode=cls_root_unit;gat_hidden_dim=64;gnn_input_clip=1.0;gnn_input_scale=1;graph_curvature=0.25;graph_metric=poincare;hyp_gnn_type=gat;hyperbolic_gnn=1;jk_mode=max;lr=0.001;num_layers=2;proj_dim=128;rho_quantile=0.38;scorer_hidden=256;weight_decay=0.0,64,poincare,max,0.001,2,128,256,,0.0,57.4,333.06,0.37828,0.0,cls_root_unit,0.25,0.38,1.0,,,,,1.0,1,gat,1,
glue|TinyLlama/TinyLlama-1.1B-Chat-v1.0|rte_wide|AC|t6|s42|tune,glue,TinyLlama/TinyLlama-1.1B-Chat-v1.0,rte_wide,rte,AC,tune,6,42,acc,curvature=4.0;feature_mode=center_unit;gat_hidden_dim=256;gnn_input_clip=0.0;gnn_input_scale=1;graph_curvature=4.0;graph_metric=poincare;hyp_gnn_type=gat;hyperbolic_gnn=1;jk_mode=max;lr=2e-05;num_layers=2;proj_dim=256;rho_quantile=0.2;scorer_hidden=128;weight_decay=1e-05,256,poincare,max,2e-05,2,256,128,,1e-05,52.71,333.42,0.19874,0.0,center_unit,4.0,0.2,4.0,,,,,0.0,1,gat,1,
glue|TinyLlama/TinyLlama-1.1B-Chat-v1.0|rte_wide|AC|t7|s42|tune,glue,TinyLlama/TinyLlama-1.1B-Chat-v1.0,rte_wide,rte,AC,tune,7,42,acc,curvature=1.0;feature_mode=center;gat_hidden_dim=64;gnn_input_clip=0.0;gnn_input_scale=0;graph_curvature=0.25;graph_metric=poincare;hyp_gnn_type=gcn;hyperbolic_gnn=1;jk_mode=max;lr=0.0002;num_layers=4;proj_dim=256;rho_quantile=0.05;scorer_hidden=128;weight_decay=1e-05,64,poincare,max,0.0002,4,256,128,,1e-05,59.21,334.99,0.05002,0.0,center,0.25,0.05,1.0,,,,,0.0,0,gcn,1,
glue|TinyLlama/TinyLlama-1.1B-Chat-v1.0|rte_wide|AC|t8|s42|tune,glue,TinyLlama/TinyLlama-1.1B-Chat-v1.0,rte_wide,rte,AC,tune,8,42,acc,curvature=0.25;feature_mode=center_unit;gat_hidden_dim=128;gnn_input_clip=0.3;gnn_input_scale=0;graph_curvature=0.25;graph_metric=poincare;hyp_gnn_type=gat;hyperbolic_gnn=1;jk_mode=max;lr=2e-05;num_layers=4;proj_dim=256;rho_quantile=0.2;scorer_hidden=128;weight_decay=5e-05,128,poincare,max,2e-05,4,256,128,,5e-05,52.71,340.2,0.19818,0.0,center_unit,0.25,0.2,0.25,,,,,0.3,0,gat,1,
glue|TinyLlama/TinyLlama-1.1B-Chat-v1.0|rte_wide|AC|t9|s42|tune,glue,TinyLlama/TinyLlama-1.1B-Chat-v1.0,rte_wide,rte,AC,tune,9,42,acc,curvature=1.0;feature_mode=center;gat_hidden_dim=256;gnn_input_clip=0.3;gnn_input_scale=0;graph_curvature=9.0;graph_metric=poincare;hyp_gnn_type=gcn;hyperbolic_gnn=1;jk_mode=max;lr=2e-05;num_layers=4;proj_dim=128;rho_quantile=0.05;scorer_hidden=128;weight_decay=0.0,256,poincare,max,2e-05,4,128,128,,0.0,52.71,329.82,0.0497,0.0,center,9.0,0.05,1.0,,,,,0.3,0,gcn,1,
glue|TinyLlama/TinyLlama-1.1B-Chat-v1.0|rte_wide|BC|t0|s42|tune,glue,TinyLlama/TinyLlama-1.1B-Chat-v1.0,rte_wide,rte,BC,tune,0,42,acc,curvature=4.0;gat_hidden_dim=128;gnn_input_clip=1.0;gnn_input_scale=1;graph_metric=cosine;hyp_gnn_type=gat;hyperbolic_gnn=1;hyperbolic_readout=1;jk_mode=max;learnable_curvature=1;lr=0.0002;num_layers=4;proj_dim=256;readout_clip=0.0;readout_scale=0;scorer_hidden=128;tau_quantile=0.2;weight_decay=1e-05,128,cosine,max,0.0002,4,256,128,0.2,1e-05,58.48,329.44,0.19828,0.0,,,,4.0,1,1,0.0,0,1.0,1,gat,1,
glue|TinyLlama/TinyLlama-1.1B-Chat-v1.0|rte_wide|BC|t1|s42|tune,glue,TinyLlama/TinyLlama-1.1B-Chat-v1.0,rte_wide,rte,BC,tune,1,42,acc,curvature=0.25;gat_hidden_dim=128;gnn_input_clip=1.0;gnn_input_scale=0;graph_metric=cosine;hyp_gnn_type=gcn;hyperbolic_gnn=1;hyperbolic_readout=1;jk_mode=max;learnable_curvature=1;lr=0.0002;num_layers=2;proj_dim=128;readout_clip=0.7;readout_scale=1;scorer_hidden=256;tau_quantile=0.1;weight_decay=5e-05,128,cosine,max,0.0002,2,128,256,0.1,5e-05,52.71,319.84,0.10016,0.0,,,,0.25,1,1,0.7,1,1.0,0,gcn,1,
glue|TinyLlama/TinyLlama-1.1B-Chat-v1.0|rte_wide|BC|t2|s42|tune,glue,TinyLlama/TinyLlama-1.1B-Chat-v1.0,rte_wide,rte,BC,tune,2,42,acc,curvature=4.0;gat_hidden_dim=256;gnn_input_clip=0.0;gnn_input_scale=0;graph_metric=cosine;hyp_gnn_type=gcn;hyperbolic_gnn=1;hyperbolic_readout=1;jk_mode=cat;learnable_curvature=0;lr=2e-05;num_layers=2;proj_dim=256;readout_clip=0.7;readout_scale=0;scorer_hidden=256;tau_quantile=0.025;weight_decay=1e-05,256,cosine,cat,2e-05,2,256,256,0.025,1e-05,53.43,322.63,0.02538,0.0,,,,4.0,1,0,0.7,0,0.0,0,gcn,1,
glue|TinyLlama/TinyLlama-1.1B-Chat-v1.0|rte_wide|BC|t3|s42|tune,glue,TinyLlama/TinyLlama-1.1B-Chat-v1.0,rte_wide,rte,BC,tune,3,42,acc,curvature=0.25;gat_hidden_dim=64;gnn_input_clip=0.7;gnn_input_scale=1;graph_metric=cosine;hyp_gnn_type=gat;hyperbolic_gnn=1;hyperbolic_readout=1;jk_mode=max;learnable_curvature=1;lr=2e-05;num_layers=2;proj_dim=128;readout_clip=0.0;readout_scale=0;scorer_hidden=128;tau_quantile=0.1;weight_decay=5e-05,64,cosine,max,2e-05,2,128,128,0.1,5e-05,48.74,324.4,0.09993,0.0,,,,0.25,1,1,0.0,0,0.7,1,gat,1,
glue|TinyLlama/TinyLlama-1.1B-Chat-v1.0|rte_wide|BC|t4|s42|tune,glue,TinyLlama/TinyLlama-1.1B-Chat-v1.0,rte_wide,rte,BC,tune,4,42,acc,curvature=4.0;gat_hidden_dim=256;gnn_input_clip=1.0;gnn_input_scale=0;graph_metric=cosine;hyp_gnn_type=gat;hyperbolic_gnn=1;hyperbolic_readout=1;jk_mode=cat;learnable_curvature=1;lr=0.0002;num_layers=2;proj_dim=128;readout_clip=0.3;readout_scale=0;scorer_hidden=256;tau_quantile=0.2;weight_decay=0.0,256,cosine,cat,0.0002,2,128,256,0.2,0.0,52.71,324.08,0.19882,0.0,,,,4.0,1,1,0.3,0,1.0,0,gat,1,
glue|TinyLlama/TinyLlama-1.1B-Chat-v1.0|rte_wide|BC|t5|s42|tune,glue,TinyLlama/TinyLlama-1.1B-Chat-v1.0,rte_wide,rte,BC,tune,5,42,acc,curvature=0.25;gat_hidden_dim=256;gnn_input_clip=0.7;gnn_input_scale=1;graph_metric=cosine;hyp_gnn_type=gcn;hyperbolic_gnn=1;hyperbolic_readout=1;jk_mode=max;learnable_curvature=0;lr=0.001;num_layers=4;proj_dim=128;readout_clip=0.0;readout_scale=0;scorer_hidden=256;tau_quantile=0.05;weight_decay=5e-05,256,cosine,max,0.001,4,128,256,0.05,5e-05,58.48,318.46,0.05007,0.0,,,,0.25,1,0,0.0,0,0.7,1,gcn,1,
glue|TinyLlama/TinyLlama-1.1B-Chat-v1.0|rte_wide|BC|t6|s42|tune,glue,TinyLlama/TinyLlama-1.1B-Chat-v1.0,rte_wide,rte,BC,tune,6,42,acc,curvature=0.25;gat_hidden_dim=64;gnn_input_clip=0.0;gnn_input_scale=0;graph_metric=cosine;hyp_gnn_type=gat;hyperbolic_gnn=1;hyperbolic_readout=1;jk_mode=max;learnable_curvature=1;lr=0.0002;num_layers=2;proj_dim=256;readout_clip=0.7;readout_scale=0;scorer_hidden=128;tau_quantile=0.38;weight_decay=5e-05,64,cosine,max,0.0002,2,256,128,0.38,5e-05,52.71,324.47,0.37853,0.0,,,,0.25,1,1,0.7,0,0.0,0,gat,1,
glue|TinyLlama/TinyLlama-1.1B-Chat-v1.0|rte_wide|BC|t7|s42|tune,glue,TinyLlama/TinyLlama-1.1B-Chat-v1.0,rte_wide,rte,BC,tune,7,42,acc,curvature=1.0;gat_hidden_dim=128;gnn_input_clip=1.0;gnn_input_scale=0;graph_metric=cosine;hyp_gnn_type=gat;hyperbolic_gnn=1;hyperbolic_readout=1;jk_mode=max;learnable_curvature=0;lr=0.001;num_layers=2;proj_dim=512;readout_clip=0.3;readout_scale=0;scorer_hidden=256;tau_quantile=0.025;weight_decay=0.0,128,cosine,max,0.001,2,512,256,0.025,0.0,57.04,316.53,0.02525,0.00391,,,,1.0,1,0,0.3,0,1.0,0,gat,1,
glue|TinyLlama/TinyLlama-1.1B-Chat-v1.0|rte_wide|BC|t8|s42|tune,glue,TinyLlama/TinyLlama-1.1B-Chat-v1.0,rte_wide,rte,BC,tune,8,42,acc,curvature=4.0;gat_hidden_dim=64;gnn_input_clip=0.0;gnn_input_scale=1;graph_metric=cosine;hyp_gnn_type=gcn;hyperbolic_gnn=1;hyperbolic_readout=1;jk_mode=cat;learnable_curvature=1;lr=2e-05;num_layers=2;proj_dim=256;readout_clip=0.7;readout_scale=0;scorer_hidden=128;tau_quantile=0.1;weight_decay=0.0,64,cosine,cat,2e-05,2,256,128,0.1,0.0,47.29,325.77,0.10003,0.0,,,,4.0,1,1,0.7,0,0.0,1,gcn,1,
glue|TinyLlama/TinyLlama-1.1B-Chat-v1.0|rte_wide|BC|t9|s42|tune,glue,TinyLlama/TinyLlama-1.1B-Chat-v1.0,rte_wide,rte,BC,tune,9,42,acc,curvature=4.0;gat_hidden_dim=64;gnn_input_clip=0.3;gnn_input_scale=0;graph_metric=cosine;hyp_gnn_type=gcn;hyperbolic_gnn=1;hyperbolic_readout=1;jk_mode=max;learnable_curvature=1;lr=0.001;num_layers=2;proj_dim=256;readout_clip=0.3;readout_scale=1;scorer_hidden=256;tau_quantile=0.38;weight_decay=1e-05,64,cosine,max,0.001,2,256,256,0.38,1e-05,53.43,326.88,0.37896,0.0,,,,4.0,1,1,0.3,1,0.3,0,gcn,1,
glue|TinyLlama/TinyLlama-1.1B-Chat-v1.0|rte_wide|ABC|t0|s42|tune,glue,TinyLlama/TinyLlama-1.1B-Chat-v1.0,rte_wide,rte,ABC,tune,0,42,acc,curvature=1.0;feature_mode=center_unit;gat_hidden_dim=64;gnn_input_clip=1.0;gnn_input_scale=1;graph_curvature=9.0;graph_metric=poincare;hyp_gnn_type=gat;hyperbolic_gnn=1;hyperbolic_readout=1;jk_mode=cat;learnable_curvature=0;lr=0.0002;num_layers=4;proj_dim=512;readout_clip=0.0;readout_scale=0;rho_quantile=0.05;scorer_hidden=128;weight_decay=5e-05,64,poincare,cat,0.0002,4,512,128,,5e-05,55.23,338.1,0.04978,0.00391,center_unit,9.0,0.05,1.0,1,0,0.0,0,1.0,1,gat,1,
glue|TinyLlama/TinyLlama-1.1B-Chat-v1.0|rte_wide|ABC|t1|s42|tune,glue,TinyLlama/TinyLlama-1.1B-Chat-v1.0,rte_wide,rte,ABC,tune,1,42,acc,curvature=4.0;feature_mode=center;gat_hidden_dim=64;gnn_input_clip=0.3;gnn_input_scale=1;graph_curvature=4.0;graph_metric=poincare;hyp_gnn_type=gcn;hyperbolic_gnn=1;hyperbolic_readout=1;jk_mode=cat;learnable_curvature=0;lr=0.001;num_layers=4;proj_dim=256;readout_clip=0.3;readout_scale=0;rho_quantile=0.025;scorer_hidden=256;weight_decay=1e-05,64,poincare,cat,0.001,4,256,256,,1e-05,56.32,340.8,0.02521,0.00781,center,4.0,0.025,4.0,1,0,0.3,0,0.3,1,gcn,1,
glue|TinyLlama/TinyLlama-1.1B-Chat-v1.0|rte_wide|ABC|t2|s42|tune,glue,TinyLlama/TinyLlama-1.1B-Chat-v1.0,rte_wide,rte,ABC,tune,2,42,acc,curvature=0.25;feature_mode=cls_root_unit;gat_hidden_dim=64;gnn_input_clip=0.0;gnn_input_scale=0;graph_curvature=1.0;graph_metric=poincare;hyp_gnn_type=gcn;hyperbolic_gnn=1;hyperbolic_readout=1;jk_mode=cat;learnable_curvature=0;lr=0.001;num_layers=2;proj_dim=512;readout_clip=0.7;readout_scale=1;rho_quantile=0.2;scorer_hidden=256;weight_decay=0.0,64,poincare,cat,0.001,2,512,256,,0.0,57.04,334.47,0.19873,0.0,cls_root_unit,1.0,0.2,0.25,1,0,0.7,1,0.0,0,gcn,1,
glue|TinyLlama/TinyLlama-1.1B-Chat-v1.0|rte_wide|ABC|t3|s42|tune,glue,TinyLlama/TinyLlama-1.1B-Chat-v1.0,rte_wide,rte,ABC,tune,3,42,acc,curvature=0.25;feature_mode=center;gat_hidden_dim=128;gnn_input_clip=0.7;gnn_input_scale=1;graph_curvature=1.0;graph_metric=poincare;hyp_gnn_type=gat;hyperbolic_gnn=1;hyperbolic_readout=1;jk_mode=max;learnable_curvature=0;lr=0.001;num_layers=2;proj_dim=256;readout_clip=0.3;readout_scale=0;rho_quantile=0.1;scorer_hidden=256;weight_decay=5e-05,128,poincare,max,0.001,2,256,256,,5e-05,56.68,330.41,0.09929,0.0,center,1.0,0.1,0.25,1,0,0.3,0,0.7,1,gat,1,
glue|TinyLlama/TinyLlama-1.1B-Chat-v1.0|rte_wide|ABC|t4|s42|tune,glue,TinyLlama/TinyLlama-1.1B-Chat-v1.0,rte_wide,rte,ABC,tune,4,42,acc,curvature=0.25;feature_mode=center_unit;gat_hidden_dim=128;gnn_input_clip=0.0;gnn_input_scale=0;graph_curvature=1.0;graph_metric=poincare;hyp_gnn_type=gcn;hyperbolic_gnn=1;hyperbolic_readout=1;jk_mode=cat;learnable_curvature=1;lr=0.0002;num_layers=2;proj_dim=512;readout_clip=0.0;readout_scale=0;rho_quantile=0.2;scorer_hidden=128;weight_decay=1e-05,128,poincare,cat,0.0002,2,512,128,,1e-05,53.79,331.15,0.1988,0.0,center_unit,1.0,0.2,0.25,1,1,0.0,0,0.0,0,gcn,1,
glue|TinyLlama/TinyLlama-1.1B-Chat-v1.0|rte_wide|ABC|t5|s42|tune,glue,TinyLlama/TinyLlama-1.1B-Chat-v1.0,rte_wide,rte,ABC,tune,5,42,acc,curvature=0.25;feature_mode=center_unit;gat_hidden_dim=64;gnn_input_clip=0.0;gnn_input_scale=0;graph_curvature=2.25;graph_metric=poincare;hyp_gnn_type=gat;hyperbolic_gnn=1;hyperbolic_readout=1;jk_mode=cat;learnable_curvature=0;lr=2e-05;num_layers=2;proj_dim=256;readout_clip=0.0;readout_scale=1;rho_quantile=0.025;scorer_hidden=256;weight_decay=0.0,64,poincare,cat,2e-05,2,256,256,,0.0,53.07,333.0,0.02474,0.00781,center_unit,2.25,0.025,0.25,1,0,0.0,1,0.0,0,gat,1,
glue|TinyLlama/TinyLlama-1.1B-Chat-v1.0|rte_wide|ABC|t6|s42|tune,glue,TinyLlama/TinyLlama-1.1B-Chat-v1.0,rte_wide,rte,ABC,tune,6,42,acc,curvature=4.0;feature_mode=cls_root_unit;gat_hidden_dim=64;gnn_input_clip=0.3;gnn_input_scale=1;graph_curvature=9.0;graph_metric=poincare;hyp_gnn_type=gat;hyperbolic_gnn=1;hyperbolic_readout=1;jk_mode=cat;learnable_curvature=1;lr=2e-05;num_layers=4;proj_dim=128;readout_clip=0.0;readout_scale=1;rho_quantile=0.2;scorer_hidden=256;weight_decay=0.0,64,poincare,cat,2e-05,4,128,256,,0.0,52.71,343.29,0.19154,0.01172,cls_root_unit,9.0,0.2,4.0,1,1,0.0,1,0.3,1,gat,1,
glue|TinyLlama/TinyLlama-1.1B-Chat-v1.0|rte_wide|ABC|t7|s42|tune,glue,TinyLlama/TinyLlama-1.1B-Chat-v1.0,rte_wide,rte,ABC,tune,7,42,acc,curvature=0.25;feature_mode=unit;gat_hidden_dim=64;gnn_input_clip=0.7;gnn_input_scale=0;graph_curvature=2.25;graph_metric=poincare;hyp_gnn_type=gat;hyperbolic_gnn=1;hyperbolic_readout=1;jk_mode=cat;learnable_curvature=0;lr=0.001;num_layers=4;proj_dim=512;readout_clip=0.7;readout_scale=1;rho_quantile=0.1;scorer_hidden=128;weight_decay=1e-05,64,poincare,cat,0.001,4,512,128,,1e-05,52.71,338.25,0.09973,0.0,unit,2.25,0.1,0.25,1,0,0.7,1,0.7,0,gat,1,
glue|TinyLlama/TinyLlama-1.1B-Chat-v1.0|rte_wide|ABC|t8|s42|tune,glue,TinyLlama/TinyLlama-1.1B-Chat-v1.0,rte_wide,rte,ABC,tune,8,42,acc,curvature=4.0;feature_mode=center_unit;gat_hidden_dim=256;gnn_input_clip=0.7;gnn_input_scale=1;graph_curvature=4.0;graph_metric=poincare;hyp_gnn_type=gat;hyperbolic_gnn=1;hyperbolic_readout=1;jk_mode=cat;learnable_curvature=0;lr=0.0002;num_layers=2;proj_dim=128;readout_clip=0.3;readout_scale=1;rho_quantile=0.1;scorer_hidden=128;weight_decay=1e-05,256,poincare,cat,0.0002,2,128,128,,1e-05,52.71,330.46,0.09973,0.0,center_unit,4.0,0.1,4.0,1,0,0.3,1,0.7,1,gat,1,
glue|TinyLlama/TinyLlama-1.1B-Chat-v1.0|rte_wide|ABC|t9|s42|tune,glue,TinyLlama/TinyLlama-1.1B-Chat-v1.0,rte_wide,rte,ABC,tune,9,42,acc,curvature=4.0;feature_mode=cls_root_unit;gat_hidden_dim=64;gnn_input_clip=1.0;gnn_input_scale=0;graph_curvature=9.0;graph_metric=poincare;hyp_gnn_type=gcn;hyperbolic_gnn=1;hyperbolic_readout=1;jk_mode=max;learnable_curvature=0;lr=0.001;num_layers=2;proj_dim=128;readout_clip=0.3;readout_scale=1;rho_quantile=0.025;scorer_hidden=128;weight_decay=5e-05,64,poincare,max,0.001,2,128,128,,5e-05,57.04,335.73,0.01962,0.16406,cls_root_unit,9.0,0.025,4.0,1,0,0.3,1,1.0,0,gcn,1,
glue|TinyLlama/TinyLlama-1.1B-Chat-v1.0|rte_wide|no_graph|t0|s42|tune,glue,TinyLlama/TinyLlama-1.1B-Chat-v1.0,rte_wide,rte,no_graph,tune,0,42,acc,gat_hidden_dim=256;graph_metric=cosine;jk_mode=max;lr=0.001;num_layers=2;proj_dim=256;scorer_hidden=128;tau=0.999;weight_decay=1e-05,256,cosine,max,0.001,2,256,128,,1e-05,51.62,305.88,0.0,1.0,,,,,,,,,,,,,0.999
glue|TinyLlama/TinyLlama-1.1B-Chat-v1.0|rte_wide|no_graph|t1|s42|tune,glue,TinyLlama/TinyLlama-1.1B-Chat-v1.0,rte_wide,rte,no_graph,tune,1,42,acc,gat_hidden_dim=128;graph_metric=cosine;jk_mode=max;lr=2e-05;num_layers=4;proj_dim=128;scorer_hidden=128;tau=0.999;weight_decay=1e-05,128,cosine,max,2e-05,4,128,128,,1e-05,57.04,308.7,0.0,1.0,,,,,,,,,,,,,0.999
glue|TinyLlama/TinyLlama-1.1B-Chat-v1.0|rte_wide|no_graph|t2|s42|tune,glue,TinyLlama/TinyLlama-1.1B-Chat-v1.0,rte_wide,rte,no_graph,tune,2,42,acc,gat_hidden_dim=64;graph_metric=cosine;jk_mode=max;lr=2e-05;num_layers=4;proj_dim=256;scorer_hidden=128;tau=0.999;weight_decay=0.0,64,cosine,max,2e-05,4,256,128,,0.0,52.35,307.68,0.0,1.0,,,,,,,,,,,,,0.999
glue|TinyLlama/TinyLlama-1.1B-Chat-v1.0|rte_wide|no_graph|t3|s42|tune,glue,TinyLlama/TinyLlama-1.1B-Chat-v1.0,rte_wide,rte,no_graph,tune,3,42,acc,gat_hidden_dim=256;graph_metric=cosine;jk_mode=max;lr=0.0002;num_layers=2;proj_dim=512;scorer_hidden=128;tau=0.999;weight_decay=5e-05,256,cosine,max,0.0002,2,512,128,,5e-05,53.43,306.84,0.0,1.0,,,,,,,,,,,,,0.999
glue|TinyLlama/TinyLlama-1.1B-Chat-v1.0|rte_wide|no_graph|t4|s42|tune,glue,TinyLlama/TinyLlama-1.1B-Chat-v1.0,rte_wide,rte,no_graph,tune,4,42,acc,gat_hidden_dim=128;graph_metric=cosine;jk_mode=max;lr=0.001;num_layers=2;proj_dim=256;scorer_hidden=256;tau=0.999;weight_decay=0.0,128,cosine,max,0.001,2,256,256,,0.0,51.62,307.51,0.0,1.0,,,,,,,,,,,,,0.999
glue|TinyLlama/TinyLlama-1.1B-Chat-v1.0|rte_wide|no_graph|t5|s42|tune,glue,TinyLlama/TinyLlama-1.1B-Chat-v1.0,rte_wide,rte,no_graph,tune,5,42,acc,gat_hidden_dim=256;graph_metric=cosine;jk_mode=cat;lr=2e-05;num_layers=2;proj_dim=128;scorer_hidden=128;tau=0.999;weight_decay=0.0,256,cosine,cat,2e-05,2,128,128,,0.0,48.74,305.36,0.0,1.0,,,,,,,,,,,,,0.999
glue|TinyLlama/TinyLlama-1.1B-Chat-v1.0|rte_wide|no_graph|t6|s42|tune,glue,TinyLlama/TinyLlama-1.1B-Chat-v1.0,rte_wide,rte,no_graph,tune,6,42,acc,gat_hidden_dim=128;graph_metric=cosine;jk_mode=max;lr=2e-05;num_layers=2;proj_dim=128;scorer_hidden=256;tau=0.999;weight_decay=1e-05,128,cosine,max,2e-05,2,128,256,,1e-05,56.68,305.47,0.0,1.0,,,,,,,,,,,,,0.999
glue|TinyLlama/TinyLlama-1.1B-Chat-v1.0|rte_wide|no_graph|t7|s42|tune,glue,TinyLlama/TinyLlama-1.1B-Chat-v1.0,rte_wide,rte,no_graph,tune,7,42,acc,gat_hidden_dim=64;graph_metric=cosine;jk_mode=max;lr=2e-05;num_layers=2;proj_dim=128;scorer_hidden=256;tau=0.999;weight_decay=5e-05,64,cosine,max,2e-05,2,128,256,,5e-05,51.62,304.91,0.0,1.0,,,,,,,,,,,,,0.999
glue|TinyLlama/TinyLlama-1.1B-Chat-v1.0|rte_wide|no_graph|t8|s42|tune,glue,TinyLlama/TinyLlama-1.1B-Chat-v1.0,rte_wide,rte,no_graph,tune,8,42,acc,gat_hidden_dim=64;graph_metric=cosine;jk_mode=cat;lr=2e-05;num_layers=2;proj_dim=512;scorer_hidden=256;tau=0.999;weight_decay=0.0,64,cosine,cat,2e-05,2,512,256,,0.0,52.71,307.65,0.0,1.0,,,,,,,,,,,,,0.999
glue|TinyLlama/TinyLlama-1.1B-Chat-v1.0|rte_wide|no_graph|t9|s42|tune,glue,TinyLlama/TinyLlama-1.1B-Chat-v1.0,rte_wide,rte,no_graph,tune,9,42,acc,gat_hidden_dim=64;graph_metric=cosine;jk_mode=cat;lr=2e-05;num_layers=4;proj_dim=512;scorer_hidden=128;tau=0.999;weight_decay=1e-05,64,cosine,cat,2e-05,4,512,128,,1e-05,51.99,308.16,0.0,1.0,,,,,,,,,,,,,0.999
glue|TinyLlama/TinyLlama-1.1B-Chat-v1.0|rte_wide|A|t9|s1|confirm,glue,TinyLlama/TinyLlama-1.1B-Chat-v1.0,rte_wide,rte,A,confirm,9,1,acc,feature_mode=unit;gat_hidden_dim=64;graph_curvature=2.25;graph_metric=poincare;jk_mode=max;lr=0.0002;num_layers=4;proj_dim=512;rho_quantile=0.1;scorer_hidden=256;weight_decay=0.0,64,poincare,max,0.0002,4,512,256,,0.0,57.4,325.29,0.09954,0.0,unit,2.25,0.1,,,,,,,,,,
glue|TinyLlama/TinyLlama-1.1B-Chat-v1.0|rte_wide|A|t9|s2|confirm,glue,TinyLlama/TinyLlama-1.1B-Chat-v1.0,rte_wide,rte,A,confirm,9,2,acc,feature_mode=unit;gat_hidden_dim=64;graph_curvature=2.25;graph_metric=poincare;jk_mode=max;lr=0.0002;num_layers=4;proj_dim=512;rho_quantile=0.1;scorer_hidden=256;weight_decay=0.0,64,poincare,max,0.0002,4,512,256,,0.0,57.04,323.49,0.10003,0.0,unit,2.25,0.1,,,,,,,,,,
glue|TinyLlama/TinyLlama-1.1B-Chat-v1.0|rte_wide|A|t9|s3|confirm,glue,TinyLlama/TinyLlama-1.1B-Chat-v1.0,rte_wide,rte,A,confirm,9,3,acc,feature_mode=unit;gat_hidden_dim=64;graph_curvature=2.25;graph_metric=poincare;jk_mode=max;lr=0.0002;num_layers=4;proj_dim=512;rho_quantile=0.1;scorer_hidden=256;weight_decay=0.0,64,poincare,max,0.0002,4,512,256,,0.0,52.35,322.15,0.10005,0.0,unit,2.25,0.1,,,,,,,,,,
glue|TinyLlama/TinyLlama-1.1B-Chat-v1.0|rte_wide|A|t9|s4|confirm,glue,TinyLlama/TinyLlama-1.1B-Chat-v1.0,rte_wide,rte,A,confirm,9,4,acc,feature_mode=unit;gat_hidden_dim=64;graph_curvature=2.25;graph_metric=poincare;jk_mode=max;lr=0.0002;num_layers=4;proj_dim=512;rho_quantile=0.1;scorer_hidden=256;weight_decay=0.0,64,poincare,max,0.0002,4,512,256,,0.0,56.68,321.21,0.09991,0.0,unit,2.25,0.1,,,,,,,,,,
glue|TinyLlama/TinyLlama-1.1B-Chat-v1.0|rte_wide|A|t9|s5|confirm,glue,TinyLlama/TinyLlama-1.1B-Chat-v1.0,rte_wide,rte,A,confirm,9,5,acc,feature_mode=unit;gat_hidden_dim=64;graph_curvature=2.25;graph_metric=poincare;jk_mode=max;lr=0.0002;num_layers=4;proj_dim=512;rho_quantile=0.1;scorer_hidden=256;weight_decay=0.0,64,poincare,max,0.0002,4,512,256,,0.0,53.07,293.69,0.09969,0.0,unit,2.25,0.1,,,,,,,,,,
glue|TinyLlama/TinyLlama-1.1B-Chat-v1.0|rte_wide|A|t9|s6|confirm,glue,TinyLlama/TinyLlama-1.1B-Chat-v1.0,rte_wide,rte,A,confirm,9,6,acc,feature_mode=unit;gat_hidden_dim=64;graph_curvature=2.25;graph_metric=poincare;jk_mode=max;lr=0.0002;num_layers=4;proj_dim=512;rho_quantile=0.1;scorer_hidden=256;weight_decay=0.0,64,poincare,max,0.0002,4,512,256,,0.0,56.68,322.0,0.09991,0.0,unit,2.25,0.1,,,,,,,,,,
glue|TinyLlama/TinyLlama-1.1B-Chat-v1.0|rte_wide|A|t9|s7|confirm,glue,TinyLlama/TinyLlama-1.1B-Chat-v1.0,rte_wide,rte,A,confirm,9,7,acc,feature_mode=unit;gat_hidden_dim=64;graph_curvature=2.25;graph_metric=poincare;jk_mode=max;lr=0.0002;num_layers=4;proj_dim=512;rho_quantile=0.1;scorer_hidden=256;weight_decay=0.0,64,poincare,max,0.0002,4,512,256,,0.0,53.07,325.57,0.09977,0.0,unit,2.25,0.1,,,,,,,,,,
glue|TinyLlama/TinyLlama-1.1B-Chat-v1.0|rte_wide|A|t9|s8|confirm,glue,TinyLlama/TinyLlama-1.1B-Chat-v1.0,rte_wide,rte,A,confirm,9,8,acc,feature_mode=unit;gat_hidden_dim=64;graph_curvature=2.25;graph_metric=poincare;jk_mode=max;lr=0.0002;num_layers=4;proj_dim=512;rho_quantile=0.1;scorer_hidden=256;weight_decay=0.0,64,poincare,max,0.0002,4,512,256,,0.0,51.26,316.85,0.09986,0.0,unit,2.25,0.1,,,,,,,,,,
glue|TinyLlama/TinyLlama-1.1B-Chat-v1.0|rte_wide|A|t9|s9|confirm,glue,TinyLlama/TinyLlama-1.1B-Chat-v1.0,rte_wide,rte,A,confirm,9,9,acc,feature_mode=unit;gat_hidden_dim=64;graph_curvature=2.25;graph_metric=poincare;jk_mode=max;lr=0.0002;num_layers=4;proj_dim=512;rho_quantile=0.1;scorer_hidden=256;weight_decay=0.0,64,poincare,max,0.0002,4,512,256,,0.0,52.71,318.93,0.09999,0.0,unit,2.25,0.1,,,,,,,,,,
glue|TinyLlama/TinyLlama-1.1B-Chat-v1.0|rte_wide|A|t9|s10|confirm,glue,TinyLlama/TinyLlama-1.1B-Chat-v1.0,rte_wide,rte,A,confirm,9,10,acc,feature_mode=unit;gat_hidden_dim=64;graph_curvature=2.25;graph_metric=poincare;jk_mode=max;lr=0.0002;num_layers=4;proj_dim=512;rho_quantile=0.1;scorer_hidden=256;weight_decay=0.0,64,poincare,max,0.0002,4,512,256,,0.0,51.26,319.45,0.1003,0.0,unit,2.25,0.1,,,,,,,,,,
glue|TinyLlama/TinyLlama-1.1B-Chat-v1.0|rte_wide|A|t9|s11|confirm,glue,TinyLlama/TinyLlama-1.1B-Chat-v1.0,rte_wide,rte,A,confirm,9,11,acc,feature_mode=unit;gat_hidden_dim=64;graph_curvature=2.25;graph_metric=poincare;jk_mode=max;lr=0.0002;num_layers=4;proj_dim=512;rho_quantile=0.1;scorer_hidden=256;weight_decay=0.0,64,poincare,max,0.0002,4,512,256,,0.0,52.35,325.71,0.09984,0.0,unit,2.25,0.1,,,,,,,,,,
glue|TinyLlama/TinyLlama-1.1B-Chat-v1.0|rte_wide|A|t9|s12|confirm,glue,TinyLlama/TinyLlama-1.1B-Chat-v1.0,rte_wide,rte,A,confirm,9,12,acc,feature_mode=unit;gat_hidden_dim=64;graph_curvature=2.25;graph_metric=poincare;jk_mode=max;lr=0.0002;num_layers=4;proj_dim=512;rho_quantile=0.1;scorer_hidden=256;weight_decay=0.0,64,poincare,max,0.0002,4,512,256,,0.0,56.68,326.05,0.10013,0.0,unit,2.25,0.1,,,,,,,,,,
glue|TinyLlama/TinyLlama-1.1B-Chat-v1.0|rte_wide|A|t9|s13|confirm,glue,TinyLlama/TinyLlama-1.1B-Chat-v1.0,rte_wide,rte,A,confirm,9,13,acc,feature_mode=unit;gat_hidden_dim=64;graph_curvature=2.25;graph_metric=poincare;jk_mode=max;lr=0.0002;num_layers=4;proj_dim=512;rho_quantile=0.1;scorer_hidden=256;weight_decay=0.0,64,poincare,max,0.0002,4,512,256,,0.0,54.87,323.9,0.09948,0.0,unit,2.25,0.1,,,,,,,,,,
glue|TinyLlama/TinyLlama-1.1B-Chat-v1.0|rte_wide|A|t9|s14|confirm,glue,TinyLlama/TinyLlama-1.1B-Chat-v1.0,rte_wide,rte,A,confirm,9,14,acc,feature_mode=unit;gat_hidden_dim=64;graph_curvature=2.25;graph_metric=poincare;jk_mode=max;lr=0.0002;num_layers=4;proj_dim=512;rho_quantile=0.1;scorer_hidden=256;weight_decay=0.0,64,poincare,max,0.0002,4,512,256,,0.0,57.04,323.76,0.09993,0.0,unit,2.25,0.1,,,,,,,,,,
glue|TinyLlama/TinyLlama-1.1B-Chat-v1.0|rte_wide|A|t9|s15|confirm,glue,TinyLlama/TinyLlama-1.1B-Chat-v1.0,rte_wide,rte,A,confirm,9,15,acc,feature_mode=unit;gat_hidden_dim=64;graph_curvature=2.25;graph_metric=poincare;jk_mode=max;lr=0.0002;num_layers=4;proj_dim=512;rho_quantile=0.1;scorer_hidden=256;weight_decay=0.0,64,poincare,max,0.0002,4,512,256,,0.0,53.79,323.69,0.0995,0.0,unit,2.25,0.1,,,,,,,,,,
glue|TinyLlama/TinyLlama-1.1B-Chat-v1.0|rte_wide|AB|t8|s1|confirm,glue,TinyLlama/TinyLlama-1.1B-Chat-v1.0,rte_wide,rte,AB,confirm,8,1,acc,curvature=0.25;feature_mode=center;gat_hidden_dim=256;graph_curvature=2.25;graph_metric=poincare;hyperbolic_readout=1;jk_mode=cat;learnable_curvature=0;lr=0.0002;num_layers=4;proj_dim=128;readout_clip=0.3;readout_scale=1;rho_quantile=0.025;scorer_hidden=128;weight_decay=0.0,256,poincare,cat,0.0002,4,128,128,,0.0,57.04,299.7,0.02512,0.00391,center,2.25,0.025,0.25,1,0,0.3,1,,,,,
glue|TinyLlama/TinyLlama-1.1B-Chat-v1.0|rte_wide|AB|t8|s2|confirm,glue,TinyLlama/TinyLlama-1.1B-Chat-v1.0,rte_wide,rte,AB,confirm,8,2,acc,curvature=0.25;feature_mode=center;gat_hidden_dim=256;graph_curvature=2.25;graph_metric=poincare;hyperbolic_readout=1;jk_mode=cat;learnable_curvature=0;lr=0.0002;num_layers=4;proj_dim=128;readout_clip=0.3;readout_scale=1;rho_quantile=0.025;scorer_hidden=128;weight_decay=0.0,256,poincare,cat,0.0002,4,128,128,,0.0,58.48,298.12,0.02503,0.00391,center,2.25,0.025,0.25,1,0,0.3,1,,,,,
glue|TinyLlama/TinyLlama-1.1B-Chat-v1.0|rte_wide|AB|t8|s3|confirm,glue,TinyLlama/TinyLlama-1.1B-Chat-v1.0,rte_wide,rte,AB,confirm,8,3,acc,curvature=0.25;feature_mode=center;gat_hidden_dim=256;graph_curvature=2.25;graph_metric=poincare;hyperbolic_readout=1;jk_mode=cat;learnable_curvature=0;lr=0.0002;num_layers=4;proj_dim=128;readout_clip=0.3;readout_scale=1;rho_quantile=0.025;scorer_hidden=128;weight_decay=0.0,256,poincare,cat,0.0002,4,128,128,,0.0,51.26,329.53,0.02516,0.00391,center,2.25,0.025,0.25,1,0,0.3,1,,,,,
glue|TinyLlama/TinyLlama-1.1B-Chat-v1.0|rte_wide|AB|t8|s4|confirm,glue,TinyLlama/TinyLlama-1.1B-Chat-v1.0,rte_wide,rte,AB,confirm,8,4,acc,curvature=0.25;feature_mode=center;gat_hidden_dim=256;graph_curvature=2.25;graph_metric=poincare;hyperbolic_readout=1;jk_mode=cat;learnable_curvature=0;lr=0.0002;num_layers=4;proj_dim=128;readout_clip=0.3;readout_scale=1;rho_quantile=0.025;scorer_hidden=128;weight_decay=0.0,256,poincare,cat,0.0002,4,128,128,,0.0,58.84,296.27,0.02515,0.0,center,2.25,0.025,0.25,1,0,0.3,1,,,,,
glue|TinyLlama/TinyLlama-1.1B-Chat-v1.0|rte_wide|AB|t8|s5|confirm,glue,TinyLlama/TinyLlama-1.1B-Chat-v1.0,rte_wide,rte,AB,confirm,8,5,acc,curvature=0.25;feature_mode=center;gat_hidden_dim=256;graph_curvature=2.25;graph_metric=poincare;hyperbolic_readout=1;jk_mode=cat;learnable_curvature=0;lr=0.0002;num_layers=4;proj_dim=128;readout_clip=0.3;readout_scale=1;rho_quantile=0.025;scorer_hidden=128;weight_decay=0.0,256,poincare,cat,0.0002,4,128,128,,0.0,52.71,299.26,0.02499,0.00391,center,2.25,0.025,0.25,1,0,0.3,1,,,,,
glue|TinyLlama/TinyLlama-1.1B-Chat-v1.0|rte_wide|AB|t8|s6|confirm,glue,TinyLlama/TinyLlama-1.1B-Chat-v1.0,rte_wide,rte,AB,confirm,8,6,acc,curvature=0.25;feature_mode=center;gat_hidden_dim=256;graph_curvature=2.25;graph_metric=poincare;hyperbolic_readout=1;jk_mode=cat;learnable_curvature=0;lr=0.0002;num_layers=4;proj_dim=128;readout_clip=0.3;readout_scale=1;rho_quantile=0.025;scorer_hidden=128;weight_decay=0.0,256,poincare,cat,0.0002,4,128,128,,0.0,56.68,296.93,0.02513,0.00391,center,2.25,0.025,0.25,1,0,0.3,1,,,,,
glue|TinyLlama/TinyLlama-1.1B-Chat-v1.0|rte_wide|AB|t8|s7|confirm,glue,TinyLlama/TinyLlama-1.1B-Chat-v1.0,rte_wide,rte,AB,confirm,8,7,acc,curvature=0.25;feature_mode=center;gat_hidden_dim=256;graph_curvature=2.25;graph_metric=poincare;hyperbolic_readout=1;jk_mode=cat;learnable_curvature=0;lr=0.0002;num_layers=4;proj_dim=128;readout_clip=0.3;readout_scale=1;rho_quantile=0.025;scorer_hidden=128;weight_decay=0.0,256,poincare,cat,0.0002,4,128,128,,0.0,59.21,300.74,0.02528,0.00391,center,2.25,0.025,0.25,1,0,0.3,1,,,,,
glue|TinyLlama/TinyLlama-1.1B-Chat-v1.0|rte_wide|AB|t8|s8|confirm,glue,TinyLlama/TinyLlama-1.1B-Chat-v1.0,rte_wide,rte,AB,confirm,8,8,acc,curvature=0.25;feature_mode=center;gat_hidden_dim=256;graph_curvature=2.25;graph_metric=poincare;hyperbolic_readout=1;jk_mode=cat;learnable_curvature=0;lr=0.0002;num_layers=4;proj_dim=128;readout_clip=0.3;readout_scale=1;rho_quantile=0.025;scorer_hidden=128;weight_decay=0.0,256,poincare,cat,0.0002,4,128,128,,0.0,52.71,299.77,0.02541,0.0,center,2.25,0.025,0.25,1,0,0.3,1,,,,,
glue|TinyLlama/TinyLlama-1.1B-Chat-v1.0|rte_wide|AB|t8|s9|confirm,glue,TinyLlama/TinyLlama-1.1B-Chat-v1.0,rte_wide,rte,AB,confirm,8,9,acc,curvature=0.25;feature_mode=center;gat_hidden_dim=256;graph_curvature=2.25;graph_metric=poincare;hyperbolic_readout=1;jk_mode=cat;learnable_curvature=0;lr=0.0002;num_layers=4;proj_dim=128;readout_clip=0.3;readout_scale=1;rho_quantile=0.025;scorer_hidden=128;weight_decay=0.0,256,poincare,cat,0.0002,4,128,128,,0.0,49.82,297.44,0.02471,0.00781,center,2.25,0.025,0.25,1,0,0.3,1,,,,,
glue|TinyLlama/TinyLlama-1.1B-Chat-v1.0|rte_wide|AB|t8|s10|confirm,glue,TinyLlama/TinyLlama-1.1B-Chat-v1.0,rte_wide,rte,AB,confirm,8,10,acc,curvature=0.25;feature_mode=center;gat_hidden_dim=256;graph_curvature=2.25;graph_metric=poincare;hyperbolic_readout=1;jk_mode=cat;learnable_curvature=0;lr=0.0002;num_layers=4;proj_dim=128;readout_clip=0.3;readout_scale=1;rho_quantile=0.025;scorer_hidden=128;weight_decay=0.0,256,poincare,cat,0.0002,4,128,128,,0.0,57.76,330.31,0.02538,0.00391,center,2.25,0.025,0.25,1,0,0.3,1,,,,,
glue|TinyLlama/TinyLlama-1.1B-Chat-v1.0|rte_wide|AB|t8|s11|confirm,glue,TinyLlama/TinyLlama-1.1B-Chat-v1.0,rte_wide,rte,AB,confirm,8,11,acc,curvature=0.25;feature_mode=center;gat_hidden_dim=256;graph_curvature=2.25;graph_metric=poincare;hyperbolic_readout=1;jk_mode=cat;learnable_curvature=0;lr=0.0002;num_layers=4;proj_dim=128;readout_clip=0.3;readout_scale=1;rho_quantile=0.025;scorer_hidden=128;weight_decay=0.0,256,poincare,cat,0.0002,4,128,128,,0.0,52.71,298.04,0.02501,0.00781,center,2.25,0.025,0.25,1,0,0.3,1,,,,,
glue|TinyLlama/TinyLlama-1.1B-Chat-v1.0|rte_wide|AB|t8|s12|confirm,glue,TinyLlama/TinyLlama-1.1B-Chat-v1.0,rte_wide,rte,AB,confirm,8,12,acc,curvature=0.25;feature_mode=center;gat_hidden_dim=256;graph_curvature=2.25;graph_metric=poincare;hyperbolic_readout=1;jk_mode=cat;learnable_curvature=0;lr=0.0002;num_layers=4;proj_dim=128;readout_clip=0.3;readout_scale=1;rho_quantile=0.025;scorer_hidden=128;weight_decay=0.0,256,poincare,cat,0.0002,4,128,128,,0.0,52.71,296.95,0.02499,0.00391,center,2.25,0.025,0.25,1,0,0.3,1,,,,,
glue|TinyLlama/TinyLlama-1.1B-Chat-v1.0|rte_wide|AB|t8|s13|confirm,glue,TinyLlama/TinyLlama-1.1B-Chat-v1.0,rte_wide,rte,AB,confirm,8,13,acc,curvature=0.25;feature_mode=center;gat_hidden_dim=256;graph_curvature=2.25;graph_metric=poincare;hyperbolic_readout=1;jk_mode=cat;learnable_curvature=0;lr=0.0002;num_layers=4;proj_dim=128;readout_clip=0.3;readout_scale=1;rho_quantile=0.025;scorer_hidden=128;weight_decay=0.0,256,poincare,cat,0.0002,4,128,128,,0.0,52.71,296.78,0.02481,0.0,center,2.25,0.025,0.25,1,0,0.3,1,,,,,
glue|TinyLlama/TinyLlama-1.1B-Chat-v1.0|rte_wide|AB|t8|s14|confirm,glue,TinyLlama/TinyLlama-1.1B-Chat-v1.0,rte_wide,rte,AB,confirm,8,14,acc,curvature=0.25;feature_mode=center;gat_hidden_dim=256;graph_curvature=2.25;graph_metric=poincare;hyperbolic_readout=1;jk_mode=cat;learnable_curvature=0;lr=0.0002;num_layers=4;proj_dim=128;readout_clip=0.3;readout_scale=1;rho_quantile=0.025;scorer_hidden=128;weight_decay=0.0,256,poincare,cat,0.0002,4,128,128,,0.0,54.87,299.93,0.02521,0.0,center,2.25,0.025,0.25,1,0,0.3,1,,,,,
glue|TinyLlama/TinyLlama-1.1B-Chat-v1.0|rte_wide|AB|t8|s15|confirm,glue,TinyLlama/TinyLlama-1.1B-Chat-v1.0,rte_wide,rte,AB,confirm,8,15,acc,curvature=0.25;feature_mode=center;gat_hidden_dim=256;graph_curvature=2.25;graph_metric=poincare;hyperbolic_readout=1;jk_mode=cat;learnable_curvature=0;lr=0.0002;num_layers=4;proj_dim=128;readout_clip=0.3;readout_scale=1;rho_quantile=0.025;scorer_hidden=128;weight_decay=0.0,256,poincare,cat,0.0002,4,128,128,,0.0,55.6,296.7,0.02516,0.0,center,2.25,0.025,0.25,1,0,0.3,1,,,,,
glue|TinyLlama/TinyLlama-1.1B-Chat-v1.0|rte_wide|ABC|t2|s1|confirm,glue,TinyLlama/TinyLlama-1.1B-Chat-v1.0,rte_wide,rte,ABC,confirm,2,1,acc,curvature=0.25;feature_mode=cls_root_unit;gat_hidden_dim=64;gnn_input_clip=0.0;gnn_input_scale=0;graph_curvature=1.0;graph_metric=poincare;hyp_gnn_type=gcn;hyperbolic_gnn=1;hyperbolic_readout=1;jk_mode=cat;learnable_curvature=0;lr=0.001;num_layers=2;proj_dim=512;readout_clip=0.7;readout_scale=1;rho_quantile=0.2;scorer_hidden=256;weight_decay=0.0,64,poincare,cat,0.001,2,512,256,,0.0,59.57,336.35,0.19869,0.0,cls_root_unit,1.0,0.2,0.25,1,0,0.7,1,0.0,0,gcn,1,
glue|TinyLlama/TinyLlama-1.1B-Chat-v1.0|rte_wide|ABC|t2|s2|confirm,glue,TinyLlama/TinyLlama-1.1B-Chat-v1.0,rte_wide,rte,ABC,confirm,2,2,acc,curvature=0.25;feature_mode=cls_root_unit;gat_hidden_dim=64;gnn_input_clip=0.0;gnn_input_scale=0;graph_curvature=1.0;graph_metric=poincare;hyp_gnn_type=gcn;hyperbolic_gnn=1;hyperbolic_readout=1;jk_mode=cat;learnable_curvature=0;lr=0.001;num_layers=2;proj_dim=512;readout_clip=0.7;readout_scale=1;rho_quantile=0.2;scorer_hidden=256;weight_decay=0.0,64,poincare,cat,0.001,2,512,256,,0.0,57.4,332.2,0.19889,0.0,cls_root_unit,1.0,0.2,0.25,1,0,0.7,1,0.0,0,gcn,1,
glue|TinyLlama/TinyLlama-1.1B-Chat-v1.0|rte_wide|ABC|t2|s3|confirm,glue,TinyLlama/TinyLlama-1.1B-Chat-v1.0,rte_wide,rte,ABC,confirm,2,3,acc,curvature=0.25;feature_mode=cls_root_unit;gat_hidden_dim=64;gnn_input_clip=0.0;gnn_input_scale=0;graph_curvature=1.0;graph_metric=poincare;hyp_gnn_type=gcn;hyperbolic_gnn=1;hyperbolic_readout=1;jk_mode=cat;learnable_curvature=0;lr=0.001;num_layers=2;proj_dim=512;readout_clip=0.7;readout_scale=1;rho_quantile=0.2;scorer_hidden=256;weight_decay=0.0,64,poincare,cat,0.001,2,512,256,,0.0,52.71,336.1,0.19891,0.0,cls_root_unit,1.0,0.2,0.25,1,0,0.7,1,0.0,0,gcn,1,
glue|TinyLlama/TinyLlama-1.1B-Chat-v1.0|rte_wide|ABC|t2|s4|confirm,glue,TinyLlama/TinyLlama-1.1B-Chat-v1.0,rte_wide,rte,ABC,confirm,2,4,acc,curvature=0.25;feature_mode=cls_root_unit;gat_hidden_dim=64;gnn_input_clip=0.0;gnn_input_scale=0;graph_curvature=1.0;graph_metric=poincare;hyp_gnn_type=gcn;hyperbolic_gnn=1;hyperbolic_readout=1;jk_mode=cat;learnable_curvature=0;lr=0.001;num_layers=2;proj_dim=512;readout_clip=0.7;readout_scale=1;rho_quantile=0.2;scorer_hidden=256;weight_decay=0.0,64,poincare,cat,0.001,2,512,256,,0.0,57.4,334.01,0.19864,0.0,cls_root_unit,1.0,0.2,0.25,1,0,0.7,1,0.0,0,gcn,1,
glue|TinyLlama/TinyLlama-1.1B-Chat-v1.0|rte_wide|ABC|t2|s5|confirm,glue,TinyLlama/TinyLlama-1.1B-Chat-v1.0,rte_wide,rte,ABC,confirm,2,5,acc,curvature=0.25;feature_mode=cls_root_unit;gat_hidden_dim=64;gnn_input_clip=0.0;gnn_input_scale=0;graph_curvature=1.0;graph_metric=poincare;hyp_gnn_type=gcn;hyperbolic_gnn=1;hyperbolic_readout=1;jk_mode=cat;learnable_curvature=0;lr=0.001;num_layers=2;proj_dim=512;readout_clip=0.7;readout_scale=1;rho_quantile=0.2;scorer_hidden=256;weight_decay=0.0,64,poincare,cat,0.001,2,512,256,,0.0,59.21,328.91,0.19859,0.0,cls_root_unit,1.0,0.2,0.25,1,0,0.7,1,0.0,0,gcn,1,
glue|TinyLlama/TinyLlama-1.1B-Chat-v1.0|rte_wide|ABC|t2|s6|confirm,glue,TinyLlama/TinyLlama-1.1B-Chat-v1.0,rte_wide,rte,ABC,confirm,2,6,acc,curvature=0.25;feature_mode=cls_root_unit;gat_hidden_dim=64;gnn_input_clip=0.0;gnn_input_scale=0;graph_curvature=1.0;graph_metric=poincare;hyp_gnn_type=gcn;hyperbolic_gnn=1;hyperbolic_readout=1;jk_mode=cat;learnable_curvature=0;lr=0.001;num_layers=2;proj_dim=512;readout_clip=0.7;readout_scale=1;rho_quantile=0.2;scorer_hidden=256;weight_decay=0.0,64,poincare,cat,0.001,2,512,256,,0.0,53.43,336.73,0.19874,0.0,cls_root_unit,1.0,0.2,0.25,1,0,0.7,1,0.0,0,gcn,1,
glue|TinyLlama/TinyLlama-1.1B-Chat-v1.0|rte_wide|ABC|t2|s7|confirm,glue,TinyLlama/TinyLlama-1.1B-Chat-v1.0,rte_wide,rte,ABC,confirm,2,7,acc,curvature=0.25;feature_mode=cls_root_unit;gat_hidden_dim=64;gnn_input_clip=0.0;gnn_input_scale=0;graph_curvature=1.0;graph_metric=poincare;hyp_gnn_type=gcn;hyperbolic_gnn=1;hyperbolic_readout=1;jk_mode=cat;learnable_curvature=0;lr=0.001;num_layers=2;proj_dim=512;readout_clip=0.7;readout_scale=1;rho_quantile=0.2;scorer_hidden=256;weight_decay=0.0,64,poincare,cat,0.001,2,512,256,,0.0,52.71,336.84,0.19842,0.0,cls_root_unit,1.0,0.2,0.25,1,0,0.7,1,0.0,0,gcn,1,
glue|TinyLlama/TinyLlama-1.1B-Chat-v1.0|rte_wide|ABC|t2|s8|confirm,glue,TinyLlama/TinyLlama-1.1B-Chat-v1.0,rte_wide,rte,ABC,confirm,2,8,acc,curvature=0.25;feature_mode=cls_root_unit;gat_hidden_dim=64;gnn_input_clip=0.0;gnn_input_scale=0;graph_curvature=1.0;graph_metric=poincare;hyp_gnn_type=gcn;hyperbolic_gnn=1;hyperbolic_readout=1;jk_mode=cat;learnable_curvature=0;lr=0.001;num_layers=2;proj_dim=512;readout_clip=0.7;readout_scale=1;rho_quantile=0.2;scorer_hidden=256;weight_decay=0.0,64,poincare,cat,0.001,2,512,256,,0.0,54.51,331.96,0.19889,0.0,cls_root_unit,1.0,0.2,0.25,1,0,0.7,1,0.0,0,gcn,1,
glue|TinyLlama/TinyLlama-1.1B-Chat-v1.0|rte_wide|ABC|t2|s9|confirm,glue,TinyLlama/TinyLlama-1.1B-Chat-v1.0,rte_wide,rte,ABC,confirm,2,9,acc,curvature=0.25;feature_mode=cls_root_unit;gat_hidden_dim=64;gnn_input_clip=0.0;gnn_input_scale=0;graph_curvature=1.0;graph_metric=poincare;hyp_gnn_type=gcn;hyperbolic_gnn=1;hyperbolic_readout=1;jk_mode=cat;learnable_curvature=0;lr=0.001;num_layers=2;proj_dim=512;readout_clip=0.7;readout_scale=1;rho_quantile=0.2;scorer_hidden=256;weight_decay=0.0,64,poincare,cat,0.001,2,512,256,,0.0,59.57,334.53,0.19874,0.0,cls_root_unit,1.0,0.2,0.25,1,0,0.7,1,0.0,0,gcn,1,
glue|TinyLlama/TinyLlama-1.1B-Chat-v1.0|rte_wide|ABC|t2|s10|confirm,glue,TinyLlama/TinyLlama-1.1B-Chat-v1.0,rte_wide,rte,ABC,confirm,2,10,acc,curvature=0.25;feature_mode=cls_root_unit;gat_hidden_dim=64;gnn_input_clip=0.0;gnn_input_scale=0;graph_curvature=1.0;graph_metric=poincare;hyp_gnn_type=gcn;hyperbolic_gnn=1;hyperbolic_readout=1;jk_mode=cat;learnable_curvature=0;lr=0.001;num_layers=2;proj_dim=512;readout_clip=0.7;readout_scale=1;rho_quantile=0.2;scorer_hidden=256;weight_decay=0.0,64,poincare,cat,0.001,2,512,256,,0.0,58.48,335.16,0.19871,0.0,cls_root_unit,1.0,0.2,0.25,1,0,0.7,1,0.0,0,gcn,1,
glue|TinyLlama/TinyLlama-1.1B-Chat-v1.0|rte_wide|ABC|t2|s11|confirm,glue,TinyLlama/TinyLlama-1.1B-Chat-v1.0,rte_wide,rte,ABC,confirm,2,11,acc,curvature=0.25;feature_mode=cls_root_unit;gat_hidden_dim=64;gnn_input_clip=0.0;gnn_input_scale=0;graph_curvature=1.0;graph_metric=poincare;hyp_gnn_type=gcn;hyperbolic_gnn=1;hyperbolic_readout=1;jk_mode=cat;learnable_curvature=0;lr=0.001;num_layers=2;proj_dim=512;readout_clip=0.7;readout_scale=1;rho_quantile=0.2;scorer_hidden=256;weight_decay=0.0,64,poincare,cat,0.001,2,512,256,,0.0,52.35,329.22,0.19886,0.0,cls_root_unit,1.0,0.2,0.25,1,0,0.7,1,0.0,0,gcn,1,
glue|TinyLlama/TinyLlama-1.1B-Chat-v1.0|rte_wide|ABC|t2|s12|confirm,glue,TinyLlama/TinyLlama-1.1B-Chat-v1.0,rte_wide,rte,ABC,confirm,2,12,acc,curvature=0.25;feature_mode=cls_root_unit;gat_hidden_dim=64;gnn_input_clip=0.0;gnn_input_scale=0;graph_curvature=1.0;graph_metric=poincare;hyp_gnn_type=gcn;hyperbolic_gnn=1;hyperbolic_readout=1;jk_mode=cat;learnable_curvature=0;lr=0.001;num_layers=2;proj_dim=512;readout_clip=0.7;readout_scale=1;rho_quantile=0.2;scorer_hidden=256;weight_decay=0.0,64,poincare,cat,0.001,2,512,256,,0.0,52.71,336.34,0.19887,0.0,cls_root_unit,1.0,0.2,0.25,1,0,0.7,1,0.0,0,gcn,1,
glue|TinyLlama/TinyLlama-1.1B-Chat-v1.0|rte_wide|ABC|t2|s13|confirm,glue,TinyLlama/TinyLlama-1.1B-Chat-v1.0,rte_wide,rte,ABC,confirm,2,13,acc,curvature=0.25;feature_mode=cls_root_unit;gat_hidden_dim=64;gnn_input_clip=0.0;gnn_input_scale=0;graph_curvature=1.0;graph_metric=poincare;hyp_gnn_type=gcn;hyperbolic_gnn=1;hyperbolic_readout=1;jk_mode=cat;learnable_curvature=0;lr=0.001;num_layers=2;proj_dim=512;readout_clip=0.7;readout_scale=1;rho_quantile=0.2;scorer_hidden=256;weight_decay=0.0,64,poincare,cat,0.001,2,512,256,,0.0,52.71,322.83,0.19855,0.0,cls_root_unit,1.0,0.2,0.25,1,0,0.7,1,0.0,0,gcn,1,
glue|TinyLlama/TinyLlama-1.1B-Chat-v1.0|rte_wide|ABC|t2|s14|confirm,glue,TinyLlama/TinyLlama-1.1B-Chat-v1.0,rte_wide,rte,ABC,confirm,2,14,acc,curvature=0.25;feature_mode=cls_root_unit;gat_hidden_dim=64;gnn_input_clip=0.0;gnn_input_scale=0;graph_curvature=1.0;graph_metric=poincare;hyp_gnn_type=gcn;hyperbolic_gnn=1;hyperbolic_readout=1;jk_mode=cat;learnable_curvature=0;lr=0.001;num_layers=2;proj_dim=512;readout_clip=0.7;readout_scale=1;rho_quantile=0.2;scorer_hidden=256;weight_decay=0.0,64,poincare,cat,0.001,2,512,256,,0.0,56.68,334.37,0.19822,0.0,cls_root_unit,1.0,0.2,0.25,1,0,0.7,1,0.0,0,gcn,1,
glue|TinyLlama/TinyLlama-1.1B-Chat-v1.0|rte_wide|ABC|t2|s15|confirm,glue,TinyLlama/TinyLlama-1.1B-Chat-v1.0,rte_wide,rte,ABC,confirm,2,15,acc,curvature=0.25;feature_mode=cls_root_unit;gat_hidden_dim=64;gnn_input_clip=0.0;gnn_input_scale=0;graph_curvature=1.0;graph_metric=poincare;hyp_gnn_type=gcn;hyperbolic_gnn=1;hyperbolic_readout=1;jk_mode=cat;learnable_curvature=0;lr=0.001;num_layers=2;proj_dim=512;readout_clip=0.7;readout_scale=1;rho_quantile=0.2;scorer_hidden=256;weight_decay=0.0,64,poincare,cat,0.001,2,512,256,,0.0,51.99,334.23,0.19866,0.0,cls_root_unit,1.0,0.2,0.25,1,0,0.7,1,0.0,0,gcn,1,
glue|TinyLlama/TinyLlama-1.1B-Chat-v1.0|rte_wide|AC|t3|s1|confirm,glue,TinyLlama/TinyLlama-1.1B-Chat-v1.0,rte_wide,rte,AC,confirm,3,1,acc,curvature=0.25;feature_mode=cls_root_unit;gat_hidden_dim=128;gnn_input_clip=0.0;gnn_input_scale=1;graph_curvature=4.0;graph_metric=poincare;hyp_gnn_type=gat;hyperbolic_gnn=1;jk_mode=max;lr=0.0002;num_layers=2;proj_dim=256;rho_quantile=0.1;scorer_hidden=128;weight_decay=1e-05,128,poincare,max,0.0002,2,256,128,,1e-05,56.68,332.0,0.09991,0.0,cls_root_unit,4.0,0.1,0.25,,,,,0.0,1,gat,1,
glue|TinyLlama/TinyLlama-1.1B-Chat-v1.0|rte_wide|AC|t3|s2|confirm,glue,TinyLlama/TinyLlama-1.1B-Chat-v1.0,rte_wide,rte,AC,confirm,3,2,acc,curvature=0.25;feature_mode=cls_root_unit;gat_hidden_dim=128;gnn_input_clip=0.0;gnn_input_scale=1;graph_curvature=4.0;graph_metric=poincare;hyp_gnn_type=gat;hyperbolic_gnn=1;jk_mode=max;lr=0.0002;num_layers=2;proj_dim=256;rho_quantile=0.1;scorer_hidden=128;weight_decay=1e-05,128,poincare,max,0.0002,2,256,128,,1e-05,60.29,334.59,0.09995,0.0,cls_root_unit,4.0,0.1,0.25,,,,,0.0,1,gat,1,
glue|TinyLlama/TinyLlama-1.1B-Chat-v1.0|rte_wide|AC|t3|s3|confirm,glue,TinyLlama/TinyLlama-1.1B-Chat-v1.0,rte_wide,rte,AC,confirm,3,3,acc,curvature=0.25;feature_mode=cls_root_unit;gat_hidden_dim=128;gnn_input_clip=0.0;gnn_input_scale=1;graph_curvature=4.0;graph_metric=poincare;hyp_gnn_type=gat;hyperbolic_gnn=1;jk_mode=max;lr=0.0002;num_layers=2;proj_dim=256;rho_quantile=0.1;scorer_hidden=128;weight_decay=1e-05,128,poincare,max,0.0002,2,256,128,,1e-05,56.32,332.4,0.09988,0.0,cls_root_unit,4.0,0.1,0.25,,,,,0.0,1,gat,1,
glue|TinyLlama/TinyLlama-1.1B-Chat-v1.0|rte_wide|AC|t3|s4|confirm,glue,TinyLlama/TinyLlama-1.1B-Chat-v1.0,rte_wide,rte,AC,confirm,3,4,acc,curvature=0.25;feature_mode=cls_root_unit;gat_hidden_dim=128;gnn_input_clip=0.0;gnn_input_scale=1;graph_curvature=4.0;graph_metric=poincare;hyp_gnn_type=gat;hyperbolic_gnn=1;jk_mode=max;lr=0.0002;num_layers=2;proj_dim=256;rho_quantile=0.1;scorer_hidden=128;weight_decay=1e-05,128,poincare,max,0.0002,2,256,128,,1e-05,58.84,333.58,0.0998,0.0,cls_root_unit,4.0,0.1,0.25,,,,,0.0,1,gat,1,
glue|TinyLlama/TinyLlama-1.1B-Chat-v1.0|rte_wide|AC|t3|s5|confirm,glue,TinyLlama/TinyLlama-1.1B-Chat-v1.0,rte_wide,rte,AC,confirm,3,5,acc,curvature=0.25;feature_mode=cls_root_unit;gat_hidden_dim=128;gnn_input_clip=0.0;gnn_input_scale=1;graph_curvature=4.0;graph_metric=poincare;hyp_gnn_type=gat;hyperbolic_gnn=1;jk_mode=max;lr=0.0002;num_layers=2;proj_dim=256;rho_quantile=0.1;scorer_hidden=128;weight_decay=1e-05,128,poincare,max,0.0002,2,256,128,,1e-05,57.4,333.96,0.10012,0.0,cls_root_unit,4.0,0.1,0.25,,,,,0.0,1,gat,1,
glue|TinyLlama/TinyLlama-1.1B-Chat-v1.0|rte_wide|AC|t3|s6|confirm,glue,TinyLlama/TinyLlama-1.1B-Chat-v1.0,rte_wide,rte,AC,confirm,3,6,acc,curvature=0.25;feature_mode=cls_root_unit;gat_hidden_dim=128;gnn_input_clip=0.0;gnn_input_scale=1;graph_curvature=4.0;graph_metric=poincare;hyp_gnn_type=gat;hyperbolic_gnn=1;jk_mode=max;lr=0.0002;num_layers=2;proj_dim=256;rho_quantile=0.1;scorer_hidden=128;weight_decay=1e-05,128,poincare,max,0.0002,2,256,128,,1e-05,57.04,332.41,0.09958,0.0,cls_root_unit,4.0,0.1,0.25,,,,,0.0,1,gat,1,
glue|TinyLlama/TinyLlama-1.1B-Chat-v1.0|rte_wide|AC|t3|s7|confirm,glue,TinyLlama/TinyLlama-1.1B-Chat-v1.0,rte_wide,rte,AC,confirm,3,7,acc,curvature=0.25;feature_mode=cls_root_unit;gat_hidden_dim=128;gnn_input_clip=0.0;gnn_input_scale=1;graph_curvature=4.0;graph_metric=poincare;hyp_gnn_type=gat;hyperbolic_gnn=1;jk_mode=max;lr=0.0002;num_layers=2;proj_dim=256;rho_quantile=0.1;scorer_hidden=128;weight_decay=1e-05,128,poincare,max,0.0002,2,256,128,,1e-05,57.76,328.92,0.09987,0.0,cls_root_unit,4.0,0.1,0.25,,,,,0.0,1,gat,1,
glue|TinyLlama/TinyLlama-1.1B-Chat-v1.0|rte_wide|AC|t3|s8|confirm,glue,TinyLlama/TinyLlama-1.1B-Chat-v1.0,rte_wide,rte,AC,confirm,3,8,acc,curvature=0.25;feature_mode=cls_root_unit;gat_hidden_dim=128;gnn_input_clip=0.0;gnn_input_scale=1;graph_curvature=4.0;graph_metric=poincare;hyp_gnn_type=gat;hyperbolic_gnn=1;jk_mode=max;lr=0.0002;num_layers=2;proj_dim=256;rho_quantile=0.1;scorer_hidden=128;weight_decay=1e-05,128,poincare,max,0.0002,2,256,128,,1e-05,58.48,334.14,0.1,0.0,cls_root_unit,4.0,0.1,0.25,,,,,0.0,1,gat,1,
glue|TinyLlama/TinyLlama-1.1B-Chat-v1.0|rte_wide|AC|t3|s9|confirm,glue,TinyLlama/TinyLlama-1.1B-Chat-v1.0,rte_wide,rte,AC,confirm,3,9,acc,curvature=0.25;feature_mode=cls_root_unit;gat_hidden_dim=128;gnn_input_clip=0.0;gnn_input_scale=1;graph_curvature=4.0;graph_metric=poincare;hyp_gnn_type=gat;hyperbolic_gnn=1;jk_mode=max;lr=0.0002;num_layers=2;proj_dim=256;rho_quantile=0.1;scorer_hidden=128;weight_decay=1e-05,128,poincare,max,0.0002,2,256,128,,1e-05,57.04,332.96,0.09939,0.0,cls_root_unit,4.0,0.1,0.25,,,,,0.0,1,gat,1,
glue|TinyLlama/TinyLlama-1.1B-Chat-v1.0|rte_wide|AC|t3|s10|confirm,glue,TinyLlama/TinyLlama-1.1B-Chat-v1.0,rte_wide,rte,AC,confirm,3,10,acc,curvature=0.25;feature_mode=cls_root_unit;gat_hidden_dim=128;gnn_input_clip=0.0;gnn_input_scale=1;graph_curvature=4.0;graph_metric=poincare;hyp_gnn_type=gat;hyperbolic_gnn=1;jk_mode=max;lr=0.0002;num_layers=2;proj_dim=256;rho_quantile=0.1;scorer_hidden=128;weight_decay=1e-05,128,poincare,max,0.0002,2,256,128,,1e-05,55.23,335.06,0.09968,0.0,cls_root_unit,4.0,0.1,0.25,,,,,0.0,1,gat,1,
glue|TinyLlama/TinyLlama-1.1B-Chat-v1.0|rte_wide|AC|t3|s11|confirm,glue,TinyLlama/TinyLlama-1.1B-Chat-v1.0,rte_wide,rte,AC,confirm,3,11,acc,curvature=0.25;feature_mode=cls_root_unit;gat_hidden_dim=128;gnn_input_clip=0.0;gnn_input_scale=1;graph_curvature=4.0;graph_metric=poincare;hyp_gnn_type=gat;hyperbolic_gnn=1;jk_mode=max;lr=0.0002;num_layers=2;proj_dim=256;rho_quantile=0.1;scorer_hidden=128;weight_decay=1e-05,128,poincare,max,0.0002,2,256,128,,1e-05,57.04,326.76,0.10017,0.0,cls_root_unit,4.0,0.1,0.25,,,,,0.0,1,gat,1,
glue|TinyLlama/TinyLlama-1.1B-Chat-v1.0|rte_wide|AC|t3|s12|confirm,glue,TinyLlama/TinyLlama-1.1B-Chat-v1.0,rte_wide,rte,AC,confirm,3,12,acc,curvature=0.25;feature_mode=cls_root_unit;gat_hidden_dim=128;gnn_input_clip=0.0;gnn_input_scale=1;graph_curvature=4.0;graph_metric=poincare;hyp_gnn_type=gat;hyperbolic_gnn=1;jk_mode=max;lr=0.0002;num_layers=2;proj_dim=256;rho_quantile=0.1;scorer_hidden=128;weight_decay=1e-05,128,poincare,max,0.0002,2,256,128,,1e-05,55.96,323.74,0.09943,0.0,cls_root_unit,4.0,0.1,0.25,,,,,0.0,1,gat,1,
glue|TinyLlama/TinyLlama-1.1B-Chat-v1.0|rte_wide|AC|t3|s13|confirm,glue,TinyLlama/TinyLlama-1.1B-Chat-v1.0,rte_wide,rte,AC,confirm,3,13,acc,curvature=0.25;feature_mode=cls_root_unit;gat_hidden_dim=128;gnn_input_clip=0.0;gnn_input_scale=1;graph_curvature=4.0;graph_metric=poincare;hyp_gnn_type=gat;hyperbolic_gnn=1;jk_mode=max;lr=0.0002;num_layers=2;proj_dim=256;rho_quantile=0.1;scorer_hidden=128;weight_decay=1e-05,128,poincare,max,0.0002,2,256,128,,1e-05,57.76,330.48,0.09974,0.0,cls_root_unit,4.0,0.1,0.25,,,,,0.0,1,gat,1,
glue|TinyLlama/TinyLlama-1.1B-Chat-v1.0|rte_wide|AC|t3|s14|confirm,glue,TinyLlama/TinyLlama-1.1B-Chat-v1.0,rte_wide,rte,AC,confirm,3,14,acc,curvature=0.25;feature_mode=cls_root_unit;gat_hidden_dim=128;gnn_input_clip=0.0;gnn_input_scale=1;graph_curvature=4.0;graph_metric=poincare;hyp_gnn_type=gat;hyperbolic_gnn=1;jk_mode=max;lr=0.0002;num_layers=2;proj_dim=256;rho_quantile=0.1;scorer_hidden=128;weight_decay=1e-05,128,poincare,max,0.0002,2,256,128,,1e-05,53.79,333.91,0.09967,0.0,cls_root_unit,4.0,0.1,0.25,,,,,0.0,1,gat,1,
glue|TinyLlama/TinyLlama-1.1B-Chat-v1.0|rte_wide|AC|t3|s15|confirm,glue,TinyLlama/TinyLlama-1.1B-Chat-v1.0,rte_wide,rte,AC,confirm,3,15,acc,curvature=0.25;feature_mode=cls_root_unit;gat_hidden_dim=128;gnn_input_clip=0.0;gnn_input_scale=1;graph_curvature=4.0;graph_metric=poincare;hyp_gnn_type=gat;hyperbolic_gnn=1;jk_mode=max;lr=0.0002;num_layers=2;proj_dim=256;rho_quantile=0.1;scorer_hidden=128;weight_decay=1e-05,128,poincare,max,0.0002,2,256,128,,1e-05,58.48,332.05,0.10038,0.0,cls_root_unit,4.0,0.1,0.25,,,,,0.0,1,gat,1,
glue|TinyLlama/TinyLlama-1.1B-Chat-v1.0|rte_wide|B|t2|s1|confirm,glue,TinyLlama/TinyLlama-1.1B-Chat-v1.0,rte_wide,rte,B,confirm,2,1,acc,curvature=4.0;gat_hidden_dim=64;graph_metric=cosine;hyperbolic_readout=1;jk_mode=cat;learnable_curvature=0;lr=0.0002;num_layers=2;proj_dim=512;readout_clip=1.0;readout_scale=1;scorer_hidden=256;tau_quantile=0.05;weight_decay=0.0,64,cosine,cat,0.0002,2,512,256,0.05,0.0,60.65,283.98,0.04978,0.0,,,,4.0,1,0,1.0,1,,,,,
glue|TinyLlama/TinyLlama-1.1B-Chat-v1.0|rte_wide|B|t2|s2|confirm,glue,TinyLlama/TinyLlama-1.1B-Chat-v1.0,rte_wide,rte,B,confirm,2,2,acc,curvature=4.0;gat_hidden_dim=64;graph_metric=cosine;hyperbolic_readout=1;jk_mode=cat;learnable_curvature=0;lr=0.0002;num_layers=2;proj_dim=512;readout_clip=1.0;readout_scale=1;scorer_hidden=256;tau_quantile=0.05;weight_decay=0.0,64,cosine,cat,0.0002,2,512,256,0.05,0.0,58.84,284.48,0.05037,0.0,,,,4.0,1,0,1.0,1,,,,,
glue|TinyLlama/TinyLlama-1.1B-Chat-v1.0|rte_wide|B|t2|s3|confirm,glue,TinyLlama/TinyLlama-1.1B-Chat-v1.0,rte_wide,rte,B,confirm,2,3,acc,curvature=4.0;gat_hidden_dim=64;graph_metric=cosine;hyperbolic_readout=1;jk_mode=cat;learnable_curvature=0;lr=0.0002;num_layers=2;proj_dim=512;readout_clip=1.0;readout_scale=1;scorer_hidden=256;tau_quantile=0.05;weight_decay=0.0,64,cosine,cat,0.0002,2,512,256,0.05,0.0,59.93,283.72,0.0501,0.0,,,,4.0,1,0,1.0,1,,,,,
glue|TinyLlama/TinyLlama-1.1B-Chat-v1.0|rte_wide|B|t2|s4|confirm,glue,TinyLlama/TinyLlama-1.1B-Chat-v1.0,rte_wide,rte,B,confirm,2,4,acc,curvature=4.0;gat_hidden_dim=64;graph_metric=cosine;hyperbolic_readout=1;jk_mode=cat;learnable_curvature=0;lr=0.0002;num_layers=2;proj_dim=512;readout_clip=1.0;readout_scale=1;scorer_hidden=256;tau_quantile=0.05;weight_decay=0.0,64,cosine,cat,0.0002,2,512,256,0.05,0.0,50.18,282.11,0.05,0.0,,,,4.0,1,0,1.0,1,,,,,
glue|TinyLlama/TinyLlama-1.1B-Chat-v1.0|rte_wide|B|t2|s5|confirm,glue,TinyLlama/TinyLlama-1.1B-Chat-v1.0,rte_wide,rte,B,confirm,2,5,acc,curvature=4.0;gat_hidden_dim=64;graph_metric=cosine;hyperbolic_readout=1;jk_mode=cat;learnable_curvature=0;lr=0.0002;num_layers=2;proj_dim=512;readout_clip=1.0;readout_scale=1;scorer_hidden=256;tau_quantile=0.05;weight_decay=0.0,64,cosine,cat,0.0002,2,512,256,0.05,0.0,54.15,285.87,0.0499,0.0,,,,4.0,1,0,1.0,1,,,,,
glue|TinyLlama/TinyLlama-1.1B-Chat-v1.0|rte_wide|B|t2|s6|confirm,glue,TinyLlama/TinyLlama-1.1B-Chat-v1.0,rte_wide,rte,B,confirm,2,6,acc,curvature=4.0;gat_hidden_dim=64;graph_metric=cosine;hyperbolic_readout=1;jk_mode=cat;learnable_curvature=0;lr=0.0002;num_layers=2;proj_dim=512;readout_clip=1.0;readout_scale=1;scorer_hidden=256;tau_quantile=0.05;weight_decay=0.0,64,cosine,cat,0.0002,2,512,256,0.05,0.0,58.84,284.54,0.04994,0.00391,,,,4.0,1,0,1.0,1,,,,,
glue|TinyLlama/TinyLlama-1.1B-Chat-v1.0|rte_wide|B|t2|s7|confirm,glue,TinyLlama/TinyLlama-1.1B-Chat-v1.0,rte_wide,rte,B,confirm,2,7,acc,curvature=4.0;gat_hidden_dim=64;graph_metric=cosine;hyperbolic_readout=1;jk_mode=cat;learnable_curvature=0;lr=0.0002;num_layers=2;proj_dim=512;readout_clip=1.0;readout_scale=1;scorer_hidden=256;tau_quantile=0.05;weight_decay=0.0,64,cosine,cat,0.0002,2,512,256,0.05,0.0,56.68,317.17,0.05011,0.0,,,,4.0,1,0,1.0,1,,,,,
glue|TinyLlama/TinyLlama-1.1B-Chat-v1.0|rte_wide|B|t2|s8|confirm,glue,TinyLlama/TinyLlama-1.1B-Chat-v1.0,rte_wide,rte,B,confirm,2,8,acc,curvature=4.0;gat_hidden_dim=64;graph_metric=cosine;hyperbolic_readout=1;jk_mode=cat;learnable_curvature=0;lr=0.0002;num_layers=2;proj_dim=512;readout_clip=1.0;readout_scale=1;scorer_hidden=256;tau_quantile=0.05;weight_decay=0.0,64,cosine,cat,0.0002,2,512,256,0.05,0.0,55.6,284.98,0.05008,0.0,,,,4.0,1,0,1.0,1,,,,,
glue|TinyLlama/TinyLlama-1.1B-Chat-v1.0|rte_wide|B|t2|s9|confirm,glue,TinyLlama/TinyLlama-1.1B-Chat-v1.0,rte_wide,rte,B,confirm,2,9,acc,curvature=4.0;gat_hidden_dim=64;graph_metric=cosine;hyperbolic_readout=1;jk_mode=cat;learnable_curvature=0;lr=0.0002;num_layers=2;proj_dim=512;readout_clip=1.0;readout_scale=1;scorer_hidden=256;tau_quantile=0.05;weight_decay=0.0,64,cosine,cat,0.0002,2,512,256,0.05,0.0,54.51,316.29,0.05002,0.0,,,,4.0,1,0,1.0,1,,,,,
glue|TinyLlama/TinyLlama-1.1B-Chat-v1.0|rte_wide|B|t2|s10|confirm,glue,TinyLlama/TinyLlama-1.1B-Chat-v1.0,rte_wide,rte,B,confirm,2,10,acc,curvature=4.0;gat_hidden_dim=64;graph_metric=cosine;hyperbolic_readout=1;jk_mode=cat;learnable_curvature=0;lr=0.0002;num_layers=2;proj_dim=512;readout_clip=1.0;readout_scale=1;scorer_hidden=256;tau_quantile=0.05;weight_decay=0.0,64,cosine,cat,0.0002,2,512,256,0.05,0.0,54.51,283.27,0.05008,0.0,,,,4.0,1,0,1.0,1,,,,,
glue|TinyLlama/TinyLlama-1.1B-Chat-v1.0|rte_wide|B|t2|s11|confirm,glue,TinyLlama/TinyLlama-1.1B-Chat-v1.0,rte_wide,rte,B,confirm,2,11,acc,curvature=4.0;gat_hidden_dim=64;graph_metric=cosine;hyperbolic_readout=1;jk_mode=cat;learnable_curvature=0;lr=0.0002;num_layers=2;proj_dim=512;readout_clip=1.0;readout_scale=1;scorer_hidden=256;tau_quantile=0.05;weight_decay=0.0,64,cosine,cat,0.0002,2,512,256,0.05,0.0,54.15,284.03,0.05027,0.0,,,,4.0,1,0,1.0,1,,,,,
glue|TinyLlama/TinyLlama-1.1B-Chat-v1.0|rte_wide|B|t2|s12|confirm,glue,TinyLlama/TinyLlama-1.1B-Chat-v1.0,rte_wide,rte,B,confirm,2,12,acc,curvature=4.0;gat_hidden_dim=64;graph_metric=cosine;hyperbolic_readout=1;jk_mode=cat;learnable_curvature=0;lr=0.0002;num_layers=2;proj_dim=512;readout_clip=1.0;readout_scale=1;scorer_hidden=256;tau_quantile=0.05;weight_decay=0.0,64,cosine,cat,0.0002,2,512,256,0.05,0.0,55.96,285.55,0.05006,0.0,,,,4.0,1,0,1.0,1,,,,,
glue|TinyLlama/TinyLlama-1.1B-Chat-v1.0|rte_wide|B|t2|s13|confirm,glue,TinyLlama/TinyLlama-1.1B-Chat-v1.0,rte_wide,rte,B,confirm,2,13,acc,curvature=4.0;gat_hidden_dim=64;graph_metric=cosine;hyperbolic_readout=1;jk_mode=cat;learnable_curvature=0;lr=0.0002;num_layers=2;proj_dim=512;readout_clip=1.0;readout_scale=1;scorer_hidden=256;tau_quantile=0.05;weight_decay=0.0,64,cosine,cat,0.0002,2,512,256,0.05,0.0,56.68,284.18,0.05003,0.0,,,,4.0,1,0,1.0,1,,,,,
glue|TinyLlama/TinyLlama-1.1B-Chat-v1.0|rte_wide|B|t2|s14|confirm,glue,TinyLlama/TinyLlama-1.1B-Chat-v1.0,rte_wide,rte,B,confirm,2,14,acc,curvature=4.0;gat_hidden_dim=64;graph_metric=cosine;hyperbolic_readout=1;jk_mode=cat;learnable_curvature=0;lr=0.0002;num_layers=2;proj_dim=512;readout_clip=1.0;readout_scale=1;scorer_hidden=256;tau_quantile=0.05;weight_decay=0.0,64,cosine,cat,0.0002,2,512,256,0.05,0.0,51.99,284.0,0.0493,0.0,,,,4.0,1,0,1.0,1,,,,,
glue|TinyLlama/TinyLlama-1.1B-Chat-v1.0|rte_wide|B|t2|s15|confirm,glue,TinyLlama/TinyLlama-1.1B-Chat-v1.0,rte_wide,rte,B,confirm,2,15,acc,curvature=4.0;gat_hidden_dim=64;graph_metric=cosine;hyperbolic_readout=1;jk_mode=cat;learnable_curvature=0;lr=0.0002;num_layers=2;proj_dim=512;readout_clip=1.0;readout_scale=1;scorer_hidden=256;tau_quantile=0.05;weight_decay=0.0,64,cosine,cat,0.0002,2,512,256,0.05,0.0,55.23,284.89,0.05008,0.0,,,,4.0,1,0,1.0,1,,,,,
glue|TinyLlama/TinyLlama-1.1B-Chat-v1.0|rte_wide|BC|t0|s1|confirm,glue,TinyLlama/TinyLlama-1.1B-Chat-v1.0,rte_wide,rte,BC,confirm,0,1,acc,curvature=4.0;gat_hidden_dim=128;gnn_input_clip=1.0;gnn_input_scale=1;graph_metric=cosine;hyp_gnn_type=gat;hyperbolic_gnn=1;hyperbolic_readout=1;jk_mode=max;learnable_curvature=1;lr=0.0002;num_layers=4;proj_dim=256;readout_clip=0.0;readout_scale=0;scorer_hidden=128;tau_quantile=0.2;weight_decay=1e-05,128,cosine,max,0.0002,4,256,128,0.2,1e-05,55.96,329.67,0.1992,0.0,,,,4.0,1,1,0.0,0,1.0,1,gat,1,
glue|TinyLlama/TinyLlama-1.1B-Chat-v1.0|rte_wide|BC|t0|s2|confirm,glue,TinyLlama/TinyLlama-1.1B-Chat-v1.0,rte_wide,rte,BC,confirm,0,2,acc,curvature=4.0;gat_hidden_dim=128;gnn_input_clip=1.0;gnn_input_scale=1;graph_metric=cosine;hyp_gnn_type=gat;hyperbolic_gnn=1;hyperbolic_readout=1;jk_mode=max;learnable_curvature=1;lr=0.0002;num_layers=4;proj_dim=256;readout_clip=0.0;readout_scale=0;scorer_hidden=128;tau_quantile=0.2;weight_decay=1e-05,128,cosine,max,0.0002,4,256,128,0.2,1e-05,58.48,333.78,0.19869,0.0,,,,4.0,1,1,0.0,0,1.0,1,gat,1,
glue|TinyLlama/TinyLlama-1.1B-Chat-v1.0|rte_wide|BC|t0|s3|confirm,glue,TinyLlama/TinyLlama-1.1B-Chat-v1.0,rte_wide,rte,BC,confirm,0,3,acc,curvature=4.0;gat_hidden_dim=128;gnn_input_clip=1.0;gnn_input_scale=1;graph_metric=cosine;hyp_gnn_type=gat;hyperbolic_gnn=1;hyperbolic_readout=1;jk_mode=max;learnable_curvature=1;lr=0.0002;num_layers=4;proj_dim=256;readout_clip=0.0;readout_scale=0;scorer_hidden=128;tau_quantile=0.2;weight_decay=1e-05,128,cosine,max,0.0002,4,256,128,0.2,1e-05,55.96,330.38,0.19864,0.0,,,,4.0,1,1,0.0,0,1.0,1,gat,1,
glue|TinyLlama/TinyLlama-1.1B-Chat-v1.0|rte_wide|BC|t0|s4|confirm,glue,TinyLlama/TinyLlama-1.1B-Chat-v1.0,rte_wide,rte,BC,confirm,0,4,acc,curvature=4.0;gat_hidden_dim=128;gnn_input_clip=1.0;gnn_input_scale=1;graph_metric=cosine;hyp_gnn_type=gat;hyperbolic_gnn=1;hyperbolic_readout=1;jk_mode=max;learnable_curvature=1;lr=0.0002;num_layers=4;proj_dim=256;readout_clip=0.0;readout_scale=0;scorer_hidden=128;tau_quantile=0.2;weight_decay=1e-05,128,cosine,max,0.0002,4,256,128,0.2,1e-05,60.29,331.46,0.19888,0.0,,,,4.0,1,1,0.0,0,1.0,1,gat,1,
glue|TinyLlama/TinyLlama-1.1B-Chat-v1.0|rte_wide|BC|t0|s5|confirm,glue,TinyLlama/TinyLlama-1.1B-Chat-v1.0,rte_wide,rte,BC,confirm,0,5,acc,curvature=4.0;gat_hidden_dim=128;gnn_input_clip=1.0;gnn_input_scale=1;graph_metric=cosine;hyp_gnn_type=gat;hyperbolic_gnn=1;hyperbolic_readout=1;jk_mode=max;learnable_curvature=1;lr=0.0002;num_layers=4;proj_dim=256;readout_clip=0.0;readout_scale=0;scorer_hidden=128;tau_quantile=0.2;weight_decay=1e-05,128,cosine,max,0.0002,4,256,128,0.2,1e-05,57.04,334.02,0.19925,0.0,,,,4.0,1,1,0.0,0,1.0,1,gat,1,
glue|TinyLlama/TinyLlama-1.1B-Chat-v1.0|rte_wide|BC|t0|s6|confirm,glue,TinyLlama/TinyLlama-1.1B-Chat-v1.0,rte_wide,rte,BC,confirm,0,6,acc,curvature=4.0;gat_hidden_dim=128;gnn_input_clip=1.0;gnn_input_scale=1;graph_metric=cosine;hyp_gnn_type=gat;hyperbolic_gnn=1;hyperbolic_readout=1;jk_mode=max;learnable_curvature=1;lr=0.0002;num_layers=4;proj_dim=256;readout_clip=0.0;readout_scale=0;scorer_hidden=128;tau_quantile=0.2;weight_decay=1e-05,128,cosine,max,0.0002,4,256,128,0.2,1e-05,60.29,332.34,0.19895,0.0,,,,4.0,1,1,0.0,0,1.0,1,gat,1,
glue|TinyLlama/TinyLlama-1.1B-Chat-v1.0|rte_wide|BC|t0|s7|confirm,glue,TinyLlama/TinyLlama-1.1B-Chat-v1.0,rte_wide,rte,BC,confirm,0,7,acc,curvature=4.0;gat_hidden_dim=128;gnn_input_clip=1.0;gnn_input_scale=1;graph_metric=cosine;hyp_gnn_type=gat;hyperbolic_gnn=1;hyperbolic_readout=1;jk_mode=max;learnable_curvature=1;lr=0.0002;num_layers=4;proj_dim=256;readout_clip=0.0;readout_scale=0;scorer_hidden=128;tau_quantile=0.2;weight_decay=1e-05,128,cosine,max,0.0002,4,256,128,0.2,1e-05,57.76,331.36,0.19885,0.0,,,,4.0,1,1,0.0,0,1.0,1,gat,1,
glue|TinyLlama/TinyLlama-1.1B-Chat-v1.0|rte_wide|BC|t0|s8|confirm,glue,TinyLlama/TinyLlama-1.1B-Chat-v1.0,rte_wide,rte,BC,confirm,0,8,acc,curvature=4.0;gat_hidden_dim=128;gnn_input_clip=1.0;gnn_input_scale=1;graph_metric=cosine;hyp_gnn_type=gat;hyperbolic_gnn=1;hyperbolic_readout=1;jk_mode=max;learnable_curvature=1;lr=0.0002;num_layers=4;proj_dim=256;readout_clip=0.0;readout_scale=0;scorer_hidden=128;tau_quantile=0.2;weight_decay=1e-05,128,cosine,max,0.0002,4,256,128,0.2,1e-05,57.4,331.99,0.1989,0.0,,,,4.0,1,1,0.0,0,1.0,1,gat,1,
glue|TinyLlama/TinyLlama-1.1B-Chat-v1.0|rte_wide|BC|t0|s9|confirm,glue,TinyLlama/TinyLlama-1.1B-Chat-v1.0,rte_wide,rte,BC,confirm,0,9,acc,curvature=4.0;gat_hidden_dim=128;gnn_input_clip=1.0;gnn_input_scale=1;graph_metric=cosine;hyp_gnn_type=gat;hyperbolic_gnn=1;hyperbolic_readout=1;jk_mode=max;learnable_curvature=1;lr=0.0002;num_layers=4;proj_dim=256;readout_clip=0.0;readout_scale=0;scorer_hidden=128;tau_quantile=0.2;weight_decay=1e-05,128,cosine,max,0.0002,4,256,128,0.2,1e-05,57.04,333.24,0.19894,0.0,,,,4.0,1,1,0.0,0,1.0,1,gat,1,
glue|TinyLlama/TinyLlama-1.1B-Chat-v1.0|rte_wide|BC|t0|s10|confirm,glue,TinyLlama/TinyLlama-1.1B-Chat-v1.0,rte_wide,rte,BC,confirm,0,10,acc,curvature=4.0;gat_hidden_dim=128;gnn_input_clip=1.0;gnn_input_scale=1;graph_metric=cosine;hyp_gnn_type=gat;hyperbolic_gnn=1;hyperbolic_readout=1;jk_mode=max;learnable_curvature=1;lr=0.0002;num_layers=4;proj_dim=256;readout_clip=0.0;readout_scale=0;scorer_hidden=128;tau_quantile=0.2;weight_decay=1e-05,128,cosine,max,0.0002,4,256,128,0.2,1e-05,57.76,331.91,0.19903,0.0,,,,4.0,1,1,0.0,0,1.0,1,gat,1,
glue|TinyLlama/TinyLlama-1.1B-Chat-v1.0|rte_wide|BC|t0|s11|confirm,glue,TinyLlama/TinyLlama-1.1B-Chat-v1.0,rte_wide,rte,BC,confirm,0,11,acc,curvature=4.0;gat_hidden_dim=128;gnn_input_clip=1.0;gnn_input_scale=1;graph_metric=cosine;hyp_gnn_type=gat;hyperbolic_gnn=1;hyperbolic_readout=1;jk_mode=max;learnable_curvature=1;lr=0.0002;num_layers=4;proj_dim=256;readout_clip=0.0;readout_scale=0;scorer_hidden=128;tau_quantile=0.2;weight_decay=1e-05,128,cosine,max,0.0002,4,256,128,0.2,1e-05,56.68,333.29,0.199,0.0,,,,4.0,1,1,0.0,0,1.0,1,gat,1,
glue|TinyLlama/TinyLlama-1.1B-Chat-v1.0|rte_wide|BC|t0|s12|confirm,glue,TinyLlama/TinyLlama-1.1B-Chat-v1.0,rte_wide,rte,BC,confirm,0,12,acc,curvature=4.0;gat_hidden_dim=128;gnn_input_clip=1.0;gnn_input_scale=1;graph_metric=cosine;hyp_gnn_type=gat;hyperbolic_gnn=1;hyperbolic_readout=1;jk_mode=max;learnable_curvature=1;lr=0.0002;num_layers=4;proj_dim=256;readout_clip=0.0;readout_scale=0;scorer_hidden=128;tau_quantile=0.2;weight_decay=1e-05,128,cosine,max,0.0002,4,256,128,0.2,1e-05,57.4,329.01,0.19866,0.0,,,,4.0,1,1,0.0,0,1.0,1,gat,1,
glue|TinyLlama/TinyLlama-1.1B-Chat-v1.0|rte_wide|BC|t0|s13|confirm,glue,TinyLlama/TinyLlama-1.1B-Chat-v1.0,rte_wide,rte,BC,confirm,0,13,acc,curvature=4.0;gat_hidden_dim=128;gnn_input_clip=1.0;gnn_input_scale=1;graph_metric=cosine;hyp_gnn_type=gat;hyperbolic_gnn=1;hyperbolic_readout=1;jk_mode=max;learnable_curvature=1;lr=0.0002;num_layers=4;proj_dim=256;readout_clip=0.0;readout_scale=0;scorer_hidden=128;tau_quantile=0.2;weight_decay=1e-05,128,cosine,max,0.0002,4,256,128,0.2,1e-05,53.43,330.03,0.19881,0.0,,,,4.0,1,1,0.0,0,1.0,1,gat,1,
glue|TinyLlama/TinyLlama-1.1B-Chat-v1.0|rte_wide|BC|t0|s14|confirm,glue,TinyLlama/TinyLlama-1.1B-Chat-v1.0,rte_wide,rte,BC,confirm,0,14,acc,curvature=4.0;gat_hidden_dim=128;gnn_input_clip=1.0;gnn_input_scale=1;graph_metric=cosine;hyp_gnn_type=gat;hyperbolic_gnn=1;hyperbolic_readout=1;jk_mode=max;learnable_curvature=1;lr=0.0002;num_layers=4;proj_dim=256;readout_clip=0.0;readout_scale=0;scorer_hidden=128;tau_quantile=0.2;weight_decay=1e-05,128,cosine,max,0.0002,4,256,128,0.2,1e-05,56.32,325.71,0.19896,0.0,,,,4.0,1,1,0.0,0,1.0,1,gat,1,
glue|TinyLlama/TinyLlama-1.1B-Chat-v1.0|rte_wide|BC|t0|s15|confirm,glue,TinyLlama/TinyLlama-1.1B-Chat-v1.0,rte_wide,rte,BC,confirm,0,15,acc,curvature=4.0;gat_hidden_dim=128;gnn_input_clip=1.0;gnn_input_scale=1;graph_metric=cosine;hyp_gnn_type=gat;hyperbolic_gnn=1;hyperbolic_readout=1;jk_mode=max;learnable_curvature=1;lr=0.0002;num_layers=4;proj_dim=256;readout_clip=0.0;readout_scale=0;scorer_hidden=128;tau_quantile=0.2;weight_decay=1e-05,128,cosine,max,0.0002,4,256,128,0.2,1e-05,56.32,333.19,0.19885,0.0,,,,4.0,1,1,0.0,0,1.0,1,gat,1,
glue|TinyLlama/TinyLlama-1.1B-Chat-v1.0|rte_wide|C|t0|s1|confirm,glue,TinyLlama/TinyLlama-1.1B-Chat-v1.0,rte_wide,rte,C,confirm,0,1,acc,curvature=1.0;gat_hidden_dim=128;gnn_input_clip=0.0;gnn_input_scale=1;graph_metric=cosine;hyp_gnn_type=gat;hyperbolic_gnn=1;jk_mode=max;lr=2e-05;num_layers=2;proj_dim=512;scorer_hidden=128;tau_quantile=0.2;weight_decay=0.0,128,cosine,max,2e-05,2,512,128,0.2,0.0,55.6,318.56,0.19896,0.0,,,,1.0,,,,,0.0,1,gat,1,
glue|TinyLlama/TinyLlama-1.1B-Chat-v1.0|rte_wide|C|t0|s2|confirm,glue,TinyLlama/TinyLlama-1.1B-Chat-v1.0,rte_wide,rte,C,confirm,0,2,acc,curvature=1.0;gat_hidden_dim=128;gnn_input_clip=0.0;gnn_input_scale=1;graph_metric=cosine;hyp_gnn_type=gat;hyperbolic_gnn=1;jk_mode=max;lr=2e-05;num_layers=2;proj_dim=512;scorer_hidden=128;tau_quantile=0.2;weight_decay=0.0,128,cosine,max,2e-05,2,512,128,0.2,0.0,51.99,321.06,0.199,0.0,,,,1.0,,,,,0.0,1,gat,1,
glue|TinyLlama/TinyLlama-1.1B-Chat-v1.0|rte_wide|C|t0|s3|confirm,glue,TinyLlama/TinyLlama-1.1B-Chat-v1.0,rte_wide,rte,C,confirm,0,3,acc,curvature=1.0;gat_hidden_dim=128;gnn_input_clip=0.0;gnn_input_scale=1;graph_metric=cosine;hyp_gnn_type=gat;hyperbolic_gnn=1;jk_mode=max;lr=2e-05;num_layers=2;proj_dim=512;scorer_hidden=128;tau_quantile=0.2;weight_decay=0.0,128,cosine,max,2e-05,2,512,128,0.2,0.0,51.99,319.21,0.19847,0.0,,,,1.0,,,,,0.0,1,gat,1,
glue|TinyLlama/TinyLlama-1.1B-Chat-v1.0|rte_wide|C|t0|s4|confirm,glue,TinyLlama/TinyLlama-1.1B-Chat-v1.0,rte_wide,rte,C,confirm,0,4,acc,curvature=1.0;gat_hidden_dim=128;gnn_input_clip=0.0;gnn_input_scale=1;graph_metric=cosine;hyp_gnn_type=gat;hyperbolic_gnn=1;jk_mode=max;lr=2e-05;num_layers=2;proj_dim=512;scorer_hidden=128;tau_quantile=0.2;weight_decay=0.0,128,cosine,max,2e-05,2,512,128,0.2,0.0,47.65,319.16,0.19884,0.0,,,,1.0,,,,,0.0,1,gat,1,
glue|TinyLlama/TinyLlama-1.1B-Chat-v1.0|rte_wide|C|t0|s5|confirm,glue,TinyLlama/TinyLlama-1.1B-Chat-v1.0,rte_wide,rte,C,confirm,0,5,acc,curvature=1.0;gat_hidden_dim=128;gnn_input_clip=0.0;gnn_input_scale=1;graph_metric=cosine;hyp_gnn_type=gat;hyperbolic_gnn=1;jk_mode=max;lr=2e-05;num_layers=2;proj_dim=512;scorer_hidden=128;tau_quantile=0.2;weight_decay=0.0,128,cosine,max,2e-05,2,512,128,0.2,0.0,52.35,313.12,0.19876,0.0,,,,1.0,,,,,0.0,1,gat,1,
glue|TinyLlama/TinyLlama-1.1B-Chat-v1.0|rte_wide|C|t0|s6|confirm,glue,TinyLlama/TinyLlama-1.1B-Chat-v1.0,rte_wide,rte,C,confirm,0,6,acc,curvature=1.0;gat_hidden_dim=128;gnn_input_clip=0.0;gnn_input_scale=1;graph_metric=cosine;hyp_gnn_type=gat;hyperbolic_gnn=1;jk_mode=max;lr=2e-05;num_layers=2;proj_dim=512;scorer_hidden=128;tau_quantile=0.2;weight_decay=0.0,128,cosine,max,2e-05,2,512,128,0.2,0.0,53.79,309.35,0.19885,0.0,,,,1.0,,,,,0.0,1,gat,1,
glue|TinyLlama/TinyLlama-1.1B-Chat-v1.0|rte_wide|C|t0|s7|confirm,glue,TinyLlama/TinyLlama-1.1B-Chat-v1.0,rte_wide,rte,C,confirm,0,7,acc,curvature=1.0;gat_hidden_dim=128;gnn_input_clip=0.0;gnn_input_scale=1;graph_metric=cosine;hyp_gnn_type=gat;hyperbolic_gnn=1;jk_mode=max;lr=2e-05;num_layers=2;proj_dim=512;scorer_hidden=128;tau_quantile=0.2;weight_decay=0.0,128,cosine,max,2e-05,2,512,128,0.2,0.0,52.71,317.34,0.19881,0.0,,,,1.0,,,,,0.0,1,gat,1,
glue|TinyLlama/TinyLlama-1.1B-Chat-v1.0|rte_wide|C|t0|s8|confirm,glue,TinyLlama/TinyLlama-1.1B-Chat-v1.0,rte_wide,rte,C,confirm,0,8,acc,curvature=1.0;gat_hidden_dim=128;gnn_input_clip=0.0;gnn_input_scale=1;graph_metric=cosine;hyp_gnn_type=gat;hyperbolic_gnn=1;jk_mode=max;lr=2e-05;num_layers=2;proj_dim=512;scorer_hidden=128;tau_quantile=0.2;weight_decay=0.0,128,cosine,max,2e-05,2,512,128,0.2,0.0,54.51,318.56,0.19841,0.0,,,,1.0,,,,,0.0,1,gat,1,
glue|TinyLlama/TinyLlama-1.1B-Chat-v1.0|rte_wide|C|t0|s9|confirm,glue,TinyLlama/TinyLlama-1.1B-Chat-v1.0,rte_wide,rte,C,confirm,0,9,acc,curvature=1.0;gat_hidden_dim=128;gnn_input_clip=0.0;gnn_input_scale=1;graph_metric=cosine;hyp_gnn_type=gat;hyperbolic_gnn=1;jk_mode=max;lr=2e-05;num_layers=2;proj_dim=512;scorer_hidden=128;tau_quantile=0.2;weight_decay=0.0,128,cosine,max,2e-05,2,512,128,0.2,0.0,53.43,319.01,0.1989,0.0,,,,1.0,,,,,0.0,1,gat,1,
glue|TinyLlama/TinyLlama-1.1B-Chat-v1.0|rte_wide|C|t0|s10|confirm,glue,TinyLlama/TinyLlama-1.1B-Chat-v1.0,rte_wide,rte,C,confirm,0,10,acc,curvature=1.0;gat_hidden_dim=128;gnn_input_clip=0.0;gnn_input_scale=1;graph_metric=cosine;hyp_gnn_type=gat;hyperbolic_gnn=1;jk_mode=max;lr=2e-05;num_layers=2;proj_dim=512;scorer_hidden=128;tau_quantile=0.2;weight_decay=0.0,128,cosine,max,2e-05,2,512,128,0.2,0.0,52.71,320.23,0.19903,0.0,,,,1.0,,,,,0.0,1,gat,1,
glue|TinyLlama/TinyLlama-1.1B-Chat-v1.0|rte_wide|C|t0|s11|confirm,glue,TinyLlama/TinyLlama-1.1B-Chat-v1.0,rte_wide,rte,C,confirm,0,11,acc,curvature=1.0;gat_hidden_dim=128;gnn_input_clip=0.0;gnn_input_scale=1;graph_metric=cosine;hyp_gnn_type=gat;hyperbolic_gnn=1;jk_mode=max;lr=2e-05;num_layers=2;proj_dim=512;scorer_hidden=128;tau_quantile=0.2;weight_decay=0.0,128,cosine,max,2e-05,2,512,128,0.2,0.0,53.07,316.56,0.19866,0.0,,,,1.0,,,,,0.0,1,gat,1,
glue|TinyLlama/TinyLlama-1.1B-Chat-v1.0|rte_wide|C|t0|s12|confirm,glue,TinyLlama/TinyLlama-1.1B-Chat-v1.0,rte_wide,rte,C,confirm,0,12,acc,curvature=1.0;gat_hidden_dim=128;gnn_input_clip=0.0;gnn_input_scale=1;graph_metric=cosine;hyp_gnn_type=gat;hyperbolic_gnn=1;jk_mode=max;lr=2e-05;num_layers=2;proj_dim=512;scorer_hidden=128;tau_quantile=0.2;weight_decay=0.0,128,cosine,max,2e-05,2,512,128,0.2,0.0,48.74,317.24,0.19914,0.0,,,,1.0,,,,,0.0,1,gat,1,
glue|TinyLlama/TinyLlama-1.1B-Chat-v1.0|rte_wide|C|t0|s13|confirm,glue,TinyLlama/TinyLlama-1.1B-Chat-v1.0,rte_wide,rte,C,confirm,0,13,acc,curvature=1.0;gat_hidden_dim=128;gnn_input_clip=0.0;gnn_input_scale=1;graph_metric=cosine;hyp_gnn_type=gat;hyperbolic_gnn=1;jk_mode=max;lr=2e-05;num_layers=2;proj_dim=512;scorer_hidden=128;tau_quantile=0.2;weight_decay=0.0,128,cosine,max,2e-05,2,512,128,0.2,0.0,55.23,318.38,0.19879,0.0,,,,1.0,,,,,0.0,1,gat,1,
glue|TinyLlama/TinyLlama-1.1B-Chat-v1.0|rte_wide|C|t0|s14|confirm,glue,TinyLlama/TinyLlama-1.1B-Chat-v1.0,rte_wide,rte,C,confirm,0,14,acc,curvature=1.0;gat_hidden_dim=128;gnn_input_clip=0.0;gnn_input_scale=1;graph_metric=cosine;hyp_gnn_type=gat;hyperbolic_gnn=1;jk_mode=max;lr=2e-05;num_layers=2;proj_dim=512;scorer_hidden=128;tau_quantile=0.2;weight_decay=0.0,128,cosine,max,2e-05,2,512,128,0.2,0.0,55.6,317.63,0.19881,0.0,,,,1.0,,,,,0.0,1,gat,1,
glue|TinyLlama/TinyLlama-1.1B-Chat-v1.0|rte_wide|C|t0|s15|confirm,glue,TinyLlama/TinyLlama-1.1B-Chat-v1.0,rte_wide,rte,C,confirm,0,15,acc,curvature=1.0;gat_hidden_dim=128;gnn_input_clip=0.0;gnn_input_scale=1;graph_metric=cosine;hyp_gnn_type=gat;hyperbolic_gnn=1;jk_mode=max;lr=2e-05;num_layers=2;proj_dim=512;scorer_hidden=128;tau_quantile=0.2;weight_decay=0.0,128,cosine,max,2e-05,2,512,128,0.2,0.0,48.01,319.86,0.19902,0.0,,,,1.0,,,,,0.0,1,gat,1,
glue|TinyLlama/TinyLlama-1.1B-Chat-v1.0|rte_wide|baseline|t8|s1|confirm,glue,TinyLlama/TinyLlama-1.1B-Chat-v1.0,rte_wide,rte,baseline,confirm,8,1,acc,gat_hidden_dim=256;graph_metric=cosine;jk_mode=max;lr=0.001;num_layers=4;proj_dim=256;scorer_hidden=128;tau_quantile=0.2;weight_decay=0.0,256,cosine,max,0.001,4,256,128,0.2,0.0,55.6,313.25,0.19889,0.0,,,,,,,,,,,,,
glue|TinyLlama/TinyLlama-1.1B-Chat-v1.0|rte_wide|baseline|t8|s2|confirm,glue,TinyLlama/TinyLlama-1.1B-Chat-v1.0,rte_wide,rte,baseline,confirm,8,2,acc,gat_hidden_dim=256;graph_metric=cosine;jk_mode=max;lr=0.001;num_layers=4;proj_dim=256;scorer_hidden=128;tau_quantile=0.2;weight_decay=0.0,256,cosine,max,0.001,4,256,128,0.2,0.0,51.62,314.41,0.19894,0.0,,,,,,,,,,,,,
glue|TinyLlama/TinyLlama-1.1B-Chat-v1.0|rte_wide|baseline|t8|s3|confirm,glue,TinyLlama/TinyLlama-1.1B-Chat-v1.0,rte_wide,rte,baseline,confirm,8,3,acc,gat_hidden_dim=256;graph_metric=cosine;jk_mode=max;lr=0.001;num_layers=4;proj_dim=256;scorer_hidden=128;tau_quantile=0.2;weight_decay=0.0,256,cosine,max,0.001,4,256,128,0.2,0.0,51.26,313.81,0.19907,0.0,,,,,,,,,,,,,
glue|TinyLlama/TinyLlama-1.1B-Chat-v1.0|rte_wide|baseline|t8|s4|confirm,glue,TinyLlama/TinyLlama-1.1B-Chat-v1.0,rte_wide,rte,baseline,confirm,8,4,acc,gat_hidden_dim=256;graph_metric=cosine;jk_mode=max;lr=0.001;num_layers=4;proj_dim=256;scorer_hidden=128;tau_quantile=0.2;weight_decay=0.0,256,cosine,max,0.001,4,256,128,0.2,0.0,51.26,285.34,0.19873,0.0,,,,,,,,,,,,,
glue|TinyLlama/TinyLlama-1.1B-Chat-v1.0|rte_wide|baseline|t8|s5|confirm,glue,TinyLlama/TinyLlama-1.1B-Chat-v1.0,rte_wide,rte,baseline,confirm,8,5,acc,gat_hidden_dim=256;graph_metric=cosine;jk_mode=max;lr=0.001;num_layers=4;proj_dim=256;scorer_hidden=128;tau_quantile=0.2;weight_decay=0.0,256,cosine,max,0.001,4,256,128,0.2,0.0,50.9,316.02,0.19889,0.0,,,,,,,,,,,,,
glue|TinyLlama/TinyLlama-1.1B-Chat-v1.0|rte_wide|baseline|t8|s6|confirm,glue,TinyLlama/TinyLlama-1.1B-Chat-v1.0,rte_wide,rte,baseline,confirm,8,6,acc,gat_hidden_dim=256;graph_metric=cosine;jk_mode=max;lr=0.001;num_layers=4;proj_dim=256;scorer_hidden=128;tau_quantile=0.2;weight_decay=0.0,256,cosine,max,0.001,4,256,128,0.2,0.0,49.1,288.05,0.19916,0.0,,,,,,,,,,,,,
glue|TinyLlama/TinyLlama-1.1B-Chat-v1.0|rte_wide|baseline|t8|s7|confirm,glue,TinyLlama/TinyLlama-1.1B-Chat-v1.0,rte_wide,rte,baseline,confirm,8,7,acc,gat_hidden_dim=256;graph_metric=cosine;jk_mode=max;lr=0.001;num_layers=4;proj_dim=256;scorer_hidden=128;tau_quantile=0.2;weight_decay=0.0,256,cosine,max,0.001,4,256,128,0.2,0.0,54.15,316.59,0.19887,0.0,,,,,,,,,,,,,
glue|TinyLlama/TinyLlama-1.1B-Chat-v1.0|rte_wide|baseline|t8|s8|confirm,glue,TinyLlama/TinyLlama-1.1B-Chat-v1.0,rte_wide,rte,baseline,confirm,8,8,acc,gat_hidden_dim=256;graph_metric=cosine;jk_mode=max;lr=0.001;num_layers=4;proj_dim=256;scorer_hidden=128;tau_quantile=0.2;weight_decay=0.0,256,cosine,max,0.001,4,256,128,0.2,0.0,52.71,313.07,0.19882,0.0,,,,,,,,,,,,,
glue|TinyLlama/TinyLlama-1.1B-Chat-v1.0|rte_wide|baseline|t8|s9|confirm,glue,TinyLlama/TinyLlama-1.1B-Chat-v1.0,rte_wide,rte,baseline,confirm,8,9,acc,gat_hidden_dim=256;graph_metric=cosine;jk_mode=max;lr=0.001;num_layers=4;proj_dim=256;scorer_hidden=128;tau_quantile=0.2;weight_decay=0.0,256,cosine,max,0.001,4,256,128,0.2,0.0,61.01,312.71,0.19903,0.0,,,,,,,,,,,,,
glue|TinyLlama/TinyLlama-1.1B-Chat-v1.0|rte_wide|baseline|t8|s10|confirm,glue,TinyLlama/TinyLlama-1.1B-Chat-v1.0,rte_wide,rte,baseline,confirm,8,10,acc,gat_hidden_dim=256;graph_metric=cosine;jk_mode=max;lr=0.001;num_layers=4;proj_dim=256;scorer_hidden=128;tau_quantile=0.2;weight_decay=0.0,256,cosine,max,0.001,4,256,128,0.2,0.0,50.9,315.0,0.19852,0.0,,,,,,,,,,,,,
glue|TinyLlama/TinyLlama-1.1B-Chat-v1.0|rte_wide|baseline|t8|s11|confirm,glue,TinyLlama/TinyLlama-1.1B-Chat-v1.0,rte_wide,rte,baseline,confirm,8,11,acc,gat_hidden_dim=256;graph_metric=cosine;jk_mode=max;lr=0.001;num_layers=4;proj_dim=256;scorer_hidden=128;tau_quantile=0.2;weight_decay=0.0,256,cosine,max,0.001,4,256,128,0.2,0.0,53.07,317.13,0.19861,0.0,,,,,,,,,,,,,
glue|TinyLlama/TinyLlama-1.1B-Chat-v1.0|rte_wide|baseline|t8|s12|confirm,glue,TinyLlama/TinyLlama-1.1B-Chat-v1.0,rte_wide,rte,baseline,confirm,8,12,acc,gat_hidden_dim=256;graph_metric=cosine;jk_mode=max;lr=0.001;num_layers=4;proj_dim=256;scorer_hidden=128;tau_quantile=0.2;weight_decay=0.0,256,cosine,max,0.001,4,256,128,0.2,0.0,51.99,313.22,0.19862,0.0,,,,,,,,,,,,,
glue|TinyLlama/TinyLlama-1.1B-Chat-v1.0|rte_wide|baseline|t8|s13|confirm,glue,TinyLlama/TinyLlama-1.1B-Chat-v1.0,rte_wide,rte,baseline,confirm,8,13,acc,gat_hidden_dim=256;graph_metric=cosine;jk_mode=max;lr=0.001;num_layers=4;proj_dim=256;scorer_hidden=128;tau_quantile=0.2;weight_decay=0.0,256,cosine,max,0.001,4,256,128,0.2,0.0,50.18,314.18,0.19897,0.0,,,,,,,,,,,,,
glue|TinyLlama/TinyLlama-1.1B-Chat-v1.0|rte_wide|baseline|t8|s14|confirm,glue,TinyLlama/TinyLlama-1.1B-Chat-v1.0,rte_wide,rte,baseline,confirm,8,14,acc,gat_hidden_dim=256;graph_metric=cosine;jk_mode=max;lr=0.001;num_layers=4;proj_dim=256;scorer_hidden=128;tau_quantile=0.2;weight_decay=0.0,256,cosine,max,0.001,4,256,128,0.2,0.0,54.15,314.68,0.19895,0.0,,,,,,,,,,,,,
glue|TinyLlama/TinyLlama-1.1B-Chat-v1.0|rte_wide|baseline|t8|s15|confirm,glue,TinyLlama/TinyLlama-1.1B-Chat-v1.0,rte_wide,rte,baseline,confirm,8,15,acc,gat_hidden_dim=256;graph_metric=cosine;jk_mode=max;lr=0.001;num_layers=4;proj_dim=256;scorer_hidden=128;tau_quantile=0.2;weight_decay=0.0,256,cosine,max,0.001,4,256,128,0.2,0.0,55.23,314.48,0.19886,0.0,,,,,,,,,,,,,
glue|TinyLlama/TinyLlama-1.1B-Chat-v1.0|rte_wide|no_graph|t1|s1|confirm,glue,TinyLlama/TinyLlama-1.1B-Chat-v1.0,rte_wide,rte,no_graph,confirm,1,1,acc,gat_hidden_dim=128;graph_metric=cosine;jk_mode=max;lr=2e-05;num_layers=4;proj_dim=128;scorer_hidden=128;tau=0.999;weight_decay=1e-05,128,cosine,max,2e-05,4,128,128,,1e-05,53.79,309.85,0.0,1.0,,,,,,,,,,,,,0.999
glue|TinyLlama/TinyLlama-1.1B-Chat-v1.0|rte_wide|no_graph|t1|s2|confirm,glue,TinyLlama/TinyLlama-1.1B-Chat-v1.0,rte_wide,rte,no_graph,confirm,1,2,acc,gat_hidden_dim=128;graph_metric=cosine;jk_mode=max;lr=2e-05;num_layers=4;proj_dim=128;scorer_hidden=128;tau=0.999;weight_decay=1e-05,128,cosine,max,2e-05,4,128,128,,1e-05,50.18,311.56,0.0,1.0,,,,,,,,,,,,,0.999
glue|TinyLlama/TinyLlama-1.1B-Chat-v1.0|rte_wide|no_graph|t1|s3|confirm,glue,TinyLlama/TinyLlama-1.1B-Chat-v1.0,rte_wide,rte,no_graph,confirm,1,3,acc,gat_hidden_dim=128;graph_metric=cosine;jk_mode=max;lr=2e-05;num_layers=4;proj_dim=128;scorer_hidden=128;tau=0.999;weight_decay=1e-05,128,cosine,max,2e-05,4,128,128,,1e-05,54.51,309.17,0.0,1.0,,,,,,,,,,,,,0.999
glue|TinyLlama/TinyLlama-1.1B-Chat-v1.0|rte_wide|no_graph|t1|s4|confirm,glue,TinyLlama/TinyLlama-1.1B-Chat-v1.0,rte_wide,rte,no_graph,confirm,1,4,acc,gat_hidden_dim=128;graph_metric=cosine;jk_mode=max;lr=2e-05;num_layers=4;proj_dim=128;scorer_hidden=128;tau=0.999;weight_decay=1e-05,128,cosine,max,2e-05,4,128,128,,1e-05,53.07,309.5,0.0,1.0,,,,,,,,,,,,,0.999
glue|TinyLlama/TinyLlama-1.1B-Chat-v1.0|rte_wide|no_graph|t1|s5|confirm,glue,TinyLlama/TinyLlama-1.1B-Chat-v1.0,rte_wide,rte,no_graph,confirm,1,5,acc,gat_hidden_dim=128;graph_metric=cosine;jk_mode=max;lr=2e-05;num_layers=4;proj_dim=128;scorer_hidden=128;tau=0.999;weight_decay=1e-05,128,cosine,max,2e-05,4,128,128,,1e-05,52.71,306.25,0.0,1.0,,,,,,,,,,,,,0.999
glue|TinyLlama/TinyLlama-1.1B-Chat-v1.0|rte_wide|no_graph|t1|s6|confirm,glue,TinyLlama/TinyLlama-1.1B-Chat-v1.0,rte_wide,rte,no_graph,confirm,1,6,acc,gat_hidden_dim=128;graph_metric=cosine;jk_mode=max;lr=2e-05;num_layers=4;proj_dim=128;scorer_hidden=128;tau=0.999;weight_decay=1e-05,128,cosine,max,2e-05,4,128,128,,1e-05,48.74,310.28,0.0,1.0,,,,,,,,,,,,,0.999
glue|TinyLlama/TinyLlama-1.1B-Chat-v1.0|rte_wide|no_graph|t1|s7|confirm,glue,TinyLlama/TinyLlama-1.1B-Chat-v1.0,rte_wide,rte,no_graph,confirm,1,7,acc,gat_hidden_dim=128;graph_metric=cosine;jk_mode=max;lr=2e-05;num_layers=4;proj_dim=128;scorer_hidden=128;tau=0.999;weight_decay=1e-05,128,cosine,max,2e-05,4,128,128,,1e-05,52.71,281.25,0.0,1.0,,,,,,,,,,,,,0.999
glue|TinyLlama/TinyLlama-1.1B-Chat-v1.0|rte_wide|no_graph|t1|s8|confirm,glue,TinyLlama/TinyLlama-1.1B-Chat-v1.0,rte_wide,rte,no_graph,confirm,1,8,acc,gat_hidden_dim=128;graph_metric=cosine;jk_mode=max;lr=2e-05;num_layers=4;proj_dim=128;scorer_hidden=128;tau=0.999;weight_decay=1e-05,128,cosine,max,2e-05,4,128,128,,1e-05,52.35,310.15,0.0,1.0,,,,,,,,,,,,,0.999
glue|TinyLlama/TinyLlama-1.1B-Chat-v1.0|rte_wide|no_graph|t1|s9|confirm,glue,TinyLlama/TinyLlama-1.1B-Chat-v1.0,rte_wide,rte,no_graph,confirm,1,9,acc,gat_hidden_dim=128;graph_metric=cosine;jk_mode=max;lr=2e-05;num_layers=4;proj_dim=128;scorer_hidden=128;tau=0.999;weight_decay=1e-05,128,cosine,max,2e-05,4,128,128,,1e-05,53.43,309.55,0.0,1.0,,,,,,,,,,,,,0.999
glue|TinyLlama/TinyLlama-1.1B-Chat-v1.0|rte_wide|no_graph|t1|s10|confirm,glue,TinyLlama/TinyLlama-1.1B-Chat-v1.0,rte_wide,rte,no_graph,confirm,1,10,acc,gat_hidden_dim=128;graph_metric=cosine;jk_mode=max;lr=2e-05;num_layers=4;proj_dim=128;scorer_hidden=128;tau=0.999;weight_decay=1e-05,128,cosine,max,2e-05,4,128,128,,1e-05,50.18,308.79,0.0,1.0,,,,,,,,,,,,,0.999
glue|TinyLlama/TinyLlama-1.1B-Chat-v1.0|rte_wide|no_graph|t1|s11|confirm,glue,TinyLlama/TinyLlama-1.1B-Chat-v1.0,rte_wide,rte,no_graph,confirm,1,11,acc,gat_hidden_dim=128;graph_metric=cosine;jk_mode=max;lr=2e-05;num_layers=4;proj_dim=128;scorer_hidden=128;tau=0.999;weight_decay=1e-05,128,cosine,max,2e-05,4,128,128,,1e-05,59.21,309.28,0.0,1.0,,,,,,,,,,,,,0.999
glue|TinyLlama/TinyLlama-1.1B-Chat-v1.0|rte_wide|no_graph|t1|s12|confirm,glue,TinyLlama/TinyLlama-1.1B-Chat-v1.0,rte_wide,rte,no_graph,confirm,1,12,acc,gat_hidden_dim=128;graph_metric=cosine;jk_mode=max;lr=2e-05;num_layers=4;proj_dim=128;scorer_hidden=128;tau=0.999;weight_decay=1e-05,128,cosine,max,2e-05,4,128,128,,1e-05,55.96,310.35,0.0,1.0,,,,,,,,,,,,,0.999
glue|TinyLlama/TinyLlama-1.1B-Chat-v1.0|rte_wide|no_graph|t1|s13|confirm,glue,TinyLlama/TinyLlama-1.1B-Chat-v1.0,rte_wide,rte,no_graph,confirm,1,13,acc,gat_hidden_dim=128;graph_metric=cosine;jk_mode=max;lr=2e-05;num_layers=4;proj_dim=128;scorer_hidden=128;tau=0.999;weight_decay=1e-05,128,cosine,max,2e-05,4,128,128,,1e-05,48.74,310.78,0.0,1.0,,,,,,,,,,,,,0.999
glue|TinyLlama/TinyLlama-1.1B-Chat-v1.0|rte_wide|no_graph|t1|s14|confirm,glue,TinyLlama/TinyLlama-1.1B-Chat-v1.0,rte_wide,rte,no_graph,confirm,1,14,acc,gat_hidden_dim=128;graph_metric=cosine;jk_mode=max;lr=2e-05;num_layers=4;proj_dim=128;scorer_hidden=128;tau=0.999;weight_decay=1e-05,128,cosine,max,2e-05,4,128,128,,1e-05,52.35,309.88,0.0,1.0,,,,,,,,,,,,,0.999
glue|TinyLlama/TinyLlama-1.1B-Chat-v1.0|rte_wide|no_graph|t1|s15|confirm,glue,TinyLlama/TinyLlama-1.1B-Chat-v1.0,rte_wide,rte,no_graph,confirm,1,15,acc,gat_hidden_dim=128;graph_metric=cosine;jk_mode=max;lr=2e-05;num_layers=4;proj_dim=128;scorer_hidden=128;tau=0.999;weight_decay=1e-05,128,cosine,max,2e-05,4,128,128,,1e-05,48.74,310.73,0.0,1.0,,,,,,,,,,,,,0.999
