run_key,target,model,setting,task,arm,stage,trial,seed,metric,detail,gat_hidden_dim,graph_metric,jk_mode,lr,num_layers,proj_dim,scorer_hidden,tau_quantile,weight_decay,score,elapsed_sec,mean_density,empty_frac,feature_mode,graph_curvature,rho_quantile,curvature,hyperbolic_readout,learnable_curvature,readout_clip,readout_scale,gnn_input_clip,gnn_input_scale,hyp_gnn_type,hyperbolic_gnn,tau
glue|TinyLlama/TinyLlama-1.1B-Chat-v1.0|cola_wide|baseline|t0|s42|tune,glue,TinyLlama/TinyLlama-1.1B-Chat-v1.0,cola_wide,cola,baseline,tune,0,42,mcc,gat_hidden_dim=64;graph_metric=cosine;jk_mode=cat;lr=0.0002;num_layers=4;proj_dim=512;scorer_hidden=128;tau_quantile=0.38;weight_decay=0.0,64,cosine,cat,0.0002,4,512,128,0.38,0.0,0.0,566.36,0.37683,0.0,,,,,,,,,,,,,
glue|TinyLlama/TinyLlama-1.1B-Chat-v1.0|cola_wide|baseline|t1|s42|tune,glue,TinyLlama/TinyLlama-1.1B-Chat-v1.0,cola_wide,cola,baseline,tune,1,42,mcc,gat_hidden_dim=64;graph_metric=cosine;jk_mode=max;lr=2e-05;num_layers=4;proj_dim=256;scorer_hidden=128;tau_quantile=0.1;weight_decay=1e-05,64,cosine,max,2e-05,4,256,128,0.1,1e-05,11.1,535.48,0.10094,0.0,,,,,,,,,,,,,
glue|TinyLlama/TinyLlama-1.1B-Chat-v1.0|cola_wide|baseline|t2|s42|tune,glue,TinyLlama/TinyLlama-1.1B-Chat-v1.0,cola_wide,cola,baseline,tune,2,42,mcc,gat_hidden_dim=256;graph_metric=cosine;jk_mode=cat;lr=2e-05;num_layers=4;proj_dim=512;scorer_hidden=128;tau_quantile=0.2;weight_decay=5e-05,256,cosine,cat,2e-05,4,512,128,0.2,5e-05,38.56,536.5,0.19566,0.0,,,,,,,,,,,,,
glue|TinyLlama/TinyLlama-1.1B-Chat-v1.0|cola_wide|baseline|t3|s42|tune,glue,TinyLlama/TinyLlama-1.1B-Chat-v1.0,cola_wide,cola,baseline,tune,3,42,mcc,gat_hidden_dim=64;graph_metric=cosine;jk_mode=cat;lr=2e-05;num_layers=4;proj_dim=512;scorer_hidden=128;tau_quantile=0.1;weight_decay=1e-05,64,cosine,cat,2e-05,4,512,128,0.1,1e-05,0.0,537.64,0.0984,0.0,,,,,,,,,,,,,
glue|TinyLlama/TinyLlama-1.1B-Chat-v1.0|cola_wide|baseline|t4|s42|tune,glue,TinyLlama/TinyLlama-1.1B-Chat-v1.0,cola_wide,cola,baseline,tune,4,42,mcc,gat_hidden_dim=64;graph_metric=cosine;jk_mode=max;lr=0.001;num_layers=2;proj_dim=256;scorer_hidden=128;tau_quantile=0.2;weight_decay=1e-05,64,cosine,max,0.001,2,256,128,0.2,1e-05,45.86,532.45,0.19488,0.00391,,,,,,,,,,,,,
glue|TinyLlama/TinyLlama-1.1B-Chat-v1.0|cola_wide|baseline|t5|s42|tune,glue,TinyLlama/TinyLlama-1.1B-Chat-v1.0,cola_wide,cola,baseline,tune,5,42,mcc,gat_hidden_dim=256;graph_metric=cosine;jk_mode=cat;lr=0.001;num_layers=2;proj_dim=128;scorer_hidden=256;tau_quantile=0.2;weight_decay=1e-05,256,cosine,cat,0.001,2,128,256,0.2,1e-05,44.15,531.66,0.19621,0.0,,,,,,,,,,,,,
glue|TinyLlama/TinyLlama-1.1B-Chat-v1.0|cola_wide|baseline|t6|s42|tune,glue,TinyLlama/TinyLlama-1.1B-Chat-v1.0,cola_wide,cola,baseline,tune,6,42,mcc,gat_hidden_dim=256;graph_metric=cosine;jk_mode=cat;lr=0.001;num_layers=2;proj_dim=128;scorer_hidden=128;tau_quantile=0.1;weight_decay=1e-05,256,cosine,cat,0.001,2,128,128,0.1,1e-05,43.32,532.56,0.09912,0.0,,,,,,,,,,,,,
glue|TinyLlama/TinyLlama-1.1B-Chat-v1.0|cola_wide|baseline|t7|s42|tune,glue,TinyLlama/TinyLlama-1.1B-Chat-v1.0,cola_wide,cola,baseline,tune,7,42,mcc,gat_hidden_dim=64;graph_metric=cosine;jk_mode=max;lr=2e-05;num_layers=2;proj_dim=256;scorer_hidden=256;tau_quantile=0.38;weight_decay=5e-05,64,cosine,max,2e-05,2,256,256,0.38,5e-05,19.5,533.7,0.37582,0.0,,,,,,,,,,,,,
glue|TinyLlama/TinyLlama-1.1B-Chat-v1.0|cola_wide|baseline|t8|s42|tune,glue,TinyLlama/TinyLlama-1.1B-Chat-v1.0,cola_wide,cola,baseline,tune,8,42,mcc,gat_hidden_dim=128;graph_metric=cosine;jk_mode=cat;lr=0.001;num_layers=2;proj_dim=512;scorer_hidden=128;tau_quantile=0.38;weight_decay=1e-05,128,cosine,cat,0.001,2,512,128,0.38,1e-05,43.38,534.5,0.37542,0.0,,,,,,,,,,,,,
glue|TinyLlama/TinyLlama-1.1B-Chat-v1.0|cola_wide|baseline|t9|s42|tune,glue,TinyLlama/TinyLlama-1.1B-Chat-v1.0,cola_wide,cola,baseline,tune,9,42,mcc,gat_hidden_dim=64;graph_metric=cosine;jk_mode=max;lr=0.001;num_layers=4;proj_dim=512;scorer_hidden=256;tau_quantile=0.2;weight_decay=5e-05,64,cosine,max,0.001,4,512,256,0.2,5e-05,48.26,533.87,0.19487,0.0,,,,,,,,,,,,,
glue|TinyLlama/TinyLlama-1.1B-Chat-v1.0|cola_wide|A|t0|s42|tune,glue,TinyLlama/TinyLlama-1.1B-Chat-v1.0,cola_wide,cola,A,tune,0,42,mcc,feature_mode=cls_root_unit;gat_hidden_dim=128;graph_curvature=4.0;graph_metric=poincare;jk_mode=max;lr=0.001;num_layers=4;proj_dim=128;rho_quantile=0.38;scorer_hidden=128;weight_decay=5e-05,128,poincare,max,0.001,4,128,128,,5e-05,41.09,561.28,0.37497,0.0,cls_root_unit,4.0,0.38,,,,,,,,,,
glue|TinyLlama/TinyLlama-1.1B-Chat-v1.0|cola_wide|A|t1|s42|tune,glue,TinyLlama/TinyLlama-1.1B-Chat-v1.0,cola_wide,cola,A,tune,1,42,mcc,feature_mode=center;gat_hidden_dim=256;graph_curvature=2.25;graph_metric=poincare;jk_mode=cat;lr=2e-05;num_layers=2;proj_dim=256;rho_quantile=0.38;scorer_hidden=128;weight_decay=5e-05,256,poincare,cat,2e-05,2,256,128,,5e-05,37.22,558.21,0.37207,0.0,center,2.25,0.38,,,,,,,,,,
glue|TinyLlama/TinyLlama-1.1B-Chat-v1.0|cola_wide|A|t2|s42|tune,glue,TinyLlama/TinyLlama-1.1B-Chat-v1.0,cola_wide,cola,A,tune,2,42,mcc,feature_mode=unit;gat_hidden_dim=256;graph_curvature=2.25;graph_metric=poincare;jk_mode=max;lr=2e-05;num_layers=2;proj_dim=256;rho_quantile=0.2;scorer_hidden=256;weight_decay=1e-05,256,poincare,max,2e-05,2,256,256,,1e-05,32.48,558.88,0.19499,0.0,unit,2.25,0.2,,,,,,,,,,
glue|TinyLlama/TinyLlama-1.1B-Chat-v1.0|cola_wide|A|t3|s42|tune,glue,TinyLlama/TinyLlama-1.1B-Chat-v1.0,cola_wide,cola,A,tune,3,42,mcc,feature_mode=cls_root_unit;gat_hidden_dim=256;graph_curvature=0.25;graph_metric=poincare;jk_mode=cat;lr=0.0002;num_layers=2;proj_dim=256;rho_quantile=0.38;scorer_hidden=128;weight_decay=5e-05,256,poincare,cat,0.0002,2,256,128,,5e-05,41.26,559.66,0.37627,0.0,cls_root_unit,0.25,0.38,,,,,,,,,,
glue|TinyLlama/TinyLlama-1.1B-Chat-v1.0|cola_wide|A|t4|s42|tune,glue,TinyLlama/TinyLlama-1.1B-Chat-v1.0,cola_wide,cola,A,tune,4,42,mcc,feature_mode=center_unit;gat_hidden_dim=256;graph_curvature=2.25;graph_metric=poincare;jk_mode=max;lr=0.0002;num_layers=4;proj_dim=256;rho_quantile=0.38;scorer_hidden=256;weight_decay=5e-05,256,poincare,max,0.0002,4,256,256,,5e-05,44.32,561.76,0.37482,0.0,center_unit,2.25,0.38,,,,,,,,,,
glue|TinyLlama/TinyLlama-1.1B-Chat-v1.0|cola_wide|A|t5|s42|tune,glue,TinyLlama/TinyLlama-1.1B-Chat-v1.0,cola_wide,cola,A,tune,5,42,mcc,feature_mode=center_unit;gat_hidden_dim=64;graph_curvature=4.0;graph_metric=poincare;jk_mode=cat;lr=0.001;num_layers=4;proj_dim=512;rho_quantile=0.2;scorer_hidden=128;weight_decay=0.0,64,poincare,cat,0.001,4,512,128,,0.0,41.83,562.19,0.19518,0.0,center_unit,4.0,0.2,,,,,,,,,,
glue|TinyLlama/TinyLlama-1.1B-Chat-v1.0|cola_wide|A|t6|s42|tune,glue,TinyLlama/TinyLlama-1.1B-Chat-v1.0,cola_wide,cola,A,tune,6,42,mcc,feature_mode=center_unit;gat_hidden_dim=128;graph_curvature=2.25;graph_metric=poincare;jk_mode=max;lr=2e-05;num_layers=4;proj_dim=512;rho_quantile=0.05;scorer_hidden=128;weight_decay=5e-05,128,poincare,max,2e-05,4,512,128,,5e-05,24.59,560.4,0.04773,0.02734,center_unit,2.25,0.05,,,,,,,,,,
glue|TinyLlama/TinyLlama-1.1B-Chat-v1.0|cola_wide|A|t7|s42|tune,glue,TinyLlama/TinyLlama-1.1B-Chat-v1.0,cola_wide,cola,A,tune,7,42,mcc,feature_mode=center;gat_hidden_dim=256;graph_curvature=2.25;graph_metric=poincare;jk_mode=max;lr=0.001;num_layers=2;proj_dim=128;rho_quantile=0.025;scorer_hidden=128;weight_decay=1e-05,256,poincare,max,0.001,2,128,128,,1e-05,47.82,559.27,0.02616,0.07031,center,2.25,0.025,,,,,,,,,,
glue|TinyLlama/TinyLlama-1.1B-Chat-v1.0|cola_wide|A|t8|s42|tune,glue,TinyLlama/TinyLlama-1.1B-Chat-v1.0,cola_wide,cola,A,tune,8,42,mcc,feature_mode=unit;gat_hidden_dim=128;graph_curvature=0.25;graph_metric=poincare;jk_mode=cat;lr=0.001;num_layers=4;proj_dim=128;rho_quantile=0.025;scorer_hidden=128;weight_decay=0.0,128,poincare,cat,0.001,4,128,128,,0.0,46.35,562.91,0.02636,0.0625,unit,0.25,0.025,,,,,,,,,,
glue|TinyLlama/TinyLlama-1.1B-Chat-v1.0|cola_wide|A|t9|s42|tune,glue,TinyLlama/TinyLlama-1.1B-Chat-v1.0,cola_wide,cola,A,tune,9,42,mcc,feature_mode=center;gat_hidden_dim=64;graph_curvature=9.0;graph_metric=poincare;jk_mode=cat;lr=2e-05;num_layers=2;proj_dim=512;rho_quantile=0.1;scorer_hidden=128;weight_decay=0.0,64,poincare,cat,2e-05,2,512,128,,0.0,24.41,557.26,0.09881,0.0,center,9.0,0.1,,,,,,,,,,
glue|TinyLlama/TinyLlama-1.1B-Chat-v1.0|cola_wide|B|t0|s42|tune,glue,TinyLlama/TinyLlama-1.1B-Chat-v1.0,cola_wide,cola,B,tune,0,42,mcc,curvature=4.0;gat_hidden_dim=256;graph_metric=cosine;hyperbolic_readout=1;jk_mode=max;learnable_curvature=1;lr=0.0002;num_layers=4;proj_dim=256;readout_clip=0.3;readout_scale=1;scorer_hidden=128;tau_quantile=0.38;weight_decay=5e-05,256,cosine,max,0.0002,4,256,128,0.38,5e-05,32.52,543.14,0.37583,0.0,,,,4.0,1,1,0.3,1,,,,,
glue|TinyLlama/TinyLlama-1.1B-Chat-v1.0|cola_wide|B|t1|s42|tune,glue,TinyLlama/TinyLlama-1.1B-Chat-v1.0,cola_wide,cola,B,tune,1,42,mcc,curvature=0.25;gat_hidden_dim=256;graph_metric=cosine;hyperbolic_readout=1;jk_mode=max;learnable_curvature=0;lr=2e-05;num_layers=2;proj_dim=256;readout_clip=0.7;readout_scale=1;scorer_hidden=256;tau_quantile=0.05;weight_decay=5e-05,256,cosine,max,2e-05,2,256,256,0.05,5e-05,0.0,541.39,0.04929,0.01953,,,,0.25,1,0,0.7,1,,,,,
glue|TinyLlama/TinyLlama-1.1B-Chat-v1.0|cola_wide|B|t2|s42|tune,glue,TinyLlama/TinyLlama-1.1B-Chat-v1.0,cola_wide,cola,B,tune,2,42,mcc,curvature=4.0;gat_hidden_dim=128;graph_metric=cosine;hyperbolic_readout=1;jk_mode=max;learnable_curvature=0;lr=0.001;num_layers=4;proj_dim=128;readout_clip=0.7;readout_scale=1;scorer_hidden=256;tau_quantile=0.05;weight_decay=5e-05,128,cosine,max,0.001,4,128,256,0.05,5e-05,38.34,538.97,0.04872,0.02734,,,,4.0,1,0,0.7,1,,,,,
glue|TinyLlama/TinyLlama-1.1B-Chat-v1.0|cola_wide|B|t3|s42|tune,glue,TinyLlama/TinyLlama-1.1B-Chat-v1.0,cola_wide,cola,B,tune,3,42,mcc,curvature=4.0;gat_hidden_dim=64;graph_metric=cosine;hyperbolic_readout=1;jk_mode=max;learnable_curvature=1;lr=0.001;num_layers=2;proj_dim=512;readout_clip=1.0;readout_scale=0;scorer_hidden=128;tau_quantile=0.38;weight_decay=1e-05,64,cosine,max,0.001,2,512,128,0.38,1e-05,39.88,537.05,0.37582,0.0,,,,4.0,1,1,1.0,0,,,,,
glue|TinyLlama/TinyLlama-1.1B-Chat-v1.0|cola_wide|B|t4|s42|tune,glue,TinyLlama/TinyLlama-1.1B-Chat-v1.0,cola_wide,cola,B,tune,4,42,mcc,curvature=0.25;gat_hidden_dim=128;graph_metric=cosine;hyperbolic_readout=1;jk_mode=cat;learnable_curvature=0;lr=0.0002;num_layers=4;proj_dim=256;readout_clip=0.7;readout_scale=0;scorer_hidden=128;tau_quantile=0.2;weight_decay=5e-05,128,cosine,cat,0.0002,4,256,128,0.2,5e-05,36.6,540.5,0.1951,0.0,,,,0.25,1,0,0.7,0,,,,,
glue|TinyLlama/TinyLlama-1.1B-Chat-v1.0|cola_wide|B|t5|s42|tune,glue,TinyLlama/TinyLlama-1.1B-Chat-v1.0,cola_wide,cola,B,tune,5,42,mcc,curvature=1.0;gat_hidden_dim=256;graph_metric=cosine;hyperbolic_readout=1;jk_mode=max;learnable_curvature=1;lr=0.001;num_layers=4;proj_dim=128;readout_clip=1.0;readout_scale=0;scorer_hidden=128;tau_quantile=0.05;weight_decay=1e-05,256,cosine,max,0.001,4,128,128,0.05,1e-05,39.31,539.71,0.04823,0.03906,,,,1.0,1,1,1.0,0,,,,,
glue|TinyLlama/TinyLlama-1.1B-Chat-v1.0|cola_wide|B|t6|s42|tune,glue,TinyLlama/TinyLlama-1.1B-Chat-v1.0,cola_wide,cola,B,tune,6,42,mcc,curvature=1.0;gat_hidden_dim=256;graph_metric=cosine;hyperbolic_readout=1;jk_mode=cat;learnable_curvature=0;lr=0.0002;num_layers=2;proj_dim=256;readout_clip=0.7;readout_scale=1;scorer_hidden=128;tau_quantile=0.05;weight_decay=0.0,256,cosine,cat,0.0002,2,256,128,0.05,0.0,34.05,538.27,0.04905,0.02344,,,,1.0,1,0,0.7,1,,,,,
glue|TinyLlama/TinyLlama-1.1B-Chat-v1.0|cola_wide|B|t7|s42|tune,glue,TinyLlama/TinyLlama-1.1B-Chat-v1.0,cola_wide,cola,B,tune,7,42,mcc,curvature=4.0;gat_hidden_dim=128;graph_metric=cosine;hyperbolic_readout=1;jk_mode=cat;learnable_curvature=1;lr=2e-05;num_layers=4;proj_dim=256;readout_clip=0.3;readout_scale=1;scorer_hidden=128;tau_quantile=0.38;weight_decay=0.0,128,cosine,cat,2e-05,4,256,128,0.38,0.0,0.0,541.01,0.37556,0.0,,,,4.0,1,1,0.3,1,,,,,
glue|TinyLlama/TinyLlama-1.1B-Chat-v1.0|cola_wide|B|t8|s42|tune,glue,TinyLlama/TinyLlama-1.1B-Chat-v1.0,cola_wide,cola,B,tune,8,42,mcc,curvature=1.0;gat_hidden_dim=64;graph_metric=cosine;hyperbolic_readout=1;jk_mode=max;learnable_curvature=1;lr=0.001;num_layers=2;proj_dim=256;readout_clip=0.3;readout_scale=1;scorer_hidden=256;tau_quantile=0.05;weight_decay=1e-05,64,cosine,max,0.001,2,256,256,0.05,1e-05,33.62,538.15,0.04847,0.03906,,,,1.0,1,1,0.3,1,,,,,
glue|TinyLlama/TinyLlama-1.1B-Chat-v1.0|cola_wide|B|t9|s42|tune,glue,TinyLlama/TinyLlama-1.1B-Chat-v1.0,cola_wide,cola,B,tune,9,42,mcc,curvature=1.0;gat_hidden_dim=256;graph_metric=cosine;hyperbolic_readout=1;jk_mode=cat;learnable_curvature=1;lr=2e-05;num_layers=4;proj_dim=256;readout_clip=1.0;readout_scale=1;scorer_hidden=128;tau_quantile=0.2;weight_decay=1e-05,256,cosine,cat,2e-05,4,256,128,0.2,1e-05,0.0,541.97,0.19566,0.0,,,,1.0,1,1,1.0,1,,,,,
glue|TinyLlama/TinyLlama-1.1B-Chat-v1.0|cola_wide|C|t0|s42|tune,glue,TinyLlama/TinyLlama-1.1B-Chat-v1.0,cola_wide,cola,C,tune,0,42,mcc,curvature=1.0;gat_hidden_dim=128;gnn_input_clip=0.7;gnn_input_scale=1;graph_metric=cosine;hyp_gnn_type=gcn;hyperbolic_gnn=1;jk_mode=max;lr=0.0002;num_layers=4;proj_dim=256;scorer_hidden=256;tau_quantile=0.38;weight_decay=1e-05,128,cosine,max,0.0002,4,256,256,0.38,1e-05,38.86,561.9,0.37679,0.0,,,,1.0,,,,,0.7,1,gcn,1,
glue|TinyLlama/TinyLlama-1.1B-Chat-v1.0|cola_wide|C|t1|s42|tune,glue,TinyLlama/TinyLlama-1.1B-Chat-v1.0,cola_wide,cola,C,tune,1,42,mcc,curvature=0.25;gat_hidden_dim=64;gnn_input_clip=1.0;gnn_input_scale=1;graph_metric=cosine;hyp_gnn_type=gcn;hyperbolic_gnn=1;jk_mode=cat;lr=2e-05;num_layers=4;proj_dim=512;scorer_hidden=128;tau_quantile=0.025;weight_decay=5e-05,64,cosine,cat,2e-05,4,512,128,0.025,5e-05,32.51,522.15,0.02631,0.07031,,,,0.25,,,,,1.0,1,gcn,1,
glue|TinyLlama/TinyLlama-1.1B-Chat-v1.0|cola_wide|C|t2|s42|tune,glue,TinyLlama/TinyLlama-1.1B-Chat-v1.0,cola_wide,cola,C,tune,2,42,mcc,curvature=0.25;gat_hidden_dim=64;gnn_input_clip=0.3;gnn_input_scale=1;graph_metric=cosine;hyp_gnn_type=gat;hyperbolic_gnn=1;jk_mode=cat;lr=2e-05;num_layers=2;proj_dim=128;scorer_hidden=128;tau_quantile=0.025;weight_decay=1e-05,64,cosine,cat,2e-05,2,128,128,0.025,1e-05,0.0,545.67,0.02606,0.05078,,,,0.25,,,,,0.3,1,gat,1,
glue|TinyLlama/TinyLlama-1.1B-Chat-v1.0|cola_wide|C|t3|s42|tune,glue,TinyLlama/TinyLlama-1.1B-Chat-v1.0,cola_wide,cola,C,tune,3,42,mcc,curvature=1.0;gat_hidden_dim=64;gnn_input_clip=1.0;gnn_input_scale=0;graph_metric=cosine;hyp_gnn_type=gcn;hyperbolic_gnn=1;jk_mode=cat;lr=2e-05;num_layers=2;proj_dim=512;scorer_hidden=128;tau_quantile=0.025;weight_decay=0.0,64,cosine,cat,2e-05,2,512,128,0.025,0.0,0.0,542.49,0.0273,0.04688,,,,1.0,,,,,1.0,0,gcn,1,
glue|TinyLlama/TinyLlama-1.1B-Chat-v1.0|cola_wide|C|t4|s42|tune,glue,TinyLlama/TinyLlama-1.1B-Chat-v1.0,cola_wide,cola,C,tune,4,42,mcc,curvature=4.0;gat_hidden_dim=256;gnn_input_clip=1.0;gnn_input_scale=1;graph_metric=cosine;hyp_gnn_type=gcn;hyperbolic_gnn=1;jk_mode=max;lr=2e-05;num_layers=2;proj_dim=512;scorer_hidden=256;tau_quantile=0.38;weight_decay=0.0,256,cosine,max,2e-05,2,512,256,0.38,0.0,0.0,546.67,0.37532,0.0,,,,4.0,,,,,1.0,1,gcn,1,
glue|TinyLlama/TinyLlama-1.1B-Chat-v1.0|cola_wide|C|t5|s42|tune,glue,TinyLlama/TinyLlama-1.1B-Chat-v1.0,cola_wide,cola,C,tune,5,42,mcc,curvature=1.0;gat_hidden_dim=256;gnn_input_clip=0.3;gnn_input_scale=1;graph_metric=cosine;hyp_gnn_type=gat;hyperbolic_gnn=1;jk_mode=cat;lr=0.0002;num_layers=2;proj_dim=512;scorer_hidden=128;tau_quantile=0.2;weight_decay=1e-05,256,cosine,cat,0.0002,2,512,128,0.2,1e-05,37.69,545.71,0.1958,0.0,,,,1.0,,,,,0.3,1,gat,1,
glue|TinyLlama/TinyLlama-1.1B-Chat-v1.0|cola_wide|C|t6|s42|tune,glue,TinyLlama/TinyLlama-1.1B-Chat-v1.0,cola_wide,cola,C,tune,6,42,mcc,curvature=1.0;gat_hidden_dim=128;gnn_input_clip=0.7;gnn_input_scale=1;graph_metric=cosine;hyp_gnn_type=gcn;hyperbolic_gnn=1;jk_mode=max;lr=2e-05;num_layers=2;proj_dim=128;scorer_hidden=256;tau_quantile=0.05;weight_decay=5e-05,128,cosine,max,2e-05,2,128,256,0.05,5e-05,0.0,547.41,0.04901,0.04297,,,,1.0,,,,,0.7,1,gcn,1,
glue|TinyLlama/TinyLlama-1.1B-Chat-v1.0|cola_wide|C|t7|s42|tune,glue,TinyLlama/TinyLlama-1.1B-Chat-v1.0,cola_wide,cola,C,tune,7,42,mcc,curvature=1.0;gat_hidden_dim=256;gnn_input_clip=0.7;gnn_input_scale=1;graph_metric=cosine;hyp_gnn_type=gat;hyperbolic_gnn=1;jk_mode=max;lr=2e-05;num_layers=4;proj_dim=512;scorer_hidden=256;tau_quantile=0.38;weight_decay=1e-05,256,cosine,max,2e-05,4,512,256,0.38,1e-05,0.0,559.56,0.37538,0.0,,,,1.0,,,,,0.7,1,gat,1,
glue|TinyLlama/TinyLlama-1.1B-Chat-v1.0|cola_wide|C|t8|s42|tune,glue,TinyLlama/TinyLlama-1.1B-Chat-v1.0,cola_wide,cola,C,tune,8,42,mcc,curvature=4.0;gat_hidden_dim=128;gnn_input_clip=0.3;gnn_input_scale=1;graph_metric=cosine;hyp_gnn_type=gcn;hyperbolic_gnn=1;jk_mode=max;lr=2e-05;num_layers=4;proj_dim=512;scorer_hidden=128;tau_quantile=0.2;weight_decay=1e-05,128,cosine,max,2e-05,4,512,128,0.2,1e-05,0.0,560.59,0.19634,0.0,,,,4.0,,,,,0.3,1,gcn,1,
glue|TinyLlama/TinyLlama-1.1B-Chat-v1.0|cola_wide|C|t9|s42|tune,glue,TinyLlama/TinyLlama-1.1B-Chat-v1.0,cola_wide,cola,C,tune,9,42,mcc,curvature=4.0;gat_hidden_dim=128;gnn_input_clip=0.7;gnn_input_scale=0;graph_metric=cosine;hyp_gnn_type=gcn;hyperbolic_gnn=1;jk_mode=cat;lr=0.001;num_layers=2;proj_dim=512;scorer_hidden=128;tau_quantile=0.05;weight_decay=1e-05,128,cosine,cat,0.001,2,512,128,0.05,1e-05,31.03,546.81,0.04857,0.03906,,,,4.0,,,,,0.7,0,gcn,1,
glue|TinyLlama/TinyLlama-1.1B-Chat-v1.0|cola_wide|AB|t0|s42|tune,glue,TinyLlama/TinyLlama-1.1B-Chat-v1.0,cola_wide,cola,AB,tune,0,42,mcc,curvature=0.25;feature_mode=cls_root_unit;gat_hidden_dim=128;graph_curvature=1.0;graph_metric=poincare;hyperbolic_readout=1;jk_mode=max;learnable_curvature=1;lr=0.0002;num_layers=2;proj_dim=256;readout_clip=1.0;readout_scale=0;rho_quantile=0.025;scorer_hidden=256;weight_decay=5e-05,128,poincare,max,0.0002,2,256,256,,5e-05,32.82,565.18,0.02685,0.06641,cls_root_unit,1.0,0.025,0.25,1,1,1.0,0,,,,,
glue|TinyLlama/TinyLlama-1.1B-Chat-v1.0|cola_wide|AB|t1|s42|tune,glue,TinyLlama/TinyLlama-1.1B-Chat-v1.0,cola_wide,cola,AB,tune,1,42,mcc,curvature=1.0;feature_mode=center_unit;gat_hidden_dim=64;graph_curvature=9.0;graph_metric=poincare;hyperbolic_readout=1;jk_mode=max;learnable_curvature=0;lr=0.0002;num_layers=2;proj_dim=128;readout_clip=0.0;readout_scale=1;rho_quantile=0.2;scorer_hidden=256;weight_decay=0.0,64,poincare,max,0.0002,2,128,256,,0.0,40.37,564.53,0.19432,0.00391,center_unit,9.0,0.2,1.0,1,0,0.0,1,,,,,
glue|TinyLlama/TinyLlama-1.1B-Chat-v1.0|cola_wide|AB|t2|s42|tune,glue,TinyLlama/TinyLlama-1.1B-Chat-v1.0,cola_wide,cola,AB,tune,2,42,mcc,curvature=1.0;feature_mode=unit;gat_hidden_dim=256;graph_curvature=9.0;graph_metric=poincare;hyperbolic_readout=1;jk_mode=cat;learnable_curvature=0;lr=2e-05;num_layers=2;proj_dim=512;readout_clip=0.0;readout_scale=0;rho_quantile=0.38;scorer_hidden=256;weight_decay=1e-05,256,poincare,cat,2e-05,2,512,256,,1e-05,0.0,563.25,0.37562,0.0,unit,9.0,0.38,1.0,1,0,0.0,0,,,,,
glue|TinyLlama/TinyLlama-1.1B-Chat-v1.0|cola_wide|AB|t3|s42|tune,glue,TinyLlama/TinyLlama-1.1B-Chat-v1.0,cola_wide,cola,AB,tune,3,42,mcc,curvature=4.0;feature_mode=center;gat_hidden_dim=128;graph_curvature=4.0;graph_metric=poincare;hyperbolic_readout=1;jk_mode=cat;learnable_curvature=0;lr=0.0002;num_layers=2;proj_dim=256;readout_clip=0.3;readout_scale=1;rho_quantile=0.1;scorer_hidden=128;weight_decay=1e-05,128,poincare,cat,0.0002,2,256,128,,1e-05,0.0,563.2,0.09856,0.00391,center,4.0,0.1,4.0,1,0,0.3,1,,,,,
glue|TinyLlama/TinyLlama-1.1B-Chat-v1.0|cola_wide|AB|t4|s42|tune,glue,TinyLlama/TinyLlama-1.1B-Chat-v1.0,cola_wide,cola,AB,tune,4,42,mcc,curvature=4.0;feature_mode=unit;gat_hidden_dim=256;graph_curvature=0.25;graph_metric=poincare;hyperbolic_readout=1;jk_mode=cat;learnable_curvature=1;lr=2e-05;num_layers=2;proj_dim=256;readout_clip=1.0;readout_scale=1;rho_quantile=0.1;scorer_hidden=256;weight_decay=5e-05,256,poincare,cat,2e-05,2,256,256,,5e-05,0.0,564.74,0.09839,0.0,unit,0.25,0.1,4.0,1,1,1.0,1,,,,,
glue|TinyLlama/TinyLlama-1.1B-Chat-v1.0|cola_wide|AB|t5|s42|tune,glue,TinyLlama/TinyLlama-1.1B-Chat-v1.0,cola_wide,cola,AB,tune,5,42,mcc,curvature=4.0;feature_mode=cls_root_unit;gat_hidden_dim=64;graph_curvature=4.0;graph_metric=poincare;hyperbolic_readout=1;jk_mode=cat;learnable_curvature=0;lr=0.0002;num_layers=4;proj_dim=128;readout_clip=1.0;readout_scale=0;rho_quantile=0.1;scorer_hidden=256;weight_decay=5e-05,64,poincare,cat,0.0002,4,128,256,,5e-05,0.0,567.79,0.09796,0.0,cls_root_unit,4.0,0.1,4.0,1,0,1.0,0,,,,,
glue|TinyLlama/TinyLlama-1.1B-Chat-v1.0|cola_wide|AB|t6|s42|tune,glue,TinyLlama/TinyLlama-1.1B-Chat-v1.0,cola_wide,cola,AB,tune,6,42,mcc,curvature=1.0;feature_mode=center;gat_hidden_dim=64;graph_curvature=4.0;graph_metric=poincare;hyperbolic_readout=1;jk_mode=max;learnable_curvature=1;lr=0.0002;num_layers=2;proj_dim=256;readout_clip=1.0;readout_scale=1;rho_quantile=0.05;scorer_hidden=256;weight_decay=5e-05,64,poincare,max,0.0002,2,256,256,,5e-05,37.29,561.47,0.04713,0.04688,center,4.0,0.05,1.0,1,1,1.0,1,,,,,
glue|TinyLlama/TinyLlama-1.1B-Chat-v1.0|cola_wide|AB|t7|s42|tune,glue,TinyLlama/TinyLlama-1.1B-Chat-v1.0,cola_wide,cola,AB,tune,7,42,mcc,curvature=4.0;feature_mode=unit;gat_hidden_dim=128;graph_curvature=1.0;graph_metric=poincare;hyperbolic_readout=1;jk_mode=max;learnable_curvature=1;lr=0.001;num_layers=2;proj_dim=128;readout_clip=0.7;readout_scale=1;rho_quantile=0.2;scorer_hidden=256;weight_decay=1e-05,128,poincare,max,0.001,2,128,256,,1e-05,23.96,563.59,0.19444,0.0,unit,1.0,0.2,4.0,1,1,0.7,1,,,,,
glue|TinyLlama/TinyLlama-1.1B-Chat-v1.0|cola_wide|AB|t8|s42|tune,glue,TinyLlama/TinyLlama-1.1B-Chat-v1.0,cola_wide,cola,AB,tune,8,42,mcc,curvature=4.0;feature_mode=center_unit;gat_hidden_dim=128;graph_curvature=4.0;graph_metric=poincare;hyperbolic_readout=1;jk_mode=cat;learnable_curvature=1;lr=0.0002;num_layers=4;proj_dim=512;readout_clip=0.7;readout_scale=1;rho_quantile=0.05;scorer_hidden=128;weight_decay=5e-05,128,poincare,cat,0.0002,4,512,128,,5e-05,32.9,570.64,0.04697,0.03516,center_unit,4.0,0.05,4.0,1,1,0.7,1,,,,,
glue|TinyLlama/TinyLlama-1.1B-Chat-v1.0|cola_wide|AB|t9|s42|tune,glue,TinyLlama/TinyLlama-1.1B-Chat-v1.0,cola_wide,cola,AB,tune,9,42,mcc,curvature=0.25;feature_mode=unit;gat_hidden_dim=64;graph_curvature=0.25;graph_metric=poincare;hyperbolic_readout=1;jk_mode=cat;learnable_curvature=0;lr=0.0002;num_layers=4;proj_dim=512;readout_clip=0.7;readout_scale=0;rho_quantile=0.2;scorer_hidden=128;weight_decay=1e-05,64,poincare,cat,0.0002,4,512,128,,1e-05,0.0,568.77,0.19518,0.0,unit,0.25,0.2,0.25,1,0,0.7,0,,,,,
glue|TinyLlama/TinyLlama-1.1B-Chat-v1.0|cola_wide|AC|t0|s42|tune,glue,TinyLlama/TinyLlama-1.1B-Chat-v1.0,cola_wide,cola,AC,tune,0,42,mcc,curvature=0.25;feature_mode=cls_root_unit;gat_hidden_dim=256;gnn_input_clip=0.0;gnn_input_scale=0;graph_curvature=0.25;graph_metric=poincare;hyp_gnn_type=gat;hyperbolic_gnn=1;jk_mode=cat;lr=0.001;num_layers=2;proj_dim=256;rho_quantile=0.38;scorer_hidden=128;weight_decay=1e-05,256,poincare,cat,0.001,2,256,128,,1e-05,42.46,569.74,0.3752,0.0,cls_root_unit,0.25,0.38,0.25,,,,,0.0,0,gat,1,
glue|TinyLlama/TinyLlama-1.1B-Chat-v1.0|cola_wide|AC|t1|s42|tune,glue,TinyLlama/TinyLlama-1.1B-Chat-v1.0,cola_wide,cola,AC,tune,1,42,mcc,curvature=0.25;feature_mode=center_unit;gat_hidden_dim=256;gnn_input_clip=0.0;gnn_input_scale=0;graph_curvature=4.0;graph_metric=poincare;hyp_gnn_type=gat;hyperbolic_gnn=1;jk_mode=cat;lr=0.001;num_layers=4;proj_dim=512;rho_quantile=0.1;scorer_hidden=128;weight_decay=1e-05,256,poincare,cat,0.001,4,512,128,,1e-05,41.26,572.86,0.09889,0.0,center_unit,4.0,0.1,0.25,,,,,0.0,0,gat,1,
glue|TinyLlama/TinyLlama-1.1B-Chat-v1.0|cola_wide|AC|t2|s42|tune,glue,TinyLlama/TinyLlama-1.1B-Chat-v1.0,cola_wide,cola,AC,tune,2,42,mcc,curvature=1.0;feature_mode=center_unit;gat_hidden_dim=256;gnn_input_clip=1.0;gnn_input_scale=0;graph_curvature=2.25;graph_metric=poincare;hyp_gnn_type=gat;hyperbolic_gnn=1;jk_mode=cat;lr=0.0002;num_layers=4;proj_dim=512;rho_quantile=0.025;scorer_hidden=128;weight_decay=1e-05,256,poincare,cat,0.0002,4,512,128,,1e-05,41.42,586.6,0.02612,0.07422,center_unit,2.25,0.025,1.0,,,,,1.0,0,gat,1,
glue|TinyLlama/TinyLlama-1.1B-Chat-v1.0|cola_wide|AC|t3|s42|tune,glue,TinyLlama/TinyLlama-1.1B-Chat-v1.0,cola_wide,cola,AC,tune,3,42,mcc,curvature=0.25;feature_mode=center;gat_hidden_dim=64;gnn_input_clip=0.7;gnn_input_scale=0;graph_curvature=2.25;graph_metric=poincare;hyp_gnn_type=gat;hyperbolic_gnn=1;jk_mode=cat;lr=0.0002;num_layers=2;proj_dim=256;rho_quantile=0.1;scorer_hidden=256;weight_decay=0.0,64,poincare,cat,0.0002,2,256,256,,0.0,0.0,571.02,0.09807,0.0,center,2.25,0.1,0.25,,,,,0.7,0,gat,1,
glue|TinyLlama/TinyLlama-1.1B-Chat-v1.0|cola_wide|AC|t4|s42|tune,glue,TinyLlama/TinyLlama-1.1B-Chat-v1.0,cola_wide,cola,AC,tune,4,42,mcc,curvature=4.0;feature_mode=center_unit;gat_hidden_dim=64;gnn_input_clip=0.7;gnn_input_scale=1;graph_curvature=2.25;graph_metric=poincare;hyp_gnn_type=gat;hyperbolic_gnn=1;jk_mode=cat;lr=2e-05;num_layers=2;proj_dim=128;rho_quantile=0.05;scorer_hidden=128;weight_decay=0.0,64,poincare,cat,2e-05,2,128,128,,0.0,0.0,573.44,0.04831,0.02734,center_unit,2.25,0.05,4.0,,,,,0.7,1,gat,1,
glue|TinyLlama/TinyLlama-1.1B-Chat-v1.0|cola_wide|AC|t5|s42|tune,glue,TinyLlama/TinyLlama-1.1B-Chat-v1.0,cola_wide,cola,AC,tune,5,42,mcc,curvature=0.25;feature_mode=center;gat_hidden_dim=128;gnn_input_clip=0.0;gnn_input_scale=0;graph_curvature=1.0;graph_metric=poincare;hyp_gnn_type=gat;hyperbolic_gnn=1;jk_mode=max;lr=0.001;num_layers=4;proj_dim=128;rho_quantile=0.05;scorer_hidden=256;weight_decay=1e-05,128,poincare,max,0.001,4,128,256,,1e-05,44.35,581.89,0.04745,0.03516,center,1.0,0.05,0.25,,,,,0.0,0,gat,1,
glue|TinyLlama/TinyLlama-1.1B-Chat-v1.0|cola_wide|AC|t6|s42|tune,glue,TinyLlama/TinyLlama-1.1B-Chat-v1.0,cola_wide,cola,AC,tune,6,42,mcc,curvature=1.0;feature_mode=cls_root_unit;gat_hidden_dim=64;gnn_input_clip=0.3;gnn_input_scale=1;graph_curvature=1.0;graph_metric=poincare;hyp_gnn_type=gat;hyperbolic_gnn=1;jk_mode=max;lr=2e-05;num_layers=2;proj_dim=256;rho_quantile=0.2;scorer_hidden=128;weight_decay=5e-05,64,poincare,max,2e-05,2,256,128,,5e-05,0.0,574.6,0.19604,0.0,cls_root_unit,1.0,0.2,1.0,,,,,0.3,1,gat,1,
glue|TinyLlama/TinyLlama-1.1B-Chat-v1.0|cola_wide|AC|t7|s42|tune,glue,TinyLlama/TinyLlama-1.1B-Chat-v1.0,cola_wide,cola,AC,tune,7,42,mcc,curvature=4.0;feature_mode=center;gat_hidden_dim=256;gnn_input_clip=0.7;gnn_input_scale=0;graph_curvature=4.0;graph_metric=poincare;hyp_gnn_type=gcn;hyperbolic_gnn=1;jk_mode=max;lr=2e-05;num_layers=2;proj_dim=512;rho_quantile=0.025;scorer_hidden=256;weight_decay=0.0,256,poincare,max,2e-05,2,512,256,,0.0,0.0,572.29,0.02663,0.05078,center,4.0,0.025,4.0,,,,,0.7,0,gcn,1,
glue|TinyLlama/TinyLlama-1.1B-Chat-v1.0|cola_wide|AC|t8|s42|tune,glue,TinyLlama/TinyLlama-1.1B-Chat-v1.0,cola_wide,cola,AC,tune,8,42,mcc,curvature=1.0;feature_mode=center;gat_hidden_dim=256;gnn_input_clip=0.3;gnn_input_scale=0;graph_curvature=0.25;graph_metric=poincare;hyp_gnn_type=gat;hyperbolic_gnn=1;jk_mode=cat;lr=0.0002;num_layers=4;proj_dim=256;rho_quantile=0.1;scorer_hidden=256;weight_decay=1e-05,256,poincare,cat,0.0002,4,256,256,,1e-05,41.26,582.67,0.09865,0.0,center,0.25,0.1,1.0,,,,,0.3,0,gat,1,
glue|TinyLlama/TinyLlama-1.1B-Chat-v1.0|cola_wide|AC|t9|s42|tune,glue,TinyLlama/TinyLlama-1.1B-Chat-v1.0,cola_wide,cola,AC,tune,9,42,mcc,curvature=0.25;feature_mode=center_unit;gat_hidden_dim=64;gnn_input_clip=0.0;gnn_input_scale=0;graph_curvature=2.25;graph_metric=poincare;hyp_gnn_type=gcn;hyperbolic_gnn=1;jk_mode=max;lr=0.0002;num_layers=4;proj_dim=128;rho_quantile=0.2;scorer_hidden=128;weight_decay=1e-05,64,poincare,max,0.0002,4,128,128,,1e-05,35.78,587.77,0.19553,0.0,center_unit,2.25,0.2,0.25,,,,,0.0,0,gcn,1,
glue|TinyLlama/TinyLlama-1.1B-Chat-v1.0|cola_wide|BC|t0|s42|tune,glue,TinyLlama/TinyLlama-1.1B-Chat-v1.0,cola_wide,cola,BC,tune,0,42,mcc,curvature=1.0;gat_hidden_dim=256;gnn_input_clip=1.0;gnn_input_scale=0;graph_metric=cosine;hyp_gnn_type=gat;hyperbolic_gnn=1;hyperbolic_readout=1;jk_mode=cat;learnable_curvature=1;lr=2e-05;num_layers=2;proj_dim=256;readout_clip=0.3;readout_scale=1;scorer_hidden=128;tau_quantile=0.05;weight_decay=5e-05,256,cosine,cat,2e-05,2,256,128,0.05,5e-05,0.0,552.78,0.04856,0.03125,,,,1.0,1,1,0.3,1,1.0,0,gat,1,
glue|TinyLlama/TinyLlama-1.1B-Chat-v1.0|cola_wide|BC|t1|s42|tune,glue,TinyLlama/TinyLlama-1.1B-Chat-v1.0,cola_wide,cola,BC,tune,1,42,mcc,curvature=4.0;gat_hidden_dim=256;gnn_input_clip=0.7;gnn_input_scale=0;graph_metric=cosine;hyp_gnn_type=gat;hyperbolic_gnn=1;hyperbolic_readout=1;jk_mode=max;learnable_curvature=0;lr=2e-05;num_layers=4;proj_dim=128;readout_clip=1.0;readout_scale=1;scorer_hidden=256;tau_quantile=0.2;weight_decay=0.0,256,cosine,max,2e-05,4,128,256,0.2,0.0,0.0,564.05,0.19521,0.0,,,,4.0,1,0,1.0,1,0.7,0,gat,1,
glue|TinyLlama/TinyLlama-1.1B-Chat-v1.0|cola_wide|BC|t2|s42|tune,glue,TinyLlama/TinyLlama-1.1B-Chat-v1.0,cola_wide,cola,BC,tune,2,42,mcc,curvature=0.25;gat_hidden_dim=64;gnn_input_clip=0.7;gnn_input_scale=1;graph_metric=cosine;hyp_gnn_type=gat;hyperbolic_gnn=1;hyperbolic_readout=1;jk_mode=cat;learnable_curvature=1;lr=0.001;num_layers=2;proj_dim=512;readout_clip=0.0;readout_scale=1;scorer_hidden=256;tau_quantile=0.1;weight_decay=5e-05,64,cosine,cat,0.001,2,512,256,0.1,5e-05,34.02,552.27,0.09965,0.0,,,,0.25,1,1,0.0,1,0.7,1,gat,1,
glue|TinyLlama/TinyLlama-1.1B-Chat-v1.0|cola_wide|BC|t3|s42|tune,glue,TinyLlama/TinyLlama-1.1B-Chat-v1.0,cola_wide,cola,BC,tune,3,42,mcc,curvature=0.25;gat_hidden_dim=256;gnn_input_clip=1.0;gnn_input_scale=0;graph_metric=cosine;hyp_gnn_type=gcn;hyperbolic_gnn=1;hyperbolic_readout=1;jk_mode=max;learnable_curvature=0;lr=0.001;num_layers=4;proj_dim=256;readout_clip=0.7;readout_scale=0;scorer_hidden=256;tau_quantile=0.05;weight_decay=1e-05,256,cosine,max,0.001,4,256,256,0.05,1e-05,41.35,562.86,0.04884,0.02734,,,,0.25,1,0,0.7,0,1.0,0,gcn,1,
glue|TinyLlama/TinyLlama-1.1B-Chat-v1.0|cola_wide|BC|t4|s42|tune,glue,TinyLlama/TinyLlama-1.1B-Chat-v1.0,cola_wide,cola,BC,tune,4,42,mcc,curvature=4.0;gat_hidden_dim=128;gnn_input_clip=1.0;gnn_input_scale=0;graph_metric=cosine;hyp_gnn_type=gcn;hyperbolic_gnn=1;hyperbolic_readout=1;jk_mode=cat;learnable_curvature=0;lr=0.0002;num_layers=2;proj_dim=128;readout_clip=0.0;readout_scale=0;scorer_hidden=256;tau_quantile=0.38;weight_decay=0.0,128,cosine,cat,0.0002,2,128,256,0.38,0.0,0.0,550.12,0.37579,0.0,,,,4.0,1,0,0.0,0,1.0,0,gcn,1,
glue|TinyLlama/TinyLlama-1.1B-Chat-v1.0|cola_wide|BC|t5|s42|tune,glue,TinyLlama/TinyLlama-1.1B-Chat-v1.0,cola_wide,cola,BC,tune,5,42,mcc,curvature=1.0;gat_hidden_dim=256;gnn_input_clip=0.7;gnn_input_scale=1;graph_metric=cosine;hyp_gnn_type=gcn;hyperbolic_gnn=1;hyperbolic_readout=1;jk_mode=max;learnable_curvature=1;lr=2e-05;num_layers=2;proj_dim=512;readout_clip=0.7;readout_scale=1;scorer_hidden=128;tau_quantile=0.025;weight_decay=5e-05,256,cosine,max,2e-05,2,512,128,0.025,5e-05,0.0,554.69,0.02729,0.03906,,,,1.0,1,1,0.7,1,0.7,1,gcn,1,
glue|TinyLlama/TinyLlama-1.1B-Chat-v1.0|cola_wide|BC|t6|s42|tune,glue,TinyLlama/TinyLlama-1.1B-Chat-v1.0,cola_wide,cola,BC,tune,6,42,mcc,curvature=1.0;gat_hidden_dim=128;gnn_input_clip=0.0;gnn_input_scale=0;graph_metric=cosine;hyp_gnn_type=gat;hyperbolic_gnn=1;hyperbolic_readout=1;jk_mode=max;learnable_curvature=1;lr=0.001;num_layers=2;proj_dim=256;readout_clip=1.0;readout_scale=0;scorer_hidden=256;tau_quantile=0.2;weight_decay=5e-05,128,cosine,max,0.001,2,256,256,0.2,5e-05,40.34,552.63,0.19604,0.0,,,,1.0,1,1,1.0,0,0.0,0,gat,1,
glue|TinyLlama/TinyLlama-1.1B-Chat-v1.0|cola_wide|BC|t7|s42|tune,glue,TinyLlama/TinyLlama-1.1B-Chat-v1.0,cola_wide,cola,BC,tune,7,42,mcc,curvature=4.0;gat_hidden_dim=64;gnn_input_clip=0.7;gnn_input_scale=0;graph_metric=cosine;hyp_gnn_type=gcn;hyperbolic_gnn=1;hyperbolic_readout=1;jk_mode=cat;learnable_curvature=0;lr=0.0002;num_layers=2;proj_dim=256;readout_clip=0.7;readout_scale=0;scorer_hidden=256;tau_quantile=0.1;weight_decay=1e-05,64,cosine,cat,0.0002,2,256,256,0.1,1e-05,0.0,505.7,0.09945,0.0,,,,4.0,1,0,0.7,0,0.7,0,gcn,1,
glue|TinyLlama/TinyLlama-1.1B-Chat-v1.0|cola_wide|BC|t8|s42|tune,glue,TinyLlama/TinyLlama-1.1B-Chat-v1.0,cola_wide,cola,BC,tune,8,42,mcc,curvature=0.25;gat_hidden_dim=128;gnn_input_clip=0.7;gnn_input_scale=1;graph_metric=cosine;hyp_gnn_type=gat;hyperbolic_gnn=1;hyperbolic_readout=1;jk_mode=max;learnable_curvature=1;lr=0.001;num_layers=4;proj_dim=128;readout_clip=1.0;readout_scale=0;scorer_hidden=256;tau_quantile=0.05;weight_decay=1e-05,128,cosine,max,0.001,4,128,256,0.05,1e-05,41.19,566.54,0.0485,0.03125,,,,0.25,1,1,1.0,0,0.7,1,gat,1,
glue|TinyLlama/TinyLlama-1.1B-Chat-v1.0|cola_wide|BC|t9|s42|tune,glue,TinyLlama/TinyLlama-1.1B-Chat-v1.0,cola_wide,cola,BC,tune,9,42,mcc,curvature=1.0;gat_hidden_dim=64;gnn_input_clip=0.7;gnn_input_scale=0;graph_metric=cosine;hyp_gnn_type=gat;hyperbolic_gnn=1;hyperbolic_readout=1;jk_mode=max;learnable_curvature=0;lr=2e-05;num_layers=4;proj_dim=512;readout_clip=0.0;readout_scale=0;scorer_hidden=128;tau_quantile=0.025;weight_decay=0.0,64,cosine,max,2e-05,4,512,128,0.025,0.0,0.0,560.22,0.02613,0.07812,,,,1.0,1,0,0.0,0,0.7,0,gat,1,
glue|TinyLlama/TinyLlama-1.1B-Chat-v1.0|cola_wide|ABC|t0|s42|tune,glue,TinyLlama/TinyLlama-1.1B-Chat-v1.0,cola_wide,cola,ABC,tune,0,42,mcc,curvature=0.25;feature_mode=unit;gat_hidden_dim=256;gnn_input_clip=0.7;gnn_input_scale=0;graph_curvature=4.0;graph_metric=poincare;hyp_gnn_type=gat;hyperbolic_gnn=1;hyperbolic_readout=1;jk_mode=cat;learnable_curvature=1;lr=0.001;num_layers=4;proj_dim=512;readout_clip=1.0;readout_scale=0;rho_quantile=0.38;scorer_hidden=128;weight_decay=5e-05,256,poincare,cat,0.001,4,512,128,,5e-05,30.33,596.56,0.37557,0.0,unit,4.0,0.38,0.25,1,1,1.0,0,0.7,0,gat,1,
glue|TinyLlama/TinyLlama-1.1B-Chat-v1.0|cola_wide|ABC|t1|s42|tune,glue,TinyLlama/TinyLlama-1.1B-Chat-v1.0,cola_wide,cola,ABC,tune,1,42,mcc,curvature=0.25;feature_mode=unit;gat_hidden_dim=256;gnn_input_clip=1.0;gnn_input_scale=0;graph_curvature=4.0;graph_metric=poincare;hyp_gnn_type=gat;hyperbolic_gnn=1;hyperbolic_readout=1;jk_mode=cat;learnable_curvature=0;lr=0.0002;num_layers=4;proj_dim=512;readout_clip=0.3;readout_scale=0;rho_quantile=0.025;scorer_hidden=128;weight_decay=1e-05,256,poincare,cat,0.0002,4,512,128,,1e-05,0.0,542.39,0.02612,0.07422,unit,4.0,0.025,0.25,1,0,0.3,0,1.0,0,gat,1,
glue|TinyLlama/TinyLlama-1.1B-Chat-v1.0|cola_wide|ABC|t2|s42|tune,glue,TinyLlama/TinyLlama-1.1B-Chat-v1.0,cola_wide,cola,ABC,tune,2,42,mcc,curvature=4.0;feature_mode=unit;gat_hidden_dim=64;gnn_input_clip=0.7;gnn_input_scale=1;graph_curvature=2.25;graph_metric=poincare;hyp_gnn_type=gat;hyperbolic_gnn=1;hyperbolic_readout=1;jk_mode=max;learnable_curvature=0;lr=0.001;num_layers=2;proj_dim=256;readout_clip=0.0;readout_scale=1;rho_quantile=0.05;scorer_hidden=256;weight_decay=1e-05,64,poincare,max,0.001,2,256,256,,1e-05,40.4,575.23,0.0491,0.03516,unit,2.25,0.05,4.0,1,0,0.0,1,0.7,1,gat,1,
glue|TinyLlama/TinyLlama-1.1B-Chat-v1.0|cola_wide|ABC|t3|s42|tune,glue,TinyLlama/TinyLlama-1.1B-Chat-v1.0,cola_wide,cola,ABC,tune,3,42,mcc,curvature=4.0;feature_mode=center_unit;gat_hidden_dim=64;gnn_input_clip=0.7;gnn_input_scale=0;graph_curvature=9.0;graph_metric=poincare;hyp_gnn_type=gat;hyperbolic_gnn=1;hyperbolic_readout=1;jk_mode=cat;learnable_curvature=1;lr=0.001;num_layers=2;proj_dim=512;readout_clip=0.0;readout_scale=0;rho_quantile=0.2;scorer_hidden=256;weight_decay=1e-05,64,poincare,cat,0.001,2,512,256,,1e-05,25.29,580.0,0.19565,0.0,center_unit,9.0,0.2,4.0,1,1,0.0,0,0.7,0,gat,1,
glue|TinyLlama/TinyLlama-1.1B-Chat-v1.0|cola_wide|ABC|t4|s42|tune,glue,TinyLlama/TinyLlama-1.1B-Chat-v1.0,cola_wide,cola,ABC,tune,4,42,mcc,curvature=1.0;feature_mode=cls_root_unit;gat_hidden_dim=128;gnn_input_clip=0.3;gnn_input_scale=0;graph_curvature=9.0;graph_metric=poincare;hyp_gnn_type=gcn;hyperbolic_gnn=1;hyperbolic_readout=1;jk_mode=cat;learnable_curvature=1;lr=0.0002;num_layers=4;proj_dim=256;readout_clip=0.7;readout_scale=0;rho_quantile=0.1;scorer_hidden=256;weight_decay=5e-05,128,poincare,cat,0.0002,4,256,256,,5e-05,0.0,605.68,0.05261,0.16406,cls_root_unit,9.0,0.1,1.0,1,1,0.7,0,0.3,0,gcn,1,
glue|TinyLlama/TinyLlama-1.1B-Chat-v1.0|cola_wide|ABC|t5|s42|tune,glue,TinyLlama/TinyLlama-1.1B-Chat-v1.0,cola_wide,cola,ABC,tune,5,42,mcc,curvature=0.25;feature_mode=unit;gat_hidden_dim=128;gnn_input_clip=0.0;gnn_input_scale=1;graph_curvature=9.0;graph_metric=poincare;hyp_gnn_type=gat;hyperbolic_gnn=1;hyperbolic_readout=1;jk_mode=max;learnable_curvature=1;lr=0.001;num_layers=2;proj_dim=128;readout_clip=0.0;readout_scale=1;rho_quantile=0.025;scorer_hidden=128;weight_decay=0.0,128,poincare,max,0.001,2,128,128,,0.0,34.2,581.37,0.02469,0.10547,unit,9.0,0.025,0.25,1,1,0.0,1,0.0,1,gat,1,
glue|TinyLlama/TinyLlama-1.1B-Chat-v1.0|cola_wide|ABC|t6|s42|tune,glue,TinyLlama/TinyLlama-1.1B-Chat-v1.0,cola_wide,cola,ABC,tune,6,42,mcc,curvature=0.25;feature_mode=unit;gat_hidden_dim=256;gnn_input_clip=0.0;gnn_input_scale=0;graph_curvature=4.0;graph_metric=poincare;hyp_gnn_type=gat;hyperbolic_gnn=1;hyperbolic_readout=1;jk_mode=max;learnable_curvature=0;lr=0.0002;num_layers=2;proj_dim=512;readout_clip=1.0;readout_scale=0;rho_quantile=0.025;scorer_hidden=256;weight_decay=0.0,256,poincare,max,0.0002,2,512,256,,0.0,40.35,575.85,0.02468,0.08984,unit,4.0,0.025,0.25,1,0,1.0,0,0.0,0,gat,1,
glue|TinyLlama/TinyLlama-1.1B-Chat-v1.0|cola_wide|ABC|t7|s42|tune,glue,TinyLlama/TinyLlama-1.1B-Chat-v1.0,cola_wide,cola,ABC,tune,7,42,mcc,curvature=1.0;feature_mode=center_unit;gat_hidden_dim=64;gnn_input_clip=0.0;gnn_input_scale=1;graph_curvature=1.0;graph_metric=poincare;hyp_gnn_type=gat;hyperbolic_gnn=1;hyperbolic_readout=1;jk_mode=cat;learnable_curvature=0;lr=2e-05;num_layers=4;proj_dim=128;readout_clip=1.0;readout_scale=0;rho_quantile=0.05;scorer_hidden=256;weight_decay=5e-05,64,poincare,cat,2e-05,4,128,256,,5e-05,0.0,544.94,0.04776,0.03906,center_unit,1.0,0.05,1.0,1,0,1.0,0,0.0,1,gat,1,
glue|TinyLlama/TinyLlama-1.1B-Chat-v1.0|cola_wide|ABC|t8|s42|tune,glue,TinyLlama/TinyLlama-1.1B-Chat-v1.0,cola_wide,cola,ABC,tune,8,42,mcc,curvature=4.0;feature_mode=center;gat_hidden_dim=256;gnn_input_clip=0.3;gnn_input_scale=0;graph_curvature=9.0;graph_metric=poincare;hyp_gnn_type=gat;hyperbolic_gnn=1;hyperbolic_readout=1;jk_mode=max;learnable_curvature=1;lr=0.0002;num_layers=4;proj_dim=128;readout_clip=0.0;readout_scale=0;rho_quantile=0.38;scorer_hidden=128;weight_decay=5e-05,256,poincare,max,0.0002,4,128,128,,5e-05,29.72,594.89,0.37114,0.0,center,9.0,0.38,4.0,1,1,0.0,0,0.3,0,gat,1,
glue|TinyLlama/TinyLlama-1.1B-Chat-v1.0|cola_wide|ABC|t9|s42|tune,glue,TinyLlama/TinyLlama-1.1B-Chat-v1.0,cola_wide,cola,ABC,tune,9,42,mcc,curvature=0.25;feature_mode=unit;gat_hidden_dim=256;gnn_input_clip=0.3;gnn_input_scale=1;graph_curvature=9.0;graph_metric=poincare;hyp_gnn_type=gcn;hyperbolic_gnn=1;hyperbolic_readout=1;jk_mode=cat;learnable_curvature=0;lr=0.0002;num_layers=2;proj_dim=512;readout_clip=0.7;readout_scale=1;rho_quantile=0.1;scorer_hidden=256;weight_decay=5e-05,256,poincare,cat,0.0002,2,512,256,,5e-05,0.0,577.07,0.09899,0.0,unit,9.0,0.1,0.25,1,0,0.7,1,0.3,1,gcn,1,
glue|TinyLlama/TinyLlama-1.1B-Chat-v1.0|cola_wide|no_graph|t0|s42|tune,glue,TinyLlama/TinyLlama-1.1B-Chat-v1.0,cola_wide,cola,no_graph,tune,0,42,mcc,gat_hidden_dim=256;graph_metric=cosine;jk_mode=max;lr=0.001;num_layers=4;proj_dim=512;scorer_hidden=256;tau=0.999;weight_decay=5e-05,256,cosine,max,0.001,4,512,256,,5e-05,48.65,529.05,0.0,1.0,,,,,,,,,,,,,0.999
glue|TinyLlama/TinyLlama-1.1B-Chat-v1.0|cola_wide|no_graph|t1|s42|tune,glue,TinyLlama/TinyLlama-1.1B-Chat-v1.0,cola_wide,cola,no_graph,tune,1,42,mcc,gat_hidden_dim=256;graph_metric=cosine;jk_mode=max;lr=0.0002;num_layers=2;proj_dim=128;scorer_hidden=128;tau=0.999;weight_decay=5e-05,256,cosine,max,0.0002,2,128,128,,5e-05,42.68,524.76,0.0,1.0,,,,,,,,,,,,,0.999
glue|TinyLlama/TinyLlama-1.1B-Chat-v1.0|cola_wide|no_graph|t2|s42|tune,glue,TinyLlama/TinyLlama-1.1B-Chat-v1.0,cola_wide,cola,no_graph,tune,2,42,mcc,gat_hidden_dim=128;graph_metric=cosine;jk_mode=cat;lr=0.0002;num_layers=4;proj_dim=128;scorer_hidden=256;tau=0.999;weight_decay=0.0,128,cosine,cat,0.0002,4,128,256,,0.0,42.39,533.14,0.0,1.0,,,,,,,,,,,,,0.999
glue|TinyLlama/TinyLlama-1.1B-Chat-v1.0|cola_wide|no_graph|t3|s42|tune,glue,TinyLlama/TinyLlama-1.1B-Chat-v1.0,cola_wide,cola,no_graph,tune,3,42,mcc,gat_hidden_dim=64;graph_metric=cosine;jk_mode=cat;lr=2e-05;num_layers=2;proj_dim=512;scorer_hidden=256;tau=0.999;weight_decay=5e-05,64,cosine,cat,2e-05,2,512,256,,5e-05,14.18,524.83,0.0,1.0,,,,,,,,,,,,,0.999
glue|TinyLlama/TinyLlama-1.1B-Chat-v1.0|cola_wide|no_graph|t4|s42|tune,glue,TinyLlama/TinyLlama-1.1B-Chat-v1.0,cola_wide,cola,no_graph,tune,4,42,mcc,gat_hidden_dim=256;graph_metric=cosine;jk_mode=max;lr=2e-05;num_layers=4;proj_dim=128;scorer_hidden=256;tau=0.999;weight_decay=0.0,256,cosine,max,2e-05,4,128,256,,0.0,31.82,528.17,0.0,1.0,,,,,,,,,,,,,0.999
glue|TinyLlama/TinyLlama-1.1B-Chat-v1.0|cola_wide|no_graph|t5|s42|tune,glue,TinyLlama/TinyLlama-1.1B-Chat-v1.0,cola_wide,cola,no_graph,tune,5,42,mcc,gat_hidden_dim=64;graph_metric=cosine;jk_mode=cat;lr=0.001;num_layers=2;proj_dim=512;scorer_hidden=256;tau=0.999;weight_decay=5e-05,64,cosine,cat,0.001,2,512,256,,5e-05,45.22,524.25,0.0,1.0,,,,,,,,,,,,,0.999
glue|TinyLlama/TinyLlama-1.1B-Chat-v1.0|cola_wide|no_graph|t6|s42|tune,glue,TinyLlama/TinyLlama-1.1B-Chat-v1.0,cola_wide,cola,no_graph,tune,6,42,mcc,gat_hidden_dim=64;graph_metric=cosine;jk_mode=cat;lr=0.0002;num_layers=2;proj_dim=128;scorer_hidden=256;tau=0.999;weight_decay=5e-05,64,cosine,cat,0.0002,2,128,256,,5e-05,47.22,525.78,0.0,1.0,,,,,,,,,,,,,0.999
glue|TinyLlama/TinyLlama-1.1B-Chat-v1.0|cola_wide|no_graph|t7|s42|tune,glue,TinyLlama/TinyLlama-1.1B-Chat-v1.0,cola_wide,cola,no_graph,tune,7,42,mcc,gat_hidden_dim=64;graph_metric=cosine;jk_mode=max;lr=0.0002;num_layers=2;proj_dim=128;scorer_hidden=256;tau=0.999;weight_decay=1e-05,64,cosine,max,0.0002,2,128,256,,1e-05,40.01,529.96,0.0,1.0,,,,,,,,,,,,,0.999
glue|TinyLlama/TinyLlama-1.1B-Chat-v1.0|cola_wide|no_graph|t8|s42|tune,glue,TinyLlama/TinyLlama-1.1B-Chat-v1.0,cola_wide,cola,no_graph,tune,8,42,mcc,gat_hidden_dim=128;graph_metric=cosine;jk_mode=cat;lr=2e-05;num_layers=4;proj_dim=256;scorer_hidden=128;tau=0.999;weight_decay=1e-05,128,cosine,cat,2e-05,4,256,128,,1e-05,34.9,528.12,0.0,1.0,,,,,,,,,,,,,0.999
glue|TinyLlama/TinyLlama-1.1B-Chat-v1.0|cola_wide|no_graph|t9|s42|tune,glue,TinyLlama/TinyLlama-1.1B-Chat-v1.0,cola_wide,cola,no_graph,tune,9,42,mcc,gat_hidden_dim=128;graph_metric=cosine;jk_mode=max;lr=2e-05;num_layers=4;proj_dim=128;scorer_hidden=256;tau=0.999;weight_decay=5e-05,128,cosine,max,2e-05,4,128,256,,5e-05,24.03,527.84,0.0,1.0,,,,,,,,,,,,,0.999
glue|TinyLlama/TinyLlama-1.1B-Chat-v1.0|cola_wide|A|t7|s1|confirm,glue,TinyLlama/TinyLlama-1.1B-Chat-v1.0,cola_wide,cola,A,confirm,7,1,mcc,feature_mode=center;gat_hidden_dim=256;graph_curvature=2.25;graph_metric=poincare;jk_mode=max;lr=0.001;num_layers=2;proj_dim=128;rho_quantile=0.025;scorer_hidden=128;weight_decay=1e-05,256,poincare,max,0.001,2,128,128,,1e-05,42.41,520.41,0.02559,0.08594,center,2.25,0.025,,,,,,,,,,
glue|TinyLlama/TinyLlama-1.1B-Chat-v1.0|cola_wide|A|t7|s2|confirm,glue,TinyLlama/TinyLlama-1.1B-Chat-v1.0,cola_wide,cola,A,confirm,7,2,mcc,feature_mode=center;gat_hidden_dim=256;graph_curvature=2.25;graph_metric=poincare;jk_mode=max;lr=0.001;num_layers=2;proj_dim=128;rho_quantile=0.025;scorer_hidden=128;weight_decay=1e-05,256,poincare,max,0.001,2,128,128,,1e-05,44.88,520.37,0.02607,0.03906,center,2.25,0.025,,,,,,,,,,
glue|TinyLlama/TinyLlama-1.1B-Chat-v1.0|cola_wide|A|t7|s3|confirm,glue,TinyLlama/TinyLlama-1.1B-Chat-v1.0,cola_wide,cola,A,confirm,7,3,mcc,feature_mode=center;gat_hidden_dim=256;graph_curvature=2.25;graph_metric=poincare;jk_mode=max;lr=0.001;num_layers=2;proj_dim=128;rho_quantile=0.025;scorer_hidden=128;weight_decay=1e-05,256,poincare,max,0.001,2,128,128,,1e-05,43.51,561.77,0.02613,0.08594,center,2.25,0.025,,,,,,,,,,
glue|TinyLlama/TinyLlama-1.1B-Chat-v1.0|cola_wide|A|t7|s4|confirm,glue,TinyLlama/TinyLlama-1.1B-Chat-v1.0,cola_wide,cola,A,confirm,7,4,mcc,feature_mode=center;gat_hidden_dim=256;graph_curvature=2.25;graph_metric=poincare;jk_mode=max;lr=0.001;num_layers=2;proj_dim=128;rho_quantile=0.025;scorer_hidden=128;weight_decay=1e-05,256,poincare,max,0.001,2,128,128,,1e-05,45.36,562.94,0.02499,0.12109,center,2.25,0.025,,,,,,,,,,
glue|TinyLlama/TinyLlama-1.1B-Chat-v1.0|cola_wide|A|t7|s5|confirm,glue,TinyLlama/TinyLlama-1.1B-Chat-v1.0,cola_wide,cola,A,confirm,7,5,mcc,feature_mode=center;gat_hidden_dim=256;graph_curvature=2.25;graph_metric=poincare;jk_mode=max;lr=0.001;num_layers=2;proj_dim=128;rho_quantile=0.025;scorer_hidden=128;weight_decay=1e-05,256,poincare,max,0.001,2,128,128,,1e-05,45.19,560.35,0.02644,0.05078,center,2.25,0.025,,,,,,,,,,
glue|TinyLlama/TinyLlama-1.1B-Chat-v1.0|cola_wide|A|t7|s6|confirm,glue,TinyLlama/TinyLlama-1.1B-Chat-v1.0,cola_wide,cola,A,confirm,7,6,mcc,feature_mode=center;gat_hidden_dim=256;graph_curvature=2.25;graph_metric=poincare;jk_mode=max;lr=0.001;num_layers=2;proj_dim=128;rho_quantile=0.025;scorer_hidden=128;weight_decay=1e-05,256,poincare,max,0.001,2,128,128,,1e-05,44.15,558.61,0.02643,0.08594,center,2.25,0.025,,,,,,,,,,
glue|TinyLlama/TinyLlama-1.1B-Chat-v1.0|cola_wide|A|t7|s7|confirm,glue,TinyLlama/TinyLlama-1.1B-Chat-v1.0,cola_wide,cola,A,confirm,7,7,mcc,feature_mode=center;gat_hidden_dim=256;graph_curvature=2.25;graph_metric=poincare;jk_mode=max;lr=0.001;num_layers=2;proj_dim=128;rho_quantile=0.025;scorer_hidden=128;weight_decay=1e-05,256,poincare,max,0.001,2,128,128,,1e-05,43.27,562.17,0.02637,0.05859,center,2.25,0.025,,,,,,,,,,
glue|TinyLlama/TinyLlama-1.1B-Chat-v1.0|cola_wide|A|t7|s8|confirm,glue,TinyLlama/TinyLlama-1.1B-Chat-v1.0,cola_wide,cola,A,confirm,7,8,mcc,feature_mode=center;gat_hidden_dim=256;graph_curvature=2.25;graph_metric=poincare;jk_mode=max;lr=0.001;num_layers=2;proj_dim=128;rho_quantile=0.025;scorer_hidden=128;weight_decay=1e-05,256,poincare,max,0.001,2,128,128,,1e-05,43.48,557.99,0.02567,0.08594,center,2.25,0.025,,,,,,,,,,
glue|TinyLlama/TinyLlama-1.1B-Chat-v1.0|cola_wide|A|t7|s9|confirm,glue,TinyLlama/TinyLlama-1.1B-Chat-v1.0,cola_wide,cola,A,confirm,7,9,mcc,feature_mode=center;gat_hidden_dim=256;graph_curvature=2.25;graph_metric=poincare;jk_mode=max;lr=0.001;num_layers=2;proj_dim=128;rho_quantile=0.025;scorer_hidden=128;weight_decay=1e-05,256,poincare,max,0.001,2,128,128,,1e-05,38.01,559.92,0.02544,0.09375,center,2.25,0.025,,,,,,,,,,
glue|TinyLlama/TinyLlama-1.1B-Chat-v1.0|cola_wide|A|t7|s10|confirm,glue,TinyLlama/TinyLlama-1.1B-Chat-v1.0,cola_wide,cola,A,confirm,7,10,mcc,feature_mode=center;gat_hidden_dim=256;graph_curvature=2.25;graph_metric=poincare;jk_mode=max;lr=0.001;num_layers=2;proj_dim=128;rho_quantile=0.025;scorer_hidden=128;weight_decay=1e-05,256,poincare,max,0.001,2,128,128,,1e-05,44.12,560.51,0.02605,0.07812,center,2.25,0.025,,,,,,,,,,
glue|TinyLlama/TinyLlama-1.1B-Chat-v1.0|cola_wide|A|t7|s11|confirm,glue,TinyLlama/TinyLlama-1.1B-Chat-v1.0,cola_wide,cola,A,confirm,7,11,mcc,feature_mode=center;gat_hidden_dim=256;graph_curvature=2.25;graph_metric=poincare;jk_mode=max;lr=0.001;num_layers=2;proj_dim=128;rho_quantile=0.025;scorer_hidden=128;weight_decay=1e-05,256,poincare,max,0.001,2,128,128,,1e-05,41.55,558.96,0.02614,0.09375,center,2.25,0.025,,,,,,,,,,
glue|TinyLlama/TinyLlama-1.1B-Chat-v1.0|cola_wide|A|t7|s12|confirm,glue,TinyLlama/TinyLlama-1.1B-Chat-v1.0,cola_wide,cola,A,confirm,7,12,mcc,feature_mode=center;gat_hidden_dim=256;graph_curvature=2.25;graph_metric=poincare;jk_mode=max;lr=0.001;num_layers=2;proj_dim=128;rho_quantile=0.025;scorer_hidden=128;weight_decay=1e-05,256,poincare,max,0.001,2,128,128,,1e-05,42.5,555.71,0.0269,0.06641,center,2.25,0.025,,,,,,,,,,
glue|TinyLlama/TinyLlama-1.1B-Chat-v1.0|cola_wide|A|t7|s13|confirm,glue,TinyLlama/TinyLlama-1.1B-Chat-v1.0,cola_wide,cola,A,confirm,7,13,mcc,feature_mode=center;gat_hidden_dim=256;graph_curvature=2.25;graph_metric=poincare;jk_mode=max;lr=0.001;num_layers=2;proj_dim=128;rho_quantile=0.025;scorer_hidden=128;weight_decay=1e-05,256,poincare,max,0.001,2,128,128,,1e-05,44.39,515.38,0.02441,0.09375,center,2.25,0.025,,,,,,,,,,
glue|TinyLlama/TinyLlama-1.1B-Chat-v1.0|cola_wide|A|t7|s14|confirm,glue,TinyLlama/TinyLlama-1.1B-Chat-v1.0,cola_wide,cola,A,confirm,7,14,mcc,feature_mode=center;gat_hidden_dim=256;graph_curvature=2.25;graph_metric=poincare;jk_mode=max;lr=0.001;num_layers=2;proj_dim=128;rho_quantile=0.025;scorer_hidden=128;weight_decay=1e-05,256,poincare,max,0.001,2,128,128,,1e-05,44.67,560.83,0.02659,0.0625,center,2.25,0.025,,,,,,,,,,
glue|TinyLlama/TinyLlama-1.1B-Chat-v1.0|cola_wide|A|t7|s15|confirm,glue,TinyLlama/TinyLlama-1.1B-Chat-v1.0,cola_wide,cola,A,confirm,7,15,mcc,feature_mode=center;gat_hidden_dim=256;graph_curvature=2.25;graph_metric=poincare;jk_mode=max;lr=0.001;num_layers=2;proj_dim=128;rho_quantile=0.025;scorer_hidden=128;weight_decay=1e-05,256,poincare,max,0.001,2,128,128,,1e-05,43.72,558.94,0.02561,0.08594,center,2.25,0.025,,,,,,,,,,
glue|TinyLlama/TinyLlama-1.1B-Chat-v1.0|cola_wide|AB|t1|s1|confirm,glue,TinyLlama/TinyLlama-1.1B-Chat-v1.0,cola_wide,cola,AB,confirm,1,1,mcc,curvature=1.0;feature_mode=center_unit;gat_hidden_dim=64;graph_curvature=9.0;graph_metric=poincare;hyperbolic_readout=1;jk_mode=max;learnable_curvature=0;lr=0.0002;num_layers=2;proj_dim=128;readout_clip=0.0;readout_scale=1;rho_quantile=0.2;scorer_hidden=256;weight_decay=0.0,64,poincare,max,0.0002,2,128,256,,0.0,0.0,564.83,0.19494,0.0,center_unit,9.0,0.2,1.0,1,0,0.0,1,,,,,
glue|TinyLlama/TinyLlama-1.1B-Chat-v1.0|cola_wide|AB|t1|s2|confirm,glue,TinyLlama/TinyLlama-1.1B-Chat-v1.0,cola_wide,cola,AB,confirm,1,2,mcc,curvature=1.0;feature_mode=center_unit;gat_hidden_dim=64;graph_curvature=9.0;graph_metric=poincare;hyperbolic_readout=1;jk_mode=max;learnable_curvature=0;lr=0.0002;num_layers=2;proj_dim=128;readout_clip=0.0;readout_scale=1;rho_quantile=0.2;scorer_hidden=256;weight_decay=0.0,64,poincare,max,0.0002,2,128,256,,0.0,33.8,565.28,0.19498,0.0,center_unit,9.0,0.2,1.0,1,0,0.0,1,,,,,
glue|TinyLlama/TinyLlama-1.1B-Chat-v1.0|cola_wide|AB|t1|s3|confirm,glue,TinyLlama/TinyLlama-1.1B-Chat-v1.0,cola_wide,cola,AB,confirm,1,3,mcc,curvature=1.0;feature_mode=center_unit;gat_hidden_dim=64;graph_curvature=9.0;graph_metric=poincare;hyperbolic_readout=1;jk_mode=max;learnable_curvature=0;lr=0.0002;num_layers=2;proj_dim=128;readout_clip=0.0;readout_scale=1;rho_quantile=0.2;scorer_hidden=256;weight_decay=0.0,64,poincare,max,0.0002,2,128,256,,0.0,41.25,562.5,0.19494,0.0,center_unit,9.0,0.2,1.0,1,0,0.0,1,,,,,
glue|TinyLlama/TinyLlama-1.1B-Chat-v1.0|cola_wide|AB|t1|s4|confirm,glue,TinyLlama/TinyLlama-1.1B-Chat-v1.0,cola_wide,cola,AB,confirm,1,4,mcc,curvature=1.0;feature_mode=center_unit;gat_hidden_dim=64;graph_curvature=9.0;graph_metric=poincare;hyperbolic_readout=1;jk_mode=max;learnable_curvature=0;lr=0.0002;num_layers=2;proj_dim=128;readout_clip=0.0;readout_scale=1;rho_quantile=0.2;scorer_hidden=256;weight_decay=0.0,64,poincare,max,0.0002,2,128,256,,0.0,34.37,565.75,0.19466,0.0,center_unit,9.0,0.2,1.0,1,0,0.0,1,,,,,
glue|TinyLlama/TinyLlama-1.1B-Chat-v1.0|cola_wide|AB|t1|s5|confirm,glue,TinyLlama/TinyLlama-1.1B-Chat-v1.0,cola_wide,cola,AB,confirm,1,5,mcc,curvature=1.0;feature_mode=center_unit;gat_hidden_dim=64;graph_curvature=9.0;graph_metric=poincare;hyperbolic_readout=1;jk_mode=max;learnable_curvature=0;lr=0.0002;num_layers=2;proj_dim=128;readout_clip=0.0;readout_scale=1;rho_quantile=0.2;scorer_hidden=256;weight_decay=0.0,64,poincare,max,0.0002,2,128,256,,0.0,38.03,565.15,0.19499,0.0,center_unit,9.0,0.2,1.0,1,0,0.0,1,,,,,
glue|TinyLlama/TinyLlama-1.1B-Chat-v1.0|cola_wide|AB|t1|s6|confirm,glue,TinyLlama/TinyLlama-1.1B-Chat-v1.0,cola_wide,cola,AB,confirm,1,6,mcc,curvature=1.0;feature_mode=center_unit;gat_hidden_dim=64;graph_curvature=9.0;graph_metric=poincare;hyperbolic_readout=1;jk_mode=max;learnable_curvature=0;lr=0.0002;num_layers=2;proj_dim=128;readout_clip=0.0;readout_scale=1;rho_quantile=0.2;scorer_hidden=256;weight_decay=0.0,64,poincare,max,0.0002,2,128,256,,0.0,32.61,565.35,0.19488,0.0,center_unit,9.0,0.2,1.0,1,0,0.0,1,,,,,
glue|TinyLlama/TinyLlama-1.1B-Chat-v1.0|cola_wide|AB|t1|s7|confirm,glue,TinyLlama/TinyLlama-1.1B-Chat-v1.0,cola_wide,cola,AB,confirm,1,7,mcc,curvature=1.0;feature_mode=center_unit;gat_hidden_dim=64;graph_curvature=9.0;graph_metric=poincare;hyperbolic_readout=1;jk_mode=max;learnable_curvature=0;lr=0.0002;num_layers=2;proj_dim=128;readout_clip=0.0;readout_scale=1;rho_quantile=0.2;scorer_hidden=256;weight_decay=0.0,64,poincare,max,0.0002,2,128,256,,0.0,31.53,565.7,0.19481,0.0,center_unit,9.0,0.2,1.0,1,0,0.0,1,,,,,
glue|TinyLlama/TinyLlama-1.1B-Chat-v1.0|cola_wide|AB|t1|s8|confirm,glue,TinyLlama/TinyLlama-1.1B-Chat-v1.0,cola_wide,cola,AB,confirm,1,8,mcc,curvature=1.0;feature_mode=center_unit;gat_hidden_dim=64;graph_curvature=9.0;graph_metric=poincare;hyperbolic_readout=1;jk_mode=max;learnable_curvature=0;lr=0.0002;num_layers=2;proj_dim=128;readout_clip=0.0;readout_scale=1;rho_quantile=0.2;scorer_hidden=256;weight_decay=0.0,64,poincare,max,0.0002,2,128,256,,0.0,33.57,563.51,0.19466,0.0,center_unit,9.0,0.2,1.0,1,0,0.0,1,,,,,
glue|TinyLlama/TinyLlama-1.1B-Chat-v1.0|cola_wide|AB|t1|s9|confirm,glue,TinyLlama/TinyLlama-1.1B-Chat-v1.0,cola_wide,cola,AB,confirm,1,9,mcc,curvature=1.0;feature_mode=center_unit;gat_hidden_dim=64;graph_curvature=9.0;graph_metric=poincare;hyperbolic_readout=1;jk_mode=max;learnable_curvature=0;lr=0.0002;num_layers=2;proj_dim=128;readout_clip=0.0;readout_scale=1;rho_quantile=0.2;scorer_hidden=256;weight_decay=0.0,64,poincare,max,0.0002,2,128,256,,0.0,31.89,561.85,0.19371,0.00391,center_unit,9.0,0.2,1.0,1,0,0.0,1,,,,,
glue|TinyLlama/TinyLlama-1.1B-Chat-v1.0|cola_wide|AB|t1|s10|confirm,glue,TinyLlama/TinyLlama-1.1B-Chat-v1.0,cola_wide,cola,AB,confirm,1,10,mcc,curvature=1.0;feature_mode=center_unit;gat_hidden_dim=64;graph_curvature=9.0;graph_metric=poincare;hyperbolic_readout=1;jk_mode=max;learnable_curvature=0;lr=0.0002;num_layers=2;proj_dim=128;readout_clip=0.0;readout_scale=1;rho_quantile=0.2;scorer_hidden=256;weight_decay=0.0,64,poincare,max,0.0002,2,128,256,,0.0,31.02,563.54,0.19463,0.0,center_unit,9.0,0.2,1.0,1,0,0.0,1,,,,,
glue|TinyLlama/TinyLlama-1.1B-Chat-v1.0|cola_wide|AB|t1|s11|confirm,glue,TinyLlama/TinyLlama-1.1B-Chat-v1.0,cola_wide,cola,AB,confirm,1,11,mcc,curvature=1.0;feature_mode=center_unit;gat_hidden_dim=64;graph_curvature=9.0;graph_metric=poincare;hyperbolic_readout=1;jk_mode=max;learnable_curvature=0;lr=0.0002;num_layers=2;proj_dim=128;readout_clip=0.0;readout_scale=1;rho_quantile=0.2;scorer_hidden=256;weight_decay=0.0,64,poincare,max,0.0002,2,128,256,,0.0,0.0,562.57,0.19447,0.00391,center_unit,9.0,0.2,1.0,1,0,0.0,1,,,,,
glue|TinyLlama/TinyLlama-1.1B-Chat-v1.0|cola_wide|AB|t1|s12|confirm,glue,TinyLlama/TinyLlama-1.1B-Chat-v1.0,cola_wide,cola,AB,confirm,1,12,mcc,curvature=1.0;feature_mode=center_unit;gat_hidden_dim=64;graph_curvature=9.0;graph_metric=poincare;hyperbolic_readout=1;jk_mode=max;learnable_curvature=0;lr=0.0002;num_layers=2;proj_dim=128;readout_clip=0.0;readout_scale=1;rho_quantile=0.2;scorer_hidden=256;weight_decay=0.0,64,poincare,max,0.0002,2,128,256,,0.0,33.73,564.39,0.1953,0.0,center_unit,9.0,0.2,1.0,1,0,0.0,1,,,,,
glue|TinyLlama/TinyLlama-1.1B-Chat-v1.0|cola_wide|AB|t1|s13|confirm,glue,TinyLlama/TinyLlama-1.1B-Chat-v1.0,cola_wide,cola,AB,confirm,1,13,mcc,curvature=1.0;feature_mode=center_unit;gat_hidden_dim=64;graph_curvature=9.0;graph_metric=poincare;hyperbolic_readout=1;jk_mode=max;learnable_curvature=0;lr=0.0002;num_layers=2;proj_dim=128;readout_clip=0.0;readout_scale=1;rho_quantile=0.2;scorer_hidden=256;weight_decay=0.0,64,poincare,max,0.0002,2,128,256,,0.0,23.56,563.36,0.19477,0.0,center_unit,9.0,0.2,1.0,1,0,0.0,1,,,,,
glue|TinyLlama/TinyLlama-1.1B-Chat-v1.0|cola_wide|AB|t1|s14|confirm,glue,TinyLlama/TinyLlama-1.1B-Chat-v1.0,cola_wide,cola,AB,confirm,1,14,mcc,curvature=1.0;feature_mode=center_unit;gat_hidden_dim=64;graph_curvature=9.0;graph_metric=poincare;hyperbolic_readout=1;jk_mode=max;learnable_curvature=0;lr=0.0002;num_layers=2;proj_dim=128;readout_clip=0.0;readout_scale=1;rho_quantile=0.2;scorer_hidden=256;weight_decay=0.0,64,poincare,max,0.0002,2,128,256,,0.0,29.36,563.4,0.19422,0.00391,center_unit,9.0,0.2,1.0,1,0,0.0,1,,,,,
glue|TinyLlama/TinyLlama-1.1B-Chat-v1.0|cola_wide|AB|t1|s15|confirm,glue,TinyLlama/TinyLlama-1.1B-Chat-v1.0,cola_wide,cola,AB,confirm,1,15,mcc,curvature=1.0;feature_mode=center_unit;gat_hidden_dim=64;graph_curvature=9.0;graph_metric=poincare;hyperbolic_readout=1;jk_mode=max;learnable_curvature=0;lr=0.0002;num_layers=2;proj_dim=128;readout_clip=0.0;readout_scale=1;rho_quantile=0.2;scorer_hidden=256;weight_decay=0.0,64,poincare,max,0.0002,2,128,256,,0.0,35.91,564.84,0.1948,0.0,center_unit,9.0,0.2,1.0,1,0,0.0,1,,,,,
glue|TinyLlama/TinyLlama-1.1B-Chat-v1.0|cola_wide|ABC|t2|s1|confirm,glue,TinyLlama/TinyLlama-1.1B-Chat-v1.0,cola_wide,cola,ABC,confirm,2,1,mcc,curvature=4.0;feature_mode=unit;gat_hidden_dim=64;gnn_input_clip=0.7;gnn_input_scale=1;graph_curvature=2.25;graph_metric=poincare;hyp_gnn_type=gat;hyperbolic_gnn=1;hyperbolic_readout=1;jk_mode=max;learnable_curvature=0;lr=0.001;num_layers=2;proj_dim=256;readout_clip=0.0;readout_scale=1;rho_quantile=0.05;scorer_hidden=256;weight_decay=1e-05,64,poincare,max,0.001,2,256,256,,1e-05,42.44,575.47,0.04802,0.02344,unit,2.25,0.05,4.0,1,0,0.0,1,0.7,1,gat,1,
glue|TinyLlama/TinyLlama-1.1B-Chat-v1.0|cola_wide|ABC|t2|s2|confirm,glue,TinyLlama/TinyLlama-1.1B-Chat-v1.0,cola_wide,cola,ABC,confirm,2,2,mcc,curvature=4.0;feature_mode=unit;gat_hidden_dim=64;gnn_input_clip=0.7;gnn_input_scale=1;graph_curvature=2.25;graph_metric=poincare;hyp_gnn_type=gat;hyperbolic_gnn=1;hyperbolic_readout=1;jk_mode=max;learnable_curvature=0;lr=0.001;num_layers=2;proj_dim=256;readout_clip=0.0;readout_scale=1;rho_quantile=0.05;scorer_hidden=256;weight_decay=1e-05,64,poincare,max,0.001,2,256,256,,1e-05,42.61,572.57,0.04758,0.03516,unit,2.25,0.05,4.0,1,0,0.0,1,0.7,1,gat,1,
glue|TinyLlama/TinyLlama-1.1B-Chat-v1.0|cola_wide|ABC|t2|s3|confirm,glue,TinyLlama/TinyLlama-1.1B-Chat-v1.0,cola_wide,cola,ABC,confirm,2,3,mcc,curvature=4.0;feature_mode=unit;gat_hidden_dim=64;gnn_input_clip=0.7;gnn_input_scale=1;graph_curvature=2.25;graph_metric=poincare;hyp_gnn_type=gat;hyperbolic_gnn=1;hyperbolic_readout=1;jk_mode=max;learnable_curvature=0;lr=0.001;num_layers=2;proj_dim=256;readout_clip=0.0;readout_scale=1;rho_quantile=0.05;scorer_hidden=256;weight_decay=1e-05,64,poincare,max,0.001,2,256,256,,1e-05,37.77,576.5,0.04752,0.05078,unit,2.25,0.05,4.0,1,0,0.0,1,0.7,1,gat,1,
glue|TinyLlama/TinyLlama-1.1B-Chat-v1.0|cola_wide|ABC|t2|s4|confirm,glue,TinyLlama/TinyLlama-1.1B-Chat-v1.0,cola_wide,cola,ABC,confirm,2,4,mcc,curvature=4.0;feature_mode=unit;gat_hidden_dim=64;gnn_input_clip=0.7;gnn_input_scale=1;graph_curvature=2.25;graph_metric=poincare;hyp_gnn_type=gat;hyperbolic_gnn=1;hyperbolic_readout=1;jk_mode=max;learnable_curvature=0;lr=0.001;num_layers=2;proj_dim=256;readout_clip=0.0;readout_scale=1;rho_quantile=0.05;scorer_hidden=256;weight_decay=1e-05,64,poincare,max,0.001,2,256,256,,1e-05,30.33,574.7,0.04759,0.04297,unit,2.25,0.05,4.0,1,0,0.0,1,0.7,1,gat,1,
glue|TinyLlama/TinyLlama-1.1B-Chat-v1.0|cola_wide|ABC|t2|s5|confirm,glue,TinyLlama/TinyLlama-1.1B-Chat-v1.0,cola_wide,cola,ABC,confirm,2,5,mcc,curvature=4.0;feature_mode=unit;gat_hidden_dim=64;gnn_input_clip=0.7;gnn_input_scale=1;graph_curvature=2.25;graph_metric=poincare;hyp_gnn_type=gat;hyperbolic_gnn=1;hyperbolic_readout=1;jk_mode=max;learnable_curvature=0;lr=0.001;num_layers=2;proj_dim=256;readout_clip=0.0;readout_scale=1;rho_quantile=0.05;scorer_hidden=256;weight_decay=1e-05,64,poincare,max,0.001,2,256,256,,1e-05,40.28,577.32,0.04795,0.03125,unit,2.25,0.05,4.0,1,0,0.0,1,0.7,1,gat,1,
glue|TinyLlama/TinyLlama-1.1B-Chat-v1.0|cola_wide|ABC|t2|s6|confirm,glue,TinyLlama/TinyLlama-1.1B-Chat-v1.0,cola_wide,cola,ABC,confirm,2,6,mcc,curvature=4.0;feature_mode=unit;gat_hidden_dim=64;gnn_input_clip=0.7;gnn_input_scale=1;graph_curvature=2.25;graph_metric=poincare;hyp_gnn_type=gat;hyperbolic_gnn=1;hyperbolic_readout=1;jk_mode=max;learnable_curvature=0;lr=0.001;num_layers=2;proj_dim=256;readout_clip=0.0;readout_scale=1;rho_quantile=0.05;scorer_hidden=256;weight_decay=1e-05,64,poincare,max,0.001,2,256,256,,1e-05,42.21,577.16,0.04647,0.05078,unit,2.25,0.05,4.0,1,0,0.0,1,0.7,1,gat,1,
glue|TinyLlama/TinyLlama-1.1B-Chat-v1.0|cola_wide|ABC|t2|s7|confirm,glue,TinyLlama/TinyLlama-1.1B-Chat-v1.0,cola_wide,cola,ABC,confirm,2,7,mcc,curvature=4.0;feature_mode=unit;gat_hidden_dim=64;gnn_input_clip=0.7;gnn_input_scale=1;graph_curvature=2.25;graph_metric=poincare;hyp_gnn_type=gat;hyperbolic_gnn=1;hyperbolic_readout=1;jk_mode=max;learnable_curvature=0;lr=0.001;num_layers=2;proj_dim=256;readout_clip=0.0;readout_scale=1;rho_quantile=0.05;scorer_hidden=256;weight_decay=1e-05,64,poincare,max,0.001,2,256,256,,1e-05,31.07,579.23,0.0471,0.04297,unit,2.25,0.05,4.0,1,0,0.0,1,0.7,1,gat,1,
glue|TinyLlama/TinyLlama-1.1B-Chat-v1.0|cola_wide|ABC|t2|s8|confirm,glue,TinyLlama/TinyLlama-1.1B-Chat-v1.0,cola_wide,cola,ABC,confirm,2,8,mcc,curvature=4.0;feature_mode=unit;gat_hidden_dim=64;gnn_input_clip=0.7;gnn_input_scale=1;graph_curvature=2.25;graph_metric=poincare;hyp_gnn_type=gat;hyperbolic_gnn=1;hyperbolic_readout=1;jk_mode=max;learnable_curvature=0;lr=0.001;num_layers=2;proj_dim=256;readout_clip=0.0;readout_scale=1;rho_quantile=0.05;scorer_hidden=256;weight_decay=1e-05,64,poincare,max,0.001,2,256,256,,1e-05,39.87,574.53,0.04569,0.05859,unit,2.25,0.05,4.0,1,0,0.0,1,0.7,1,gat,1,
glue|TinyLlama/TinyLlama-1.1B-Chat-v1.0|cola_wide|ABC|t2|s9|confirm,glue,TinyLlama/TinyLlama-1.1B-Chat-v1.0,cola_wide,cola,ABC,confirm,2,9,mcc,curvature=4.0;feature_mode=unit;gat_hidden_dim=64;gnn_input_clip=0.7;gnn_input_scale=1;graph_curvature=2.25;graph_metric=poincare;hyp_gnn_type=gat;hyperbolic_gnn=1;hyperbolic_readout=1;jk_mode=max;learnable_curvature=0;lr=0.001;num_layers=2;proj_dim=256;readout_clip=0.0;readout_scale=1;rho_quantile=0.05;scorer_hidden=256;weight_decay=1e-05,64,poincare,max,0.001,2,256,256,,1e-05,38.49,579.81,0.04719,0.04688,unit,2.25,0.05,4.0,1,0,0.0,1,0.7,1,gat,1,
glue|TinyLlama/TinyLlama-1.1B-Chat-v1.0|cola_wide|ABC|t2|s10|confirm,glue,TinyLlama/TinyLlama-1.1B-Chat-v1.0,cola_wide,cola,ABC,confirm,2,10,mcc,curvature=4.0;feature_mode=unit;gat_hidden_dim=64;gnn_input_clip=0.7;gnn_input_scale=1;graph_curvature=2.25;graph_metric=poincare;hyp_gnn_type=gat;hyperbolic_gnn=1;hyperbolic_readout=1;jk_mode=max;learnable_curvature=0;lr=0.001;num_layers=2;proj_dim=256;readout_clip=0.0;readout_scale=1;rho_quantile=0.05;scorer_hidden=256;weight_decay=1e-05,64,poincare,max,0.001,2,256,256,,1e-05,34.78,578.63,0.04684,0.04297,unit,2.25,0.05,4.0,1,0,0.0,1,0.7,1,gat,1,
glue|TinyLlama/TinyLlama-1.1B-Chat-v1.0|cola_wide|ABC|t2|s11|confirm,glue,TinyLlama/TinyLlama-1.1B-Chat-v1.0,cola_wide,cola,ABC,confirm,2,11,mcc,curvature=4.0;feature_mode=unit;gat_hidden_dim=64;gnn_input_clip=0.7;gnn_input_scale=1;graph_curvature=2.25;graph_metric=poincare;hyp_gnn_type=gat;hyperbolic_gnn=1;hyperbolic_readout=1;jk_mode=max;learnable_curvature=0;lr=0.001;num_layers=2;proj_dim=256;readout_clip=0.0;readout_scale=1;rho_quantile=0.05;scorer_hidden=256;weight_decay=1e-05,64,poincare,max,0.001,2,256,256,,1e-05,33.13,577.24,0.04798,0.03906,unit,2.25,0.05,4.0,1,0,0.0,1,0.7,1,gat,1,
glue|TinyLlama/TinyLlama-1.1B-Chat-v1.0|cola_wide|ABC|t2|s12|confirm,glue,TinyLlama/TinyLlama-1.1B-Chat-v1.0,cola_wide,cola,ABC,confirm,2,12,mcc,curvature=4.0;feature_mode=unit;gat_hidden_dim=64;gnn_input_clip=0.7;gnn_input_scale=1;graph_curvature=2.25;graph_metric=poincare;hyp_gnn_type=gat;hyperbolic_gnn=1;hyperbolic_readout=1;jk_mode=max;learnable_curvature=0;lr=0.001;num_layers=2;proj_dim=256;readout_clip=0.0;readout_scale=1;rho_quantile=0.05;scorer_hidden=256;weight_decay=1e-05,64,poincare,max,0.001,2,256,256,,1e-05,37.15,575.43,0.04758,0.03906,unit,2.25,0.05,4.0,1,0,0.0,1,0.7,1,gat,1,
glue|TinyLlama/TinyLlama-1.1B-Chat-v1.0|cola_wide|ABC|t2|s13|confirm,glue,TinyLlama/TinyLlama-1.1B-Chat-v1.0,cola_wide,cola,ABC,confirm,2,13,mcc,curvature=4.0;feature_mode=unit;gat_hidden_dim=64;gnn_input_clip=0.7;gnn_input_scale=1;graph_curvature=2.25;graph_metric=poincare;hyp_gnn_type=gat;hyperbolic_gnn=1;hyperbolic_readout=1;jk_mode=max;learnable_curvature=0;lr=0.001;num_layers=2;proj_dim=256;readout_clip=0.0;readout_scale=1;rho_quantile=0.05;scorer_hidden=256;weight_decay=1e-05,64,poincare,max,0.001,2,256,256,,1e-05,36.8,578.08,0.04833,0.03125,unit,2.25,0.05,4.0,1,0,0.0,1,0.7,1,gat,1,
glue|TinyLlama/TinyLlama-1.1B-Chat-v1.0|cola_wide|ABC|t2|s14|confirm,glue,TinyLlama/TinyLlama-1.1B-Chat-v1.0,cola_wide,cola,ABC,confirm,2,14,mcc,curvature=4.0;feature_mode=unit;gat_hidden_dim=64;gnn_input_clip=0.7;gnn_input_scale=1;graph_curvature=2.25;graph_metric=poincare;hyp_gnn_type=gat;hyperbolic_gnn=1;hyperbolic_readout=1;jk_mode=max;learnable_curvature=0;lr=0.001;num_layers=2;proj_dim=256;readout_clip=0.0;readout_scale=1;rho_quantile=0.05;scorer_hidden=256;weight_decay=1e-05,64,poincare,max,0.001,2,256,256,,1e-05,37.51,576.22,0.04835,0.02344,unit,2.25,0.05,4.0,1,0,0.0,1,0.7,1,gat,1,
glue|TinyLlama/TinyLlama-1.1B-Chat-v1.0|cola_wide|ABC|t2|s15|confirm,glue,TinyLlama/TinyLlama-1.1B-Chat-v1.0,cola_wide,cola,ABC,confirm,2,15,mcc,curvature=4.0;feature_mode=unit;gat_hidden_dim=64;gnn_input_clip=0.7;gnn_input_scale=1;graph_curvature=2.25;graph_metric=poincare;hyp_gnn_type=gat;hyperbolic_gnn=1;hyperbolic_readout=1;jk_mode=max;learnable_curvature=0;lr=0.001;num_layers=2;proj_dim=256;readout_clip=0.0;readout_scale=1;rho_quantile=0.05;scorer_hidden=256;weight_decay=1e-05,64,poincare,max,0.001,2,256,256,,1e-05,38.08,578.9,0.04718,0.04297,unit,2.25,0.05,4.0,1,0,0.0,1,0.7,1,gat,1,
glue|TinyLlama/TinyLlama-1.1B-Chat-v1.0|cola_wide|AC|t5|s1|confirm,glue,TinyLlama/TinyLlama-1.1B-Chat-v1.0,cola_wide,cola,AC,confirm,5,1,mcc,curvature=0.25;feature_mode=center;gat_hidden_dim=128;gnn_input_clip=0.0;gnn_input_scale=0;graph_curvature=1.0;graph_metric=poincare;hyp_gnn_type=gat;hyperbolic_gnn=1;jk_mode=max;lr=0.001;num_layers=4;proj_dim=128;rho_quantile=0.05;scorer_hidden=256;weight_decay=1e-05,128,poincare,max,0.001,4,128,256,,1e-05,47.08,586.03,0.04789,0.01562,center,1.0,0.05,0.25,,,,,0.0,0,gat,1,
glue|TinyLlama/TinyLlama-1.1B-Chat-v1.0|cola_wide|AC|t5|s2|confirm,glue,TinyLlama/TinyLlama-1.1B-Chat-v1.0,cola_wide,cola,AC,confirm,5,2,mcc,curvature=0.25;feature_mode=center;gat_hidden_dim=128;gnn_input_clip=0.0;gnn_input_scale=0;graph_curvature=1.0;graph_metric=poincare;hyp_gnn_type=gat;hyperbolic_gnn=1;jk_mode=max;lr=0.001;num_layers=4;proj_dim=128;rho_quantile=0.05;scorer_hidden=256;weight_decay=1e-05,128,poincare,max,0.001,4,128,256,,1e-05,48.1,587.31,0.04697,0.03906,center,1.0,0.05,0.25,,,,,0.0,0,gat,1,
glue|TinyLlama/TinyLlama-1.1B-Chat-v1.0|cola_wide|AC|t5|s3|confirm,glue,TinyLlama/TinyLlama-1.1B-Chat-v1.0,cola_wide,cola,AC,confirm,5,3,mcc,curvature=0.25;feature_mode=center;gat_hidden_dim=128;gnn_input_clip=0.0;gnn_input_scale=0;graph_curvature=1.0;graph_metric=poincare;hyp_gnn_type=gat;hyperbolic_gnn=1;jk_mode=max;lr=0.001;num_layers=4;proj_dim=128;rho_quantile=0.05;scorer_hidden=256;weight_decay=1e-05,128,poincare,max,0.001,4,128,256,,1e-05,45.81,584.1,0.04854,0.02734,center,1.0,0.05,0.25,,,,,0.0,0,gat,1,
glue|TinyLlama/TinyLlama-1.1B-Chat-v1.0|cola_wide|AC|t5|s4|confirm,glue,TinyLlama/TinyLlama-1.1B-Chat-v1.0,cola_wide,cola,AC,confirm,5,4,mcc,curvature=0.25;feature_mode=center;gat_hidden_dim=128;gnn_input_clip=0.0;gnn_input_scale=0;graph_curvature=1.0;graph_metric=poincare;hyp_gnn_type=gat;hyperbolic_gnn=1;jk_mode=max;lr=0.001;num_layers=4;proj_dim=128;rho_quantile=0.05;scorer_hidden=256;weight_decay=1e-05,128,poincare,max,0.001,4,128,256,,1e-05,43.08,583.95,0.04703,0.04297,center,1.0,0.05,0.25,,,,,0.0,0,gat,1,
glue|TinyLlama/TinyLlama-1.1B-Chat-v1.0|cola_wide|AC|t5|s5|confirm,glue,TinyLlama/TinyLlama-1.1B-Chat-v1.0,cola_wide,cola,AC,confirm,5,5,mcc,curvature=0.25;feature_mode=center;gat_hidden_dim=128;gnn_input_clip=0.0;gnn_input_scale=0;graph_curvature=1.0;graph_metric=poincare;hyp_gnn_type=gat;hyperbolic_gnn=1;jk_mode=max;lr=0.001;num_layers=4;proj_dim=128;rho_quantile=0.05;scorer_hidden=256;weight_decay=1e-05,128,poincare,max,0.001,4,128,256,,1e-05,46.11,539.1,0.04738,0.03906,center,1.0,0.05,0.25,,,,,0.0,0,gat,1,
glue|TinyLlama/TinyLlama-1.1B-Chat-v1.0|cola_wide|AC|t5|s6|confirm,glue,TinyLlama/TinyLlama-1.1B-Chat-v1.0,cola_wide,cola,AC,confirm,5,6,mcc,curvature=0.25;feature_mode=center;gat_hidden_dim=128;gnn_input_clip=0.0;gnn_input_scale=0;graph_curvature=1.0;graph_metric=poincare;hyp_gnn_type=gat;hyperbolic_gnn=1;jk_mode=max;lr=0.001;num_layers=4;proj_dim=128;rho_quantile=0.05;scorer_hidden=256;weight_decay=1e-05,128,poincare,max,0.001,4,128,256,,1e-05,39.65,582.92,0.04775,0.04297,center,1.0,0.05,0.25,,,,,0.0,0,gat,1,
glue|TinyLlama/TinyLlama-1.1B-Chat-v1.0|cola_wide|AC|t5|s7|confirm,glue,TinyLlama/TinyLlama-1.1B-Chat-v1.0,cola_wide,cola,AC,confirm,5,7,mcc,curvature=0.25;feature_mode=center;gat_hidden_dim=128;gnn_input_clip=0.0;gnn_input_scale=0;graph_curvature=1.0;graph_metric=poincare;hyp_gnn_type=gat;hyperbolic_gnn=1;jk_mode=max;lr=0.001;num_layers=4;proj_dim=128;rho_quantile=0.05;scorer_hidden=256;weight_decay=1e-05,128,poincare,max,0.001,4,128,256,,1e-05,42.62,583.09,0.04866,0.02344,center,1.0,0.05,0.25,,,,,0.0,0,gat,1,
glue|TinyLlama/TinyLlama-1.1B-Chat-v1.0|cola_wide|AC|t5|s8|confirm,glue,TinyLlama/TinyLlama-1.1B-Chat-v1.0,cola_wide,cola,AC,confirm,5,8,mcc,curvature=0.25;feature_mode=center;gat_hidden_dim=128;gnn_input_clip=0.0;gnn_input_scale=0;graph_curvature=1.0;graph_metric=poincare;hyp_gnn_type=gat;hyperbolic_gnn=1;jk_mode=max;lr=0.001;num_layers=4;proj_dim=128;rho_quantile=0.05;scorer_hidden=256;weight_decay=1e-05,128,poincare,max,0.001,4,128,256,,1e-05,44.73,586.13,0.04869,0.02734,center,1.0,0.05,0.25,,,,,0.0,0,gat,1,
glue|TinyLlama/TinyLlama-1.1B-Chat-v1.0|cola_wide|AC|t5|s9|confirm,glue,TinyLlama/TinyLlama-1.1B-Chat-v1.0,cola_wide,cola,AC,confirm,5,9,mcc,curvature=0.25;feature_mode=center;gat_hidden_dim=128;gnn_input_clip=0.0;gnn_input_scale=0;graph_curvature=1.0;graph_metric=poincare;hyp_gnn_type=gat;hyperbolic_gnn=1;jk_mode=max;lr=0.001;num_layers=4;proj_dim=128;rho_quantile=0.05;scorer_hidden=256;weight_decay=1e-05,128,poincare,max,0.001,4,128,256,,1e-05,45.82,582.7,0.04758,0.04297,center,1.0,0.05,0.25,,,,,0.0,0,gat,1,
glue|TinyLlama/TinyLlama-1.1B-Chat-v1.0|cola_wide|AC|t5|s10|confirm,glue,TinyLlama/TinyLlama-1.1B-Chat-v1.0,cola_wide,cola,AC,confirm,5,10,mcc,curvature=0.25;feature_mode=center;gat_hidden_dim=128;gnn_input_clip=0.0;gnn_input_scale=0;graph_curvature=1.0;graph_metric=poincare;hyp_gnn_type=gat;hyperbolic_gnn=1;jk_mode=max;lr=0.001;num_layers=4;proj_dim=128;rho_quantile=0.05;scorer_hidden=256;weight_decay=1e-05,128,poincare,max,0.001,4,128,256,,1e-05,47.82,587.13,0.04802,0.02344,center,1.0,0.05,0.25,,,,,0.0,0,gat,1,
glue|TinyLlama/TinyLlama-1.1B-Chat-v1.0|cola_wide|AC|t5|s11|confirm,glue,TinyLlama/TinyLlama-1.1B-Chat-v1.0,cola_wide,cola,AC,confirm,5,11,mcc,curvature=0.25;feature_mode=center;gat_hidden_dim=128;gnn_input_clip=0.0;gnn_input_scale=0;graph_curvature=1.0;graph_metric=poincare;hyp_gnn_type=gat;hyperbolic_gnn=1;jk_mode=max;lr=0.001;num_layers=4;proj_dim=128;rho_quantile=0.05;scorer_hidden=256;weight_decay=1e-05,128,poincare,max,0.001,4,128,256,,1e-05,44.73,586.0,0.04681,0.05469,center,1.0,0.05,0.25,,,,,0.0,0,gat,1,
glue|TinyLlama/TinyLlama-1.1B-Chat-v1.0|cola_wide|AC|t5|s12|confirm,glue,TinyLlama/TinyLlama-1.1B-Chat-v1.0,cola_wide,cola,AC,confirm,5,12,mcc,curvature=0.25;feature_mode=center;gat_hidden_dim=128;gnn_input_clip=0.0;gnn_input_scale=0;graph_curvature=1.0;graph_metric=poincare;hyp_gnn_type=gat;hyperbolic_gnn=1;jk_mode=max;lr=0.001;num_layers=4;proj_dim=128;rho_quantile=0.05;scorer_hidden=256;weight_decay=1e-05,128,poincare,max,0.001,4,128,256,,1e-05,40.69,583.09,0.04834,0.04297,center,1.0,0.05,0.25,,,,,0.0,0,gat,1,
glue|TinyLlama/TinyLlama-1.1B-Chat-v1.0|cola_wide|AC|t5|s13|confirm,glue,TinyLlama/TinyLlama-1.1B-Chat-v1.0,cola_wide,cola,AC,confirm,5,13,mcc,curvature=0.25;feature_mode=center;gat_hidden_dim=128;gnn_input_clip=0.0;gnn_input_scale=0;graph_curvature=1.0;graph_metric=poincare;hyp_gnn_type=gat;hyperbolic_gnn=1;jk_mode=max;lr=0.001;num_layers=4;proj_dim=128;rho_quantile=0.05;scorer_hidden=256;weight_decay=1e-05,128,poincare,max,0.001,4,128,256,,1e-05,40.15,589.03,0.04838,0.01953,center,1.0,0.05,0.25,,,,,0.0,0,gat,1,
glue|TinyLlama/TinyLlama-1.1B-Chat-v1.0|cola_wide|AC|t5|s14|confirm,glue,TinyLlama/TinyLlama-1.1B-Chat-v1.0,cola_wide,cola,AC,confirm,5,14,mcc,curvature=0.25;feature_mode=center;gat_hidden_dim=128;gnn_input_clip=0.0;gnn_input_scale=0;graph_curvature=1.0;graph_metric=poincare;hyp_gnn_type=gat;hyperbolic_gnn=1;jk_mode=max;lr=0.001;num_layers=4;proj_dim=128;rho_quantile=0.05;scorer_hidden=256;weight_decay=1e-05,128,poincare,max,0.001,4,128,256,,1e-05,48.44,538.7,0.04818,0.03516,center,1.0,0.05,0.25,,,,,0.0,0,gat,1,
glue|TinyLlama/TinyLlama-1.1B-Chat-v1.0|cola_wide|AC|t5|s15|confirm,glue,TinyLlama/TinyLlama-1.1B-Chat-v1.0,cola_wide,cola,AC,confirm,5,15,mcc,curvature=0.25;feature_mode=center;gat_hidden_dim=128;gnn_input_clip=0.0;gnn_input_scale=0;graph_curvature=1.0;graph_metric=poincare;hyp_gnn_type=gat;hyperbolic_gnn=1;jk_mode=max;lr=0.001;num_layers=4;proj_dim=128;rho_quantile=0.05;scorer_hidden=256;weight_decay=1e-05,128,poincare,max,0.001,4,128,256,,1e-05,45.86,584.51,0.04854,0.02344,center,1.0,0.05,0.25,,,,,0.0,0,gat,1,
glue|TinyLlama/TinyLlama-1.1B-Chat-v1.0|cola_wide|B|t3|s1|confirm,glue,TinyLlama/TinyLlama-1.1B-Chat-v1.0,cola_wide,cola,B,confirm,3,1,mcc,curvature=4.0;gat_hidden_dim=64;graph_metric=cosine;hyperbolic_readout=1;jk_mode=max;learnable_curvature=1;lr=0.001;num_layers=2;proj_dim=512;readout_clip=1.0;readout_scale=0;scorer_hidden=128;tau_quantile=0.38;weight_decay=1e-05,64,cosine,max,0.001,2,512,128,0.38,1e-05,29.47,540.16,0.37688,0.0,,,,4.0,1,1,1.0,0,,,,,
glue|TinyLlama/TinyLlama-1.1B-Chat-v1.0|cola_wide|B|t3|s2|confirm,glue,TinyLlama/TinyLlama-1.1B-Chat-v1.0,cola_wide,cola,B,confirm,3,2,mcc,curvature=4.0;gat_hidden_dim=64;graph_metric=cosine;hyperbolic_readout=1;jk_mode=max;learnable_curvature=1;lr=0.001;num_layers=2;proj_dim=512;readout_clip=1.0;readout_scale=0;scorer_hidden=128;tau_quantile=0.38;weight_decay=1e-05,64,cosine,max,0.001,2,512,128,0.38,1e-05,31.09,538.05,0.37577,0.0,,,,4.0,1,1,1.0,0,,,,,
glue|TinyLlama/TinyLlama-1.1B-Chat-v1.0|cola_wide|B|t3|s3|confirm,glue,TinyLlama/TinyLlama-1.1B-Chat-v1.0,cola_wide,cola,B,confirm,3,3,mcc,curvature=4.0;gat_hidden_dim=64;graph_metric=cosine;hyperbolic_readout=1;jk_mode=max;learnable_curvature=1;lr=0.001;num_layers=2;proj_dim=512;readout_clip=1.0;readout_scale=0;scorer_hidden=128;tau_quantile=0.38;weight_decay=1e-05,64,cosine,max,0.001,2,512,128,0.38,1e-05,23.96,539.34,0.37548,0.0,,,,4.0,1,1,1.0,0,,,,,
glue|TinyLlama/TinyLlama-1.1B-Chat-v1.0|cola_wide|B|t3|s4|confirm,glue,TinyLlama/TinyLlama-1.1B-Chat-v1.0,cola_wide,cola,B,confirm,3,4,mcc,curvature=4.0;gat_hidden_dim=64;graph_metric=cosine;hyperbolic_readout=1;jk_mode=max;learnable_curvature=1;lr=0.001;num_layers=2;proj_dim=512;readout_clip=1.0;readout_scale=0;scorer_hidden=128;tau_quantile=0.38;weight_decay=1e-05,64,cosine,max,0.001,2,512,128,0.38,1e-05,31.24,541.15,0.3766,0.0,,,,4.0,1,1,1.0,0,,,,,
glue|TinyLlama/TinyLlama-1.1B-Chat-v1.0|cola_wide|B|t3|s5|confirm,glue,TinyLlama/TinyLlama-1.1B-Chat-v1.0,cola_wide,cola,B,confirm,3,5,mcc,curvature=4.0;gat_hidden_dim=64;graph_metric=cosine;hyperbolic_readout=1;jk_mode=max;learnable_curvature=1;lr=0.001;num_layers=2;proj_dim=512;readout_clip=1.0;readout_scale=0;scorer_hidden=128;tau_quantile=0.38;weight_decay=1e-05,64,cosine,max,0.001,2,512,128,0.38,1e-05,35.75,541.69,0.37683,0.0,,,,4.0,1,1,1.0,0,,,,,
glue|TinyLlama/TinyLlama-1.1B-Chat-v1.0|cola_wide|B|t3|s6|confirm,glue,TinyLlama/TinyLlama-1.1B-Chat-v1.0,cola_wide,cola,B,confirm,3,6,mcc,curvature=4.0;gat_hidden_dim=64;graph_metric=cosine;hyperbolic_readout=1;jk_mode=max;learnable_curvature=1;lr=0.001;num_layers=2;proj_dim=512;readout_clip=1.0;readout_scale=0;scorer_hidden=128;tau_quantile=0.38;weight_decay=1e-05,64,cosine,max,0.001,2,512,128,0.38,1e-05,36.62,538.66,0.37637,0.0,,,,4.0,1,1,1.0,0,,,,,
glue|TinyLlama/TinyLlama-1.1B-Chat-v1.0|cola_wide|B|t3|s7|confirm,glue,TinyLlama/TinyLlama-1.1B-Chat-v1.0,cola_wide,cola,B,confirm,3,7,mcc,curvature=4.0;gat_hidden_dim=64;graph_metric=cosine;hyperbolic_readout=1;jk_mode=max;learnable_curvature=1;lr=0.001;num_layers=2;proj_dim=512;readout_clip=1.0;readout_scale=0;scorer_hidden=128;tau_quantile=0.38;weight_decay=1e-05,64,cosine,max,0.001,2,512,128,0.38,1e-05,36.53,541.16,0.3756,0.0,,,,4.0,1,1,1.0,0,,,,,
glue|TinyLlama/TinyLlama-1.1B-Chat-v1.0|cola_wide|B|t3|s8|confirm,glue,TinyLlama/TinyLlama-1.1B-Chat-v1.0,cola_wide,cola,B,confirm,3,8,mcc,curvature=4.0;gat_hidden_dim=64;graph_metric=cosine;hyperbolic_readout=1;jk_mode=max;learnable_curvature=1;lr=0.001;num_layers=2;proj_dim=512;readout_clip=1.0;readout_scale=0;scorer_hidden=128;tau_quantile=0.38;weight_decay=1e-05,64,cosine,max,0.001,2,512,128,0.38,1e-05,35.06,537.99,0.37591,0.0,,,,4.0,1,1,1.0,0,,,,,
glue|TinyLlama/TinyLlama-1.1B-Chat-v1.0|cola_wide|B|t3|s9|confirm,glue,TinyLlama/TinyLlama-1.1B-Chat-v1.0,cola_wide,cola,B,confirm,3,9,mcc,curvature=4.0;gat_hidden_dim=64;graph_metric=cosine;hyperbolic_readout=1;jk_mode=max;learnable_curvature=1;lr=0.001;num_layers=2;proj_dim=512;readout_clip=1.0;readout_scale=0;scorer_hidden=128;tau_quantile=0.38;weight_decay=1e-05,64,cosine,max,0.001,2,512,128,0.38,1e-05,35.94,540.43,0.37565,0.0,,,,4.0,1,1,1.0,0,,,,,
glue|TinyLlama/TinyLlama-1.1B-Chat-v1.0|cola_wide|B|t3|s10|confirm,glue,TinyLlama/TinyLlama-1.1B-Chat-v1.0,cola_wide,cola,B,confirm,3,10,mcc,curvature=4.0;gat_hidden_dim=64;graph_metric=cosine;hyperbolic_readout=1;jk_mode=max;learnable_curvature=1;lr=0.001;num_layers=2;proj_dim=512;readout_clip=1.0;readout_scale=0;scorer_hidden=128;tau_quantile=0.38;weight_decay=1e-05,64,cosine,max,0.001,2,512,128,0.38,1e-05,33.37,541.94,0.37579,0.0,,,,4.0,1,1,1.0,0,,,,,
glue|TinyLlama/TinyLlama-1.1B-Chat-v1.0|cola_wide|B|t3|s11|confirm,glue,TinyLlama/TinyLlama-1.1B-Chat-v1.0,cola_wide,cola,B,confirm,3,11,mcc,curvature=4.0;gat_hidden_dim=64;graph_metric=cosine;hyperbolic_readout=1;jk_mode=max;learnable_curvature=1;lr=0.001;num_layers=2;proj_dim=512;readout_clip=1.0;readout_scale=0;scorer_hidden=128;tau_quantile=0.38;weight_decay=1e-05,64,cosine,max,0.001,2,512,128,0.38,1e-05,15.78,539.59,0.37647,0.0,,,,4.0,1,1,1.0,0,,,,,
glue|TinyLlama/TinyLlama-1.1B-Chat-v1.0|cola_wide|B|t3|s12|confirm,glue,TinyLlama/TinyLlama-1.1B-Chat-v1.0,cola_wide,cola,B,confirm,3,12,mcc,curvature=4.0;gat_hidden_dim=64;graph_metric=cosine;hyperbolic_readout=1;jk_mode=max;learnable_curvature=1;lr=0.001;num_layers=2;proj_dim=512;readout_clip=1.0;readout_scale=0;scorer_hidden=128;tau_quantile=0.38;weight_decay=1e-05,64,cosine,max,0.001,2,512,128,0.38,1e-05,30.07,537.6,0.37634,0.0,,,,4.0,1,1,1.0,0,,,,,
glue|TinyLlama/TinyLlama-1.1B-Chat-v1.0|cola_wide|B|t3|s13|confirm,glue,TinyLlama/TinyLlama-1.1B-Chat-v1.0,cola_wide,cola,B,confirm,3,13,mcc,curvature=4.0;gat_hidden_dim=64;graph_metric=cosine;hyperbolic_readout=1;jk_mode=max;learnable_curvature=1;lr=0.001;num_layers=2;proj_dim=512;readout_clip=1.0;readout_scale=0;scorer_hidden=128;tau_quantile=0.38;weight_decay=1e-05,64,cosine,max,0.001,2,512,128,0.38,1e-05,36.18,541.45,0.37617,0.0,,,,4.0,1,1,1.0,0,,,,,
glue|TinyLlama/TinyLlama-1.1B-Chat-v1.0|cola_wide|B|t3|s14|confirm,glue,TinyLlama/TinyLlama-1.1B-Chat-v1.0,cola_wide,cola,B,confirm,3,14,mcc,curvature=4.0;gat_hidden_dim=64;graph_metric=cosine;hyperbolic_readout=1;jk_mode=max;learnable_curvature=1;lr=0.001;num_layers=2;proj_dim=512;readout_clip=1.0;readout_scale=0;scorer_hidden=128;tau_quantile=0.38;weight_decay=1e-05,64,cosine,max,0.001,2,512,128,0.38,1e-05,29.13,537.24,0.37574,0.0,,,,4.0,1,1,1.0,0,,,,,
glue|TinyLlama/TinyLlama-1.1B-Chat-v1.0|cola_wide|B|t3|s15|confirm,glue,TinyLlama/TinyLlama-1.1B-Chat-v1.0,cola_wide,cola,B,confirm,3,15,mcc,curvature=4.0;gat_hidden_dim=64;graph_metric=cosine;hyperbolic_readout=1;jk_mode=max;learnable_curvature=1;lr=0.001;num_layers=2;proj_dim=512;readout_clip=1.0;readout_scale=0;scorer_hidden=128;tau_quantile=0.38;weight_decay=1e-05,64,cosine,max,0.001,2,512,128,0.38,1e-05,40.11,543.57,0.37615,0.0,,,,4.0,1,1,1.0,0,,,,,
glue|TinyLlama/TinyLlama-1.1B-Chat-v1.0|cola_wide|BC|t3|s1|confirm,glue,TinyLlama/TinyLlama-1.1B-Chat-v1.0,cola_wide,cola,BC,confirm,3,1,mcc,curvature=0.25;gat_hidden_dim=256;gnn_input_clip=1.0;gnn_input_scale=0;graph_metric=cosine;hyp_gnn_type=gcn;hyperbolic_gnn=1;hyperbolic_readout=1;jk_mode=max;learnable_curvature=0;lr=0.001;num_layers=4;proj_dim=256;readout_clip=0.7;readout_scale=0;scorer_hidden=256;tau_quantile=0.05;weight_decay=1e-05,256,cosine,max,0.001,4,256,256,0.05,1e-05,44.9,563.66,0.04869,0.03906,,,,0.25,1,0,0.7,0,1.0,0,gcn,1,
glue|TinyLlama/TinyLlama-1.1B-Chat-v1.0|cola_wide|BC|t3|s2|confirm,glue,TinyLlama/TinyLlama-1.1B-Chat-v1.0,cola_wide,cola,BC,confirm,3,2,mcc,curvature=0.25;gat_hidden_dim=256;gnn_input_clip=1.0;gnn_input_scale=0;graph_metric=cosine;hyp_gnn_type=gcn;hyperbolic_gnn=1;hyperbolic_readout=1;jk_mode=max;learnable_curvature=0;lr=0.001;num_layers=4;proj_dim=256;readout_clip=0.7;readout_scale=0;scorer_hidden=256;tau_quantile=0.05;weight_decay=1e-05,256,cosine,max,0.001,4,256,256,0.05,1e-05,42.35,566.18,0.04917,0.01953,,,,0.25,1,0,0.7,0,1.0,0,gcn,1,
glue|TinyLlama/TinyLlama-1.1B-Chat-v1.0|cola_wide|BC|t3|s3|confirm,glue,TinyLlama/TinyLlama-1.1B-Chat-v1.0,cola_wide,cola,BC,confirm,3,3,mcc,curvature=0.25;gat_hidden_dim=256;gnn_input_clip=1.0;gnn_input_scale=0;graph_metric=cosine;hyp_gnn_type=gcn;hyperbolic_gnn=1;hyperbolic_readout=1;jk_mode=max;learnable_curvature=0;lr=0.001;num_layers=4;proj_dim=256;readout_clip=0.7;readout_scale=0;scorer_hidden=256;tau_quantile=0.05;weight_decay=1e-05,256,cosine,max,0.001,4,256,256,0.05,1e-05,46.39,565.18,0.04874,0.03516,,,,0.25,1,0,0.7,0,1.0,0,gcn,1,
glue|TinyLlama/TinyLlama-1.1B-Chat-v1.0|cola_wide|BC|t3|s4|confirm,glue,TinyLlama/TinyLlama-1.1B-Chat-v1.0,cola_wide,cola,BC,confirm,3,4,mcc,curvature=0.25;gat_hidden_dim=256;gnn_input_clip=1.0;gnn_input_scale=0;graph_metric=cosine;hyp_gnn_type=gcn;hyperbolic_gnn=1;hyperbolic_readout=1;jk_mode=max;learnable_curvature=0;lr=0.001;num_layers=4;proj_dim=256;readout_clip=0.7;readout_scale=0;scorer_hidden=256;tau_quantile=0.05;weight_decay=1e-05,256,cosine,max,0.001,4,256,256,0.05,1e-05,41.65,521.22,0.04967,0.01953,,,,0.25,1,0,0.7,0,1.0,0,gcn,1,
glue|TinyLlama/TinyLlama-1.1B-Chat-v1.0|cola_wide|BC|t3|s5|confirm,glue,TinyLlama/TinyLlama-1.1B-Chat-v1.0,cola_wide,cola,BC,confirm,3,5,mcc,curvature=0.25;gat_hidden_dim=256;gnn_input_clip=1.0;gnn_input_scale=0;graph_metric=cosine;hyp_gnn_type=gcn;hyperbolic_gnn=1;hyperbolic_readout=1;jk_mode=max;learnable_curvature=0;lr=0.001;num_layers=4;proj_dim=256;readout_clip=0.7;readout_scale=0;scorer_hidden=256;tau_quantile=0.05;weight_decay=1e-05,256,cosine,max,0.001,4,256,256,0.05,1e-05,38.28,566.98,0.04874,0.03125,,,,0.25,1,0,0.7,0,1.0,0,gcn,1,
glue|TinyLlama/TinyLlama-1.1B-Chat-v1.0|cola_wide|BC|t3|s6|confirm,glue,TinyLlama/TinyLlama-1.1B-Chat-v1.0,cola_wide,cola,BC,confirm,3,6,mcc,curvature=0.25;gat_hidden_dim=256;gnn_input_clip=1.0;gnn_input_scale=0;graph_metric=cosine;hyp_gnn_type=gcn;hyperbolic_gnn=1;hyperbolic_readout=1;jk_mode=max;learnable_curvature=0;lr=0.001;num_layers=4;proj_dim=256;readout_clip=0.7;readout_scale=0;scorer_hidden=256;tau_quantile=0.05;weight_decay=1e-05,256,cosine,max,0.001,4,256,256,0.05,1e-05,36.94,528.8,0.04921,0.02734,,,,0.25,1,0,0.7,0,1.0,0,gcn,1,
glue|TinyLlama/TinyLlama-1.1B-Chat-v1.0|cola_wide|BC|t3|s7|confirm,glue,TinyLlama/TinyLlama-1.1B-Chat-v1.0,cola_wide,cola,BC,confirm,3,7,mcc,curvature=0.25;gat_hidden_dim=256;gnn_input_clip=1.0;gnn_input_scale=0;graph_metric=cosine;hyp_gnn_type=gcn;hyperbolic_gnn=1;hyperbolic_readout=1;jk_mode=max;learnable_curvature=0;lr=0.001;num_layers=4;proj_dim=256;readout_clip=0.7;readout_scale=0;scorer_hidden=256;tau_quantile=0.05;weight_decay=1e-05,256,cosine,max,0.001,4,256,256,0.05,1e-05,40.98,568.26,0.04853,0.03516,,,,0.25,1,0,0.7,0,1.0,0,gcn,1,
glue|TinyLlama/TinyLlama-1.1B-Chat-v1.0|cola_wide|BC|t3|s8|confirm,glue,TinyLlama/TinyLlama-1.1B-Chat-v1.0,cola_wide,cola,BC,confirm,3,8,mcc,curvature=0.25;gat_hidden_dim=256;gnn_input_clip=1.0;gnn_input_scale=0;graph_metric=cosine;hyp_gnn_type=gcn;hyperbolic_gnn=1;hyperbolic_readout=1;jk_mode=max;learnable_curvature=0;lr=0.001;num_layers=4;proj_dim=256;readout_clip=0.7;readout_scale=0;scorer_hidden=256;tau_quantile=0.05;weight_decay=1e-05,256,cosine,max,0.001,4,256,256,0.05,1e-05,40.69,565.63,0.04978,0.02344,,,,0.25,1,0,0.7,0,1.0,0,gcn,1,
glue|TinyLlama/TinyLlama-1.1B-Chat-v1.0|cola_wide|BC|t3|s9|confirm,glue,TinyLlama/TinyLlama-1.1B-Chat-v1.0,cola_wide,cola,BC,confirm,3,9,mcc,curvature=0.25;gat_hidden_dim=256;gnn_input_clip=1.0;gnn_input_scale=0;graph_metric=cosine;hyp_gnn_type=gcn;hyperbolic_gnn=1;hyperbolic_readout=1;jk_mode=max;learnable_curvature=0;lr=0.001;num_layers=4;proj_dim=256;readout_clip=0.7;readout_scale=0;scorer_hidden=256;tau_quantile=0.05;weight_decay=1e-05,256,cosine,max,0.001,4,256,256,0.05,1e-05,40.62,520.53,0.04843,0.03906,,,,0.25,1,0,0.7,0,1.0,0,gcn,1,
glue|TinyLlama/TinyLlama-1.1B-Chat-v1.0|cola_wide|BC|t3|s10|confirm,glue,TinyLlama/TinyLlama-1.1B-Chat-v1.0,cola_wide,cola,BC,confirm,3,10,mcc,curvature=0.25;gat_hidden_dim=256;gnn_input_clip=1.0;gnn_input_scale=0;graph_metric=cosine;hyp_gnn_type=gcn;hyperbolic_gnn=1;hyperbolic_readout=1;jk_mode=max;learnable_curvature=0;lr=0.001;num_layers=4;proj_dim=256;readout_clip=0.7;readout_scale=0;scorer_hidden=256;tau_quantile=0.05;weight_decay=1e-05,256,cosine,max,0.001,4,256,256,0.05,1e-05,42.19,564.26,0.0489,0.02734,,,,0.25,1,0,0.7,0,1.0,0,gcn,1,
glue|TinyLlama/TinyLlama-1.1B-Chat-v1.0|cola_wide|BC|t3|s11|confirm,glue,TinyLlama/TinyLlama-1.1B-Chat-v1.0,cola_wide,cola,BC,confirm,3,11,mcc,curvature=0.25;gat_hidden_dim=256;gnn_input_clip=1.0;gnn_input_scale=0;graph_metric=cosine;hyp_gnn_type=gcn;hyperbolic_gnn=1;hyperbolic_readout=1;jk_mode=max;learnable_curvature=0;lr=0.001;num_layers=4;proj_dim=256;readout_clip=0.7;readout_scale=0;scorer_hidden=256;tau_quantile=0.05;weight_decay=1e-05,256,cosine,max,0.001,4,256,256,0.05,1e-05,37.81,565.89,0.04943,0.02344,,,,0.25,1,0,0.7,0,1.0,0,gcn,1,
glue|TinyLlama/TinyLlama-1.1B-Chat-v1.0|cola_wide|BC|t3|s12|confirm,glue,TinyLlama/TinyLlama-1.1B-Chat-v1.0,cola_wide,cola,BC,confirm,3,12,mcc,curvature=0.25;gat_hidden_dim=256;gnn_input_clip=1.0;gnn_input_scale=0;graph_metric=cosine;hyp_gnn_type=gcn;hyperbolic_gnn=1;hyperbolic_readout=1;jk_mode=max;learnable_curvature=0;lr=0.001;num_layers=4;proj_dim=256;readout_clip=0.7;readout_scale=0;scorer_hidden=256;tau_quantile=0.05;weight_decay=1e-05,256,cosine,max,0.001,4,256,256,0.05,1e-05,41.06,565.2,0.04879,0.03125,,,,0.25,1,0,0.7,0,1.0,0,gcn,1,
glue|TinyLlama/TinyLlama-1.1B-Chat-v1.0|cola_wide|BC|t3|s13|confirm,glue,TinyLlama/TinyLlama-1.1B-Chat-v1.0,cola_wide,cola,BC,confirm,3,13,mcc,curvature=0.25;gat_hidden_dim=256;gnn_input_clip=1.0;gnn_input_scale=0;graph_metric=cosine;hyp_gnn_type=gcn;hyperbolic_gnn=1;hyperbolic_readout=1;jk_mode=max;learnable_curvature=0;lr=0.001;num_layers=4;proj_dim=256;readout_clip=0.7;readout_scale=0;scorer_hidden=256;tau_quantile=0.05;weight_decay=1e-05,256,cosine,max,0.001,4,256,256,0.05,1e-05,44.52,569.34,0.04952,0.03125,,,,0.25,1,0,0.7,0,1.0,0,gcn,1,
glue|TinyLlama/TinyLlama-1.1B-Chat-v1.0|cola_wide|BC|t3|s14|confirm,glue,TinyLlama/TinyLlama-1.1B-Chat-v1.0,cola_wide,cola,BC,confirm,3,14,mcc,curvature=0.25;gat_hidden_dim=256;gnn_input_clip=1.0;gnn_input_scale=0;graph_metric=cosine;hyp_gnn_type=gcn;hyperbolic_gnn=1;hyperbolic_readout=1;jk_mode=max;learnable_curvature=0;lr=0.001;num_layers=4;proj_dim=256;readout_clip=0.7;readout_scale=0;scorer_hidden=256;tau_quantile=0.05;weight_decay=1e-05,256,cosine,max,0.001,4,256,256,0.05,1e-05,37.47,564.41,0.04874,0.02734,,,,0.25,1,0,0.7,0,1.0,0,gcn,1,
glue|TinyLlama/TinyLlama-1.1B-Chat-v1.0|cola_wide|BC|t3|s15|confirm,glue,TinyLlama/TinyLlama-1.1B-Chat-v1.0,cola_wide,cola,BC,confirm,3,15,mcc,curvature=0.25;gat_hidden_dim=256;gnn_input_clip=1.0;gnn_input_scale=0;graph_metric=cosine;hyp_gnn_type=gcn;hyperbolic_gnn=1;hyperbolic_readout=1;jk_mode=max;learnable_curvature=0;lr=0.001;num_layers=4;proj_dim=256;readout_clip=0.7;readout_scale=0;scorer_hidden=256;tau_quantile=0.05;weight_decay=1e-05,256,cosine,max,0.001,4,256,256,0.05,1e-05,42.58,563.87,0.04887,0.03516,,,,0.25,1,0,0.7,0,1.0,0,gcn,1,
glue|TinyLlama/TinyLlama-1.1B-Chat-v1.0|cola_wide|C|t0|s1|confirm,glue,TinyLlama/TinyLlama-1.1B-Chat-v1.0,cola_wide,cola,C,confirm,0,1,mcc,curvature=1.0;gat_hidden_dim=128;gnn_input_clip=0.7;gnn_input_scale=1;graph_metric=cosine;hyp_gnn_type=gcn;hyperbolic_gnn=1;jk_mode=max;lr=0.0002;num_layers=4;proj_dim=256;scorer_hidden=256;tau_quantile=0.38;weight_decay=1e-05,128,cosine,max,0.0002,4,256,256,0.38,1e-05,40.42,564.24,0.3749,0.0,,,,1.0,,,,,0.7,1,gcn,1,
glue|TinyLlama/TinyLlama-1.1B-Chat-v1.0|cola_wide|C|t0|s2|confirm,glue,TinyLlama/TinyLlama-1.1B-Chat-v1.0,cola_wide,cola,C,confirm,0,2,mcc,curvature=1.0;gat_hidden_dim=128;gnn_input_clip=0.7;gnn_input_scale=1;graph_metric=cosine;hyp_gnn_type=gcn;hyperbolic_gnn=1;jk_mode=max;lr=0.0002;num_layers=4;proj_dim=256;scorer_hidden=256;tau_quantile=0.38;weight_decay=1e-05,128,cosine,max,0.0002,4,256,256,0.38,1e-05,35.73,563.01,0.37644,0.0,,,,1.0,,,,,0.7,1,gcn,1,
glue|TinyLlama/TinyLlama-1.1B-Chat-v1.0|cola_wide|C|t0|s3|confirm,glue,TinyLlama/TinyLlama-1.1B-Chat-v1.0,cola_wide,cola,C,confirm,0,3,mcc,curvature=1.0;gat_hidden_dim=128;gnn_input_clip=0.7;gnn_input_scale=1;graph_metric=cosine;hyp_gnn_type=gcn;hyperbolic_gnn=1;jk_mode=max;lr=0.0002;num_layers=4;proj_dim=256;scorer_hidden=256;tau_quantile=0.38;weight_decay=1e-05,128,cosine,max,0.0002,4,256,256,0.38,1e-05,40.36,563.6,0.37725,0.0,,,,1.0,,,,,0.7,1,gcn,1,
glue|TinyLlama/TinyLlama-1.1B-Chat-v1.0|cola_wide|C|t0|s4|confirm,glue,TinyLlama/TinyLlama-1.1B-Chat-v1.0,cola_wide,cola,C,confirm,0,4,mcc,curvature=1.0;gat_hidden_dim=128;gnn_input_clip=0.7;gnn_input_scale=1;graph_metric=cosine;hyp_gnn_type=gcn;hyperbolic_gnn=1;jk_mode=max;lr=0.0002;num_layers=4;proj_dim=256;scorer_hidden=256;tau_quantile=0.38;weight_decay=1e-05,128,cosine,max,0.0002,4,256,256,0.38,1e-05,39.49,564.1,0.37571,0.0,,,,1.0,,,,,0.7,1,gcn,1,
glue|TinyLlama/TinyLlama-1.1B-Chat-v1.0|cola_wide|C|t0|s5|confirm,glue,TinyLlama/TinyLlama-1.1B-Chat-v1.0,cola_wide,cola,C,confirm,0,5,mcc,curvature=1.0;gat_hidden_dim=128;gnn_input_clip=0.7;gnn_input_scale=1;graph_metric=cosine;hyp_gnn_type=gcn;hyperbolic_gnn=1;jk_mode=max;lr=0.0002;num_layers=4;proj_dim=256;scorer_hidden=256;tau_quantile=0.38;weight_decay=1e-05,128,cosine,max,0.0002,4,256,256,0.38,1e-05,41.96,565.91,0.37641,0.0,,,,1.0,,,,,0.7,1,gcn,1,
glue|TinyLlama/TinyLlama-1.1B-Chat-v1.0|cola_wide|C|t0|s6|confirm,glue,TinyLlama/TinyLlama-1.1B-Chat-v1.0,cola_wide,cola,C,confirm,0,6,mcc,curvature=1.0;gat_hidden_dim=128;gnn_input_clip=0.7;gnn_input_scale=1;graph_metric=cosine;hyp_gnn_type=gcn;hyperbolic_gnn=1;jk_mode=max;lr=0.0002;num_layers=4;proj_dim=256;scorer_hidden=256;tau_quantile=0.38;weight_decay=1e-05,128,cosine,max,0.0002,4,256,256,0.38,1e-05,37.6,562.06,0.37697,0.0,,,,1.0,,,,,0.7,1,gcn,1,
glue|TinyLlama/TinyLlama-1.1B-Chat-v1.0|cola_wide|C|t0|s7|confirm,glue,TinyLlama/TinyLlama-1.1B-Chat-v1.0,cola_wide,cola,C,confirm,0,7,mcc,curvature=1.0;gat_hidden_dim=128;gnn_input_clip=0.7;gnn_input_scale=1;graph_metric=cosine;hyp_gnn_type=gcn;hyperbolic_gnn=1;jk_mode=max;lr=0.0002;num_layers=4;proj_dim=256;scorer_hidden=256;tau_quantile=0.38;weight_decay=1e-05,128,cosine,max,0.0002,4,256,256,0.38,1e-05,39.12,519.7,0.37646,0.0,,,,1.0,,,,,0.7,1,gcn,1,
glue|TinyLlama/TinyLlama-1.1B-Chat-v1.0|cola_wide|C|t0|s8|confirm,glue,TinyLlama/TinyLlama-1.1B-Chat-v1.0,cola_wide,cola,C,confirm,0,8,mcc,curvature=1.0;gat_hidden_dim=128;gnn_input_clip=0.7;gnn_input_scale=1;graph_metric=cosine;hyp_gnn_type=gcn;hyperbolic_gnn=1;jk_mode=max;lr=0.0002;num_layers=4;proj_dim=256;scorer_hidden=256;tau_quantile=0.38;weight_decay=1e-05,128,cosine,max,0.0002,4,256,256,0.38,1e-05,41.25,564.0,0.37692,0.0,,,,1.0,,,,,0.7,1,gcn,1,
glue|TinyLlama/TinyLlama-1.1B-Chat-v1.0|cola_wide|C|t0|s9|confirm,glue,TinyLlama/TinyLlama-1.1B-Chat-v1.0,cola_wide,cola,C,confirm,0,9,mcc,curvature=1.0;gat_hidden_dim=128;gnn_input_clip=0.7;gnn_input_scale=1;graph_metric=cosine;hyp_gnn_type=gcn;hyperbolic_gnn=1;jk_mode=max;lr=0.0002;num_layers=4;proj_dim=256;scorer_hidden=256;tau_quantile=0.38;weight_decay=1e-05,128,cosine,max,0.0002,4,256,256,0.38,1e-05,39.12,562.28,0.37704,0.0,,,,1.0,,,,,0.7,1,gcn,1,
glue|TinyLlama/TinyLlama-1.1B-Chat-v1.0|cola_wide|C|t0|s10|confirm,glue,TinyLlama/TinyLlama-1.1B-Chat-v1.0,cola_wide,cola,C,confirm,0,10,mcc,curvature=1.0;gat_hidden_dim=128;gnn_input_clip=0.7;gnn_input_scale=1;graph_metric=cosine;hyp_gnn_type=gcn;hyperbolic_gnn=1;jk_mode=max;lr=0.0002;num_layers=4;proj_dim=256;scorer_hidden=256;tau_quantile=0.38;weight_decay=1e-05,128,cosine,max,0.0002,4,256,256,0.38,1e-05,38.74,565.61,0.37688,0.0,,,,1.0,,,,,0.7,1,gcn,1,
glue|TinyLlama/TinyLlama-1.1B-Chat-v1.0|cola_wide|C|t0|s11|confirm,glue,TinyLlama/TinyLlama-1.1B-Chat-v1.0,cola_wide,cola,C,confirm,0,11,mcc,curvature=1.0;gat_hidden_dim=128;gnn_input_clip=0.7;gnn_input_scale=1;graph_metric=cosine;hyp_gnn_type=gcn;hyperbolic_gnn=1;jk_mode=max;lr=0.0002;num_layers=4;proj_dim=256;scorer_hidden=256;tau_quantile=0.38;weight_decay=1e-05,128,cosine,max,0.0002,4,256,256,0.38,1e-05,33.96,562.94,0.37607,0.0,,,,1.0,,,,,0.7,1,gcn,1,
glue|TinyLlama/TinyLlama-1.1B-Chat-v1.0|cola_wide|C|t0|s12|confirm,glue,TinyLlama/TinyLlama-1.1B-Chat-v1.0,cola_wide,cola,C,confirm,0,12,mcc,curvature=1.0;gat_hidden_dim=128;gnn_input_clip=0.7;gnn_input_scale=1;graph_metric=cosine;hyp_gnn_type=gcn;hyperbolic_gnn=1;jk_mode=max;lr=0.0002;num_layers=4;proj_dim=256;scorer_hidden=256;tau_quantile=0.38;weight_decay=1e-05,128,cosine,max,0.0002,4,256,256,0.38,1e-05,37.3,563.52,0.37716,0.0,,,,1.0,,,,,0.7,1,gcn,1,
glue|TinyLlama/TinyLlama-1.1B-Chat-v1.0|cola_wide|C|t0|s13|confirm,glue,TinyLlama/TinyLlama-1.1B-Chat-v1.0,cola_wide,cola,C,confirm,0,13,mcc,curvature=1.0;gat_hidden_dim=128;gnn_input_clip=0.7;gnn_input_scale=1;graph_metric=cosine;hyp_gnn_type=gcn;hyperbolic_gnn=1;jk_mode=max;lr=0.0002;num_layers=4;proj_dim=256;scorer_hidden=256;tau_quantile=0.38;weight_decay=1e-05,128,cosine,max,0.0002,4,256,256,0.38,1e-05,42.08,566.91,0.37655,0.0,,,,1.0,,,,,0.7,1,gcn,1,
glue|TinyLlama/TinyLlama-1.1B-Chat-v1.0|cola_wide|C|t0|s14|confirm,glue,TinyLlama/TinyLlama-1.1B-Chat-v1.0,cola_wide,cola,C,confirm,0,14,mcc,curvature=1.0;gat_hidden_dim=128;gnn_input_clip=0.7;gnn_input_scale=1;graph_metric=cosine;hyp_gnn_type=gcn;hyperbolic_gnn=1;jk_mode=max;lr=0.0002;num_layers=4;proj_dim=256;scorer_hidden=256;tau_quantile=0.38;weight_decay=1e-05,128,cosine,max,0.0002,4,256,256,0.38,1e-05,41.78,562.98,0.37577,0.0,,,,1.0,,,,,0.7,1,gcn,1,
glue|TinyLlama/TinyLlama-1.1B-Chat-v1.0|cola_wide|C|t0|s15|confirm,glue,TinyLlama/TinyLlama-1.1B-Chat-v1.0,cola_wide,cola,C,confirm,0,15,mcc,curvature=1.0;gat_hidden_dim=128;gnn_input_clip=0.7;gnn_input_scale=1;graph_metric=cosine;hyp_gnn_type=gcn;hyperbolic_gnn=1;jk_mode=max;lr=0.0002;num_layers=4;proj_dim=256;scorer_hidden=256;tau_quantile=0.38;weight_decay=1e-05,128,cosine,max,0.0002,4,256,256,0.38,1e-05,40.92,562.06,0.37633,0.0,,,,1.0,,,,,0.7,1,gcn,1,
glue|TinyLlama/TinyLlama-1.1B-Chat-v1.0|cola_wide|baseline|t9|s1|confirm,glue,TinyLlama/TinyLlama-1.1B-Chat-v1.0,cola_wide,cola,baseline,confirm,9,1,mcc,gat_hidden_dim=64;graph_metric=cosine;jk_mode=max;lr=0.001;num_layers=4;proj_dim=512;scorer_hidden=256;tau_quantile=0.2;weight_decay=5e-05,64,cosine,max,0.001,4,512,256,0.2,5e-05,37.9,537.23,0.19607,0.0,,,,,,,,,,,,,
glue|TinyLlama/TinyLlama-1.1B-Chat-v1.0|cola_wide|baseline|t9|s2|confirm,glue,TinyLlama/TinyLlama-1.1B-Chat-v1.0,cola_wide,cola,baseline,confirm,9,2,mcc,gat_hidden_dim=64;graph_metric=cosine;jk_mode=max;lr=0.001;num_layers=4;proj_dim=512;scorer_hidden=256;tau_quantile=0.2;weight_decay=5e-05,64,cosine,max,0.001,4,512,256,0.2,5e-05,41.84,535.81,0.19542,0.0,,,,,,,,,,,,,
glue|TinyLlama/TinyLlama-1.1B-Chat-v1.0|cola_wide|baseline|t9|s3|confirm,glue,TinyLlama/TinyLlama-1.1B-Chat-v1.0,cola_wide,cola,baseline,confirm,9,3,mcc,gat_hidden_dim=64;graph_metric=cosine;jk_mode=max;lr=0.001;num_layers=4;proj_dim=512;scorer_hidden=256;tau_quantile=0.2;weight_decay=5e-05,64,cosine,max,0.001,4,512,256,0.2,5e-05,48.08,541.25,0.19495,0.0,,,,,,,,,,,,,
glue|TinyLlama/TinyLlama-1.1B-Chat-v1.0|cola_wide|baseline|t9|s4|confirm,glue,TinyLlama/TinyLlama-1.1B-Chat-v1.0,cola_wide,cola,baseline,confirm,9,4,mcc,gat_hidden_dim=64;graph_metric=cosine;jk_mode=max;lr=0.001;num_layers=4;proj_dim=512;scorer_hidden=256;tau_quantile=0.2;weight_decay=5e-05,64,cosine,max,0.001,4,512,256,0.2,5e-05,43.47,535.98,0.19573,0.0,,,,,,,,,,,,,
glue|TinyLlama/TinyLlama-1.1B-Chat-v1.0|cola_wide|baseline|t9|s5|confirm,glue,TinyLlama/TinyLlama-1.1B-Chat-v1.0,cola_wide,cola,baseline,confirm,9,5,mcc,gat_hidden_dim=64;graph_metric=cosine;jk_mode=max;lr=0.001;num_layers=4;proj_dim=512;scorer_hidden=256;tau_quantile=0.2;weight_decay=5e-05,64,cosine,max,0.001,4,512,256,0.2,5e-05,42.0,541.42,0.19546,0.0,,,,,,,,,,,,,
glue|TinyLlama/TinyLlama-1.1B-Chat-v1.0|cola_wide|baseline|t9|s6|confirm,glue,TinyLlama/TinyLlama-1.1B-Chat-v1.0,cola_wide,cola,baseline,confirm,9,6,mcc,gat_hidden_dim=64;graph_metric=cosine;jk_mode=max;lr=0.001;num_layers=4;proj_dim=512;scorer_hidden=256;tau_quantile=0.2;weight_decay=5e-05,64,cosine,max,0.001,4,512,256,0.2,5e-05,43.05,536.02,0.19558,0.0,,,,,,,,,,,,,
glue|TinyLlama/TinyLlama-1.1B-Chat-v1.0|cola_wide|baseline|t9|s7|confirm,glue,TinyLlama/TinyLlama-1.1B-Chat-v1.0,cola_wide,cola,baseline,confirm,9,7,mcc,gat_hidden_dim=64;graph_metric=cosine;jk_mode=max;lr=0.001;num_layers=4;proj_dim=512;scorer_hidden=256;tau_quantile=0.2;weight_decay=5e-05,64,cosine,max,0.001,4,512,256,0.2,5e-05,41.37,540.19,0.1958,0.0,,,,,,,,,,,,,
glue|TinyLlama/TinyLlama-1.1B-Chat-v1.0|cola_wide|baseline|t9|s8|confirm,glue,TinyLlama/TinyLlama-1.1B-Chat-v1.0,cola_wide,cola,baseline,confirm,9,8,mcc,gat_hidden_dim=64;graph_metric=cosine;jk_mode=max;lr=0.001;num_layers=4;proj_dim=512;scorer_hidden=256;tau_quantile=0.2;weight_decay=5e-05,64,cosine,max,0.001,4,512,256,0.2,5e-05,42.2,536.81,0.19579,0.0,,,,,,,,,,,,,
glue|TinyLlama/TinyLlama-1.1B-Chat-v1.0|cola_wide|baseline|t9|s9|confirm,glue,TinyLlama/TinyLlama-1.1B-Chat-v1.0,cola_wide,cola,baseline,confirm,9,9,mcc,gat_hidden_dim=64;graph_metric=cosine;jk_mode=max;lr=0.001;num_layers=4;proj_dim=512;scorer_hidden=256;tau_quantile=0.2;weight_decay=5e-05,64,cosine,max,0.001,4,512,256,0.2,5e-05,38.4,536.41,0.19597,0.0,,,,,,,,,,,,,
glue|TinyLlama/TinyLlama-1.1B-Chat-v1.0|cola_wide|baseline|t9|s10|confirm,glue,TinyLlama/TinyLlama-1.1B-Chat-v1.0,cola_wide,cola,baseline,confirm,9,10,mcc,gat_hidden_dim=64;graph_metric=cosine;jk_mode=max;lr=0.001;num_layers=4;proj_dim=512;scorer_hidden=256;tau_quantile=0.2;weight_decay=5e-05,64,cosine,max,0.001,4,512,256,0.2,5e-05,38.9,535.95,0.19567,0.0,,,,,,,,,,,,,
glue|TinyLlama/TinyLlama-1.1B-Chat-v1.0|cola_wide|baseline|t9|s11|confirm,glue,TinyLlama/TinyLlama-1.1B-Chat-v1.0,cola_wide,cola,baseline,confirm,9,11,mcc,gat_hidden_dim=64;graph_metric=cosine;jk_mode=max;lr=0.001;num_layers=4;proj_dim=512;scorer_hidden=256;tau_quantile=0.2;weight_decay=5e-05,64,cosine,max,0.001,4,512,256,0.2,5e-05,46.1,533.66,0.19563,0.0,,,,,,,,,,,,,
glue|TinyLlama/TinyLlama-1.1B-Chat-v1.0|cola_wide|baseline|t9|s12|confirm,glue,TinyLlama/TinyLlama-1.1B-Chat-v1.0,cola_wide,cola,baseline,confirm,9,12,mcc,gat_hidden_dim=64;graph_metric=cosine;jk_mode=max;lr=0.001;num_layers=4;proj_dim=512;scorer_hidden=256;tau_quantile=0.2;weight_decay=5e-05,64,cosine,max,0.001,4,512,256,0.2,5e-05,45.91,536.27,0.19573,0.0,,,,,,,,,,,,,
glue|TinyLlama/TinyLlama-1.1B-Chat-v1.0|cola_wide|baseline|t9|s13|confirm,glue,TinyLlama/TinyLlama-1.1B-Chat-v1.0,cola_wide,cola,baseline,confirm,9,13,mcc,gat_hidden_dim=64;graph_metric=cosine;jk_mode=max;lr=0.001;num_layers=4;proj_dim=512;scorer_hidden=256;tau_quantile=0.2;weight_decay=5e-05,64,cosine,max,0.001,4,512,256,0.2,5e-05,45.18,536.49,0.19539,0.0,,,,,,,,,,,,,
glue|TinyLlama/TinyLlama-1.1B-Chat-v1.0|cola_wide|baseline|t9|s14|confirm,glue,TinyLlama/TinyLlama-1.1B-Chat-v1.0,cola_wide,cola,baseline,confirm,9,14,mcc,gat_hidden_dim=64;graph_metric=cosine;jk_mode=max;lr=0.001;num_layers=4;proj_dim=512;scorer_hidden=256;tau_quantile=0.2;weight_decay=5e-05,64,cosine,max,0.001,4,512,256,0.2,5e-05,34.89,536.64,0.19531,0.0,,,,,,,,,,,,,
glue|TinyLlama/TinyLlama-1.1B-Chat-v1.0|cola_wide|baseline|t9|s15|confirm,glue,TinyLlama/TinyLlama-1.1B-Chat-v1.0,cola_wide,cola,baseline,confirm,9,15,mcc,gat_hidden_dim=64;graph_metric=cosine;jk_mode=max;lr=0.001;num_layers=4;proj_dim=512;scorer_hidden=256;tau_quantile=0.2;weight_decay=5e-05,64,cosine,max,0.001,4,512,256,0.2,5e-05,44.97,536.5,0.1953,0.0,,,,,,,,,,,,,
glue|TinyLlama/TinyLlama-1.1B-Chat-v1.0|cola_wide|no_graph|t0|s1|confirm,glue,TinyLlama/TinyLlama-1.1B-Chat-v1.0,cola_wide,cola,no_graph,confirm,0,1,mcc,gat_hidden_dim=256;graph_metric=cosine;jk_mode=max;lr=0.001;num_layers=4;proj_dim=512;scorer_hidden=256;tau=0.999;weight_decay=5e-05,256,cosine,max,0.001,4,512,256,,5e-05,45.5,529.08,0.0,1.0,,,,,,,,,,,,,0.999
glue|TinyLlama/TinyLlama-1.1B-Chat-v1.0|cola_wide|no_graph|t0|s2|confirm,glue,TinyLlama/TinyLlama-1.1B-Chat-v1.0,cola_wide,cola,no_graph,confirm,0,2,mcc,gat_hidden_dim=256;graph_metric=cosine;jk_mode=max;lr=0.001;num_layers=4;proj_dim=512;scorer_hidden=256;tau=0.999;weight_decay=5e-05,256,cosine,max,0.001,4,512,256,,5e-05,43.88,532.51,0.0,1.0,,,,,,,,,,,,,0.999
glue|TinyLlama/TinyLlama-1.1B-Chat-v1.0|cola_wide|no_graph|t0|s3|confirm,glue,TinyLlama/TinyLlama-1.1B-Chat-v1.0,cola_wide,cola,no_graph,confirm,0,3,mcc,gat_hidden_dim=256;graph_metric=cosine;jk_mode=max;lr=0.001;num_layers=4;proj_dim=512;scorer_hidden=256;tau=0.999;weight_decay=5e-05,256,cosine,max,0.001,4,512,256,,5e-05,41.78,529.66,0.0,1.0,,,,,,,,,,,,,0.999
glue|TinyLlama/TinyLlama-1.1B-Chat-v1.0|cola_wide|no_graph|t0|s4|confirm,glue,TinyLlama/TinyLlama-1.1B-Chat-v1.0,cola_wide,cola,no_graph,confirm,0,4,mcc,gat_hidden_dim=256;graph_metric=cosine;jk_mode=max;lr=0.001;num_layers=4;proj_dim=512;scorer_hidden=256;tau=0.999;weight_decay=5e-05,256,cosine,max,0.001,4,512,256,,5e-05,45.78,533.79,0.0,1.0,,,,,,,,,,,,,0.999
glue|TinyLlama/TinyLlama-1.1B-Chat-v1.0|cola_wide|no_graph|t0|s5|confirm,glue,TinyLlama/TinyLlama-1.1B-Chat-v1.0,cola_wide,cola,no_graph,confirm,0,5,mcc,gat_hidden_dim=256;graph_metric=cosine;jk_mode=max;lr=0.001;num_layers=4;proj_dim=512;scorer_hidden=256;tau=0.999;weight_decay=5e-05,256,cosine,max,0.001,4,512,256,,5e-05,48.26,528.67,0.0,1.0,,,,,,,,,,,,,0.999
glue|TinyLlama/TinyLlama-1.1B-Chat-v1.0|cola_wide|no_graph|t0|s6|confirm,glue,TinyLlama/TinyLlama-1.1B-Chat-v1.0,cola_wide,cola,no_graph,confirm,0,6,mcc,gat_hidden_dim=256;graph_metric=cosine;jk_mode=max;lr=0.001;num_layers=4;proj_dim=512;scorer_hidden=256;tau=0.999;weight_decay=5e-05,256,cosine,max,0.001,4,512,256,,5e-05,44.69,529.87,0.0,1.0,,,,,,,,,,,,,0.999
glue|TinyLlama/TinyLlama-1.1B-Chat-v1.0|cola_wide|no_graph|t0|s7|confirm,glue,TinyLlama/TinyLlama-1.1B-Chat-v1.0,cola_wide,cola,no_graph,confirm,0,7,mcc,gat_hidden_dim=256;graph_metric=cosine;jk_mode=max;lr=0.001;num_layers=4;proj_dim=512;scorer_hidden=256;tau=0.999;weight_decay=5e-05,256,cosine,max,0.001,4,512,256,,5e-05,44.63,529.44,0.0,1.0,,,,,,,,,,,,,0.999
glue|TinyLlama/TinyLlama-1.1B-Chat-v1.0|cola_wide|no_graph|t0|s8|confirm,glue,TinyLlama/TinyLlama-1.1B-Chat-v1.0,cola_wide,cola,no_graph,confirm,0,8,mcc,gat_hidden_dim=256;graph_metric=cosine;jk_mode=max;lr=0.001;num_layers=4;proj_dim=512;scorer_hidden=256;tau=0.999;weight_decay=5e-05,256,cosine,max,0.001,4,512,256,,5e-05,42.25,529.69,0.0,1.0,,,,,,,,,,,,,0.999
glue|TinyLlama/TinyLlama-1.1B-Chat-v1.0|cola_wide|no_graph|t0|s9|confirm,glue,TinyLlama/TinyLlama-1.1B-Chat-v1.0,cola_wide,cola,no_graph,confirm,0,9,mcc,gat_hidden_dim=256;graph_metric=cosine;jk_mode=max;lr=0.001;num_layers=4;proj_dim=512;scorer_hidden=256;tau=0.999;weight_decay=5e-05,256,cosine,max,0.001,4,512,256,,5e-05,43.72,487.25,0.0,1.0,,,,,,,,,,,,,0.999
glue|TinyLlama/TinyLlama-1.1B-Chat-v1.0|cola_wide|no_graph|t0|s10|confirm,glue,TinyLlama/TinyLlama-1.1B-Chat-v1.0,cola_wide,cola,no_graph,confirm,0,10,mcc,gat_hidden_dim=256;graph_metric=cosine;jk_mode=max;lr=0.001;num_layers=4;proj_dim=512;scorer_hidden=256;tau=0.999;weight_decay=5e-05,256,cosine,max,0.001,4,512,256,,5e-05,50.04,530.26,0.0,1.0,,,,,,,,,,,,,0.999
glue|TinyLlama/TinyLlama-1.1B-Chat-v1.0|cola_wide|no_graph|t0|s11|confirm,glue,TinyLlama/TinyLlama-1.1B-Chat-v1.0,cola_wide,cola,no_graph,confirm,0,11,mcc,gat_hidden_dim=256;graph_metric=cosine;jk_mode=max;lr=0.001;num_layers=4;proj_dim=512;scorer_hidden=256;tau=0.999;weight_decay=5e-05,256,cosine,max,0.001,4,512,256,,5e-05,43.0,530.13,0.0,1.0,,,,,,,,,,,,,0.999
glue|TinyLlama/TinyLlama-1.1B-Chat-v1.0|cola_wide|no_graph|t0|s12|confirm,glue,TinyLlama/TinyLlama-1.1B-Chat-v1.0,cola_wide,cola,no_graph,confirm,0,12,mcc,gat_hidden_dim=256;graph_metric=cosine;jk_mode=max;lr=0.001;num_layers=4;proj_dim=512;scorer_hidden=256;tau=0.999;weight_decay=5e-05,256,cosine,max,0.001,4,512,256,,5e-05,45.31,530.13,0.0,1.0,,,,,,,,,,,,,0.999
glue|TinyLlama/TinyLlama-1.1B-Chat-v1.0|cola_wide|no_graph|t0|s13|confirm,glue,TinyLlama/TinyLlama-1.1B-Chat-v1.0,cola_wide,cola,no_graph,confirm,0,13,mcc,gat_hidden_dim=256;graph_metric=cosine;jk_mode=max;lr=0.001;num_layers=4;proj_dim=512;scorer_hidden=256;tau=0.999;weight_decay=5e-05,256,cosine,max,0.001,4,512,256,,5e-05,44.74,534.45,0.0,1.0,,,,,,,,,,,,,0.999
glue|TinyLlama/TinyLlama-1.1B-Chat-v1.0|cola_wide|no_graph|t0|s14|confirm,glue,TinyLlama/TinyLlama-1.1B-Chat-v1.0,cola_wide,cola,no_graph,confirm,0,14,mcc,gat_hidden_dim=256;graph_metric=cosine;jk_mode=max;lr=0.001;num_layers=4;proj_dim=512;scorer_hidden=256;tau=0.999;weight_decay=5e-05,256,cosine,max,0.001,4,512,256,,5e-05,46.18,531.64,0.0,1.0,,,,,,,,,,,,,0.999
glue|TinyLlama/TinyLlama-1.1B-Chat-v1.0|cola_wide|no_graph|t0|s15|confirm,glue,TinyLlama/TinyLlama-1.1B-Chat-v1.0,cola_wide,cola,no_graph,confirm,0,15,mcc,gat_hidden_dim=256;graph_metric=cosine;jk_mode=max;lr=0.001;num_layers=4;proj_dim=512;scorer_hidden=256;tau=0.999;weight_decay=5e-05,256,cosine,max,0.001,4,512,256,,5e-05,43.17,487.66,0.0,1.0,,,,,,,,,,,,,0.999
