run_key,target,model,setting,task,arm,stage,trial,seed,metric,detail,graph_metric,jk_mode,lr,scorer_hidden,weight_decay,gat_hidden_dim,num_layers,proj_dim,tau_quantile,curvature,gnn_input_clip,gnn_input_scale,hyp_gnn_type,hyperbolic_gnn,score,elapsed_sec,mean_density,empty_frac
glue|bert-base-uncased|cola_wide|C_at_base|t900|s1|confirm,glue,bert-base-uncased,cola_wide,cola,C_at_base,confirm,900,1,mcc,curvature=4.0;gat_hidden_dim=256;gnn_input_clip=0.7;gnn_input_scale=1;graph_metric=cosine;hyp_gnn_type=gat;hyperbolic_gnn=1;jk_mode=max;lr=0.001;num_layers=4;proj_dim=128;scorer_hidden=128;tau_quantile=0.1;weight_decay=5e-05,cosine,max,0.001,128,5e-05,256,4,128,0.1,4.0,0.7,1,gat,1,45.32,156.68,0.10008,0.0
glue|bert-base-uncased|cola_wide|C_at_base|t900|s2|confirm,glue,bert-base-uncased,cola_wide,cola,C_at_base,confirm,900,2,mcc,curvature=4.0;gat_hidden_dim=256;gnn_input_clip=0.7;gnn_input_scale=1;graph_metric=cosine;hyp_gnn_type=gat;hyperbolic_gnn=1;jk_mode=max;lr=0.001;num_layers=4;proj_dim=128;scorer_hidden=128;tau_quantile=0.1;weight_decay=5e-05,cosine,max,0.001,128,5e-05,256,4,128,0.1,4.0,0.7,1,gat,1,45.15,157.69,0.10085,0.0
glue|bert-base-uncased|cola_wide|C_at_base|t900|s3|confirm,glue,bert-base-uncased,cola_wide,cola,C_at_base,confirm,900,3,mcc,curvature=4.0;gat_hidden_dim=256;gnn_input_clip=0.7;gnn_input_scale=1;graph_metric=cosine;hyp_gnn_type=gat;hyperbolic_gnn=1;jk_mode=max;lr=0.001;num_layers=4;proj_dim=128;scorer_hidden=128;tau_quantile=0.1;weight_decay=5e-05,cosine,max,0.001,128,5e-05,256,4,128,0.1,4.0,0.7,1,gat,1,45.44,155.03,0.09966,0.0
glue|bert-base-uncased|cola_wide|C_at_base|t900|s4|confirm,glue,bert-base-uncased,cola_wide,cola,C_at_base,confirm,900,4,mcc,curvature=4.0;gat_hidden_dim=256;gnn_input_clip=0.7;gnn_input_scale=1;graph_metric=cosine;hyp_gnn_type=gat;hyperbolic_gnn=1;jk_mode=max;lr=0.001;num_layers=4;proj_dim=128;scorer_hidden=128;tau_quantile=0.1;weight_decay=5e-05,cosine,max,0.001,128,5e-05,256,4,128,0.1,4.0,0.7,1,gat,1,45.4,155.19,0.10007,0.0
glue|bert-base-uncased|cola_wide|C_at_base|t900|s5|confirm,glue,bert-base-uncased,cola_wide,cola,C_at_base,confirm,900,5,mcc,curvature=4.0;gat_hidden_dim=256;gnn_input_clip=0.7;gnn_input_scale=1;graph_metric=cosine;hyp_gnn_type=gat;hyperbolic_gnn=1;jk_mode=max;lr=0.001;num_layers=4;proj_dim=128;scorer_hidden=128;tau_quantile=0.1;weight_decay=5e-05,cosine,max,0.001,128,5e-05,256,4,128,0.1,4.0,0.7,1,gat,1,45.89,156.01,0.09976,0.0
glue|bert-base-uncased|cola_wide|C_at_base|t900|s6|confirm,glue,bert-base-uncased,cola_wide,cola,C_at_base,confirm,900,6,mcc,curvature=4.0;gat_hidden_dim=256;gnn_input_clip=0.7;gnn_input_scale=1;graph_metric=cosine;hyp_gnn_type=gat;hyperbolic_gnn=1;jk_mode=max;lr=0.001;num_layers=4;proj_dim=128;scorer_hidden=128;tau_quantile=0.1;weight_decay=5e-05,cosine,max,0.001,128,5e-05,256,4,128,0.1,4.0,0.7,1,gat,1,45.73,154.84,0.09934,0.0
glue|bert-base-uncased|cola_wide|C_at_base|t900|s7|confirm,glue,bert-base-uncased,cola_wide,cola,C_at_base,confirm,900,7,mcc,curvature=4.0;gat_hidden_dim=256;gnn_input_clip=0.7;gnn_input_scale=1;graph_metric=cosine;hyp_gnn_type=gat;hyperbolic_gnn=1;jk_mode=max;lr=0.001;num_layers=4;proj_dim=128;scorer_hidden=128;tau_quantile=0.1;weight_decay=5e-05,cosine,max,0.001,128,5e-05,256,4,128,0.1,4.0,0.7,1,gat,1,47.16,157.23,0.09954,0.0
glue|bert-base-uncased|cola_wide|C_at_base|t900|s8|confirm,glue,bert-base-uncased,cola_wide,cola,C_at_base,confirm,900,8,mcc,curvature=4.0;gat_hidden_dim=256;gnn_input_clip=0.7;gnn_input_scale=1;graph_metric=cosine;hyp_gnn_type=gat;hyperbolic_gnn=1;jk_mode=max;lr=0.001;num_layers=4;proj_dim=128;scorer_hidden=128;tau_quantile=0.1;weight_decay=5e-05,cosine,max,0.001,128,5e-05,256,4,128,0.1,4.0,0.7,1,gat,1,44.9,156.87,0.0999,0.0
glue|bert-base-uncased|cola_wide|C_at_base|t900|s9|confirm,glue,bert-base-uncased,cola_wide,cola,C_at_base,confirm,900,9,mcc,curvature=4.0;gat_hidden_dim=256;gnn_input_clip=0.7;gnn_input_scale=1;graph_metric=cosine;hyp_gnn_type=gat;hyperbolic_gnn=1;jk_mode=max;lr=0.001;num_layers=4;proj_dim=128;scorer_hidden=128;tau_quantile=0.1;weight_decay=5e-05,cosine,max,0.001,128,5e-05,256,4,128,0.1,4.0,0.7,1,gat,1,44.41,155.84,0.10025,0.0
glue|bert-base-uncased|cola_wide|C_at_base|t900|s10|confirm,glue,bert-base-uncased,cola_wide,cola,C_at_base,confirm,900,10,mcc,curvature=4.0;gat_hidden_dim=256;gnn_input_clip=0.7;gnn_input_scale=1;graph_metric=cosine;hyp_gnn_type=gat;hyperbolic_gnn=1;jk_mode=max;lr=0.001;num_layers=4;proj_dim=128;scorer_hidden=128;tau_quantile=0.1;weight_decay=5e-05,cosine,max,0.001,128,5e-05,256,4,128,0.1,4.0,0.7,1,gat,1,46.74,153.6,0.09961,0.0
glue|bert-base-uncased|cola_wide|C_at_base|t900|s11|confirm,glue,bert-base-uncased,cola_wide,cola,C_at_base,confirm,900,11,mcc,curvature=4.0;gat_hidden_dim=256;gnn_input_clip=0.7;gnn_input_scale=1;graph_metric=cosine;hyp_gnn_type=gat;hyperbolic_gnn=1;jk_mode=max;lr=0.001;num_layers=4;proj_dim=128;scorer_hidden=128;tau_quantile=0.1;weight_decay=5e-05,cosine,max,0.001,128,5e-05,256,4,128,0.1,4.0,0.7,1,gat,1,44.72,156.96,0.0998,0.0
glue|bert-base-uncased|cola_wide|C_at_base|t900|s12|confirm,glue,bert-base-uncased,cola_wide,cola,C_at_base,confirm,900,12,mcc,curvature=4.0;gat_hidden_dim=256;gnn_input_clip=0.7;gnn_input_scale=1;graph_metric=cosine;hyp_gnn_type=gat;hyperbolic_gnn=1;jk_mode=max;lr=0.001;num_layers=4;proj_dim=128;scorer_hidden=128;tau_quantile=0.1;weight_decay=5e-05,cosine,max,0.001,128,5e-05,256,4,128,0.1,4.0,0.7,1,gat,1,46.53,156.85,0.10064,0.0
glue|bert-base-uncased|cola_wide|C_at_base|t900|s13|confirm,glue,bert-base-uncased,cola_wide,cola,C_at_base,confirm,900,13,mcc,curvature=4.0;gat_hidden_dim=256;gnn_input_clip=0.7;gnn_input_scale=1;graph_metric=cosine;hyp_gnn_type=gat;hyperbolic_gnn=1;jk_mode=max;lr=0.001;num_layers=4;proj_dim=128;scorer_hidden=128;tau_quantile=0.1;weight_decay=5e-05,cosine,max,0.001,128,5e-05,256,4,128,0.1,4.0,0.7,1,gat,1,45.15,157.72,0.0988,0.0
glue|bert-base-uncased|cola_wide|C_at_base|t900|s14|confirm,glue,bert-base-uncased,cola_wide,cola,C_at_base,confirm,900,14,mcc,curvature=4.0;gat_hidden_dim=256;gnn_input_clip=0.7;gnn_input_scale=1;graph_metric=cosine;hyp_gnn_type=gat;hyperbolic_gnn=1;jk_mode=max;lr=0.001;num_layers=4;proj_dim=128;scorer_hidden=128;tau_quantile=0.1;weight_decay=5e-05,cosine,max,0.001,128,5e-05,256,4,128,0.1,4.0,0.7,1,gat,1,46.94,155.77,0.09991,0.0
glue|bert-base-uncased|cola_wide|C_at_base|t900|s15|confirm,glue,bert-base-uncased,cola_wide,cola,C_at_base,confirm,900,15,mcc,curvature=4.0;gat_hidden_dim=256;gnn_input_clip=0.7;gnn_input_scale=1;graph_metric=cosine;hyp_gnn_type=gat;hyperbolic_gnn=1;jk_mode=max;lr=0.001;num_layers=4;proj_dim=128;scorer_hidden=128;tau_quantile=0.1;weight_decay=5e-05,cosine,max,0.001,128,5e-05,256,4,128,0.1,4.0,0.7,1,gat,1,47.04,154.82,0.10011,0.0
glue|bert-base-uncased|cola_wide|base_at_C|t901|s1|confirm,glue,bert-base-uncased,cola_wide,cola,base_at_C,confirm,901,1,mcc,gat_hidden_dim=128;graph_metric=cosine;jk_mode=max;lr=0.001;num_layers=2;proj_dim=256;scorer_hidden=128;tau_quantile=0.38;weight_decay=5e-05,cosine,max,0.001,128,5e-05,128,2,256,0.38,,,,,,44.36,127.56,0.37621,0.0
glue|bert-base-uncased|cola_wide|base_at_C|t901|s2|confirm,glue,bert-base-uncased,cola_wide,cola,base_at_C,confirm,901,2,mcc,gat_hidden_dim=128;graph_metric=cosine;jk_mode=max;lr=0.001;num_layers=2;proj_dim=256;scorer_hidden=128;tau_quantile=0.38;weight_decay=5e-05,cosine,max,0.001,128,5e-05,128,2,256,0.38,,,,,,46.29,127.57,0.37597,0.0
glue|bert-base-uncased|cola_wide|base_at_C|t901|s3|confirm,glue,bert-base-uncased,cola_wide,cola,base_at_C,confirm,901,3,mcc,gat_hidden_dim=128;graph_metric=cosine;jk_mode=max;lr=0.001;num_layers=2;proj_dim=256;scorer_hidden=128;tau_quantile=0.38;weight_decay=5e-05,cosine,max,0.001,128,5e-05,128,2,256,0.38,,,,,,48.23,129.03,0.37557,0.0
glue|bert-base-uncased|cola_wide|base_at_C|t901|s4|confirm,glue,bert-base-uncased,cola_wide,cola,base_at_C,confirm,901,4,mcc,gat_hidden_dim=128;graph_metric=cosine;jk_mode=max;lr=0.001;num_layers=2;proj_dim=256;scorer_hidden=128;tau_quantile=0.38;weight_decay=5e-05,cosine,max,0.001,128,5e-05,128,2,256,0.38,,,,,,47.88,129.58,0.37591,0.0
glue|bert-base-uncased|cola_wide|base_at_C|t901|s5|confirm,glue,bert-base-uncased,cola_wide,cola,base_at_C,confirm,901,5,mcc,gat_hidden_dim=128;graph_metric=cosine;jk_mode=max;lr=0.001;num_layers=2;proj_dim=256;scorer_hidden=128;tau_quantile=0.38;weight_decay=5e-05,cosine,max,0.001,128,5e-05,128,2,256,0.38,,,,,,47.54,128.92,0.37586,0.0
glue|bert-base-uncased|cola_wide|base_at_C|t901|s6|confirm,glue,bert-base-uncased,cola_wide,cola,base_at_C,confirm,901,6,mcc,gat_hidden_dim=128;graph_metric=cosine;jk_mode=max;lr=0.001;num_layers=2;proj_dim=256;scorer_hidden=128;tau_quantile=0.38;weight_decay=5e-05,cosine,max,0.001,128,5e-05,128,2,256,0.38,,,,,,46.37,129.88,0.37526,0.0
glue|bert-base-uncased|cola_wide|base_at_C|t901|s7|confirm,glue,bert-base-uncased,cola_wide,cola,base_at_C,confirm,901,7,mcc,gat_hidden_dim=128;graph_metric=cosine;jk_mode=max;lr=0.001;num_layers=2;proj_dim=256;scorer_hidden=128;tau_quantile=0.38;weight_decay=5e-05,cosine,max,0.001,128,5e-05,128,2,256,0.38,,,,,,45.71,128.79,0.37526,0.0
glue|bert-base-uncased|cola_wide|base_at_C|t901|s8|confirm,glue,bert-base-uncased,cola_wide,cola,base_at_C,confirm,901,8,mcc,gat_hidden_dim=128;graph_metric=cosine;jk_mode=max;lr=0.001;num_layers=2;proj_dim=256;scorer_hidden=128;tau_quantile=0.38;weight_decay=5e-05,cosine,max,0.001,128,5e-05,128,2,256,0.38,,,,,,44.15,126.96,0.37683,0.0
glue|bert-base-uncased|cola_wide|base_at_C|t901|s9|confirm,glue,bert-base-uncased,cola_wide,cola,base_at_C,confirm,901,9,mcc,gat_hidden_dim=128;graph_metric=cosine;jk_mode=max;lr=0.001;num_layers=2;proj_dim=256;scorer_hidden=128;tau_quantile=0.38;weight_decay=5e-05,cosine,max,0.001,128,5e-05,128,2,256,0.38,,,,,,43.32,127.37,0.37611,0.0
glue|bert-base-uncased|cola_wide|base_at_C|t901|s10|confirm,glue,bert-base-uncased,cola_wide,cola,base_at_C,confirm,901,10,mcc,gat_hidden_dim=128;graph_metric=cosine;jk_mode=max;lr=0.001;num_layers=2;proj_dim=256;scorer_hidden=128;tau_quantile=0.38;weight_decay=5e-05,cosine,max,0.001,128,5e-05,128,2,256,0.38,,,,,,40.92,127.83,0.37541,0.0
glue|bert-base-uncased|cola_wide|base_at_C|t901|s11|confirm,glue,bert-base-uncased,cola_wide,cola,base_at_C,confirm,901,11,mcc,gat_hidden_dim=128;graph_metric=cosine;jk_mode=max;lr=0.001;num_layers=2;proj_dim=256;scorer_hidden=128;tau_quantile=0.38;weight_decay=5e-05,cosine,max,0.001,128,5e-05,128,2,256,0.38,,,,,,44.83,126.1,0.37552,0.0
glue|bert-base-uncased|cola_wide|base_at_C|t901|s12|confirm,glue,bert-base-uncased,cola_wide,cola,base_at_C,confirm,901,12,mcc,gat_hidden_dim=128;graph_metric=cosine;jk_mode=max;lr=0.001;num_layers=2;proj_dim=256;scorer_hidden=128;tau_quantile=0.38;weight_decay=5e-05,cosine,max,0.001,128,5e-05,128,2,256,0.38,,,,,,42.39,126.19,0.3761,0.0
glue|bert-base-uncased|cola_wide|base_at_C|t901|s13|confirm,glue,bert-base-uncased,cola_wide,cola,base_at_C,confirm,901,13,mcc,gat_hidden_dim=128;graph_metric=cosine;jk_mode=max;lr=0.001;num_layers=2;proj_dim=256;scorer_hidden=128;tau_quantile=0.38;weight_decay=5e-05,cosine,max,0.001,128,5e-05,128,2,256,0.38,,,,,,45.81,126.36,0.37538,0.0
glue|bert-base-uncased|cola_wide|base_at_C|t901|s14|confirm,glue,bert-base-uncased,cola_wide,cola,base_at_C,confirm,901,14,mcc,gat_hidden_dim=128;graph_metric=cosine;jk_mode=max;lr=0.001;num_layers=2;proj_dim=256;scorer_hidden=128;tau_quantile=0.38;weight_decay=5e-05,cosine,max,0.001,128,5e-05,128,2,256,0.38,,,,,,46.46,127.24,0.37601,0.0
glue|bert-base-uncased|cola_wide|base_at_C|t901|s15|confirm,glue,bert-base-uncased,cola_wide,cola,base_at_C,confirm,901,15,mcc,gat_hidden_dim=128;graph_metric=cosine;jk_mode=max;lr=0.001;num_layers=2;proj_dim=256;scorer_hidden=128;tau_quantile=0.38;weight_decay=5e-05,cosine,max,0.001,128,5e-05,128,2,256,0.38,,,,,,46.08,128.28,0.37609,0.0
glue|bert-base-uncased|cola_wide|base_at_base|t902|s1|confirm,glue,bert-base-uncased,cola_wide,cola,base_at_base,confirm,902,1,mcc,gat_hidden_dim=256;graph_metric=cosine;jk_mode=max;lr=0.001;num_layers=4;proj_dim=128;scorer_hidden=128;tau_quantile=0.1;weight_decay=5e-05,cosine,max,0.001,128,5e-05,256,4,128,0.1,,,,,,46.1,142.57,0.09998,0.0
glue|bert-base-uncased|cola_wide|base_at_base|t902|s2|confirm,glue,bert-base-uncased,cola_wide,cola,base_at_base,confirm,902,2,mcc,gat_hidden_dim=256;graph_metric=cosine;jk_mode=max;lr=0.001;num_layers=4;proj_dim=128;scorer_hidden=128;tau_quantile=0.1;weight_decay=5e-05,cosine,max,0.001,128,5e-05,256,4,128,0.1,,,,,,45.55,128.27,0.09989,0.0
glue|bert-base-uncased|cola_wide|base_at_base|t902|s3|confirm,glue,bert-base-uncased,cola_wide,cola,base_at_base,confirm,902,3,mcc,gat_hidden_dim=256;graph_metric=cosine;jk_mode=max;lr=0.001;num_layers=4;proj_dim=128;scorer_hidden=128;tau_quantile=0.1;weight_decay=5e-05,cosine,max,0.001,128,5e-05,256,4,128,0.1,,,,,,48.41,130.74,0.09926,0.0
glue|bert-base-uncased|cola_wide|base_at_base|t902|s4|confirm,glue,bert-base-uncased,cola_wide,cola,base_at_base,confirm,902,4,mcc,gat_hidden_dim=256;graph_metric=cosine;jk_mode=max;lr=0.001;num_layers=4;proj_dim=128;scorer_hidden=128;tau_quantile=0.1;weight_decay=5e-05,cosine,max,0.001,128,5e-05,256,4,128,0.1,,,,,,45.82,128.55,0.10005,0.0
glue|bert-base-uncased|cola_wide|base_at_base|t902|s5|confirm,glue,bert-base-uncased,cola_wide,cola,base_at_base,confirm,902,5,mcc,gat_hidden_dim=256;graph_metric=cosine;jk_mode=max;lr=0.001;num_layers=4;proj_dim=128;scorer_hidden=128;tau_quantile=0.1;weight_decay=5e-05,cosine,max,0.001,128,5e-05,256,4,128,0.1,,,,,,47.78,129.52,0.10059,0.0
glue|bert-base-uncased|cola_wide|base_at_base|t902|s6|confirm,glue,bert-base-uncased,cola_wide,cola,base_at_base,confirm,902,6,mcc,gat_hidden_dim=256;graph_metric=cosine;jk_mode=max;lr=0.001;num_layers=4;proj_dim=128;scorer_hidden=128;tau_quantile=0.1;weight_decay=5e-05,cosine,max,0.001,128,5e-05,256,4,128,0.1,,,,,,42.95,131.99,0.09961,0.0
glue|bert-base-uncased|cola_wide|base_at_base|t902|s7|confirm,glue,bert-base-uncased,cola_wide,cola,base_at_base,confirm,902,7,mcc,gat_hidden_dim=256;graph_metric=cosine;jk_mode=max;lr=0.001;num_layers=4;proj_dim=128;scorer_hidden=128;tau_quantile=0.1;weight_decay=5e-05,cosine,max,0.001,128,5e-05,256,4,128,0.1,,,,,,45.05,127.75,0.09917,0.0
glue|bert-base-uncased|cola_wide|base_at_base|t902|s8|confirm,glue,bert-base-uncased,cola_wide,cola,base_at_base,confirm,902,8,mcc,gat_hidden_dim=256;graph_metric=cosine;jk_mode=max;lr=0.001;num_layers=4;proj_dim=128;scorer_hidden=128;tau_quantile=0.1;weight_decay=5e-05,cosine,max,0.001,128,5e-05,256,4,128,0.1,,,,,,49.76,129.13,0.10013,0.0
glue|bert-base-uncased|cola_wide|base_at_base|t902|s9|confirm,glue,bert-base-uncased,cola_wide,cola,base_at_base,confirm,902,9,mcc,gat_hidden_dim=256;graph_metric=cosine;jk_mode=max;lr=0.001;num_layers=4;proj_dim=128;scorer_hidden=128;tau_quantile=0.1;weight_decay=5e-05,cosine,max,0.001,128,5e-05,256,4,128,0.1,,,,,,46.23,127.94,0.10044,0.0
glue|bert-base-uncased|cola_wide|base_at_base|t902|s10|confirm,glue,bert-base-uncased,cola_wide,cola,base_at_base,confirm,902,10,mcc,gat_hidden_dim=256;graph_metric=cosine;jk_mode=max;lr=0.001;num_layers=4;proj_dim=128;scorer_hidden=128;tau_quantile=0.1;weight_decay=5e-05,cosine,max,0.001,128,5e-05,256,4,128,0.1,,,,,,44.81,128.12,0.10023,0.0
glue|bert-base-uncased|cola_wide|base_at_base|t902|s11|confirm,glue,bert-base-uncased,cola_wide,cola,base_at_base,confirm,902,11,mcc,gat_hidden_dim=256;graph_metric=cosine;jk_mode=max;lr=0.001;num_layers=4;proj_dim=128;scorer_hidden=128;tau_quantile=0.1;weight_decay=5e-05,cosine,max,0.001,128,5e-05,256,4,128,0.1,,,,,,44.28,128.71,0.09996,0.0
glue|bert-base-uncased|cola_wide|base_at_base|t902|s12|confirm,glue,bert-base-uncased,cola_wide,cola,base_at_base,confirm,902,12,mcc,gat_hidden_dim=256;graph_metric=cosine;jk_mode=max;lr=0.001;num_layers=4;proj_dim=128;scorer_hidden=128;tau_quantile=0.1;weight_decay=5e-05,cosine,max,0.001,128,5e-05,256,4,128,0.1,,,,,,45.78,130.15,0.09925,0.0
glue|bert-base-uncased|cola_wide|base_at_base|t902|s13|confirm,glue,bert-base-uncased,cola_wide,cola,base_at_base,confirm,902,13,mcc,gat_hidden_dim=256;graph_metric=cosine;jk_mode=max;lr=0.001;num_layers=4;proj_dim=128;scorer_hidden=128;tau_quantile=0.1;weight_decay=5e-05,cosine,max,0.001,128,5e-05,256,4,128,0.1,,,,,,45.65,128.75,0.10016,0.0
glue|bert-base-uncased|cola_wide|base_at_base|t902|s14|confirm,glue,bert-base-uncased,cola_wide,cola,base_at_base,confirm,902,14,mcc,gat_hidden_dim=256;graph_metric=cosine;jk_mode=max;lr=0.001;num_layers=4;proj_dim=128;scorer_hidden=128;tau_quantile=0.1;weight_decay=5e-05,cosine,max,0.001,128,5e-05,256,4,128,0.1,,,,,,44.56,130.72,0.10017,0.0
glue|bert-base-uncased|cola_wide|base_at_base|t902|s15|confirm,glue,bert-base-uncased,cola_wide,cola,base_at_base,confirm,902,15,mcc,gat_hidden_dim=256;graph_metric=cosine;jk_mode=max;lr=0.001;num_layers=4;proj_dim=128;scorer_hidden=128;tau_quantile=0.1;weight_decay=5e-05,cosine,max,0.001,128,5e-05,256,4,128,0.1,,,,,,42.8,129.63,0.10046,0.0
glue|bert-base-uncased|cola_wide|base_at_base|t902|s16|confirm,glue,bert-base-uncased,cola_wide,cola,base_at_base,confirm,902,16,mcc,gat_hidden_dim=256;graph_metric=cosine;jk_mode=max;lr=0.001;num_layers=4;proj_dim=128;scorer_hidden=128;tau_quantile=0.1;weight_decay=5e-05,cosine,max,0.001,128,5e-05,256,4,128,0.1,,,,,,46.78,128.93,0.09911,0.0
glue|bert-base-uncased|cola_wide|base_at_base|t902|s17|confirm,glue,bert-base-uncased,cola_wide,cola,base_at_base,confirm,902,17,mcc,gat_hidden_dim=256;graph_metric=cosine;jk_mode=max;lr=0.001;num_layers=4;proj_dim=128;scorer_hidden=128;tau_quantile=0.1;weight_decay=5e-05,cosine,max,0.001,128,5e-05,256,4,128,0.1,,,,,,40.13,128.36,0.09885,0.0
glue|bert-base-uncased|cola_wide|base_at_base|t902|s18|confirm,glue,bert-base-uncased,cola_wide,cola,base_at_base,confirm,902,18,mcc,gat_hidden_dim=256;graph_metric=cosine;jk_mode=max;lr=0.001;num_layers=4;proj_dim=128;scorer_hidden=128;tau_quantile=0.1;weight_decay=5e-05,cosine,max,0.001,128,5e-05,256,4,128,0.1,,,,,,47.42,128.97,0.10065,0.0
glue|bert-base-uncased|cola_wide|base_at_base|t902|s19|confirm,glue,bert-base-uncased,cola_wide,cola,base_at_base,confirm,902,19,mcc,gat_hidden_dim=256;graph_metric=cosine;jk_mode=max;lr=0.001;num_layers=4;proj_dim=128;scorer_hidden=128;tau_quantile=0.1;weight_decay=5e-05,cosine,max,0.001,128,5e-05,256,4,128,0.1,,,,,,44.94,129.46,0.10033,0.0
glue|bert-base-uncased|cola_wide|base_at_base|t902|s20|confirm,glue,bert-base-uncased,cola_wide,cola,base_at_base,confirm,902,20,mcc,gat_hidden_dim=256;graph_metric=cosine;jk_mode=max;lr=0.001;num_layers=4;proj_dim=128;scorer_hidden=128;tau_quantile=0.1;weight_decay=5e-05,cosine,max,0.001,128,5e-05,256,4,128,0.1,,,,,,45.27,129.13,0.10038,0.0
glue|bert-base-uncased|cola_wide|base_at_base|t902|s21|confirm,glue,bert-base-uncased,cola_wide,cola,base_at_base,confirm,902,21,mcc,gat_hidden_dim=256;graph_metric=cosine;jk_mode=max;lr=0.001;num_layers=4;proj_dim=128;scorer_hidden=128;tau_quantile=0.1;weight_decay=5e-05,cosine,max,0.001,128,5e-05,256,4,128,0.1,,,,,,43.1,127.75,0.09981,0.0
glue|bert-base-uncased|cola_wide|base_at_base|t902|s22|confirm,glue,bert-base-uncased,cola_wide,cola,base_at_base,confirm,902,22,mcc,gat_hidden_dim=256;graph_metric=cosine;jk_mode=max;lr=0.001;num_layers=4;proj_dim=128;scorer_hidden=128;tau_quantile=0.1;weight_decay=5e-05,cosine,max,0.001,128,5e-05,256,4,128,0.1,,,,,,45.65,130.1,0.09956,0.0
glue|bert-base-uncased|cola_wide|base_at_base|t902|s23|confirm,glue,bert-base-uncased,cola_wide,cola,base_at_base,confirm,902,23,mcc,gat_hidden_dim=256;graph_metric=cosine;jk_mode=max;lr=0.001;num_layers=4;proj_dim=128;scorer_hidden=128;tau_quantile=0.1;weight_decay=5e-05,cosine,max,0.001,128,5e-05,256,4,128,0.1,,,,,,44.95,129.74,0.1004,0.0
glue|bert-base-uncased|cola_wide|base_at_base|t902|s24|confirm,glue,bert-base-uncased,cola_wide,cola,base_at_base,confirm,902,24,mcc,gat_hidden_dim=256;graph_metric=cosine;jk_mode=max;lr=0.001;num_layers=4;proj_dim=128;scorer_hidden=128;tau_quantile=0.1;weight_decay=5e-05,cosine,max,0.001,128,5e-05,256,4,128,0.1,,,,,,43.94,129.23,0.10041,0.0
glue|bert-base-uncased|cola_wide|base_at_base|t902|s25|confirm,glue,bert-base-uncased,cola_wide,cola,base_at_base,confirm,902,25,mcc,gat_hidden_dim=256;graph_metric=cosine;jk_mode=max;lr=0.001;num_layers=4;proj_dim=128;scorer_hidden=128;tau_quantile=0.1;weight_decay=5e-05,cosine,max,0.001,128,5e-05,256,4,128,0.1,,,,,,43.91,129.06,0.09925,0.0
glue|bert-base-uncased|cola_wide|base_at_base|t902|s26|confirm,glue,bert-base-uncased,cola_wide,cola,base_at_base,confirm,902,26,mcc,gat_hidden_dim=256;graph_metric=cosine;jk_mode=max;lr=0.001;num_layers=4;proj_dim=128;scorer_hidden=128;tau_quantile=0.1;weight_decay=5e-05,cosine,max,0.001,128,5e-05,256,4,128,0.1,,,,,,45.58,128.66,0.0993,0.0
glue|bert-base-uncased|cola_wide|base_at_base|t902|s27|confirm,glue,bert-base-uncased,cola_wide,cola,base_at_base,confirm,902,27,mcc,gat_hidden_dim=256;graph_metric=cosine;jk_mode=max;lr=0.001;num_layers=4;proj_dim=128;scorer_hidden=128;tau_quantile=0.1;weight_decay=5e-05,cosine,max,0.001,128,5e-05,256,4,128,0.1,,,,,,42.88,130.76,0.09962,0.0
glue|bert-base-uncased|cola_wide|base_at_base|t902|s28|confirm,glue,bert-base-uncased,cola_wide,cola,base_at_base,confirm,902,28,mcc,gat_hidden_dim=256;graph_metric=cosine;jk_mode=max;lr=0.001;num_layers=4;proj_dim=128;scorer_hidden=128;tau_quantile=0.1;weight_decay=5e-05,cosine,max,0.001,128,5e-05,256,4,128,0.1,,,,,,47.08,129.87,0.10009,0.0
glue|bert-base-uncased|cola_wide|base_at_base|t902|s29|confirm,glue,bert-base-uncased,cola_wide,cola,base_at_base,confirm,902,29,mcc,gat_hidden_dim=256;graph_metric=cosine;jk_mode=max;lr=0.001;num_layers=4;proj_dim=128;scorer_hidden=128;tau_quantile=0.1;weight_decay=5e-05,cosine,max,0.001,128,5e-05,256,4,128,0.1,,,,,,46.74,130.23,0.09977,0.0
glue|bert-base-uncased|cola_wide|base_at_base|t902|s30|confirm,glue,bert-base-uncased,cola_wide,cola,base_at_base,confirm,902,30,mcc,gat_hidden_dim=256;graph_metric=cosine;jk_mode=max;lr=0.001;num_layers=4;proj_dim=128;scorer_hidden=128;tau_quantile=0.1;weight_decay=5e-05,cosine,max,0.001,128,5e-05,256,4,128,0.1,,,,,,46.1,129.12,0.10053,0.0
glue|bert-base-uncased|cola_wide|base_at_base|t902|s31|confirm,glue,bert-base-uncased,cola_wide,cola,base_at_base,confirm,902,31,mcc,gat_hidden_dim=256;graph_metric=cosine;jk_mode=max;lr=0.001;num_layers=4;proj_dim=128;scorer_hidden=128;tau_quantile=0.1;weight_decay=5e-05,cosine,max,0.001,128,5e-05,256,4,128,0.1,,,,,,45.11,129.96,0.09892,0.0
glue|bert-base-uncased|cola_wide|base_at_base|t902|s32|confirm,glue,bert-base-uncased,cola_wide,cola,base_at_base,confirm,902,32,mcc,gat_hidden_dim=256;graph_metric=cosine;jk_mode=max;lr=0.001;num_layers=4;proj_dim=128;scorer_hidden=128;tau_quantile=0.1;weight_decay=5e-05,cosine,max,0.001,128,5e-05,256,4,128,0.1,,,,,,47.32,130.11,0.10056,0.0
glue|bert-base-uncased|cola_wide|base_at_base|t902|s33|confirm,glue,bert-base-uncased,cola_wide,cola,base_at_base,confirm,902,33,mcc,gat_hidden_dim=256;graph_metric=cosine;jk_mode=max;lr=0.001;num_layers=4;proj_dim=128;scorer_hidden=128;tau_quantile=0.1;weight_decay=5e-05,cosine,max,0.001,128,5e-05,256,4,128,0.1,,,,,,46.82,129.77,0.09989,0.0
glue|bert-base-uncased|cola_wide|base_at_base|t902|s34|confirm,glue,bert-base-uncased,cola_wide,cola,base_at_base,confirm,902,34,mcc,gat_hidden_dim=256;graph_metric=cosine;jk_mode=max;lr=0.001;num_layers=4;proj_dim=128;scorer_hidden=128;tau_quantile=0.1;weight_decay=5e-05,cosine,max,0.001,128,5e-05,256,4,128,0.1,,,,,,43.06,130.46,0.09992,0.0
glue|bert-base-uncased|cola_wide|base_at_base|t902|s35|confirm,glue,bert-base-uncased,cola_wide,cola,base_at_base,confirm,902,35,mcc,gat_hidden_dim=256;graph_metric=cosine;jk_mode=max;lr=0.001;num_layers=4;proj_dim=128;scorer_hidden=128;tau_quantile=0.1;weight_decay=5e-05,cosine,max,0.001,128,5e-05,256,4,128,0.1,,,,,,44.55,129.76,0.1003,0.0
glue|bert-base-uncased|cola_wide|base_at_base|t902|s36|confirm,glue,bert-base-uncased,cola_wide,cola,base_at_base,confirm,902,36,mcc,gat_hidden_dim=256;graph_metric=cosine;jk_mode=max;lr=0.001;num_layers=4;proj_dim=128;scorer_hidden=128;tau_quantile=0.1;weight_decay=5e-05,cosine,max,0.001,128,5e-05,256,4,128,0.1,,,,,,42.5,130.16,0.09918,0.0
glue|bert-base-uncased|cola_wide|base_at_base|t902|s37|confirm,glue,bert-base-uncased,cola_wide,cola,base_at_base,confirm,902,37,mcc,gat_hidden_dim=256;graph_metric=cosine;jk_mode=max;lr=0.001;num_layers=4;proj_dim=128;scorer_hidden=128;tau_quantile=0.1;weight_decay=5e-05,cosine,max,0.001,128,5e-05,256,4,128,0.1,,,,,,46.35,128.75,0.10047,0.0
glue|bert-base-uncased|cola_wide|base_at_base|t902|s38|confirm,glue,bert-base-uncased,cola_wide,cola,base_at_base,confirm,902,38,mcc,gat_hidden_dim=256;graph_metric=cosine;jk_mode=max;lr=0.001;num_layers=4;proj_dim=128;scorer_hidden=128;tau_quantile=0.1;weight_decay=5e-05,cosine,max,0.001,128,5e-05,256,4,128,0.1,,,,,,44.33,128.26,0.09949,0.0
glue|bert-base-uncased|cola_wide|base_at_base|t902|s39|confirm,glue,bert-base-uncased,cola_wide,cola,base_at_base,confirm,902,39,mcc,gat_hidden_dim=256;graph_metric=cosine;jk_mode=max;lr=0.001;num_layers=4;proj_dim=128;scorer_hidden=128;tau_quantile=0.1;weight_decay=5e-05,cosine,max,0.001,128,5e-05,256,4,128,0.1,,,,,,46.83,129.8,0.09996,0.0
glue|bert-base-uncased|cola_wide|base_at_base|t902|s40|confirm,glue,bert-base-uncased,cola_wide,cola,base_at_base,confirm,902,40,mcc,gat_hidden_dim=256;graph_metric=cosine;jk_mode=max;lr=0.001;num_layers=4;proj_dim=128;scorer_hidden=128;tau_quantile=0.1;weight_decay=5e-05,cosine,max,0.001,128,5e-05,256,4,128,0.1,,,,,,46.8,129.27,0.10017,0.0
glue|bert-base-uncased|cola_wide|base_at_base|t902|s41|confirm,glue,bert-base-uncased,cola_wide,cola,base_at_base,confirm,902,41,mcc,gat_hidden_dim=256;graph_metric=cosine;jk_mode=max;lr=0.001;num_layers=4;proj_dim=128;scorer_hidden=128;tau_quantile=0.1;weight_decay=5e-05,cosine,max,0.001,128,5e-05,256,4,128,0.1,,,,,,42.45,128.84,0.1001,0.0
glue|bert-base-uncased|cola_wide|base_at_base|t902|s42|confirm,glue,bert-base-uncased,cola_wide,cola,base_at_base,confirm,902,42,mcc,gat_hidden_dim=256;graph_metric=cosine;jk_mode=max;lr=0.001;num_layers=4;proj_dim=128;scorer_hidden=128;tau_quantile=0.1;weight_decay=5e-05,cosine,max,0.001,128,5e-05,256,4,128,0.1,,,,,,47.12,128.71,0.1003,0.0
glue|bert-base-uncased|cola_wide|base_at_base|t902|s43|confirm,glue,bert-base-uncased,cola_wide,cola,base_at_base,confirm,902,43,mcc,gat_hidden_dim=256;graph_metric=cosine;jk_mode=max;lr=0.001;num_layers=4;proj_dim=128;scorer_hidden=128;tau_quantile=0.1;weight_decay=5e-05,cosine,max,0.001,128,5e-05,256,4,128,0.1,,,,,,48.17,128.88,0.09935,0.0
glue|bert-base-uncased|cola_wide|base_at_base|t902|s44|confirm,glue,bert-base-uncased,cola_wide,cola,base_at_base,confirm,902,44,mcc,gat_hidden_dim=256;graph_metric=cosine;jk_mode=max;lr=0.001;num_layers=4;proj_dim=128;scorer_hidden=128;tau_quantile=0.1;weight_decay=5e-05,cosine,max,0.001,128,5e-05,256,4,128,0.1,,,,,,44.89,127.84,0.09956,0.0
glue|bert-base-uncased|cola_wide|base_at_base|t902|s45|confirm,glue,bert-base-uncased,cola_wide,cola,base_at_base,confirm,902,45,mcc,gat_hidden_dim=256;graph_metric=cosine;jk_mode=max;lr=0.001;num_layers=4;proj_dim=128;scorer_hidden=128;tau_quantile=0.1;weight_decay=5e-05,cosine,max,0.001,128,5e-05,256,4,128,0.1,,,,,,45.34,129.52,0.09998,0.0
glue|bert-base-uncased|cola_wide|base_at_base|t902|s46|confirm,glue,bert-base-uncased,cola_wide,cola,base_at_base,confirm,902,46,mcc,gat_hidden_dim=256;graph_metric=cosine;jk_mode=max;lr=0.001;num_layers=4;proj_dim=128;scorer_hidden=128;tau_quantile=0.1;weight_decay=5e-05,cosine,max,0.001,128,5e-05,256,4,128,0.1,,,,,,43.1,128.84,0.10027,0.0
glue|bert-base-uncased|cola_wide|base_at_base|t902|s47|confirm,glue,bert-base-uncased,cola_wide,cola,base_at_base,confirm,902,47,mcc,gat_hidden_dim=256;graph_metric=cosine;jk_mode=max;lr=0.001;num_layers=4;proj_dim=128;scorer_hidden=128;tau_quantile=0.1;weight_decay=5e-05,cosine,max,0.001,128,5e-05,256,4,128,0.1,,,,,,45.55,128.82,0.1,0.0
glue|bert-base-uncased|cola_wide|base_at_base|t902|s48|confirm,glue,bert-base-uncased,cola_wide,cola,base_at_base,confirm,902,48,mcc,gat_hidden_dim=256;graph_metric=cosine;jk_mode=max;lr=0.001;num_layers=4;proj_dim=128;scorer_hidden=128;tau_quantile=0.1;weight_decay=5e-05,cosine,max,0.001,128,5e-05,256,4,128,0.1,,,,,,46.1,128.39,0.10025,0.0
glue|bert-base-uncased|cola_wide|base_at_base|t902|s49|confirm,glue,bert-base-uncased,cola_wide,cola,base_at_base,confirm,902,49,mcc,gat_hidden_dim=256;graph_metric=cosine;jk_mode=max;lr=0.001;num_layers=4;proj_dim=128;scorer_hidden=128;tau_quantile=0.1;weight_decay=5e-05,cosine,max,0.001,128,5e-05,256,4,128,0.1,,,,,,44.53,129.04,0.10012,0.0
glue|bert-base-uncased|cola_wide|base_at_base|t902|s50|confirm,glue,bert-base-uncased,cola_wide,cola,base_at_base,confirm,902,50,mcc,gat_hidden_dim=256;graph_metric=cosine;jk_mode=max;lr=0.001;num_layers=4;proj_dim=128;scorer_hidden=128;tau_quantile=0.1;weight_decay=5e-05,cosine,max,0.001,128,5e-05,256,4,128,0.1,,,,,,43.61,129.58,0.10011,0.0
glue|bert-base-uncased|cola_wide|base_at_base|t902|s51|confirm,glue,bert-base-uncased,cola_wide,cola,base_at_base,confirm,902,51,mcc,gat_hidden_dim=256;graph_metric=cosine;jk_mode=max;lr=0.001;num_layers=4;proj_dim=128;scorer_hidden=128;tau_quantile=0.1;weight_decay=5e-05,cosine,max,0.001,128,5e-05,256,4,128,0.1,,,,,,41.77,131.49,0.09973,0.0
glue|bert-base-uncased|cola_wide|base_at_base|t902|s52|confirm,glue,bert-base-uncased,cola_wide,cola,base_at_base,confirm,902,52,mcc,gat_hidden_dim=256;graph_metric=cosine;jk_mode=max;lr=0.001;num_layers=4;proj_dim=128;scorer_hidden=128;tau_quantile=0.1;weight_decay=5e-05,cosine,max,0.001,128,5e-05,256,4,128,0.1,,,,,,40.4,129.55,0.09933,0.0
glue|bert-base-uncased|cola_wide|base_at_base|t902|s53|confirm,glue,bert-base-uncased,cola_wide,cola,base_at_base,confirm,902,53,mcc,gat_hidden_dim=256;graph_metric=cosine;jk_mode=max;lr=0.001;num_layers=4;proj_dim=128;scorer_hidden=128;tau_quantile=0.1;weight_decay=5e-05,cosine,max,0.001,128,5e-05,256,4,128,0.1,,,,,,48.48,128.82,0.10015,0.0
glue|bert-base-uncased|cola_wide|base_at_base|t902|s54|confirm,glue,bert-base-uncased,cola_wide,cola,base_at_base,confirm,902,54,mcc,gat_hidden_dim=256;graph_metric=cosine;jk_mode=max;lr=0.001;num_layers=4;proj_dim=128;scorer_hidden=128;tau_quantile=0.1;weight_decay=5e-05,cosine,max,0.001,128,5e-05,256,4,128,0.1,,,,,,47.07,130.0,0.10008,0.0
glue|bert-base-uncased|cola_wide|base_at_base|t902|s55|confirm,glue,bert-base-uncased,cola_wide,cola,base_at_base,confirm,902,55,mcc,gat_hidden_dim=256;graph_metric=cosine;jk_mode=max;lr=0.001;num_layers=4;proj_dim=128;scorer_hidden=128;tau_quantile=0.1;weight_decay=5e-05,cosine,max,0.001,128,5e-05,256,4,128,0.1,,,,,,46.39,131.34,0.10007,0.0
glue|bert-base-uncased|cola_wide|base_at_base|t902|s56|confirm,glue,bert-base-uncased,cola_wide,cola,base_at_base,confirm,902,56,mcc,gat_hidden_dim=256;graph_metric=cosine;jk_mode=max;lr=0.001;num_layers=4;proj_dim=128;scorer_hidden=128;tau_quantile=0.1;weight_decay=5e-05,cosine,max,0.001,128,5e-05,256,4,128,0.1,,,,,,40.38,128.44,0.10049,0.0
glue|bert-base-uncased|cola_wide|base_at_base|t902|s57|confirm,glue,bert-base-uncased,cola_wide,cola,base_at_base,confirm,902,57,mcc,gat_hidden_dim=256;graph_metric=cosine;jk_mode=max;lr=0.001;num_layers=4;proj_dim=128;scorer_hidden=128;tau_quantile=0.1;weight_decay=5e-05,cosine,max,0.001,128,5e-05,256,4,128,0.1,,,,,,44.76,127.92,0.0993,0.0
glue|bert-base-uncased|cola_wide|base_at_base|t902|s58|confirm,glue,bert-base-uncased,cola_wide,cola,base_at_base,confirm,902,58,mcc,gat_hidden_dim=256;graph_metric=cosine;jk_mode=max;lr=0.001;num_layers=4;proj_dim=128;scorer_hidden=128;tau_quantile=0.1;weight_decay=5e-05,cosine,max,0.001,128,5e-05,256,4,128,0.1,,,,,,48.02,127.81,0.09974,0.0
glue|bert-base-uncased|cola_wide|base_at_base|t902|s59|confirm,glue,bert-base-uncased,cola_wide,cola,base_at_base,confirm,902,59,mcc,gat_hidden_dim=256;graph_metric=cosine;jk_mode=max;lr=0.001;num_layers=4;proj_dim=128;scorer_hidden=128;tau_quantile=0.1;weight_decay=5e-05,cosine,max,0.001,128,5e-05,256,4,128,0.1,,,,,,47.23,129.04,0.10082,0.0
glue|bert-base-uncased|cola_wide|base_at_base|t902|s60|confirm,glue,bert-base-uncased,cola_wide,cola,base_at_base,confirm,902,60,mcc,gat_hidden_dim=256;graph_metric=cosine;jk_mode=max;lr=0.001;num_layers=4;proj_dim=128;scorer_hidden=128;tau_quantile=0.1;weight_decay=5e-05,cosine,max,0.001,128,5e-05,256,4,128,0.1,,,,,,43.42,128.66,0.09996,0.0
glue|bert-base-uncased|cola_wide|base_at_base|t902|s61|confirm,glue,bert-base-uncased,cola_wide,cola,base_at_base,confirm,902,61,mcc,gat_hidden_dim=256;graph_metric=cosine;jk_mode=max;lr=0.001;num_layers=4;proj_dim=128;scorer_hidden=128;tau_quantile=0.1;weight_decay=5e-05,cosine,max,0.001,128,5e-05,256,4,128,0.1,,,,,,41.4,130.73,0.09995,0.0
glue|bert-base-uncased|cola_wide|base_at_base|t902|s62|confirm,glue,bert-base-uncased,cola_wide,cola,base_at_base,confirm,902,62,mcc,gat_hidden_dim=256;graph_metric=cosine;jk_mode=max;lr=0.001;num_layers=4;proj_dim=128;scorer_hidden=128;tau_quantile=0.1;weight_decay=5e-05,cosine,max,0.001,128,5e-05,256,4,128,0.1,,,,,,45.59,129.58,0.10041,0.0
glue|bert-base-uncased|cola_wide|base_at_base|t902|s63|confirm,glue,bert-base-uncased,cola_wide,cola,base_at_base,confirm,902,63,mcc,gat_hidden_dim=256;graph_metric=cosine;jk_mode=max;lr=0.001;num_layers=4;proj_dim=128;scorer_hidden=128;tau_quantile=0.1;weight_decay=5e-05,cosine,max,0.001,128,5e-05,256,4,128,0.1,,,,,,44.89,133.42,0.10022,0.0
glue|bert-base-uncased|cola_wide|base_at_base|t902|s64|confirm,glue,bert-base-uncased,cola_wide,cola,base_at_base,confirm,902,64,mcc,gat_hidden_dim=256;graph_metric=cosine;jk_mode=max;lr=0.001;num_layers=4;proj_dim=128;scorer_hidden=128;tau_quantile=0.1;weight_decay=5e-05,cosine,max,0.001,128,5e-05,256,4,128,0.1,,,,,,45.0,133.97,0.10042,0.0
glue|bert-base-uncased|cola_wide|base_at_base|t902|s65|confirm,glue,bert-base-uncased,cola_wide,cola,base_at_base,confirm,902,65,mcc,gat_hidden_dim=256;graph_metric=cosine;jk_mode=max;lr=0.001;num_layers=4;proj_dim=128;scorer_hidden=128;tau_quantile=0.1;weight_decay=5e-05,cosine,max,0.001,128,5e-05,256,4,128,0.1,,,,,,46.04,129.2,0.10059,0.0
glue|bert-base-uncased|cola_wide|C_at_base|t900|s16|confirm,glue,bert-base-uncased,cola_wide,cola,C_at_base,confirm,900,16,mcc,curvature=4.0;gat_hidden_dim=256;gnn_input_clip=0.7;gnn_input_scale=1;graph_metric=cosine;hyp_gnn_type=gat;hyperbolic_gnn=1;jk_mode=max;lr=0.001;num_layers=4;proj_dim=128;scorer_hidden=128;tau_quantile=0.1;weight_decay=5e-05,cosine,max,0.001,128,5e-05,256,4,128,0.1,4.0,0.7,1,gat,1,46.75,152.58,0.09905,0.0
glue|bert-base-uncased|cola_wide|C_at_base|t900|s17|confirm,glue,bert-base-uncased,cola_wide,cola,C_at_base,confirm,900,17,mcc,curvature=4.0;gat_hidden_dim=256;gnn_input_clip=0.7;gnn_input_scale=1;graph_metric=cosine;hyp_gnn_type=gat;hyperbolic_gnn=1;jk_mode=max;lr=0.001;num_layers=4;proj_dim=128;scorer_hidden=128;tau_quantile=0.1;weight_decay=5e-05,cosine,max,0.001,128,5e-05,256,4,128,0.1,4.0,0.7,1,gat,1,43.26,153.24,0.10053,0.0
glue|bert-base-uncased|cola_wide|C_at_base|t900|s18|confirm,glue,bert-base-uncased,cola_wide,cola,C_at_base,confirm,900,18,mcc,curvature=4.0;gat_hidden_dim=256;gnn_input_clip=0.7;gnn_input_scale=1;graph_metric=cosine;hyp_gnn_type=gat;hyperbolic_gnn=1;jk_mode=max;lr=0.001;num_layers=4;proj_dim=128;scorer_hidden=128;tau_quantile=0.1;weight_decay=5e-05,cosine,max,0.001,128,5e-05,256,4,128,0.1,4.0,0.7,1,gat,1,42.7,152.24,0.09976,0.0
glue|bert-base-uncased|cola_wide|C_at_base|t900|s19|confirm,glue,bert-base-uncased,cola_wide,cola,C_at_base,confirm,900,19,mcc,curvature=4.0;gat_hidden_dim=256;gnn_input_clip=0.7;gnn_input_scale=1;graph_metric=cosine;hyp_gnn_type=gat;hyperbolic_gnn=1;jk_mode=max;lr=0.001;num_layers=4;proj_dim=128;scorer_hidden=128;tau_quantile=0.1;weight_decay=5e-05,cosine,max,0.001,128,5e-05,256,4,128,0.1,4.0,0.7,1,gat,1,43.41,153.24,0.10042,0.0
glue|bert-base-uncased|cola_wide|C_at_base|t900|s20|confirm,glue,bert-base-uncased,cola_wide,cola,C_at_base,confirm,900,20,mcc,curvature=4.0;gat_hidden_dim=256;gnn_input_clip=0.7;gnn_input_scale=1;graph_metric=cosine;hyp_gnn_type=gat;hyperbolic_gnn=1;jk_mode=max;lr=0.001;num_layers=4;proj_dim=128;scorer_hidden=128;tau_quantile=0.1;weight_decay=5e-05,cosine,max,0.001,128,5e-05,256,4,128,0.1,4.0,0.7,1,gat,1,43.76,153.69,0.09992,0.0
glue|bert-base-uncased|cola_wide|C_at_base|t900|s21|confirm,glue,bert-base-uncased,cola_wide,cola,C_at_base,confirm,900,21,mcc,curvature=4.0;gat_hidden_dim=256;gnn_input_clip=0.7;gnn_input_scale=1;graph_metric=cosine;hyp_gnn_type=gat;hyperbolic_gnn=1;jk_mode=max;lr=0.001;num_layers=4;proj_dim=128;scorer_hidden=128;tau_quantile=0.1;weight_decay=5e-05,cosine,max,0.001,128,5e-05,256,4,128,0.1,4.0,0.7,1,gat,1,47.21,154.77,0.10053,0.0
glue|bert-base-uncased|cola_wide|C_at_base|t900|s22|confirm,glue,bert-base-uncased,cola_wide,cola,C_at_base,confirm,900,22,mcc,curvature=4.0;gat_hidden_dim=256;gnn_input_clip=0.7;gnn_input_scale=1;graph_metric=cosine;hyp_gnn_type=gat;hyperbolic_gnn=1;jk_mode=max;lr=0.001;num_layers=4;proj_dim=128;scorer_hidden=128;tau_quantile=0.1;weight_decay=5e-05,cosine,max,0.001,128,5e-05,256,4,128,0.1,4.0,0.7,1,gat,1,42.76,153.47,0.09988,0.0
glue|bert-base-uncased|cola_wide|C_at_base|t900|s23|confirm,glue,bert-base-uncased,cola_wide,cola,C_at_base,confirm,900,23,mcc,curvature=4.0;gat_hidden_dim=256;gnn_input_clip=0.7;gnn_input_scale=1;graph_metric=cosine;hyp_gnn_type=gat;hyperbolic_gnn=1;jk_mode=max;lr=0.001;num_layers=4;proj_dim=128;scorer_hidden=128;tau_quantile=0.1;weight_decay=5e-05,cosine,max,0.001,128,5e-05,256,4,128,0.1,4.0,0.7,1,gat,1,44.61,152.35,0.10051,0.0
glue|bert-base-uncased|cola_wide|C_at_base|t900|s24|confirm,glue,bert-base-uncased,cola_wide,cola,C_at_base,confirm,900,24,mcc,curvature=4.0;gat_hidden_dim=256;gnn_input_clip=0.7;gnn_input_scale=1;graph_metric=cosine;hyp_gnn_type=gat;hyperbolic_gnn=1;jk_mode=max;lr=0.001;num_layers=4;proj_dim=128;scorer_hidden=128;tau_quantile=0.1;weight_decay=5e-05,cosine,max,0.001,128,5e-05,256,4,128,0.1,4.0,0.7,1,gat,1,43.15,154.38,0.10035,0.0
glue|bert-base-uncased|cola_wide|C_at_base|t900|s25|confirm,glue,bert-base-uncased,cola_wide,cola,C_at_base,confirm,900,25,mcc,curvature=4.0;gat_hidden_dim=256;gnn_input_clip=0.7;gnn_input_scale=1;graph_metric=cosine;hyp_gnn_type=gat;hyperbolic_gnn=1;jk_mode=max;lr=0.001;num_layers=4;proj_dim=128;scorer_hidden=128;tau_quantile=0.1;weight_decay=5e-05,cosine,max,0.001,128,5e-05,256,4,128,0.1,4.0,0.7,1,gat,1,47.24,152.3,0.09922,0.0
glue|bert-base-uncased|cola_wide|C_at_base|t900|s26|confirm,glue,bert-base-uncased,cola_wide,cola,C_at_base,confirm,900,26,mcc,curvature=4.0;gat_hidden_dim=256;gnn_input_clip=0.7;gnn_input_scale=1;graph_metric=cosine;hyp_gnn_type=gat;hyperbolic_gnn=1;jk_mode=max;lr=0.001;num_layers=4;proj_dim=128;scorer_hidden=128;tau_quantile=0.1;weight_decay=5e-05,cosine,max,0.001,128,5e-05,256,4,128,0.1,4.0,0.7,1,gat,1,46.09,154.05,0.09935,0.0
glue|bert-base-uncased|cola_wide|C_at_base|t900|s27|confirm,glue,bert-base-uncased,cola_wide,cola,C_at_base,confirm,900,27,mcc,curvature=4.0;gat_hidden_dim=256;gnn_input_clip=0.7;gnn_input_scale=1;graph_metric=cosine;hyp_gnn_type=gat;hyperbolic_gnn=1;jk_mode=max;lr=0.001;num_layers=4;proj_dim=128;scorer_hidden=128;tau_quantile=0.1;weight_decay=5e-05,cosine,max,0.001,128,5e-05,256,4,128,0.1,4.0,0.7,1,gat,1,44.9,153.68,0.0995,0.0
glue|bert-base-uncased|cola_wide|C_at_base|t900|s28|confirm,glue,bert-base-uncased,cola_wide,cola,C_at_base,confirm,900,28,mcc,curvature=4.0;gat_hidden_dim=256;gnn_input_clip=0.7;gnn_input_scale=1;graph_metric=cosine;hyp_gnn_type=gat;hyperbolic_gnn=1;jk_mode=max;lr=0.001;num_layers=4;proj_dim=128;scorer_hidden=128;tau_quantile=0.1;weight_decay=5e-05,cosine,max,0.001,128,5e-05,256,4,128,0.1,4.0,0.7,1,gat,1,43.78,153.14,0.10007,0.0
glue|bert-base-uncased|cola_wide|C_at_base|t900|s29|confirm,glue,bert-base-uncased,cola_wide,cola,C_at_base,confirm,900,29,mcc,curvature=4.0;gat_hidden_dim=256;gnn_input_clip=0.7;gnn_input_scale=1;graph_metric=cosine;hyp_gnn_type=gat;hyperbolic_gnn=1;jk_mode=max;lr=0.001;num_layers=4;proj_dim=128;scorer_hidden=128;tau_quantile=0.1;weight_decay=5e-05,cosine,max,0.001,128,5e-05,256,4,128,0.1,4.0,0.7,1,gat,1,45.87,151.95,0.10089,0.0
glue|bert-base-uncased|cola_wide|C_at_base|t900|s30|confirm,glue,bert-base-uncased,cola_wide,cola,C_at_base,confirm,900,30,mcc,curvature=4.0;gat_hidden_dim=256;gnn_input_clip=0.7;gnn_input_scale=1;graph_metric=cosine;hyp_gnn_type=gat;hyperbolic_gnn=1;jk_mode=max;lr=0.001;num_layers=4;proj_dim=128;scorer_hidden=128;tau_quantile=0.1;weight_decay=5e-05,cosine,max,0.001,128,5e-05,256,4,128,0.1,4.0,0.7,1,gat,1,44.99,152.59,0.10046,0.0
glue|bert-base-uncased|cola_wide|C_at_base|t900|s31|confirm,glue,bert-base-uncased,cola_wide,cola,C_at_base,confirm,900,31,mcc,curvature=4.0;gat_hidden_dim=256;gnn_input_clip=0.7;gnn_input_scale=1;graph_metric=cosine;hyp_gnn_type=gat;hyperbolic_gnn=1;jk_mode=max;lr=0.001;num_layers=4;proj_dim=128;scorer_hidden=128;tau_quantile=0.1;weight_decay=5e-05,cosine,max,0.001,128,5e-05,256,4,128,0.1,4.0,0.7,1,gat,1,46.46,152.25,0.0996,0.0
glue|bert-base-uncased|cola_wide|C_at_base|t900|s32|confirm,glue,bert-base-uncased,cola_wide,cola,C_at_base,confirm,900,32,mcc,curvature=4.0;gat_hidden_dim=256;gnn_input_clip=0.7;gnn_input_scale=1;graph_metric=cosine;hyp_gnn_type=gat;hyperbolic_gnn=1;jk_mode=max;lr=0.001;num_layers=4;proj_dim=128;scorer_hidden=128;tau_quantile=0.1;weight_decay=5e-05,cosine,max,0.001,128,5e-05,256,4,128,0.1,4.0,0.7,1,gat,1,47.35,151.56,0.10004,0.0
glue|bert-base-uncased|cola_wide|C_at_base|t900|s33|confirm,glue,bert-base-uncased,cola_wide,cola,C_at_base,confirm,900,33,mcc,curvature=4.0;gat_hidden_dim=256;gnn_input_clip=0.7;gnn_input_scale=1;graph_metric=cosine;hyp_gnn_type=gat;hyperbolic_gnn=1;jk_mode=max;lr=0.001;num_layers=4;proj_dim=128;scorer_hidden=128;tau_quantile=0.1;weight_decay=5e-05,cosine,max,0.001,128,5e-05,256,4,128,0.1,4.0,0.7,1,gat,1,47.38,152.85,0.0992,0.0
glue|bert-base-uncased|cola_wide|C_at_base|t900|s34|confirm,glue,bert-base-uncased,cola_wide,cola,C_at_base,confirm,900,34,mcc,curvature=4.0;gat_hidden_dim=256;gnn_input_clip=0.7;gnn_input_scale=1;graph_metric=cosine;hyp_gnn_type=gat;hyperbolic_gnn=1;jk_mode=max;lr=0.001;num_layers=4;proj_dim=128;scorer_hidden=128;tau_quantile=0.1;weight_decay=5e-05,cosine,max,0.001,128,5e-05,256,4,128,0.1,4.0,0.7,1,gat,1,46.88,152.03,0.09957,0.0
glue|bert-base-uncased|cola_wide|C_at_base|t900|s35|confirm,glue,bert-base-uncased,cola_wide,cola,C_at_base,confirm,900,35,mcc,curvature=4.0;gat_hidden_dim=256;gnn_input_clip=0.7;gnn_input_scale=1;graph_metric=cosine;hyp_gnn_type=gat;hyperbolic_gnn=1;jk_mode=max;lr=0.001;num_layers=4;proj_dim=128;scorer_hidden=128;tau_quantile=0.1;weight_decay=5e-05,cosine,max,0.001,128,5e-05,256,4,128,0.1,4.0,0.7,1,gat,1,46.47,152.85,0.09998,0.0
glue|bert-base-uncased|cola_wide|C_at_base|t900|s36|confirm,glue,bert-base-uncased,cola_wide,cola,C_at_base,confirm,900,36,mcc,curvature=4.0;gat_hidden_dim=256;gnn_input_clip=0.7;gnn_input_scale=1;graph_metric=cosine;hyp_gnn_type=gat;hyperbolic_gnn=1;jk_mode=max;lr=0.001;num_layers=4;proj_dim=128;scorer_hidden=128;tau_quantile=0.1;weight_decay=5e-05,cosine,max,0.001,128,5e-05,256,4,128,0.1,4.0,0.7,1,gat,1,42.98,150.96,0.09941,0.0
glue|bert-base-uncased|cola_wide|C_at_base|t900|s37|confirm,glue,bert-base-uncased,cola_wide,cola,C_at_base,confirm,900,37,mcc,curvature=4.0;gat_hidden_dim=256;gnn_input_clip=0.7;gnn_input_scale=1;graph_metric=cosine;hyp_gnn_type=gat;hyperbolic_gnn=1;jk_mode=max;lr=0.001;num_layers=4;proj_dim=128;scorer_hidden=128;tau_quantile=0.1;weight_decay=5e-05,cosine,max,0.001,128,5e-05,256,4,128,0.1,4.0,0.7,1,gat,1,44.77,152.33,0.09957,0.0
glue|bert-base-uncased|cola_wide|C_at_base|t900|s38|confirm,glue,bert-base-uncased,cola_wide,cola,C_at_base,confirm,900,38,mcc,curvature=4.0;gat_hidden_dim=256;gnn_input_clip=0.7;gnn_input_scale=1;graph_metric=cosine;hyp_gnn_type=gat;hyperbolic_gnn=1;jk_mode=max;lr=0.001;num_layers=4;proj_dim=128;scorer_hidden=128;tau_quantile=0.1;weight_decay=5e-05,cosine,max,0.001,128,5e-05,256,4,128,0.1,4.0,0.7,1,gat,1,46.08,151.67,0.10008,0.0
glue|bert-base-uncased|cola_wide|C_at_base|t900|s39|confirm,glue,bert-base-uncased,cola_wide,cola,C_at_base,confirm,900,39,mcc,curvature=4.0;gat_hidden_dim=256;gnn_input_clip=0.7;gnn_input_scale=1;graph_metric=cosine;hyp_gnn_type=gat;hyperbolic_gnn=1;jk_mode=max;lr=0.001;num_layers=4;proj_dim=128;scorer_hidden=128;tau_quantile=0.1;weight_decay=5e-05,cosine,max,0.001,128,5e-05,256,4,128,0.1,4.0,0.7,1,gat,1,46.88,153.69,0.10006,0.0
glue|bert-base-uncased|cola_wide|C_at_base|t900|s40|confirm,glue,bert-base-uncased,cola_wide,cola,C_at_base,confirm,900,40,mcc,curvature=4.0;gat_hidden_dim=256;gnn_input_clip=0.7;gnn_input_scale=1;graph_metric=cosine;hyp_gnn_type=gat;hyperbolic_gnn=1;jk_mode=max;lr=0.001;num_layers=4;proj_dim=128;scorer_hidden=128;tau_quantile=0.1;weight_decay=5e-05,cosine,max,0.001,128,5e-05,256,4,128,0.1,4.0,0.7,1,gat,1,43.14,152.42,0.09985,0.0
glue|bert-base-uncased|cola_wide|C_at_base|t900|s41|confirm,glue,bert-base-uncased,cola_wide,cola,C_at_base,confirm,900,41,mcc,curvature=4.0;gat_hidden_dim=256;gnn_input_clip=0.7;gnn_input_scale=1;graph_metric=cosine;hyp_gnn_type=gat;hyperbolic_gnn=1;jk_mode=max;lr=0.001;num_layers=4;proj_dim=128;scorer_hidden=128;tau_quantile=0.1;weight_decay=5e-05,cosine,max,0.001,128,5e-05,256,4,128,0.1,4.0,0.7,1,gat,1,46.68,153.68,0.10029,0.0
glue|bert-base-uncased|cola_wide|C_at_base|t900|s42|confirm,glue,bert-base-uncased,cola_wide,cola,C_at_base,confirm,900,42,mcc,curvature=4.0;gat_hidden_dim=256;gnn_input_clip=0.7;gnn_input_scale=1;graph_metric=cosine;hyp_gnn_type=gat;hyperbolic_gnn=1;jk_mode=max;lr=0.001;num_layers=4;proj_dim=128;scorer_hidden=128;tau_quantile=0.1;weight_decay=5e-05,cosine,max,0.001,128,5e-05,256,4,128,0.1,4.0,0.7,1,gat,1,45.72,152.02,0.09969,0.0
glue|bert-base-uncased|cola_wide|C_at_base|t900|s43|confirm,glue,bert-base-uncased,cola_wide,cola,C_at_base,confirm,900,43,mcc,curvature=4.0;gat_hidden_dim=256;gnn_input_clip=0.7;gnn_input_scale=1;graph_metric=cosine;hyp_gnn_type=gat;hyperbolic_gnn=1;jk_mode=max;lr=0.001;num_layers=4;proj_dim=128;scorer_hidden=128;tau_quantile=0.1;weight_decay=5e-05,cosine,max,0.001,128,5e-05,256,4,128,0.1,4.0,0.7,1,gat,1,45.59,153.13,0.09942,0.0
glue|bert-base-uncased|cola_wide|C_at_base|t900|s44|confirm,glue,bert-base-uncased,cola_wide,cola,C_at_base,confirm,900,44,mcc,curvature=4.0;gat_hidden_dim=256;gnn_input_clip=0.7;gnn_input_scale=1;graph_metric=cosine;hyp_gnn_type=gat;hyperbolic_gnn=1;jk_mode=max;lr=0.001;num_layers=4;proj_dim=128;scorer_hidden=128;tau_quantile=0.1;weight_decay=5e-05,cosine,max,0.001,128,5e-05,256,4,128,0.1,4.0,0.7,1,gat,1,46.8,154.55,0.09938,0.0
glue|bert-base-uncased|cola_wide|C_at_base|t900|s45|confirm,glue,bert-base-uncased,cola_wide,cola,C_at_base,confirm,900,45,mcc,curvature=4.0;gat_hidden_dim=256;gnn_input_clip=0.7;gnn_input_scale=1;graph_metric=cosine;hyp_gnn_type=gat;hyperbolic_gnn=1;jk_mode=max;lr=0.001;num_layers=4;proj_dim=128;scorer_hidden=128;tau_quantile=0.1;weight_decay=5e-05,cosine,max,0.001,128,5e-05,256,4,128,0.1,4.0,0.7,1,gat,1,47.2,153.89,0.09972,0.0
glue|bert-base-uncased|cola_wide|C_at_base|t900|s46|confirm,glue,bert-base-uncased,cola_wide,cola,C_at_base,confirm,900,46,mcc,curvature=4.0;gat_hidden_dim=256;gnn_input_clip=0.7;gnn_input_scale=1;graph_metric=cosine;hyp_gnn_type=gat;hyperbolic_gnn=1;jk_mode=max;lr=0.001;num_layers=4;proj_dim=128;scorer_hidden=128;tau_quantile=0.1;weight_decay=5e-05,cosine,max,0.001,128,5e-05,256,4,128,0.1,4.0,0.7,1,gat,1,47.62,151.66,0.09938,0.0
glue|bert-base-uncased|cola_wide|C_at_base|t900|s47|confirm,glue,bert-base-uncased,cola_wide,cola,C_at_base,confirm,900,47,mcc,curvature=4.0;gat_hidden_dim=256;gnn_input_clip=0.7;gnn_input_scale=1;graph_metric=cosine;hyp_gnn_type=gat;hyperbolic_gnn=1;jk_mode=max;lr=0.001;num_layers=4;proj_dim=128;scorer_hidden=128;tau_quantile=0.1;weight_decay=5e-05,cosine,max,0.001,128,5e-05,256,4,128,0.1,4.0,0.7,1,gat,1,44.85,152.44,0.09948,0.0
glue|bert-base-uncased|cola_wide|C_at_base|t900|s48|confirm,glue,bert-base-uncased,cola_wide,cola,C_at_base,confirm,900,48,mcc,curvature=4.0;gat_hidden_dim=256;gnn_input_clip=0.7;gnn_input_scale=1;graph_metric=cosine;hyp_gnn_type=gat;hyperbolic_gnn=1;jk_mode=max;lr=0.001;num_layers=4;proj_dim=128;scorer_hidden=128;tau_quantile=0.1;weight_decay=5e-05,cosine,max,0.001,128,5e-05,256,4,128,0.1,4.0,0.7,1,gat,1,46.25,152.89,0.09979,0.0
glue|bert-base-uncased|cola_wide|C_at_base|t900|s49|confirm,glue,bert-base-uncased,cola_wide,cola,C_at_base,confirm,900,49,mcc,curvature=4.0;gat_hidden_dim=256;gnn_input_clip=0.7;gnn_input_scale=1;graph_metric=cosine;hyp_gnn_type=gat;hyperbolic_gnn=1;jk_mode=max;lr=0.001;num_layers=4;proj_dim=128;scorer_hidden=128;tau_quantile=0.1;weight_decay=5e-05,cosine,max,0.001,128,5e-05,256,4,128,0.1,4.0,0.7,1,gat,1,45.46,153.47,0.10037,0.0
glue|bert-base-uncased|cola_wide|C_at_base|t900|s50|confirm,glue,bert-base-uncased,cola_wide,cola,C_at_base,confirm,900,50,mcc,curvature=4.0;gat_hidden_dim=256;gnn_input_clip=0.7;gnn_input_scale=1;graph_metric=cosine;hyp_gnn_type=gat;hyperbolic_gnn=1;jk_mode=max;lr=0.001;num_layers=4;proj_dim=128;scorer_hidden=128;tau_quantile=0.1;weight_decay=5e-05,cosine,max,0.001,128,5e-05,256,4,128,0.1,4.0,0.7,1,gat,1,43.48,152.35,0.10017,0.0
glue|bert-base-uncased|cola_wide|C_at_base|t900|s51|confirm,glue,bert-base-uncased,cola_wide,cola,C_at_base,confirm,900,51,mcc,curvature=4.0;gat_hidden_dim=256;gnn_input_clip=0.7;gnn_input_scale=1;graph_metric=cosine;hyp_gnn_type=gat;hyperbolic_gnn=1;jk_mode=max;lr=0.001;num_layers=4;proj_dim=128;scorer_hidden=128;tau_quantile=0.1;weight_decay=5e-05,cosine,max,0.001,128,5e-05,256,4,128,0.1,4.0,0.7,1,gat,1,48.28,152.4,0.09935,0.0
glue|bert-base-uncased|cola_wide|C_at_base|t900|s52|confirm,glue,bert-base-uncased,cola_wide,cola,C_at_base,confirm,900,52,mcc,curvature=4.0;gat_hidden_dim=256;gnn_input_clip=0.7;gnn_input_scale=1;graph_metric=cosine;hyp_gnn_type=gat;hyperbolic_gnn=1;jk_mode=max;lr=0.001;num_layers=4;proj_dim=128;scorer_hidden=128;tau_quantile=0.1;weight_decay=5e-05,cosine,max,0.001,128,5e-05,256,4,128,0.1,4.0,0.7,1,gat,1,45.52,152.72,0.1001,0.0
glue|bert-base-uncased|cola_wide|C_at_base|t900|s53|confirm,glue,bert-base-uncased,cola_wide,cola,C_at_base,confirm,900,53,mcc,curvature=4.0;gat_hidden_dim=256;gnn_input_clip=0.7;gnn_input_scale=1;graph_metric=cosine;hyp_gnn_type=gat;hyperbolic_gnn=1;jk_mode=max;lr=0.001;num_layers=4;proj_dim=128;scorer_hidden=128;tau_quantile=0.1;weight_decay=5e-05,cosine,max,0.001,128,5e-05,256,4,128,0.1,4.0,0.7,1,gat,1,44.24,152.96,0.10043,0.0
glue|bert-base-uncased|cola_wide|C_at_base|t900|s54|confirm,glue,bert-base-uncased,cola_wide,cola,C_at_base,confirm,900,54,mcc,curvature=4.0;gat_hidden_dim=256;gnn_input_clip=0.7;gnn_input_scale=1;graph_metric=cosine;hyp_gnn_type=gat;hyperbolic_gnn=1;jk_mode=max;lr=0.001;num_layers=4;proj_dim=128;scorer_hidden=128;tau_quantile=0.1;weight_decay=5e-05,cosine,max,0.001,128,5e-05,256,4,128,0.1,4.0,0.7,1,gat,1,47.61,152.13,0.09938,0.0
glue|bert-base-uncased|cola_wide|C_at_base|t900|s55|confirm,glue,bert-base-uncased,cola_wide,cola,C_at_base,confirm,900,55,mcc,curvature=4.0;gat_hidden_dim=256;gnn_input_clip=0.7;gnn_input_scale=1;graph_metric=cosine;hyp_gnn_type=gat;hyperbolic_gnn=1;jk_mode=max;lr=0.001;num_layers=4;proj_dim=128;scorer_hidden=128;tau_quantile=0.1;weight_decay=5e-05,cosine,max,0.001,128,5e-05,256,4,128,0.1,4.0,0.7,1,gat,1,47.16,150.98,0.09987,0.0
glue|bert-base-uncased|cola_wide|C_at_base|t900|s56|confirm,glue,bert-base-uncased,cola_wide,cola,C_at_base,confirm,900,56,mcc,curvature=4.0;gat_hidden_dim=256;gnn_input_clip=0.7;gnn_input_scale=1;graph_metric=cosine;hyp_gnn_type=gat;hyperbolic_gnn=1;jk_mode=max;lr=0.001;num_layers=4;proj_dim=128;scorer_hidden=128;tau_quantile=0.1;weight_decay=5e-05,cosine,max,0.001,128,5e-05,256,4,128,0.1,4.0,0.7,1,gat,1,45.67,153.24,0.10055,0.0
glue|bert-base-uncased|cola_wide|C_at_base|t900|s57|confirm,glue,bert-base-uncased,cola_wide,cola,C_at_base,confirm,900,57,mcc,curvature=4.0;gat_hidden_dim=256;gnn_input_clip=0.7;gnn_input_scale=1;graph_metric=cosine;hyp_gnn_type=gat;hyperbolic_gnn=1;jk_mode=max;lr=0.001;num_layers=4;proj_dim=128;scorer_hidden=128;tau_quantile=0.1;weight_decay=5e-05,cosine,max,0.001,128,5e-05,256,4,128,0.1,4.0,0.7,1,gat,1,47.24,151.13,0.09996,0.0
glue|bert-base-uncased|cola_wide|C_at_base|t900|s58|confirm,glue,bert-base-uncased,cola_wide,cola,C_at_base,confirm,900,58,mcc,curvature=4.0;gat_hidden_dim=256;gnn_input_clip=0.7;gnn_input_scale=1;graph_metric=cosine;hyp_gnn_type=gat;hyperbolic_gnn=1;jk_mode=max;lr=0.001;num_layers=4;proj_dim=128;scorer_hidden=128;tau_quantile=0.1;weight_decay=5e-05,cosine,max,0.001,128,5e-05,256,4,128,0.1,4.0,0.7,1,gat,1,47.18,152.51,0.10051,0.0
glue|bert-base-uncased|cola_wide|C_at_base|t900|s59|confirm,glue,bert-base-uncased,cola_wide,cola,C_at_base,confirm,900,59,mcc,curvature=4.0;gat_hidden_dim=256;gnn_input_clip=0.7;gnn_input_scale=1;graph_metric=cosine;hyp_gnn_type=gat;hyperbolic_gnn=1;jk_mode=max;lr=0.001;num_layers=4;proj_dim=128;scorer_hidden=128;tau_quantile=0.1;weight_decay=5e-05,cosine,max,0.001,128,5e-05,256,4,128,0.1,4.0,0.7,1,gat,1,45.53,152.56,0.09959,0.0
glue|bert-base-uncased|cola_wide|C_at_base|t900|s60|confirm,glue,bert-base-uncased,cola_wide,cola,C_at_base,confirm,900,60,mcc,curvature=4.0;gat_hidden_dim=256;gnn_input_clip=0.7;gnn_input_scale=1;graph_metric=cosine;hyp_gnn_type=gat;hyperbolic_gnn=1;jk_mode=max;lr=0.001;num_layers=4;proj_dim=128;scorer_hidden=128;tau_quantile=0.1;weight_decay=5e-05,cosine,max,0.001,128,5e-05,256,4,128,0.1,4.0,0.7,1,gat,1,48.57,153.98,0.10011,0.0
glue|bert-base-uncased|cola_wide|C_at_base|t900|s61|confirm,glue,bert-base-uncased,cola_wide,cola,C_at_base,confirm,900,61,mcc,curvature=4.0;gat_hidden_dim=256;gnn_input_clip=0.7;gnn_input_scale=1;graph_metric=cosine;hyp_gnn_type=gat;hyperbolic_gnn=1;jk_mode=max;lr=0.001;num_layers=4;proj_dim=128;scorer_hidden=128;tau_quantile=0.1;weight_decay=5e-05,cosine,max,0.001,128,5e-05,256,4,128,0.1,4.0,0.7,1,gat,1,46.73,151.43,0.10035,0.0
glue|bert-base-uncased|cola_wide|C_at_base|t900|s62|confirm,glue,bert-base-uncased,cola_wide,cola,C_at_base,confirm,900,62,mcc,curvature=4.0;gat_hidden_dim=256;gnn_input_clip=0.7;gnn_input_scale=1;graph_metric=cosine;hyp_gnn_type=gat;hyperbolic_gnn=1;jk_mode=max;lr=0.001;num_layers=4;proj_dim=128;scorer_hidden=128;tau_quantile=0.1;weight_decay=5e-05,cosine,max,0.001,128,5e-05,256,4,128,0.1,4.0,0.7,1,gat,1,46.34,156.66,0.09985,0.0
glue|bert-base-uncased|cola_wide|C_at_base|t900|s63|confirm,glue,bert-base-uncased,cola_wide,cola,C_at_base,confirm,900,63,mcc,curvature=4.0;gat_hidden_dim=256;gnn_input_clip=0.7;gnn_input_scale=1;graph_metric=cosine;hyp_gnn_type=gat;hyperbolic_gnn=1;jk_mode=max;lr=0.001;num_layers=4;proj_dim=128;scorer_hidden=128;tau_quantile=0.1;weight_decay=5e-05,cosine,max,0.001,128,5e-05,256,4,128,0.1,4.0,0.7,1,gat,1,46.18,153.49,0.10044,0.0
glue|bert-base-uncased|cola_wide|C_at_base|t900|s64|confirm,glue,bert-base-uncased,cola_wide,cola,C_at_base,confirm,900,64,mcc,curvature=4.0;gat_hidden_dim=256;gnn_input_clip=0.7;gnn_input_scale=1;graph_metric=cosine;hyp_gnn_type=gat;hyperbolic_gnn=1;jk_mode=max;lr=0.001;num_layers=4;proj_dim=128;scorer_hidden=128;tau_quantile=0.1;weight_decay=5e-05,cosine,max,0.001,128,5e-05,256,4,128,0.1,4.0,0.7,1,gat,1,43.7,153.83,0.0998,0.0
glue|bert-base-uncased|cola_wide|C_at_base|t900|s65|confirm,glue,bert-base-uncased,cola_wide,cola,C_at_base,confirm,900,65,mcc,curvature=4.0;gat_hidden_dim=256;gnn_input_clip=0.7;gnn_input_scale=1;graph_metric=cosine;hyp_gnn_type=gat;hyperbolic_gnn=1;jk_mode=max;lr=0.001;num_layers=4;proj_dim=128;scorer_hidden=128;tau_quantile=0.1;weight_decay=5e-05,cosine,max,0.001,128,5e-05,256,4,128,0.1,4.0,0.7,1,gat,1,45.08,152.78,0.10022,0.0
glue|bert-base-uncased|cola_wide|base_at_C|t901|s16|confirm,glue,bert-base-uncased,cola_wide,cola,base_at_C,confirm,901,16,mcc,gat_hidden_dim=128;graph_metric=cosine;jk_mode=max;lr=0.001;num_layers=2;proj_dim=256;scorer_hidden=128;tau_quantile=0.38;weight_decay=5e-05,cosine,max,0.001,128,5e-05,128,2,256,0.38,,,,,,45.55,126.5,0.37576,0.0
glue|bert-base-uncased|cola_wide|base_at_C|t901|s17|confirm,glue,bert-base-uncased,cola_wide,cola,base_at_C,confirm,901,17,mcc,gat_hidden_dim=128;graph_metric=cosine;jk_mode=max;lr=0.001;num_layers=2;proj_dim=256;scorer_hidden=128;tau_quantile=0.38;weight_decay=5e-05,cosine,max,0.001,128,5e-05,128,2,256,0.38,,,,,,47.52,125.22,0.37535,0.0
glue|bert-base-uncased|cola_wide|base_at_C|t901|s18|confirm,glue,bert-base-uncased,cola_wide,cola,base_at_C,confirm,901,18,mcc,gat_hidden_dim=128;graph_metric=cosine;jk_mode=max;lr=0.001;num_layers=2;proj_dim=256;scorer_hidden=128;tau_quantile=0.38;weight_decay=5e-05,cosine,max,0.001,128,5e-05,128,2,256,0.38,,,,,,47.02,125.21,0.37602,0.0
glue|bert-base-uncased|cola_wide|base_at_C|t901|s19|confirm,glue,bert-base-uncased,cola_wide,cola,base_at_C,confirm,901,19,mcc,gat_hidden_dim=128;graph_metric=cosine;jk_mode=max;lr=0.001;num_layers=2;proj_dim=256;scorer_hidden=128;tau_quantile=0.38;weight_decay=5e-05,cosine,max,0.001,128,5e-05,128,2,256,0.38,,,,,,47.35,126.49,0.37598,0.0
glue|bert-base-uncased|cola_wide|base_at_C|t901|s20|confirm,glue,bert-base-uncased,cola_wide,cola,base_at_C,confirm,901,20,mcc,gat_hidden_dim=128;graph_metric=cosine;jk_mode=max;lr=0.001;num_layers=2;proj_dim=256;scorer_hidden=128;tau_quantile=0.38;weight_decay=5e-05,cosine,max,0.001,128,5e-05,128,2,256,0.38,,,,,,46.53,128.19,0.37691,0.0
glue|bert-base-uncased|cola_wide|base_at_C|t901|s21|confirm,glue,bert-base-uncased,cola_wide,cola,base_at_C,confirm,901,21,mcc,gat_hidden_dim=128;graph_metric=cosine;jk_mode=max;lr=0.001;num_layers=2;proj_dim=256;scorer_hidden=128;tau_quantile=0.38;weight_decay=5e-05,cosine,max,0.001,128,5e-05,128,2,256,0.38,,,,,,47.28,125.33,0.37657,0.0
glue|bert-base-uncased|cola_wide|base_at_C|t901|s22|confirm,glue,bert-base-uncased,cola_wide,cola,base_at_C,confirm,901,22,mcc,gat_hidden_dim=128;graph_metric=cosine;jk_mode=max;lr=0.001;num_layers=2;proj_dim=256;scorer_hidden=128;tau_quantile=0.38;weight_decay=5e-05,cosine,max,0.001,128,5e-05,128,2,256,0.38,,,,,,48.48,125.5,0.37578,0.0
glue|bert-base-uncased|cola_wide|base_at_C|t901|s23|confirm,glue,bert-base-uncased,cola_wide,cola,base_at_C,confirm,901,23,mcc,gat_hidden_dim=128;graph_metric=cosine;jk_mode=max;lr=0.001;num_layers=2;proj_dim=256;scorer_hidden=128;tau_quantile=0.38;weight_decay=5e-05,cosine,max,0.001,128,5e-05,128,2,256,0.38,,,,,,48.85,126.18,0.37635,0.0
glue|bert-base-uncased|cola_wide|base_at_C|t901|s24|confirm,glue,bert-base-uncased,cola_wide,cola,base_at_C,confirm,901,24,mcc,gat_hidden_dim=128;graph_metric=cosine;jk_mode=max;lr=0.001;num_layers=2;proj_dim=256;scorer_hidden=128;tau_quantile=0.38;weight_decay=5e-05,cosine,max,0.001,128,5e-05,128,2,256,0.38,,,,,,46.33,125.75,0.37543,0.0
glue|bert-base-uncased|cola_wide|base_at_C|t901|s25|confirm,glue,bert-base-uncased,cola_wide,cola,base_at_C,confirm,901,25,mcc,gat_hidden_dim=128;graph_metric=cosine;jk_mode=max;lr=0.001;num_layers=2;proj_dim=256;scorer_hidden=128;tau_quantile=0.38;weight_decay=5e-05,cosine,max,0.001,128,5e-05,128,2,256,0.38,,,,,,45.48,125.93,0.37555,0.0
glue|bert-base-uncased|cola_wide|base_at_C|t901|s26|confirm,glue,bert-base-uncased,cola_wide,cola,base_at_C,confirm,901,26,mcc,gat_hidden_dim=128;graph_metric=cosine;jk_mode=max;lr=0.001;num_layers=2;proj_dim=256;scorer_hidden=128;tau_quantile=0.38;weight_decay=5e-05,cosine,max,0.001,128,5e-05,128,2,256,0.38,,,,,,44.28,125.02,0.37571,0.0
glue|bert-base-uncased|cola_wide|base_at_C|t901|s27|confirm,glue,bert-base-uncased,cola_wide,cola,base_at_C,confirm,901,27,mcc,gat_hidden_dim=128;graph_metric=cosine;jk_mode=max;lr=0.001;num_layers=2;proj_dim=256;scorer_hidden=128;tau_quantile=0.38;weight_decay=5e-05,cosine,max,0.001,128,5e-05,128,2,256,0.38,,,,,,45.46,126.33,0.37618,0.0
glue|bert-base-uncased|cola_wide|base_at_C|t901|s28|confirm,glue,bert-base-uncased,cola_wide,cola,base_at_C,confirm,901,28,mcc,gat_hidden_dim=128;graph_metric=cosine;jk_mode=max;lr=0.001;num_layers=2;proj_dim=256;scorer_hidden=128;tau_quantile=0.38;weight_decay=5e-05,cosine,max,0.001,128,5e-05,128,2,256,0.38,,,,,,47.73,124.85,0.37631,0.0
glue|bert-base-uncased|cola_wide|base_at_C|t901|s29|confirm,glue,bert-base-uncased,cola_wide,cola,base_at_C,confirm,901,29,mcc,gat_hidden_dim=128;graph_metric=cosine;jk_mode=max;lr=0.001;num_layers=2;proj_dim=256;scorer_hidden=128;tau_quantile=0.38;weight_decay=5e-05,cosine,max,0.001,128,5e-05,128,2,256,0.38,,,,,,43.33,124.09,0.37554,0.0
glue|bert-base-uncased|cola_wide|base_at_C|t901|s30|confirm,glue,bert-base-uncased,cola_wide,cola,base_at_C,confirm,901,30,mcc,gat_hidden_dim=128;graph_metric=cosine;jk_mode=max;lr=0.001;num_layers=2;proj_dim=256;scorer_hidden=128;tau_quantile=0.38;weight_decay=5e-05,cosine,max,0.001,128,5e-05,128,2,256,0.38,,,,,,43.62,125.12,0.37589,0.0
glue|bert-base-uncased|cola_wide|base_at_C|t901|s31|confirm,glue,bert-base-uncased,cola_wide,cola,base_at_C,confirm,901,31,mcc,gat_hidden_dim=128;graph_metric=cosine;jk_mode=max;lr=0.001;num_layers=2;proj_dim=256;scorer_hidden=128;tau_quantile=0.38;weight_decay=5e-05,cosine,max,0.001,128,5e-05,128,2,256,0.38,,,,,,47.76,126.07,0.37602,0.0
glue|bert-base-uncased|cola_wide|base_at_C|t901|s32|confirm,glue,bert-base-uncased,cola_wide,cola,base_at_C,confirm,901,32,mcc,gat_hidden_dim=128;graph_metric=cosine;jk_mode=max;lr=0.001;num_layers=2;proj_dim=256;scorer_hidden=128;tau_quantile=0.38;weight_decay=5e-05,cosine,max,0.001,128,5e-05,128,2,256,0.38,,,,,,43.28,126.4,0.37592,0.0
glue|bert-base-uncased|cola_wide|base_at_C|t901|s33|confirm,glue,bert-base-uncased,cola_wide,cola,base_at_C,confirm,901,33,mcc,gat_hidden_dim=128;graph_metric=cosine;jk_mode=max;lr=0.001;num_layers=2;proj_dim=256;scorer_hidden=128;tau_quantile=0.38;weight_decay=5e-05,cosine,max,0.001,128,5e-05,128,2,256,0.38,,,,,,45.39,127.14,0.37625,0.0
glue|bert-base-uncased|cola_wide|base_at_C|t901|s34|confirm,glue,bert-base-uncased,cola_wide,cola,base_at_C,confirm,901,34,mcc,gat_hidden_dim=128;graph_metric=cosine;jk_mode=max;lr=0.001;num_layers=2;proj_dim=256;scorer_hidden=128;tau_quantile=0.38;weight_decay=5e-05,cosine,max,0.001,128,5e-05,128,2,256,0.38,,,,,,46.69,126.32,0.37563,0.0
glue|bert-base-uncased|cola_wide|base_at_C|t901|s35|confirm,glue,bert-base-uncased,cola_wide,cola,base_at_C,confirm,901,35,mcc,gat_hidden_dim=128;graph_metric=cosine;jk_mode=max;lr=0.001;num_layers=2;proj_dim=256;scorer_hidden=128;tau_quantile=0.38;weight_decay=5e-05,cosine,max,0.001,128,5e-05,128,2,256,0.38,,,,,,46.2,125.86,0.37686,0.0
glue|bert-base-uncased|cola_wide|base_at_C|t901|s36|confirm,glue,bert-base-uncased,cola_wide,cola,base_at_C,confirm,901,36,mcc,gat_hidden_dim=128;graph_metric=cosine;jk_mode=max;lr=0.001;num_layers=2;proj_dim=256;scorer_hidden=128;tau_quantile=0.38;weight_decay=5e-05,cosine,max,0.001,128,5e-05,128,2,256,0.38,,,,,,48.55,127.26,0.37637,0.0
glue|bert-base-uncased|cola_wide|base_at_C|t901|s37|confirm,glue,bert-base-uncased,cola_wide,cola,base_at_C,confirm,901,37,mcc,gat_hidden_dim=128;graph_metric=cosine;jk_mode=max;lr=0.001;num_layers=2;proj_dim=256;scorer_hidden=128;tau_quantile=0.38;weight_decay=5e-05,cosine,max,0.001,128,5e-05,128,2,256,0.38,,,,,,44.71,127.44,0.37579,0.0
glue|bert-base-uncased|cola_wide|base_at_C|t901|s38|confirm,glue,bert-base-uncased,cola_wide,cola,base_at_C,confirm,901,38,mcc,gat_hidden_dim=128;graph_metric=cosine;jk_mode=max;lr=0.001;num_layers=2;proj_dim=256;scorer_hidden=128;tau_quantile=0.38;weight_decay=5e-05,cosine,max,0.001,128,5e-05,128,2,256,0.38,,,,,,46.77,126.57,0.37592,0.0
glue|bert-base-uncased|cola_wide|base_at_C|t901|s39|confirm,glue,bert-base-uncased,cola_wide,cola,base_at_C,confirm,901,39,mcc,gat_hidden_dim=128;graph_metric=cosine;jk_mode=max;lr=0.001;num_layers=2;proj_dim=256;scorer_hidden=128;tau_quantile=0.38;weight_decay=5e-05,cosine,max,0.001,128,5e-05,128,2,256,0.38,,,,,,45.36,126.26,0.37701,0.0
glue|bert-base-uncased|cola_wide|base_at_C|t901|s40|confirm,glue,bert-base-uncased,cola_wide,cola,base_at_C,confirm,901,40,mcc,gat_hidden_dim=128;graph_metric=cosine;jk_mode=max;lr=0.001;num_layers=2;proj_dim=256;scorer_hidden=128;tau_quantile=0.38;weight_decay=5e-05,cosine,max,0.001,128,5e-05,128,2,256,0.38,,,,,,46.88,125.81,0.37545,0.0
glue|bert-base-uncased|cola_wide|base_at_C|t901|s41|confirm,glue,bert-base-uncased,cola_wide,cola,base_at_C,confirm,901,41,mcc,gat_hidden_dim=128;graph_metric=cosine;jk_mode=max;lr=0.001;num_layers=2;proj_dim=256;scorer_hidden=128;tau_quantile=0.38;weight_decay=5e-05,cosine,max,0.001,128,5e-05,128,2,256,0.38,,,,,,48.23,125.29,0.37603,0.0
glue|bert-base-uncased|cola_wide|base_at_C|t901|s42|confirm,glue,bert-base-uncased,cola_wide,cola,base_at_C,confirm,901,42,mcc,gat_hidden_dim=128;graph_metric=cosine;jk_mode=max;lr=0.001;num_layers=2;proj_dim=256;scorer_hidden=128;tau_quantile=0.38;weight_decay=5e-05,cosine,max,0.001,128,5e-05,128,2,256,0.38,,,,,,48.03,125.64,0.37502,0.0
glue|bert-base-uncased|cola_wide|base_at_C|t901|s43|confirm,glue,bert-base-uncased,cola_wide,cola,base_at_C,confirm,901,43,mcc,gat_hidden_dim=128;graph_metric=cosine;jk_mode=max;lr=0.001;num_layers=2;proj_dim=256;scorer_hidden=128;tau_quantile=0.38;weight_decay=5e-05,cosine,max,0.001,128,5e-05,128,2,256,0.38,,,,,,44.11,126.94,0.37519,0.0
glue|bert-base-uncased|cola_wide|base_at_C|t901|s44|confirm,glue,bert-base-uncased,cola_wide,cola,base_at_C,confirm,901,44,mcc,gat_hidden_dim=128;graph_metric=cosine;jk_mode=max;lr=0.001;num_layers=2;proj_dim=256;scorer_hidden=128;tau_quantile=0.38;weight_decay=5e-05,cosine,max,0.001,128,5e-05,128,2,256,0.38,,,,,,49.39,126.2,0.37641,0.0
glue|bert-base-uncased|cola_wide|base_at_C|t901|s45|confirm,glue,bert-base-uncased,cola_wide,cola,base_at_C,confirm,901,45,mcc,gat_hidden_dim=128;graph_metric=cosine;jk_mode=max;lr=0.001;num_layers=2;proj_dim=256;scorer_hidden=128;tau_quantile=0.38;weight_decay=5e-05,cosine,max,0.001,128,5e-05,128,2,256,0.38,,,,,,50.47,125.92,0.37567,0.0
glue|bert-base-uncased|cola_wide|base_at_C|t901|s46|confirm,glue,bert-base-uncased,cola_wide,cola,base_at_C,confirm,901,46,mcc,gat_hidden_dim=128;graph_metric=cosine;jk_mode=max;lr=0.001;num_layers=2;proj_dim=256;scorer_hidden=128;tau_quantile=0.38;weight_decay=5e-05,cosine,max,0.001,128,5e-05,128,2,256,0.38,,,,,,46.9,125.41,0.37564,0.0
glue|bert-base-uncased|cola_wide|base_at_C|t901|s47|confirm,glue,bert-base-uncased,cola_wide,cola,base_at_C,confirm,901,47,mcc,gat_hidden_dim=128;graph_metric=cosine;jk_mode=max;lr=0.001;num_layers=2;proj_dim=256;scorer_hidden=128;tau_quantile=0.38;weight_decay=5e-05,cosine,max,0.001,128,5e-05,128,2,256,0.38,,,,,,44.49,125.66,0.37564,0.0
glue|bert-base-uncased|cola_wide|base_at_C|t901|s48|confirm,glue,bert-base-uncased,cola_wide,cola,base_at_C,confirm,901,48,mcc,gat_hidden_dim=128;graph_metric=cosine;jk_mode=max;lr=0.001;num_layers=2;proj_dim=256;scorer_hidden=128;tau_quantile=0.38;weight_decay=5e-05,cosine,max,0.001,128,5e-05,128,2,256,0.38,,,,,,46.2,125.3,0.37552,0.0
glue|bert-base-uncased|cola_wide|base_at_C|t901|s49|confirm,glue,bert-base-uncased,cola_wide,cola,base_at_C,confirm,901,49,mcc,gat_hidden_dim=128;graph_metric=cosine;jk_mode=max;lr=0.001;num_layers=2;proj_dim=256;scorer_hidden=128;tau_quantile=0.38;weight_decay=5e-05,cosine,max,0.001,128,5e-05,128,2,256,0.38,,,,,,44.49,126.29,0.37629,0.0
glue|bert-base-uncased|cola_wide|base_at_C|t901|s50|confirm,glue,bert-base-uncased,cola_wide,cola,base_at_C,confirm,901,50,mcc,gat_hidden_dim=128;graph_metric=cosine;jk_mode=max;lr=0.001;num_layers=2;proj_dim=256;scorer_hidden=128;tau_quantile=0.38;weight_decay=5e-05,cosine,max,0.001,128,5e-05,128,2,256,0.38,,,,,,48.0,125.52,0.37629,0.0
glue|bert-base-uncased|cola_wide|base_at_C|t901|s51|confirm,glue,bert-base-uncased,cola_wide,cola,base_at_C,confirm,901,51,mcc,gat_hidden_dim=128;graph_metric=cosine;jk_mode=max;lr=0.001;num_layers=2;proj_dim=256;scorer_hidden=128;tau_quantile=0.38;weight_decay=5e-05,cosine,max,0.001,128,5e-05,128,2,256,0.38,,,,,,43.29,126.19,0.37652,0.0
glue|bert-base-uncased|cola_wide|base_at_C|t901|s52|confirm,glue,bert-base-uncased,cola_wide,cola,base_at_C,confirm,901,52,mcc,gat_hidden_dim=128;graph_metric=cosine;jk_mode=max;lr=0.001;num_layers=2;proj_dim=256;scorer_hidden=128;tau_quantile=0.38;weight_decay=5e-05,cosine,max,0.001,128,5e-05,128,2,256,0.38,,,,,,47.83,127.03,0.37516,0.0
glue|bert-base-uncased|cola_wide|base_at_C|t901|s53|confirm,glue,bert-base-uncased,cola_wide,cola,base_at_C,confirm,901,53,mcc,gat_hidden_dim=128;graph_metric=cosine;jk_mode=max;lr=0.001;num_layers=2;proj_dim=256;scorer_hidden=128;tau_quantile=0.38;weight_decay=5e-05,cosine,max,0.001,128,5e-05,128,2,256,0.38,,,,,,48.05,125.93,0.37617,0.0
glue|bert-base-uncased|cola_wide|base_at_C|t901|s54|confirm,glue,bert-base-uncased,cola_wide,cola,base_at_C,confirm,901,54,mcc,gat_hidden_dim=128;graph_metric=cosine;jk_mode=max;lr=0.001;num_layers=2;proj_dim=256;scorer_hidden=128;tau_quantile=0.38;weight_decay=5e-05,cosine,max,0.001,128,5e-05,128,2,256,0.38,,,,,,46.55,125.68,0.37583,0.0
glue|bert-base-uncased|cola_wide|base_at_C|t901|s55|confirm,glue,bert-base-uncased,cola_wide,cola,base_at_C,confirm,901,55,mcc,gat_hidden_dim=128;graph_metric=cosine;jk_mode=max;lr=0.001;num_layers=2;proj_dim=256;scorer_hidden=128;tau_quantile=0.38;weight_decay=5e-05,cosine,max,0.001,128,5e-05,128,2,256,0.38,,,,,,43.36,126.85,0.37543,0.0
glue|bert-base-uncased|cola_wide|base_at_C|t901|s56|confirm,glue,bert-base-uncased,cola_wide,cola,base_at_C,confirm,901,56,mcc,gat_hidden_dim=128;graph_metric=cosine;jk_mode=max;lr=0.001;num_layers=2;proj_dim=256;scorer_hidden=128;tau_quantile=0.38;weight_decay=5e-05,cosine,max,0.001,128,5e-05,128,2,256,0.38,,,,,,47.56,127.02,0.37608,0.0
glue|bert-base-uncased|cola_wide|base_at_C|t901|s57|confirm,glue,bert-base-uncased,cola_wide,cola,base_at_C,confirm,901,57,mcc,gat_hidden_dim=128;graph_metric=cosine;jk_mode=max;lr=0.001;num_layers=2;proj_dim=256;scorer_hidden=128;tau_quantile=0.38;weight_decay=5e-05,cosine,max,0.001,128,5e-05,128,2,256,0.38,,,,,,45.98,126.31,0.376,0.0
glue|bert-base-uncased|cola_wide|base_at_C|t901|s58|confirm,glue,bert-base-uncased,cola_wide,cola,base_at_C,confirm,901,58,mcc,gat_hidden_dim=128;graph_metric=cosine;jk_mode=max;lr=0.001;num_layers=2;proj_dim=256;scorer_hidden=128;tau_quantile=0.38;weight_decay=5e-05,cosine,max,0.001,128,5e-05,128,2,256,0.38,,,,,,47.25,127.47,0.37524,0.0
glue|bert-base-uncased|cola_wide|base_at_C|t901|s59|confirm,glue,bert-base-uncased,cola_wide,cola,base_at_C,confirm,901,59,mcc,gat_hidden_dim=128;graph_metric=cosine;jk_mode=max;lr=0.001;num_layers=2;proj_dim=256;scorer_hidden=128;tau_quantile=0.38;weight_decay=5e-05,cosine,max,0.001,128,5e-05,128,2,256,0.38,,,,,,45.57,126.73,0.3758,0.0
glue|bert-base-uncased|cola_wide|base_at_C|t901|s60|confirm,glue,bert-base-uncased,cola_wide,cola,base_at_C,confirm,901,60,mcc,gat_hidden_dim=128;graph_metric=cosine;jk_mode=max;lr=0.001;num_layers=2;proj_dim=256;scorer_hidden=128;tau_quantile=0.38;weight_decay=5e-05,cosine,max,0.001,128,5e-05,128,2,256,0.38,,,,,,44.95,126.06,0.37542,0.0
glue|bert-base-uncased|cola_wide|base_at_C|t901|s61|confirm,glue,bert-base-uncased,cola_wide,cola,base_at_C,confirm,901,61,mcc,gat_hidden_dim=128;graph_metric=cosine;jk_mode=max;lr=0.001;num_layers=2;proj_dim=256;scorer_hidden=128;tau_quantile=0.38;weight_decay=5e-05,cosine,max,0.001,128,5e-05,128,2,256,0.38,,,,,,44.61,126.33,0.37615,0.0
glue|bert-base-uncased|cola_wide|base_at_C|t901|s62|confirm,glue,bert-base-uncased,cola_wide,cola,base_at_C,confirm,901,62,mcc,gat_hidden_dim=128;graph_metric=cosine;jk_mode=max;lr=0.001;num_layers=2;proj_dim=256;scorer_hidden=128;tau_quantile=0.38;weight_decay=5e-05,cosine,max,0.001,128,5e-05,128,2,256,0.38,,,,,,40.97,124.73,0.37658,0.0
glue|bert-base-uncased|cola_wide|base_at_C|t901|s63|confirm,glue,bert-base-uncased,cola_wide,cola,base_at_C,confirm,901,63,mcc,gat_hidden_dim=128;graph_metric=cosine;jk_mode=max;lr=0.001;num_layers=2;proj_dim=256;scorer_hidden=128;tau_quantile=0.38;weight_decay=5e-05,cosine,max,0.001,128,5e-05,128,2,256,0.38,,,,,,47.71,125.96,0.37628,0.0
glue|bert-base-uncased|cola_wide|base_at_C|t901|s64|confirm,glue,bert-base-uncased,cola_wide,cola,base_at_C,confirm,901,64,mcc,gat_hidden_dim=128;graph_metric=cosine;jk_mode=max;lr=0.001;num_layers=2;proj_dim=256;scorer_hidden=128;tau_quantile=0.38;weight_decay=5e-05,cosine,max,0.001,128,5e-05,128,2,256,0.38,,,,,,45.02,125.74,0.37559,0.0
glue|bert-base-uncased|cola_wide|base_at_C|t901|s65|confirm,glue,bert-base-uncased,cola_wide,cola,base_at_C,confirm,901,65,mcc,gat_hidden_dim=128;graph_metric=cosine;jk_mode=max;lr=0.001;num_layers=2;proj_dim=256;scorer_hidden=128;tau_quantile=0.38;weight_decay=5e-05,cosine,max,0.001,128,5e-05,128,2,256,0.38,,,,,,46.82,125.26,0.37561,0.0
glue|bert-base-uncased|cola_wide|C_at_C|t903|s1|confirm,glue,bert-base-uncased,cola_wide,cola,C_at_C,confirm,903,1,mcc,curvature=4.0;gat_hidden_dim=128;gnn_input_clip=0.7;gnn_input_scale=1;graph_metric=cosine;hyp_gnn_type=gat;hyperbolic_gnn=1;jk_mode=max;lr=0.001;num_layers=2;proj_dim=256;scorer_hidden=128;tau_quantile=0.38;weight_decay=5e-05,cosine,max,0.001,128,5e-05,128,2,256,0.38,4.0,0.7,1,gat,1,46.25,139.86,0.37628,0.0
glue|bert-base-uncased|cola_wide|C_at_C|t903|s2|confirm,glue,bert-base-uncased,cola_wide,cola,C_at_C,confirm,903,2,mcc,curvature=4.0;gat_hidden_dim=128;gnn_input_clip=0.7;gnn_input_scale=1;graph_metric=cosine;hyp_gnn_type=gat;hyperbolic_gnn=1;jk_mode=max;lr=0.001;num_layers=2;proj_dim=256;scorer_hidden=128;tau_quantile=0.38;weight_decay=5e-05,cosine,max,0.001,128,5e-05,128,2,256,0.38,4.0,0.7,1,gat,1,45.99,141.01,0.37614,0.0
glue|bert-base-uncased|cola_wide|C_at_C|t903|s3|confirm,glue,bert-base-uncased,cola_wide,cola,C_at_C,confirm,903,3,mcc,curvature=4.0;gat_hidden_dim=128;gnn_input_clip=0.7;gnn_input_scale=1;graph_metric=cosine;hyp_gnn_type=gat;hyperbolic_gnn=1;jk_mode=max;lr=0.001;num_layers=2;proj_dim=256;scorer_hidden=128;tau_quantile=0.38;weight_decay=5e-05,cosine,max,0.001,128,5e-05,128,2,256,0.38,4.0,0.7,1,gat,1,46.61,140.99,0.37582,0.0
glue|bert-base-uncased|cola_wide|C_at_C|t903|s4|confirm,glue,bert-base-uncased,cola_wide,cola,C_at_C,confirm,903,4,mcc,curvature=4.0;gat_hidden_dim=128;gnn_input_clip=0.7;gnn_input_scale=1;graph_metric=cosine;hyp_gnn_type=gat;hyperbolic_gnn=1;jk_mode=max;lr=0.001;num_layers=2;proj_dim=256;scorer_hidden=128;tau_quantile=0.38;weight_decay=5e-05,cosine,max,0.001,128,5e-05,128,2,256,0.38,4.0,0.7,1,gat,1,46.36,141.7,0.37629,0.0
glue|bert-base-uncased|cola_wide|C_at_C|t903|s5|confirm,glue,bert-base-uncased,cola_wide,cola,C_at_C,confirm,903,5,mcc,curvature=4.0;gat_hidden_dim=128;gnn_input_clip=0.7;gnn_input_scale=1;graph_metric=cosine;hyp_gnn_type=gat;hyperbolic_gnn=1;jk_mode=max;lr=0.001;num_layers=2;proj_dim=256;scorer_hidden=128;tau_quantile=0.38;weight_decay=5e-05,cosine,max,0.001,128,5e-05,128,2,256,0.38,4.0,0.7,1,gat,1,46.29,141.85,0.37584,0.0
glue|bert-base-uncased|cola_wide|C_at_C|t903|s6|confirm,glue,bert-base-uncased,cola_wide,cola,C_at_C,confirm,903,6,mcc,curvature=4.0;gat_hidden_dim=128;gnn_input_clip=0.7;gnn_input_scale=1;graph_metric=cosine;hyp_gnn_type=gat;hyperbolic_gnn=1;jk_mode=max;lr=0.001;num_layers=2;proj_dim=256;scorer_hidden=128;tau_quantile=0.38;weight_decay=5e-05,cosine,max,0.001,128,5e-05,128,2,256,0.38,4.0,0.7,1,gat,1,46.3,141.61,0.3767,0.0
glue|bert-base-uncased|cola_wide|C_at_C|t903|s7|confirm,glue,bert-base-uncased,cola_wide,cola,C_at_C,confirm,903,7,mcc,curvature=4.0;gat_hidden_dim=128;gnn_input_clip=0.7;gnn_input_scale=1;graph_metric=cosine;hyp_gnn_type=gat;hyperbolic_gnn=1;jk_mode=max;lr=0.001;num_layers=2;proj_dim=256;scorer_hidden=128;tau_quantile=0.38;weight_decay=5e-05,cosine,max,0.001,128,5e-05,128,2,256,0.38,4.0,0.7,1,gat,1,46.55,139.23,0.37644,0.0
glue|bert-base-uncased|cola_wide|C_at_C|t903|s8|confirm,glue,bert-base-uncased,cola_wide,cola,C_at_C,confirm,903,8,mcc,curvature=4.0;gat_hidden_dim=128;gnn_input_clip=0.7;gnn_input_scale=1;graph_metric=cosine;hyp_gnn_type=gat;hyperbolic_gnn=1;jk_mode=max;lr=0.001;num_layers=2;proj_dim=256;scorer_hidden=128;tau_quantile=0.38;weight_decay=5e-05,cosine,max,0.001,128,5e-05,128,2,256,0.38,4.0,0.7,1,gat,1,47.56,138.99,0.37548,0.0
glue|bert-base-uncased|cola_wide|C_at_C|t903|s9|confirm,glue,bert-base-uncased,cola_wide,cola,C_at_C,confirm,903,9,mcc,curvature=4.0;gat_hidden_dim=128;gnn_input_clip=0.7;gnn_input_scale=1;graph_metric=cosine;hyp_gnn_type=gat;hyperbolic_gnn=1;jk_mode=max;lr=0.001;num_layers=2;proj_dim=256;scorer_hidden=128;tau_quantile=0.38;weight_decay=5e-05,cosine,max,0.001,128,5e-05,128,2,256,0.38,4.0,0.7,1,gat,1,46.83,140.8,0.3762,0.0
glue|bert-base-uncased|cola_wide|C_at_C|t903|s10|confirm,glue,bert-base-uncased,cola_wide,cola,C_at_C,confirm,903,10,mcc,curvature=4.0;gat_hidden_dim=128;gnn_input_clip=0.7;gnn_input_scale=1;graph_metric=cosine;hyp_gnn_type=gat;hyperbolic_gnn=1;jk_mode=max;lr=0.001;num_layers=2;proj_dim=256;scorer_hidden=128;tau_quantile=0.38;weight_decay=5e-05,cosine,max,0.001,128,5e-05,128,2,256,0.38,4.0,0.7,1,gat,1,46.61,139.37,0.37654,0.0
glue|bert-base-uncased|cola_wide|C_at_C|t903|s11|confirm,glue,bert-base-uncased,cola_wide,cola,C_at_C,confirm,903,11,mcc,curvature=4.0;gat_hidden_dim=128;gnn_input_clip=0.7;gnn_input_scale=1;graph_metric=cosine;hyp_gnn_type=gat;hyperbolic_gnn=1;jk_mode=max;lr=0.001;num_layers=2;proj_dim=256;scorer_hidden=128;tau_quantile=0.38;weight_decay=5e-05,cosine,max,0.001,128,5e-05,128,2,256,0.38,4.0,0.7,1,gat,1,47.76,138.62,0.37542,0.0
glue|bert-base-uncased|cola_wide|C_at_C|t903|s12|confirm,glue,bert-base-uncased,cola_wide,cola,C_at_C,confirm,903,12,mcc,curvature=4.0;gat_hidden_dim=128;gnn_input_clip=0.7;gnn_input_scale=1;graph_metric=cosine;hyp_gnn_type=gat;hyperbolic_gnn=1;jk_mode=max;lr=0.001;num_layers=2;proj_dim=256;scorer_hidden=128;tau_quantile=0.38;weight_decay=5e-05,cosine,max,0.001,128,5e-05,128,2,256,0.38,4.0,0.7,1,gat,1,47.76,140.65,0.37508,0.0
glue|bert-base-uncased|cola_wide|C_at_C|t903|s13|confirm,glue,bert-base-uncased,cola_wide,cola,C_at_C,confirm,903,13,mcc,curvature=4.0;gat_hidden_dim=128;gnn_input_clip=0.7;gnn_input_scale=1;graph_metric=cosine;hyp_gnn_type=gat;hyperbolic_gnn=1;jk_mode=max;lr=0.001;num_layers=2;proj_dim=256;scorer_hidden=128;tau_quantile=0.38;weight_decay=5e-05,cosine,max,0.001,128,5e-05,128,2,256,0.38,4.0,0.7,1,gat,1,46.06,144.68,0.37564,0.0
glue|bert-base-uncased|cola_wide|C_at_C|t903|s14|confirm,glue,bert-base-uncased,cola_wide,cola,C_at_C,confirm,903,14,mcc,curvature=4.0;gat_hidden_dim=128;gnn_input_clip=0.7;gnn_input_scale=1;graph_metric=cosine;hyp_gnn_type=gat;hyperbolic_gnn=1;jk_mode=max;lr=0.001;num_layers=2;proj_dim=256;scorer_hidden=128;tau_quantile=0.38;weight_decay=5e-05,cosine,max,0.001,128,5e-05,128,2,256,0.38,4.0,0.7,1,gat,1,49.61,141.08,0.37675,0.0
glue|bert-base-uncased|cola_wide|C_at_C|t903|s15|confirm,glue,bert-base-uncased,cola_wide,cola,C_at_C,confirm,903,15,mcc,curvature=4.0;gat_hidden_dim=128;gnn_input_clip=0.7;gnn_input_scale=1;graph_metric=cosine;hyp_gnn_type=gat;hyperbolic_gnn=1;jk_mode=max;lr=0.001;num_layers=2;proj_dim=256;scorer_hidden=128;tau_quantile=0.38;weight_decay=5e-05,cosine,max,0.001,128,5e-05,128,2,256,0.38,4.0,0.7,1,gat,1,46.77,140.75,0.3761,0.0
glue|bert-base-uncased|cola_wide|C_at_C|t903|s16|confirm,glue,bert-base-uncased,cola_wide,cola,C_at_C,confirm,903,16,mcc,curvature=4.0;gat_hidden_dim=128;gnn_input_clip=0.7;gnn_input_scale=1;graph_metric=cosine;hyp_gnn_type=gat;hyperbolic_gnn=1;jk_mode=max;lr=0.001;num_layers=2;proj_dim=256;scorer_hidden=128;tau_quantile=0.38;weight_decay=5e-05,cosine,max,0.001,128,5e-05,128,2,256,0.38,4.0,0.7,1,gat,1,46.91,142.05,0.37678,0.0
glue|bert-base-uncased|cola_wide|C_at_C|t903|s17|confirm,glue,bert-base-uncased,cola_wide,cola,C_at_C,confirm,903,17,mcc,curvature=4.0;gat_hidden_dim=128;gnn_input_clip=0.7;gnn_input_scale=1;graph_metric=cosine;hyp_gnn_type=gat;hyperbolic_gnn=1;jk_mode=max;lr=0.001;num_layers=2;proj_dim=256;scorer_hidden=128;tau_quantile=0.38;weight_decay=5e-05,cosine,max,0.001,128,5e-05,128,2,256,0.38,4.0,0.7,1,gat,1,46.03,141.51,0.37674,0.0
glue|bert-base-uncased|cola_wide|C_at_C|t903|s18|confirm,glue,bert-base-uncased,cola_wide,cola,C_at_C,confirm,903,18,mcc,curvature=4.0;gat_hidden_dim=128;gnn_input_clip=0.7;gnn_input_scale=1;graph_metric=cosine;hyp_gnn_type=gat;hyperbolic_gnn=1;jk_mode=max;lr=0.001;num_layers=2;proj_dim=256;scorer_hidden=128;tau_quantile=0.38;weight_decay=5e-05,cosine,max,0.001,128,5e-05,128,2,256,0.38,4.0,0.7,1,gat,1,47.62,139.96,0.37655,0.0
glue|bert-base-uncased|cola_wide|C_at_C|t903|s19|confirm,glue,bert-base-uncased,cola_wide,cola,C_at_C,confirm,903,19,mcc,curvature=4.0;gat_hidden_dim=128;gnn_input_clip=0.7;gnn_input_scale=1;graph_metric=cosine;hyp_gnn_type=gat;hyperbolic_gnn=1;jk_mode=max;lr=0.001;num_layers=2;proj_dim=256;scorer_hidden=128;tau_quantile=0.38;weight_decay=5e-05,cosine,max,0.001,128,5e-05,128,2,256,0.38,4.0,0.7,1,gat,1,45.71,141.77,0.37534,0.0
glue|bert-base-uncased|cola_wide|C_at_C|t903|s20|confirm,glue,bert-base-uncased,cola_wide,cola,C_at_C,confirm,903,20,mcc,curvature=4.0;gat_hidden_dim=128;gnn_input_clip=0.7;gnn_input_scale=1;graph_metric=cosine;hyp_gnn_type=gat;hyperbolic_gnn=1;jk_mode=max;lr=0.001;num_layers=2;proj_dim=256;scorer_hidden=128;tau_quantile=0.38;weight_decay=5e-05,cosine,max,0.001,128,5e-05,128,2,256,0.38,4.0,0.7,1,gat,1,47.13,140.59,0.37587,0.0
glue|bert-base-uncased|cola_wide|C_at_C|t903|s21|confirm,glue,bert-base-uncased,cola_wide,cola,C_at_C,confirm,903,21,mcc,curvature=4.0;gat_hidden_dim=128;gnn_input_clip=0.7;gnn_input_scale=1;graph_metric=cosine;hyp_gnn_type=gat;hyperbolic_gnn=1;jk_mode=max;lr=0.001;num_layers=2;proj_dim=256;scorer_hidden=128;tau_quantile=0.38;weight_decay=5e-05,cosine,max,0.001,128,5e-05,128,2,256,0.38,4.0,0.7,1,gat,1,48.67,139.24,0.37595,0.0
glue|bert-base-uncased|cola_wide|C_at_C|t903|s22|confirm,glue,bert-base-uncased,cola_wide,cola,C_at_C,confirm,903,22,mcc,curvature=4.0;gat_hidden_dim=128;gnn_input_clip=0.7;gnn_input_scale=1;graph_metric=cosine;hyp_gnn_type=gat;hyperbolic_gnn=1;jk_mode=max;lr=0.001;num_layers=2;proj_dim=256;scorer_hidden=128;tau_quantile=0.38;weight_decay=5e-05,cosine,max,0.001,128,5e-05,128,2,256,0.38,4.0,0.7,1,gat,1,46.96,141.48,0.37543,0.0
glue|bert-base-uncased|cola_wide|C_at_C|t903|s23|confirm,glue,bert-base-uncased,cola_wide,cola,C_at_C,confirm,903,23,mcc,curvature=4.0;gat_hidden_dim=128;gnn_input_clip=0.7;gnn_input_scale=1;graph_metric=cosine;hyp_gnn_type=gat;hyperbolic_gnn=1;jk_mode=max;lr=0.001;num_layers=2;proj_dim=256;scorer_hidden=128;tau_quantile=0.38;weight_decay=5e-05,cosine,max,0.001,128,5e-05,128,2,256,0.38,4.0,0.7,1,gat,1,48.48,141.96,0.37579,0.0
glue|bert-base-uncased|cola_wide|C_at_C|t903|s24|confirm,glue,bert-base-uncased,cola_wide,cola,C_at_C,confirm,903,24,mcc,curvature=4.0;gat_hidden_dim=128;gnn_input_clip=0.7;gnn_input_scale=1;graph_metric=cosine;hyp_gnn_type=gat;hyperbolic_gnn=1;jk_mode=max;lr=0.001;num_layers=2;proj_dim=256;scorer_hidden=128;tau_quantile=0.38;weight_decay=5e-05,cosine,max,0.001,128,5e-05,128,2,256,0.38,4.0,0.7,1,gat,1,44.46,141.35,0.37556,0.0
glue|bert-base-uncased|cola_wide|C_at_C|t903|s25|confirm,glue,bert-base-uncased,cola_wide,cola,C_at_C,confirm,903,25,mcc,curvature=4.0;gat_hidden_dim=128;gnn_input_clip=0.7;gnn_input_scale=1;graph_metric=cosine;hyp_gnn_type=gat;hyperbolic_gnn=1;jk_mode=max;lr=0.001;num_layers=2;proj_dim=256;scorer_hidden=128;tau_quantile=0.38;weight_decay=5e-05,cosine,max,0.001,128,5e-05,128,2,256,0.38,4.0,0.7,1,gat,1,46.97,140.15,0.37536,0.0
glue|bert-base-uncased|cola_wide|C_at_C|t903|s26|confirm,glue,bert-base-uncased,cola_wide,cola,C_at_C,confirm,903,26,mcc,curvature=4.0;gat_hidden_dim=128;gnn_input_clip=0.7;gnn_input_scale=1;graph_metric=cosine;hyp_gnn_type=gat;hyperbolic_gnn=1;jk_mode=max;lr=0.001;num_layers=2;proj_dim=256;scorer_hidden=128;tau_quantile=0.38;weight_decay=5e-05,cosine,max,0.001,128,5e-05,128,2,256,0.38,4.0,0.7,1,gat,1,48.1,142.7,0.37612,0.0
glue|bert-base-uncased|cola_wide|C_at_C|t903|s27|confirm,glue,bert-base-uncased,cola_wide,cola,C_at_C,confirm,903,27,mcc,curvature=4.0;gat_hidden_dim=128;gnn_input_clip=0.7;gnn_input_scale=1;graph_metric=cosine;hyp_gnn_type=gat;hyperbolic_gnn=1;jk_mode=max;lr=0.001;num_layers=2;proj_dim=256;scorer_hidden=128;tau_quantile=0.38;weight_decay=5e-05,cosine,max,0.001,128,5e-05,128,2,256,0.38,4.0,0.7,1,gat,1,47.6,140.35,0.37491,0.0
glue|bert-base-uncased|cola_wide|C_at_C|t903|s28|confirm,glue,bert-base-uncased,cola_wide,cola,C_at_C,confirm,903,28,mcc,curvature=4.0;gat_hidden_dim=128;gnn_input_clip=0.7;gnn_input_scale=1;graph_metric=cosine;hyp_gnn_type=gat;hyperbolic_gnn=1;jk_mode=max;lr=0.001;num_layers=2;proj_dim=256;scorer_hidden=128;tau_quantile=0.38;weight_decay=5e-05,cosine,max,0.001,128,5e-05,128,2,256,0.38,4.0,0.7,1,gat,1,47.86,139.55,0.37548,0.0
glue|bert-base-uncased|cola_wide|C_at_C|t903|s29|confirm,glue,bert-base-uncased,cola_wide,cola,C_at_C,confirm,903,29,mcc,curvature=4.0;gat_hidden_dim=128;gnn_input_clip=0.7;gnn_input_scale=1;graph_metric=cosine;hyp_gnn_type=gat;hyperbolic_gnn=1;jk_mode=max;lr=0.001;num_layers=2;proj_dim=256;scorer_hidden=128;tau_quantile=0.38;weight_decay=5e-05,cosine,max,0.001,128,5e-05,128,2,256,0.38,4.0,0.7,1,gat,1,48.96,140.78,0.37466,0.0
glue|bert-base-uncased|cola_wide|C_at_C|t903|s30|confirm,glue,bert-base-uncased,cola_wide,cola,C_at_C,confirm,903,30,mcc,curvature=4.0;gat_hidden_dim=128;gnn_input_clip=0.7;gnn_input_scale=1;graph_metric=cosine;hyp_gnn_type=gat;hyperbolic_gnn=1;jk_mode=max;lr=0.001;num_layers=2;proj_dim=256;scorer_hidden=128;tau_quantile=0.38;weight_decay=5e-05,cosine,max,0.001,128,5e-05,128,2,256,0.38,4.0,0.7,1,gat,1,45.34,141.24,0.37556,0.0
glue|bert-base-uncased|cola_wide|C_at_C|t903|s31|confirm,glue,bert-base-uncased,cola_wide,cola,C_at_C,confirm,903,31,mcc,curvature=4.0;gat_hidden_dim=128;gnn_input_clip=0.7;gnn_input_scale=1;graph_metric=cosine;hyp_gnn_type=gat;hyperbolic_gnn=1;jk_mode=max;lr=0.001;num_layers=2;proj_dim=256;scorer_hidden=128;tau_quantile=0.38;weight_decay=5e-05,cosine,max,0.001,128,5e-05,128,2,256,0.38,4.0,0.7,1,gat,1,46.92,139.69,0.37647,0.0
glue|bert-base-uncased|cola_wide|C_at_C|t903|s32|confirm,glue,bert-base-uncased,cola_wide,cola,C_at_C,confirm,903,32,mcc,curvature=4.0;gat_hidden_dim=128;gnn_input_clip=0.7;gnn_input_scale=1;graph_metric=cosine;hyp_gnn_type=gat;hyperbolic_gnn=1;jk_mode=max;lr=0.001;num_layers=2;proj_dim=256;scorer_hidden=128;tau_quantile=0.38;weight_decay=5e-05,cosine,max,0.001,128,5e-05,128,2,256,0.38,4.0,0.7,1,gat,1,45.75,140.31,0.37635,0.0
glue|bert-base-uncased|cola_wide|C_at_C|t903|s33|confirm,glue,bert-base-uncased,cola_wide,cola,C_at_C,confirm,903,33,mcc,curvature=4.0;gat_hidden_dim=128;gnn_input_clip=0.7;gnn_input_scale=1;graph_metric=cosine;hyp_gnn_type=gat;hyperbolic_gnn=1;jk_mode=max;lr=0.001;num_layers=2;proj_dim=256;scorer_hidden=128;tau_quantile=0.38;weight_decay=5e-05,cosine,max,0.001,128,5e-05,128,2,256,0.38,4.0,0.7,1,gat,1,44.49,141.71,0.37627,0.0
glue|bert-base-uncased|cola_wide|C_at_C|t903|s34|confirm,glue,bert-base-uncased,cola_wide,cola,C_at_C,confirm,903,34,mcc,curvature=4.0;gat_hidden_dim=128;gnn_input_clip=0.7;gnn_input_scale=1;graph_metric=cosine;hyp_gnn_type=gat;hyperbolic_gnn=1;jk_mode=max;lr=0.001;num_layers=2;proj_dim=256;scorer_hidden=128;tau_quantile=0.38;weight_decay=5e-05,cosine,max,0.001,128,5e-05,128,2,256,0.38,4.0,0.7,1,gat,1,46.49,140.49,0.37517,0.0
glue|bert-base-uncased|cola_wide|C_at_C|t903|s35|confirm,glue,bert-base-uncased,cola_wide,cola,C_at_C,confirm,903,35,mcc,curvature=4.0;gat_hidden_dim=128;gnn_input_clip=0.7;gnn_input_scale=1;graph_metric=cosine;hyp_gnn_type=gat;hyperbolic_gnn=1;jk_mode=max;lr=0.001;num_layers=2;proj_dim=256;scorer_hidden=128;tau_quantile=0.38;weight_decay=5e-05,cosine,max,0.001,128,5e-05,128,2,256,0.38,4.0,0.7,1,gat,1,45.63,141.26,0.3754,0.0
glue|bert-base-uncased|cola_wide|C_at_C|t903|s36|confirm,glue,bert-base-uncased,cola_wide,cola,C_at_C,confirm,903,36,mcc,curvature=4.0;gat_hidden_dim=128;gnn_input_clip=0.7;gnn_input_scale=1;graph_metric=cosine;hyp_gnn_type=gat;hyperbolic_gnn=1;jk_mode=max;lr=0.001;num_layers=2;proj_dim=256;scorer_hidden=128;tau_quantile=0.38;weight_decay=5e-05,cosine,max,0.001,128,5e-05,128,2,256,0.38,4.0,0.7,1,gat,1,47.28,141.64,0.37661,0.0
glue|bert-base-uncased|cola_wide|C_at_C|t903|s37|confirm,glue,bert-base-uncased,cola_wide,cola,C_at_C,confirm,903,37,mcc,curvature=4.0;gat_hidden_dim=128;gnn_input_clip=0.7;gnn_input_scale=1;graph_metric=cosine;hyp_gnn_type=gat;hyperbolic_gnn=1;jk_mode=max;lr=0.001;num_layers=2;proj_dim=256;scorer_hidden=128;tau_quantile=0.38;weight_decay=5e-05,cosine,max,0.001,128,5e-05,128,2,256,0.38,4.0,0.7,1,gat,1,46.91,142.02,0.3762,0.0
glue|bert-base-uncased|cola_wide|C_at_C|t903|s38|confirm,glue,bert-base-uncased,cola_wide,cola,C_at_C,confirm,903,38,mcc,curvature=4.0;gat_hidden_dim=128;gnn_input_clip=0.7;gnn_input_scale=1;graph_metric=cosine;hyp_gnn_type=gat;hyperbolic_gnn=1;jk_mode=max;lr=0.001;num_layers=2;proj_dim=256;scorer_hidden=128;tau_quantile=0.38;weight_decay=5e-05,cosine,max,0.001,128,5e-05,128,2,256,0.38,4.0,0.7,1,gat,1,45.37,141.46,0.37585,0.0
glue|bert-base-uncased|cola_wide|C_at_C|t903|s39|confirm,glue,bert-base-uncased,cola_wide,cola,C_at_C,confirm,903,39,mcc,curvature=4.0;gat_hidden_dim=128;gnn_input_clip=0.7;gnn_input_scale=1;graph_metric=cosine;hyp_gnn_type=gat;hyperbolic_gnn=1;jk_mode=max;lr=0.001;num_layers=2;proj_dim=256;scorer_hidden=128;tau_quantile=0.38;weight_decay=5e-05,cosine,max,0.001,128,5e-05,128,2,256,0.38,4.0,0.7,1,gat,1,47.69,140.37,0.37557,0.0
glue|bert-base-uncased|cola_wide|C_at_C|t903|s40|confirm,glue,bert-base-uncased,cola_wide,cola,C_at_C,confirm,903,40,mcc,curvature=4.0;gat_hidden_dim=128;gnn_input_clip=0.7;gnn_input_scale=1;graph_metric=cosine;hyp_gnn_type=gat;hyperbolic_gnn=1;jk_mode=max;lr=0.001;num_layers=2;proj_dim=256;scorer_hidden=128;tau_quantile=0.38;weight_decay=5e-05,cosine,max,0.001,128,5e-05,128,2,256,0.38,4.0,0.7,1,gat,1,47.18,141.1,0.37569,0.0
glue|bert-base-uncased|cola_wide|C_at_C|t903|s41|confirm,glue,bert-base-uncased,cola_wide,cola,C_at_C,confirm,903,41,mcc,curvature=4.0;gat_hidden_dim=128;gnn_input_clip=0.7;gnn_input_scale=1;graph_metric=cosine;hyp_gnn_type=gat;hyperbolic_gnn=1;jk_mode=max;lr=0.001;num_layers=2;proj_dim=256;scorer_hidden=128;tau_quantile=0.38;weight_decay=5e-05,cosine,max,0.001,128,5e-05,128,2,256,0.38,4.0,0.7,1,gat,1,47.34,139.02,0.37534,0.0
glue|bert-base-uncased|cola_wide|C_at_C|t903|s42|confirm,glue,bert-base-uncased,cola_wide,cola,C_at_C,confirm,903,42,mcc,curvature=4.0;gat_hidden_dim=128;gnn_input_clip=0.7;gnn_input_scale=1;graph_metric=cosine;hyp_gnn_type=gat;hyperbolic_gnn=1;jk_mode=max;lr=0.001;num_layers=2;proj_dim=256;scorer_hidden=128;tau_quantile=0.38;weight_decay=5e-05,cosine,max,0.001,128,5e-05,128,2,256,0.38,4.0,0.7,1,gat,1,48.85,139.14,0.37601,0.0
glue|bert-base-uncased|cola_wide|C_at_C|t903|s43|confirm,glue,bert-base-uncased,cola_wide,cola,C_at_C,confirm,903,43,mcc,curvature=4.0;gat_hidden_dim=128;gnn_input_clip=0.7;gnn_input_scale=1;graph_metric=cosine;hyp_gnn_type=gat;hyperbolic_gnn=1;jk_mode=max;lr=0.001;num_layers=2;proj_dim=256;scorer_hidden=128;tau_quantile=0.38;weight_decay=5e-05,cosine,max,0.001,128,5e-05,128,2,256,0.38,4.0,0.7,1,gat,1,45.4,140.05,0.37571,0.0
glue|bert-base-uncased|cola_wide|C_at_C|t903|s44|confirm,glue,bert-base-uncased,cola_wide,cola,C_at_C,confirm,903,44,mcc,curvature=4.0;gat_hidden_dim=128;gnn_input_clip=0.7;gnn_input_scale=1;graph_metric=cosine;hyp_gnn_type=gat;hyperbolic_gnn=1;jk_mode=max;lr=0.001;num_layers=2;proj_dim=256;scorer_hidden=128;tau_quantile=0.38;weight_decay=5e-05,cosine,max,0.001,128,5e-05,128,2,256,0.38,4.0,0.7,1,gat,1,46.95,140.79,0.37488,0.0
glue|bert-base-uncased|cola_wide|C_at_C|t903|s45|confirm,glue,bert-base-uncased,cola_wide,cola,C_at_C,confirm,903,45,mcc,curvature=4.0;gat_hidden_dim=128;gnn_input_clip=0.7;gnn_input_scale=1;graph_metric=cosine;hyp_gnn_type=gat;hyperbolic_gnn=1;jk_mode=max;lr=0.001;num_layers=2;proj_dim=256;scorer_hidden=128;tau_quantile=0.38;weight_decay=5e-05,cosine,max,0.001,128,5e-05,128,2,256,0.38,4.0,0.7,1,gat,1,46.7,139.34,0.37718,0.0
glue|bert-base-uncased|cola_wide|C_at_C|t903|s46|confirm,glue,bert-base-uncased,cola_wide,cola,C_at_C,confirm,903,46,mcc,curvature=4.0;gat_hidden_dim=128;gnn_input_clip=0.7;gnn_input_scale=1;graph_metric=cosine;hyp_gnn_type=gat;hyperbolic_gnn=1;jk_mode=max;lr=0.001;num_layers=2;proj_dim=256;scorer_hidden=128;tau_quantile=0.38;weight_decay=5e-05,cosine,max,0.001,128,5e-05,128,2,256,0.38,4.0,0.7,1,gat,1,44.91,139.25,0.37587,0.0
glue|bert-base-uncased|cola_wide|C_at_C|t903|s47|confirm,glue,bert-base-uncased,cola_wide,cola,C_at_C,confirm,903,47,mcc,curvature=4.0;gat_hidden_dim=128;gnn_input_clip=0.7;gnn_input_scale=1;graph_metric=cosine;hyp_gnn_type=gat;hyperbolic_gnn=1;jk_mode=max;lr=0.001;num_layers=2;proj_dim=256;scorer_hidden=128;tau_quantile=0.38;weight_decay=5e-05,cosine,max,0.001,128,5e-05,128,2,256,0.38,4.0,0.7,1,gat,1,45.72,140.92,0.37577,0.0
glue|bert-base-uncased|cola_wide|C_at_C|t903|s48|confirm,glue,bert-base-uncased,cola_wide,cola,C_at_C,confirm,903,48,mcc,curvature=4.0;gat_hidden_dim=128;gnn_input_clip=0.7;gnn_input_scale=1;graph_metric=cosine;hyp_gnn_type=gat;hyperbolic_gnn=1;jk_mode=max;lr=0.001;num_layers=2;proj_dim=256;scorer_hidden=128;tau_quantile=0.38;weight_decay=5e-05,cosine,max,0.001,128,5e-05,128,2,256,0.38,4.0,0.7,1,gat,1,48.37,139.25,0.37616,0.0
glue|bert-base-uncased|cola_wide|C_at_C|t903|s49|confirm,glue,bert-base-uncased,cola_wide,cola,C_at_C,confirm,903,49,mcc,curvature=4.0;gat_hidden_dim=128;gnn_input_clip=0.7;gnn_input_scale=1;graph_metric=cosine;hyp_gnn_type=gat;hyperbolic_gnn=1;jk_mode=max;lr=0.001;num_layers=2;proj_dim=256;scorer_hidden=128;tau_quantile=0.38;weight_decay=5e-05,cosine,max,0.001,128,5e-05,128,2,256,0.38,4.0,0.7,1,gat,1,45.06,139.02,0.37633,0.0
glue|bert-base-uncased|cola_wide|C_at_C|t903|s50|confirm,glue,bert-base-uncased,cola_wide,cola,C_at_C,confirm,903,50,mcc,curvature=4.0;gat_hidden_dim=128;gnn_input_clip=0.7;gnn_input_scale=1;graph_metric=cosine;hyp_gnn_type=gat;hyperbolic_gnn=1;jk_mode=max;lr=0.001;num_layers=2;proj_dim=256;scorer_hidden=128;tau_quantile=0.38;weight_decay=5e-05,cosine,max,0.001,128,5e-05,128,2,256,0.38,4.0,0.7,1,gat,1,47.01,138.81,0.3763,0.0
glue|bert-base-uncased|cola_wide|C_at_C|t903|s51|confirm,glue,bert-base-uncased,cola_wide,cola,C_at_C,confirm,903,51,mcc,curvature=4.0;gat_hidden_dim=128;gnn_input_clip=0.7;gnn_input_scale=1;graph_metric=cosine;hyp_gnn_type=gat;hyperbolic_gnn=1;jk_mode=max;lr=0.001;num_layers=2;proj_dim=256;scorer_hidden=128;tau_quantile=0.38;weight_decay=5e-05,cosine,max,0.001,128,5e-05,128,2,256,0.38,4.0,0.7,1,gat,1,48.04,139.99,0.37608,0.0
glue|bert-base-uncased|cola_wide|C_at_C|t903|s52|confirm,glue,bert-base-uncased,cola_wide,cola,C_at_C,confirm,903,52,mcc,curvature=4.0;gat_hidden_dim=128;gnn_input_clip=0.7;gnn_input_scale=1;graph_metric=cosine;hyp_gnn_type=gat;hyperbolic_gnn=1;jk_mode=max;lr=0.001;num_layers=2;proj_dim=256;scorer_hidden=128;tau_quantile=0.38;weight_decay=5e-05,cosine,max,0.001,128,5e-05,128,2,256,0.38,4.0,0.7,1,gat,1,46.91,141.1,0.37529,0.0
glue|bert-base-uncased|cola_wide|C_at_C|t903|s53|confirm,glue,bert-base-uncased,cola_wide,cola,C_at_C,confirm,903,53,mcc,curvature=4.0;gat_hidden_dim=128;gnn_input_clip=0.7;gnn_input_scale=1;graph_metric=cosine;hyp_gnn_type=gat;hyperbolic_gnn=1;jk_mode=max;lr=0.001;num_layers=2;proj_dim=256;scorer_hidden=128;tau_quantile=0.38;weight_decay=5e-05,cosine,max,0.001,128,5e-05,128,2,256,0.38,4.0,0.7,1,gat,1,47.04,139.51,0.37671,0.0
glue|bert-base-uncased|cola_wide|C_at_C|t903|s54|confirm,glue,bert-base-uncased,cola_wide,cola,C_at_C,confirm,903,54,mcc,curvature=4.0;gat_hidden_dim=128;gnn_input_clip=0.7;gnn_input_scale=1;graph_metric=cosine;hyp_gnn_type=gat;hyperbolic_gnn=1;jk_mode=max;lr=0.001;num_layers=2;proj_dim=256;scorer_hidden=128;tau_quantile=0.38;weight_decay=5e-05,cosine,max,0.001,128,5e-05,128,2,256,0.38,4.0,0.7,1,gat,1,45.04,140.64,0.37541,0.0
glue|bert-base-uncased|cola_wide|C_at_C|t903|s55|confirm,glue,bert-base-uncased,cola_wide,cola,C_at_C,confirm,903,55,mcc,curvature=4.0;gat_hidden_dim=128;gnn_input_clip=0.7;gnn_input_scale=1;graph_metric=cosine;hyp_gnn_type=gat;hyperbolic_gnn=1;jk_mode=max;lr=0.001;num_layers=2;proj_dim=256;scorer_hidden=128;tau_quantile=0.38;weight_decay=5e-05,cosine,max,0.001,128,5e-05,128,2,256,0.38,4.0,0.7,1,gat,1,48.03,140.53,0.37566,0.0
glue|bert-base-uncased|cola_wide|C_at_C|t903|s56|confirm,glue,bert-base-uncased,cola_wide,cola,C_at_C,confirm,903,56,mcc,curvature=4.0;gat_hidden_dim=128;gnn_input_clip=0.7;gnn_input_scale=1;graph_metric=cosine;hyp_gnn_type=gat;hyperbolic_gnn=1;jk_mode=max;lr=0.001;num_layers=2;proj_dim=256;scorer_hidden=128;tau_quantile=0.38;weight_decay=5e-05,cosine,max,0.001,128,5e-05,128,2,256,0.38,4.0,0.7,1,gat,1,45.32,138.78,0.37668,0.0
glue|bert-base-uncased|cola_wide|C_at_C|t903|s57|confirm,glue,bert-base-uncased,cola_wide,cola,C_at_C,confirm,903,57,mcc,curvature=4.0;gat_hidden_dim=128;gnn_input_clip=0.7;gnn_input_scale=1;graph_metric=cosine;hyp_gnn_type=gat;hyperbolic_gnn=1;jk_mode=max;lr=0.001;num_layers=2;proj_dim=256;scorer_hidden=128;tau_quantile=0.38;weight_decay=5e-05,cosine,max,0.001,128,5e-05,128,2,256,0.38,4.0,0.7,1,gat,1,48.86,141.68,0.37571,0.0
glue|bert-base-uncased|cola_wide|C_at_C|t903|s58|confirm,glue,bert-base-uncased,cola_wide,cola,C_at_C,confirm,903,58,mcc,curvature=4.0;gat_hidden_dim=128;gnn_input_clip=0.7;gnn_input_scale=1;graph_metric=cosine;hyp_gnn_type=gat;hyperbolic_gnn=1;jk_mode=max;lr=0.001;num_layers=2;proj_dim=256;scorer_hidden=128;tau_quantile=0.38;weight_decay=5e-05,cosine,max,0.001,128,5e-05,128,2,256,0.38,4.0,0.7,1,gat,1,45.99,142.74,0.37638,0.0
glue|bert-base-uncased|cola_wide|C_at_C|t903|s59|confirm,glue,bert-base-uncased,cola_wide,cola,C_at_C,confirm,903,59,mcc,curvature=4.0;gat_hidden_dim=128;gnn_input_clip=0.7;gnn_input_scale=1;graph_metric=cosine;hyp_gnn_type=gat;hyperbolic_gnn=1;jk_mode=max;lr=0.001;num_layers=2;proj_dim=256;scorer_hidden=128;tau_quantile=0.38;weight_decay=5e-05,cosine,max,0.001,128,5e-05,128,2,256,0.38,4.0,0.7,1,gat,1,49.02,141.48,0.37601,0.0
glue|bert-base-uncased|cola_wide|C_at_C|t903|s60|confirm,glue,bert-base-uncased,cola_wide,cola,C_at_C,confirm,903,60,mcc,curvature=4.0;gat_hidden_dim=128;gnn_input_clip=0.7;gnn_input_scale=1;graph_metric=cosine;hyp_gnn_type=gat;hyperbolic_gnn=1;jk_mode=max;lr=0.001;num_layers=2;proj_dim=256;scorer_hidden=128;tau_quantile=0.38;weight_decay=5e-05,cosine,max,0.001,128,5e-05,128,2,256,0.38,4.0,0.7,1,gat,1,45.7,141.04,0.37542,0.0
glue|bert-base-uncased|cola_wide|C_at_C|t903|s61|confirm,glue,bert-base-uncased,cola_wide,cola,C_at_C,confirm,903,61,mcc,curvature=4.0;gat_hidden_dim=128;gnn_input_clip=0.7;gnn_input_scale=1;graph_metric=cosine;hyp_gnn_type=gat;hyperbolic_gnn=1;jk_mode=max;lr=0.001;num_layers=2;proj_dim=256;scorer_hidden=128;tau_quantile=0.38;weight_decay=5e-05,cosine,max,0.001,128,5e-05,128,2,256,0.38,4.0,0.7,1,gat,1,47.85,141.61,0.37533,0.0
glue|bert-base-uncased|cola_wide|C_at_C|t903|s62|confirm,glue,bert-base-uncased,cola_wide,cola,C_at_C,confirm,903,62,mcc,curvature=4.0;gat_hidden_dim=128;gnn_input_clip=0.7;gnn_input_scale=1;graph_metric=cosine;hyp_gnn_type=gat;hyperbolic_gnn=1;jk_mode=max;lr=0.001;num_layers=2;proj_dim=256;scorer_hidden=128;tau_quantile=0.38;weight_decay=5e-05,cosine,max,0.001,128,5e-05,128,2,256,0.38,4.0,0.7,1,gat,1,47.37,139.7,0.37561,0.0
glue|bert-base-uncased|cola_wide|C_at_C|t903|s63|confirm,glue,bert-base-uncased,cola_wide,cola,C_at_C,confirm,903,63,mcc,curvature=4.0;gat_hidden_dim=128;gnn_input_clip=0.7;gnn_input_scale=1;graph_metric=cosine;hyp_gnn_type=gat;hyperbolic_gnn=1;jk_mode=max;lr=0.001;num_layers=2;proj_dim=256;scorer_hidden=128;tau_quantile=0.38;weight_decay=5e-05,cosine,max,0.001,128,5e-05,128,2,256,0.38,4.0,0.7,1,gat,1,44.97,140.42,0.37563,0.0
glue|bert-base-uncased|cola_wide|C_at_C|t903|s64|confirm,glue,bert-base-uncased,cola_wide,cola,C_at_C,confirm,903,64,mcc,curvature=4.0;gat_hidden_dim=128;gnn_input_clip=0.7;gnn_input_scale=1;graph_metric=cosine;hyp_gnn_type=gat;hyperbolic_gnn=1;jk_mode=max;lr=0.001;num_layers=2;proj_dim=256;scorer_hidden=128;tau_quantile=0.38;weight_decay=5e-05,cosine,max,0.001,128,5e-05,128,2,256,0.38,4.0,0.7,1,gat,1,48.03,140.49,0.37521,0.0
glue|bert-base-uncased|cola_wide|C_at_C|t903|s65|confirm,glue,bert-base-uncased,cola_wide,cola,C_at_C,confirm,903,65,mcc,curvature=4.0;gat_hidden_dim=128;gnn_input_clip=0.7;gnn_input_scale=1;graph_metric=cosine;hyp_gnn_type=gat;hyperbolic_gnn=1;jk_mode=max;lr=0.001;num_layers=2;proj_dim=256;scorer_hidden=128;tau_quantile=0.38;weight_decay=5e-05,cosine,max,0.001,128,5e-05,128,2,256,0.38,4.0,0.7,1,gat,1,46.61,140.06,0.37573,0.0
