timestamp,run_tag,model,task,mteb_task,arm,pooling,graph_metric,graph_adj,hyperbolic_gnn,hyperbolic_readout,gnn_type,num_layers,jk_mode,tau,rho,curvature,knn_k,feature_norm,gat_hidden_dim,scorer_hidden,proj_dim,epochs,batch_size,lr,weight_decay,max_length,seed,elapsed_sec,acc,acc_final,mcc,mcc_final,f1,f1_final,acc_mm,f1_mm,spearman,spearman_final,pearson,pearson_final,best_val_avg,mteb_score,best_loss,mteb_per_task
2026-08-31 13:23:52,hyperglot,bert-base-uncased,embedding,,baseline,glot,cosine,threshold,0,0,gat,2,cat,0.6,1.0,1.0,8,0,128,128,256,2,32,0.0002,0.0,128,1,495.42,,,,,,,,,,,,,,,4.566827,
2026-08-31 13:24:57,hyperglot,bert-base-uncased,mteb,EmotionClassification,baseline,glot,cosine,threshold,0,0,gat,2,cat,0.6,1.0,1.0,8,0,128,128,256,2,32,0.0002,0.0,128,1,44.89,,,,,,,,,,,,,,0.34625,,"{""EmotionClassification"": 0.34625}"
2026-08-31 13:26:27,hyperglot,bert-base-uncased,mteb,SciFact,baseline,glot,cosine,threshold,0,0,gat,2,cat,0.6,1.0,1.0,8,0,128,128,256,2,32,0.0002,0.0,128,1,77.79,,,,,,,,,,,,,,0.18909,,"{""SciFact"": 0.18909}"
2026-08-31 13:36:20,hyperglot,bert-base-uncased,mteb,RedditClustering,baseline,glot,cosine,threshold,0,0,gat,2,cat,0.6,1.0,1.0,8,0,128,128,256,2,32,0.0002,0.0,128,1,580.79,,,,,,,,,,,,,,0.353375,,"{""RedditClustering"": 0.3533753530261381}"
2026-08-31 13:36:52,hyperglot,bert-base-uncased,mteb,AskUbuntuDupQuestions,baseline,glot,cosine,threshold,0,0,gat,2,cat,0.6,1.0,1.0,8,0,128,128,256,2,32,0.0002,0.0,128,1,19.69,,,,,,,,,,,,,,0.47674,,"{""AskUbuntuDupQuestions"": 0.47674}"
2026-08-31 13:37:17,hyperglot,bert-base-uncased,mteb,STS12,baseline,glot,cosine,threshold,0,0,gat,2,cat,0.6,1.0,1.0,8,0,128,128,256,2,32,0.0002,0.0,128,1,13.06,,,,,,,,,,,,,,0.393875,,"{""STS12"": 0.39387497747226385}"
2026-08-31 13:37:55,hyperglot,bert-base-uncased,mteb,TwitterSemEval2015,baseline,glot,cosine,threshold,0,0,gat,2,cat,0.6,1.0,1.0,8,0,128,128,256,2,32,0.0002,0.0,128,1,26.74,,,,,,,,,,,,,,0.528188,,"{""TwitterSemEval2015"": 0.5281882788266451}"
2026-08-31 13:38:17,hyperglot,bert-base-uncased,mteb,SummEval,baseline,glot,cosine,threshold,0,0,gat,2,cat,0.6,1.0,1.0,8,0,128,128,256,2,32,0.0002,0.0,128,1,10.0,,,,,,,,,,,,,,0.295908,,"{""SummEval"": 0.2959077119137342}"
2026-08-31 13:45:12,hyperglot,bert-base-uncased,embedding,,baseline,glot,cosine,threshold,0,0,gat,2,cat,0.6,1.0,1.0,8,0,128,128,256,2,32,0.0002,0.0,128,2,402.7,,,,,,,,,,,,,,,4.70288,
2026-08-31 13:46:09,hyperglot,bert-base-uncased,mteb,EmotionClassification,baseline,glot,cosine,threshold,0,0,gat,2,cat,0.6,1.0,1.0,8,0,128,128,256,2,32,0.0002,0.0,128,2,44.45,,,,,,,,,,,,,,0.34735,,"{""EmotionClassification"": 0.34735}"
2026-08-31 13:47:38,hyperglot,bert-base-uncased,mteb,SciFact,baseline,glot,cosine,threshold,0,0,gat,2,cat,0.6,1.0,1.0,8,0,128,128,256,2,32,0.0002,0.0,128,2,76.44,,,,,,,,,,,,,,0.20985,,"{""SciFact"": 0.20985}"
2026-08-31 13:57:29,hyperglot,bert-base-uncased,mteb,RedditClustering,baseline,glot,cosine,threshold,0,0,gat,2,cat,0.6,1.0,1.0,8,0,128,128,256,2,32,0.0002,0.0,128,2,579.21,,,,,,,,,,,,,,0.372151,,"{""RedditClustering"": 0.37215090583318655}"
2026-08-31 13:57:58,hyperglot,bert-base-uncased,mteb,AskUbuntuDupQuestions,baseline,glot,cosine,threshold,0,0,gat,2,cat,0.6,1.0,1.0,8,0,128,128,256,2,32,0.0002,0.0,128,2,17.12,,,,,,,,,,,,,,0.47886,,"{""AskUbuntuDupQuestions"": 0.47886}"
2026-08-31 13:58:23,hyperglot,bert-base-uncased,mteb,STS12,baseline,glot,cosine,threshold,0,0,gat,2,cat,0.6,1.0,1.0,8,0,128,128,256,2,32,0.0002,0.0,128,2,12.03,,,,,,,,,,,,,,0.415744,,"{""STS12"": 0.4157440315640752}"
2026-08-31 13:59:01,hyperglot,bert-base-uncased,mteb,TwitterSemEval2015,baseline,glot,cosine,threshold,0,0,gat,2,cat,0.6,1.0,1.0,8,0,128,128,256,2,32,0.0002,0.0,128,2,26.17,,,,,,,,,,,,,,0.530832,,"{""TwitterSemEval2015"": 0.5308321139502924}"
2026-08-31 13:59:21,hyperglot,bert-base-uncased,mteb,SummEval,baseline,glot,cosine,threshold,0,0,gat,2,cat,0.6,1.0,1.0,8,0,128,128,256,2,32,0.0002,0.0,128,2,8.75,,,,,,,,,,,,,,0.292284,,"{""SummEval"": 0.29228400552643824}"
2026-08-31 14:06:19,hyperglot,bert-base-uncased,embedding,,baseline,glot,cosine,threshold,0,0,gat,2,cat,0.6,1.0,1.0,8,0,128,128,256,2,32,0.0002,0.0,128,3,405.61,,,,,,,,,,,,,,,5.376743,
2026-08-31 14:07:15,hyperglot,bert-base-uncased,mteb,EmotionClassification,baseline,glot,cosine,threshold,0,0,gat,2,cat,0.6,1.0,1.0,8,0,128,128,256,2,32,0.0002,0.0,128,3,44.42,,,,,,,,,,,,,,0.3486,,"{""EmotionClassification"": 0.34859999999999997}"
2026-08-31 14:08:45,hyperglot,bert-base-uncased,mteb,SciFact,baseline,glot,cosine,threshold,0,0,gat,2,cat,0.6,1.0,1.0,8,0,128,128,256,2,32,0.0002,0.0,128,3,76.57,,,,,,,,,,,,,,0.1869,,"{""SciFact"": 0.1869}"
2026-08-31 14:18:34,hyperglot,bert-base-uncased,mteb,RedditClustering,baseline,glot,cosine,threshold,0,0,gat,2,cat,0.6,1.0,1.0,8,0,128,128,256,2,32,0.0002,0.0,128,3,576.95,,,,,,,,,,,,,,0.352237,,"{""RedditClustering"": 0.3522371399710723}"
2026-08-31 14:19:03,hyperglot,bert-base-uncased,mteb,AskUbuntuDupQuestions,baseline,glot,cosine,threshold,0,0,gat,2,cat,0.6,1.0,1.0,8,0,128,128,256,2,32,0.0002,0.0,128,3,16.97,,,,,,,,,,,,,,0.48278,,"{""AskUbuntuDupQuestions"": 0.48278}"
2026-08-31 14:19:26,hyperglot,bert-base-uncased,mteb,STS12,baseline,glot,cosine,threshold,0,0,gat,2,cat,0.6,1.0,1.0,8,0,128,128,256,2,32,0.0002,0.0,128,3,11.9,,,,,,,,,,,,,,0.405097,,"{""STS12"": 0.4050967949373618}"
2026-08-31 14:20:04,hyperglot,bert-base-uncased,mteb,TwitterSemEval2015,baseline,glot,cosine,threshold,0,0,gat,2,cat,0.6,1.0,1.0,8,0,128,128,256,2,32,0.0002,0.0,128,3,25.74,,,,,,,,,,,,,,0.527365,,"{""TwitterSemEval2015"": 0.5273650258479551}"
2026-08-31 14:20:25,hyperglot,bert-base-uncased,mteb,SummEval,baseline,glot,cosine,threshold,0,0,gat,2,cat,0.6,1.0,1.0,8,0,128,128,256,2,32,0.0002,0.0,128,3,8.85,,,,,,,,,,,,,,0.297902,,"{""SummEval"": 0.2979023444405936}"
2026-08-31 14:27:30,hyperglot,bert-base-uncased,embedding,,baseline,glot,cosine,threshold,0,0,gat,2,cat,0.6,1.0,1.0,8,0,128,128,256,2,32,0.0002,0.0,128,4,413.18,,,,,,,,,,,,,,,3.924339,
2026-08-31 14:28:26,hyperglot,bert-base-uncased,mteb,EmotionClassification,baseline,glot,cosine,threshold,0,0,gat,2,cat,0.6,1.0,1.0,8,0,128,128,256,2,32,0.0002,0.0,128,4,44.34,,,,,,,,,,,,,,0.35125,,"{""EmotionClassification"": 0.35125}"
2026-08-31 14:29:56,hyperglot,bert-base-uncased,mteb,SciFact,baseline,glot,cosine,threshold,0,0,gat,2,cat,0.6,1.0,1.0,8,0,128,128,256,2,32,0.0002,0.0,128,4,76.42,,,,,,,,,,,,,,0.21269,,"{""SciFact"": 0.21269}"
2026-08-31 14:39:54,hyperglot,bert-base-uncased,mteb,RedditClustering,baseline,glot,cosine,threshold,0,0,gat,2,cat,0.6,1.0,1.0,8,0,128,128,256,2,32,0.0002,0.0,128,4,586.14,,,,,,,,,,,,,,0.359835,,"{""RedditClustering"": 0.35983483540772987}"
2026-08-31 14:40:22,hyperglot,bert-base-uncased,mteb,AskUbuntuDupQuestions,baseline,glot,cosine,threshold,0,0,gat,2,cat,0.6,1.0,1.0,8,0,128,128,256,2,32,0.0002,0.0,128,4,16.73,,,,,,,,,,,,,,0.4871,,"{""AskUbuntuDupQuestions"": 0.4871}"
2026-08-31 14:40:46,hyperglot,bert-base-uncased,mteb,STS12,baseline,glot,cosine,threshold,0,0,gat,2,cat,0.6,1.0,1.0,8,0,128,128,256,2,32,0.0002,0.0,128,4,11.91,,,,,,,,,,,,,,0.418353,,"{""STS12"": 0.4183525123371005}"
2026-08-31 14:41:24,hyperglot,bert-base-uncased,mteb,TwitterSemEval2015,baseline,glot,cosine,threshold,0,0,gat,2,cat,0.6,1.0,1.0,8,0,128,128,256,2,32,0.0002,0.0,128,4,25.86,,,,,,,,,,,,,,0.533792,,"{""TwitterSemEval2015"": 0.5337918225727222}"
2026-08-31 14:41:45,hyperglot,bert-base-uncased,mteb,SummEval,baseline,glot,cosine,threshold,0,0,gat,2,cat,0.6,1.0,1.0,8,0,128,128,256,2,32,0.0002,0.0,128,4,8.63,,,,,,,,,,,,,,0.296248,,"{""SummEval"": 0.296247709274175}"
2026-08-31 14:48:46,hyperglot,bert-base-uncased,embedding,,baseline,glot,cosine,threshold,0,0,gat,2,cat,0.6,1.0,1.0,8,0,128,128,256,2,32,0.0002,0.0,128,5,409.46,,,,,,,,,,,,,,,5.063743,
2026-08-31 14:49:43,hyperglot,bert-base-uncased,mteb,EmotionClassification,baseline,glot,cosine,threshold,0,0,gat,2,cat,0.6,1.0,1.0,8,0,128,128,256,2,32,0.0002,0.0,128,5,44.59,,,,,,,,,,,,,,0.35005,,"{""EmotionClassification"": 0.35005000000000003}"
2026-08-31 14:51:12,hyperglot,bert-base-uncased,mteb,SciFact,baseline,glot,cosine,threshold,0,0,gat,2,cat,0.6,1.0,1.0,8,0,128,128,256,2,32,0.0002,0.0,128,5,76.44,,,,,,,,,,,,,,0.20399,,"{""SciFact"": 0.20399}"
2026-08-31 15:01:04,hyperglot,bert-base-uncased,mteb,RedditClustering,baseline,glot,cosine,threshold,0,0,gat,2,cat,0.6,1.0,1.0,8,0,128,128,256,2,32,0.0002,0.0,128,5,579.69,,,,,,,,,,,,,,0.362542,,"{""RedditClustering"": 0.36254227501547404}"
2026-08-31 15:01:33,hyperglot,bert-base-uncased,mteb,AskUbuntuDupQuestions,baseline,glot,cosine,threshold,0,0,gat,2,cat,0.6,1.0,1.0,8,0,128,128,256,2,32,0.0002,0.0,128,5,16.93,,,,,,,,,,,,,,0.48531,,"{""AskUbuntuDupQuestions"": 0.48531}"
2026-08-31 15:01:57,hyperglot,bert-base-uncased,mteb,STS12,baseline,glot,cosine,threshold,0,0,gat,2,cat,0.6,1.0,1.0,8,0,128,128,256,2,32,0.0002,0.0,128,5,11.88,,,,,,,,,,,,,,0.416287,,"{""STS12"": 0.4162871446846789}"
2026-08-31 15:02:35,hyperglot,bert-base-uncased,mteb,TwitterSemEval2015,baseline,glot,cosine,threshold,0,0,gat,2,cat,0.6,1.0,1.0,8,0,128,128,256,2,32,0.0002,0.0,128,5,26.87,,,,,,,,,,,,,,0.529172,,"{""TwitterSemEval2015"": 0.5291718030843173}"
2026-08-31 15:02:56,hyperglot,bert-base-uncased,mteb,SummEval,baseline,glot,cosine,threshold,0,0,gat,2,cat,0.6,1.0,1.0,8,0,128,128,256,2,32,0.0002,0.0,128,5,8.76,,,,,,,,,,,,,,0.29457,,"{""SummEval"": 0.29457009214379254}"
2026-08-31 15:09:56,hyperglot,bert-base-uncased,embedding,,baseline,glot,cosine,threshold,0,0,gat,2,cat,0.6,1.0,1.0,8,0,128,128,256,2,32,0.0002,0.0,128,6,407.62,,,,,,,,,,,,,,,4.328458,
2026-08-31 15:10:52,hyperglot,bert-base-uncased,mteb,EmotionClassification,baseline,glot,cosine,threshold,0,0,gat,2,cat,0.6,1.0,1.0,8,0,128,128,256,2,32,0.0002,0.0,128,6,44.31,,,,,,,,,,,,,,0.3518,,"{""EmotionClassification"": 0.3518}"
2026-08-31 15:12:21,hyperglot,bert-base-uncased,mteb,SciFact,baseline,glot,cosine,threshold,0,0,gat,2,cat,0.6,1.0,1.0,8,0,128,128,256,2,32,0.0002,0.0,128,6,76.49,,,,,,,,,,,,,,0.19271,,"{""SciFact"": 0.19271}"
2026-08-31 15:22:09,hyperglot,bert-base-uncased,mteb,RedditClustering,baseline,glot,cosine,threshold,0,0,gat,2,cat,0.6,1.0,1.0,8,0,128,128,256,2,32,0.0002,0.0,128,6,576.13,,,,,,,,,,,,,,0.366992,,"{""RedditClustering"": 0.36699159606912546}"
2026-08-31 15:22:39,hyperglot,bert-base-uncased,mteb,AskUbuntuDupQuestions,baseline,glot,cosine,threshold,0,0,gat,2,cat,0.6,1.0,1.0,8,0,128,128,256,2,32,0.0002,0.0,128,6,17.26,,,,,,,,,,,,,,0.48483,,"{""AskUbuntuDupQuestions"": 0.48483}"
2026-08-31 15:23:03,hyperglot,bert-base-uncased,mteb,STS12,baseline,glot,cosine,threshold,0,0,gat,2,cat,0.6,1.0,1.0,8,0,128,128,256,2,32,0.0002,0.0,128,6,11.89,,,,,,,,,,,,,,0.433104,,"{""STS12"": 0.4331035573174525}"
2026-08-31 15:23:41,hyperglot,bert-base-uncased,mteb,TwitterSemEval2015,baseline,glot,cosine,threshold,0,0,gat,2,cat,0.6,1.0,1.0,8,0,128,128,256,2,32,0.0002,0.0,128,6,26.24,,,,,,,,,,,,,,0.523043,,"{""TwitterSemEval2015"": 0.5230431359942687}"
2026-08-31 15:24:02,hyperglot,bert-base-uncased,mteb,SummEval,baseline,glot,cosine,threshold,0,0,gat,2,cat,0.6,1.0,1.0,8,0,128,128,256,2,32,0.0002,0.0,128,6,8.84,,,,,,,,,,,,,,0.298322,,"{""SummEval"": 0.29832181955063636}"
2026-08-31 15:31:01,hyperglot,bert-base-uncased,embedding,,baseline,glot,cosine,threshold,0,0,gat,2,cat,0.6,1.0,1.0,8,0,128,128,256,2,32,0.0002,0.0,128,7,406.97,,,,,,,,,,,,,,,3.642651,
2026-08-31 15:31:57,hyperglot,bert-base-uncased,mteb,EmotionClassification,baseline,glot,cosine,threshold,0,0,gat,2,cat,0.6,1.0,1.0,8,0,128,128,256,2,32,0.0002,0.0,128,7,44.49,,,,,,,,,,,,,,0.35355,,"{""EmotionClassification"": 0.35355}"
2026-08-31 15:33:28,hyperglot,bert-base-uncased,mteb,SciFact,baseline,glot,cosine,threshold,0,0,gat,2,cat,0.6,1.0,1.0,8,0,128,128,256,2,32,0.0002,0.0,128,7,76.8,,,,,,,,,,,,,,0.16221,,"{""SciFact"": 0.16221}"
2026-08-31 15:43:21,hyperglot,bert-base-uncased,mteb,RedditClustering,baseline,glot,cosine,threshold,0,0,gat,2,cat,0.6,1.0,1.0,8,0,128,128,256,2,32,0.0002,0.0,128,7,581.13,,,,,,,,,,,,,,0.340635,,"{""RedditClustering"": 0.3406349329440584}"
2026-08-31 15:43:49,hyperglot,bert-base-uncased,mteb,AskUbuntuDupQuestions,baseline,glot,cosine,threshold,0,0,gat,2,cat,0.6,1.0,1.0,8,0,128,128,256,2,32,0.0002,0.0,128,7,16.57,,,,,,,,,,,,,,0.47816,,"{""AskUbuntuDupQuestions"": 0.47816}"
2026-08-31 15:44:13,hyperglot,bert-base-uncased,mteb,STS12,baseline,glot,cosine,threshold,0,0,gat,2,cat,0.6,1.0,1.0,8,0,128,128,256,2,32,0.0002,0.0,128,7,11.84,,,,,,,,,,,,,,0.405151,,"{""STS12"": 0.40515089077311356}"
2026-08-31 15:44:51,hyperglot,bert-base-uncased,mteb,TwitterSemEval2015,baseline,glot,cosine,threshold,0,0,gat,2,cat,0.6,1.0,1.0,8,0,128,128,256,2,32,0.0002,0.0,128,7,25.79,,,,,,,,,,,,,,0.531471,,"{""TwitterSemEval2015"": 0.5314709219976529}"
2026-08-31 15:45:11,hyperglot,bert-base-uncased,mteb,SummEval,baseline,glot,cosine,threshold,0,0,gat,2,cat,0.6,1.0,1.0,8,0,128,128,256,2,32,0.0002,0.0,128,7,8.68,,,,,,,,,,,,,,0.29112,,"{""SummEval"": 0.29111963790161405}"
2026-08-31 15:52:13,hyperglot,bert-base-uncased,embedding,,baseline,glot,cosine,threshold,0,0,gat,2,cat,0.6,1.0,1.0,8,0,128,128,256,2,32,0.0002,0.0,128,8,410.34,,,,,,,,,,,,,,,5.09844,
2026-08-31 15:53:10,hyperglot,bert-base-uncased,mteb,EmotionClassification,baseline,glot,cosine,threshold,0,0,gat,2,cat,0.6,1.0,1.0,8,0,128,128,256,2,32,0.0002,0.0,128,8,44.74,,,,,,,,,,,,,,0.3486,,"{""EmotionClassification"": 0.3486000000000001}"
2026-08-31 15:54:40,hyperglot,bert-base-uncased,mteb,SciFact,baseline,glot,cosine,threshold,0,0,gat,2,cat,0.6,1.0,1.0,8,0,128,128,256,2,32,0.0002,0.0,128,8,76.55,,,,,,,,,,,,,,0.20447,,"{""SciFact"": 0.20447}"
2026-08-31 16:04:25,hyperglot,bert-base-uncased,mteb,RedditClustering,baseline,glot,cosine,threshold,0,0,gat,2,cat,0.6,1.0,1.0,8,0,128,128,256,2,32,0.0002,0.0,128,8,573.44,,,,,,,,,,,,,,0.35412,,"{""RedditClustering"": 0.3541200881993595}"
2026-08-31 16:04:54,hyperglot,bert-base-uncased,mteb,AskUbuntuDupQuestions,baseline,glot,cosine,threshold,0,0,gat,2,cat,0.6,1.0,1.0,8,0,128,128,256,2,32,0.0002,0.0,128,8,17.08,,,,,,,,,,,,,,0.47756,,"{""AskUbuntuDupQuestions"": 0.47756}"
2026-08-31 16:05:18,hyperglot,bert-base-uncased,mteb,STS12,baseline,glot,cosine,threshold,0,0,gat,2,cat,0.6,1.0,1.0,8,0,128,128,256,2,32,0.0002,0.0,128,8,11.87,,,,,,,,,,,,,,0.407716,,"{""STS12"": 0.40771597923125885}"
2026-08-31 16:05:56,hyperglot,bert-base-uncased,mteb,TwitterSemEval2015,baseline,glot,cosine,threshold,0,0,gat,2,cat,0.6,1.0,1.0,8,0,128,128,256,2,32,0.0002,0.0,128,8,26.33,,,,,,,,,,,,,,0.529241,,"{""TwitterSemEval2015"": 0.5292407843647281}"
2026-08-31 16:06:17,hyperglot,bert-base-uncased,mteb,SummEval,baseline,glot,cosine,threshold,0,0,gat,2,cat,0.6,1.0,1.0,8,0,128,128,256,2,32,0.0002,0.0,128,8,8.72,,,,,,,,,,,,,,0.292485,,"{""SummEval"": 0.2924846079652359}"
2026-08-31 16:13:10,hyperglot,bert-base-uncased,embedding,,baseline,glot,cosine,threshold,0,0,gat,2,cat,0.6,1.0,1.0,8,0,128,128,256,2,32,0.0002,0.0,128,9,400.94,,,,,,,,,,,,,,,5.46482,
2026-08-31 16:14:06,hyperglot,bert-base-uncased,mteb,EmotionClassification,baseline,glot,cosine,threshold,0,0,gat,2,cat,0.6,1.0,1.0,8,0,128,128,256,2,32,0.0002,0.0,128,9,44.16,,,,,,,,,,,,,,0.35515,,"{""EmotionClassification"": 0.35514999999999997}"
2026-08-31 16:15:35,hyperglot,bert-base-uncased,mteb,SciFact,baseline,glot,cosine,threshold,0,0,gat,2,cat,0.6,1.0,1.0,8,0,128,128,256,2,32,0.0002,0.0,128,9,76.43,,,,,,,,,,,,,,0.21238,,"{""SciFact"": 0.21238}"
2026-08-31 16:25:32,hyperglot,bert-base-uncased,mteb,RedditClustering,baseline,glot,cosine,threshold,0,0,gat,2,cat,0.6,1.0,1.0,8,0,128,128,256,2,32,0.0002,0.0,128,9,584.99,,,,,,,,,,,,,,0.360185,,"{""RedditClustering"": 0.36018526207701435}"
2026-08-31 16:26:01,hyperglot,bert-base-uncased,mteb,AskUbuntuDupQuestions,baseline,glot,cosine,threshold,0,0,gat,2,cat,0.6,1.0,1.0,8,0,128,128,256,2,32,0.0002,0.0,128,9,17.17,,,,,,,,,,,,,,0.48256,,"{""AskUbuntuDupQuestions"": 0.48256}"
2026-08-31 16:26:26,hyperglot,bert-base-uncased,mteb,STS12,baseline,glot,cosine,threshold,0,0,gat,2,cat,0.6,1.0,1.0,8,0,128,128,256,2,32,0.0002,0.0,128,9,12.11,,,,,,,,,,,,,,0.408581,,"{""STS12"": 0.40858097221010714}"
2026-08-31 16:27:05,hyperglot,bert-base-uncased,mteb,TwitterSemEval2015,baseline,glot,cosine,threshold,0,0,gat,2,cat,0.6,1.0,1.0,8,0,128,128,256,2,32,0.0002,0.0,128,9,27.19,,,,,,,,,,,,,,0.518413,,"{""TwitterSemEval2015"": 0.5184134449124866}"
2026-08-31 16:27:26,hyperglot,bert-base-uncased,mteb,SummEval,baseline,glot,cosine,threshold,0,0,gat,2,cat,0.6,1.0,1.0,8,0,128,128,256,2,32,0.0002,0.0,128,9,8.79,,,,,,,,,,,,,,0.296331,,"{""SummEval"": 0.29633105729137926}"
2026-08-31 16:34:27,hyperglot,bert-base-uncased,embedding,,baseline,glot,cosine,threshold,0,0,gat,2,cat,0.6,1.0,1.0,8,0,128,128,256,2,32,0.0002,0.0,128,10,408.72,,,,,,,,,,,,,,,5.213705,
2026-08-31 16:35:23,hyperglot,bert-base-uncased,mteb,EmotionClassification,baseline,glot,cosine,threshold,0,0,gat,2,cat,0.6,1.0,1.0,8,0,128,128,256,2,32,0.0002,0.0,128,10,44.19,,,,,,,,,,,,,,0.3482,,"{""EmotionClassification"": 0.34819999999999995}"
2026-08-31 16:36:52,hyperglot,bert-base-uncased,mteb,SciFact,baseline,glot,cosine,threshold,0,0,gat,2,cat,0.6,1.0,1.0,8,0,128,128,256,2,32,0.0002,0.0,128,10,76.59,,,,,,,,,,,,,,0.19431,,"{""SciFact"": 0.19431}"
2026-08-31 16:46:38,hyperglot,bert-base-uncased,mteb,RedditClustering,baseline,glot,cosine,threshold,0,0,gat,2,cat,0.6,1.0,1.0,8,0,128,128,256,2,32,0.0002,0.0,128,10,573.8,,,,,,,,,,,,,,0.370841,,"{""RedditClustering"": 0.37084129632786306}"
2026-08-31 16:47:07,hyperglot,bert-base-uncased,mteb,AskUbuntuDupQuestions,baseline,glot,cosine,threshold,0,0,gat,2,cat,0.6,1.0,1.0,8,0,128,128,256,2,32,0.0002,0.0,128,10,16.98,,,,,,,,,,,,,,0.48075,,"{""AskUbuntuDupQuestions"": 0.48075}"
2026-08-31 16:47:31,hyperglot,bert-base-uncased,mteb,STS12,baseline,glot,cosine,threshold,0,0,gat,2,cat,0.6,1.0,1.0,8,0,128,128,256,2,32,0.0002,0.0,128,10,11.98,,,,,,,,,,,,,,0.407367,,"{""STS12"": 0.40736726366827636}"
2026-08-31 16:48:09,hyperglot,bert-base-uncased,mteb,TwitterSemEval2015,baseline,glot,cosine,threshold,0,0,gat,2,cat,0.6,1.0,1.0,8,0,128,128,256,2,32,0.0002,0.0,128,10,26.19,,,,,,,,,,,,,,0.53005,,"{""TwitterSemEval2015"": 0.530050305159098}"
2026-08-31 16:48:30,hyperglot,bert-base-uncased,mteb,SummEval,baseline,glot,cosine,threshold,0,0,gat,2,cat,0.6,1.0,1.0,8,0,128,128,256,2,32,0.0002,0.0,128,10,8.61,,,,,,,,,,,,,,0.294194,,"{""SummEval"": 0.29419420534647656}"
2026-08-31 16:55:32,hyperglot,bert-base-uncased,embedding,,baseline,glot,cosine,threshold,0,0,gat,2,cat,0.6,1.0,1.0,8,0,128,128,256,2,32,0.0002,0.0,128,11,409.87,,,,,,,,,,,,,,,5.015401,
2026-08-31 16:56:29,hyperglot,bert-base-uncased,mteb,EmotionClassification,baseline,glot,cosine,threshold,0,0,gat,2,cat,0.6,1.0,1.0,8,0,128,128,256,2,32,0.0002,0.0,128,11,44.69,,,,,,,,,,,,,,0.35015,,"{""EmotionClassification"": 0.35015}"
2026-08-31 16:57:58,hyperglot,bert-base-uncased,mteb,SciFact,baseline,glot,cosine,threshold,0,0,gat,2,cat,0.6,1.0,1.0,8,0,128,128,256,2,32,0.0002,0.0,128,11,76.54,,,,,,,,,,,,,,0.19858,,"{""SciFact"": 0.19858}"
2026-08-31 17:07:54,hyperglot,bert-base-uncased,mteb,RedditClustering,baseline,glot,cosine,threshold,0,0,gat,2,cat,0.6,1.0,1.0,8,0,128,128,256,2,32,0.0002,0.0,128,11,583.46,,,,,,,,,,,,,,0.363081,,"{""RedditClustering"": 0.36308137746143965}"
2026-08-31 17:08:23,hyperglot,bert-base-uncased,mteb,AskUbuntuDupQuestions,baseline,glot,cosine,threshold,0,0,gat,2,cat,0.6,1.0,1.0,8,0,128,128,256,2,32,0.0002,0.0,128,11,17.23,,,,,,,,,,,,,,0.47976,,"{""AskUbuntuDupQuestions"": 0.47976}"
2026-08-31 17:08:47,hyperglot,bert-base-uncased,mteb,STS12,baseline,glot,cosine,threshold,0,0,gat,2,cat,0.6,1.0,1.0,8,0,128,128,256,2,32,0.0002,0.0,128,11,11.93,,,,,,,,,,,,,,0.402363,,"{""STS12"": 0.4023630961752115}"
2026-08-31 17:09:25,hyperglot,bert-base-uncased,mteb,TwitterSemEval2015,baseline,glot,cosine,threshold,0,0,gat,2,cat,0.6,1.0,1.0,8,0,128,128,256,2,32,0.0002,0.0,128,11,26.0,,,,,,,,,,,,,,0.52587,,"{""TwitterSemEval2015"": 0.5258699655093366}"
2026-08-31 17:09:45,hyperglot,bert-base-uncased,mteb,SummEval,baseline,glot,cosine,threshold,0,0,gat,2,cat,0.6,1.0,1.0,8,0,128,128,256,2,32,0.0002,0.0,128,11,8.73,,,,,,,,,,,,,,0.294231,,"{""SummEval"": 0.2942312775883717}"
2026-08-31 17:16:40,hyperglot,bert-base-uncased,embedding,,baseline,glot,cosine,threshold,0,0,gat,2,cat,0.6,1.0,1.0,8,0,128,128,256,2,32,0.0002,0.0,128,12,402.71,,,,,,,,,,,,,,,4.866782,
2026-08-31 17:17:37,hyperglot,bert-base-uncased,mteb,EmotionClassification,baseline,glot,cosine,threshold,0,0,gat,2,cat,0.6,1.0,1.0,8,0,128,128,256,2,32,0.0002,0.0,128,12,44.56,,,,,,,,,,,,,,0.3412,,"{""EmotionClassification"": 0.3412}"
2026-08-31 17:19:06,hyperglot,bert-base-uncased,mteb,SciFact,baseline,glot,cosine,threshold,0,0,gat,2,cat,0.6,1.0,1.0,8,0,128,128,256,2,32,0.0002,0.0,128,12,76.52,,,,,,,,,,,,,,0.22453,,"{""SciFact"": 0.22453}"
2026-08-31 17:28:52,hyperglot,bert-base-uncased,mteb,RedditClustering,baseline,glot,cosine,threshold,0,0,gat,2,cat,0.6,1.0,1.0,8,0,128,128,256,2,32,0.0002,0.0,128,12,573.85,,,,,,,,,,,,,,0.376154,,"{""RedditClustering"": 0.37615438596605744}"
2026-08-31 17:29:21,hyperglot,bert-base-uncased,mteb,AskUbuntuDupQuestions,baseline,glot,cosine,threshold,0,0,gat,2,cat,0.6,1.0,1.0,8,0,128,128,256,2,32,0.0002,0.0,128,12,16.84,,,,,,,,,,,,,,0.47818,,"{""AskUbuntuDupQuestions"": 0.47818}"
2026-08-31 17:29:45,hyperglot,bert-base-uncased,mteb,STS12,baseline,glot,cosine,threshold,0,0,gat,2,cat,0.6,1.0,1.0,8,0,128,128,256,2,32,0.0002,0.0,128,12,12.02,,,,,,,,,,,,,,0.435565,,"{""STS12"": 0.4355647821953351}"
2026-08-31 17:30:24,hyperglot,bert-base-uncased,mteb,TwitterSemEval2015,baseline,glot,cosine,threshold,0,0,gat,2,cat,0.6,1.0,1.0,8,0,128,128,256,2,32,0.0002,0.0,128,12,26.25,,,,,,,,,,,,,,0.529976,,"{""TwitterSemEval2015"": 0.529976152125169}"
2026-08-31 17:30:44,hyperglot,bert-base-uncased,mteb,SummEval,baseline,glot,cosine,threshold,0,0,gat,2,cat,0.6,1.0,1.0,8,0,128,128,256,2,32,0.0002,0.0,128,12,8.7,,,,,,,,,,,,,,0.28791,,"{""SummEval"": 0.2879096838145908}"
2026-08-31 17:37:45,hyperglot,bert-base-uncased,embedding,,baseline,glot,cosine,threshold,0,0,gat,2,cat,0.6,1.0,1.0,8,0,128,128,256,2,32,0.0002,0.0,128,13,408.58,,,,,,,,,,,,,,,4.584618,
2026-08-31 17:38:42,hyperglot,bert-base-uncased,mteb,EmotionClassification,baseline,glot,cosine,threshold,0,0,gat,2,cat,0.6,1.0,1.0,8,0,128,128,256,2,32,0.0002,0.0,128,13,44.75,,,,,,,,,,,,,,0.3449,,"{""EmotionClassification"": 0.34490000000000004}"
2026-08-31 17:40:12,hyperglot,bert-base-uncased,mteb,SciFact,baseline,glot,cosine,threshold,0,0,gat,2,cat,0.6,1.0,1.0,8,0,128,128,256,2,32,0.0002,0.0,128,13,76.78,,,,,,,,,,,,,,0.19461,,"{""SciFact"": 0.19461}"
2026-08-31 17:49:57,hyperglot,bert-base-uncased,mteb,RedditClustering,baseline,glot,cosine,threshold,0,0,gat,2,cat,0.6,1.0,1.0,8,0,128,128,256,2,32,0.0002,0.0,128,13,573.55,,,,,,,,,,,,,,0.362694,,"{""RedditClustering"": 0.3626936969446243}"
2026-08-31 17:50:26,hyperglot,bert-base-uncased,mteb,AskUbuntuDupQuestions,baseline,glot,cosine,threshold,0,0,gat,2,cat,0.6,1.0,1.0,8,0,128,128,256,2,32,0.0002,0.0,128,13,17.31,,,,,,,,,,,,,,0.4817,,"{""AskUbuntuDupQuestions"": 0.4817}"
2026-08-31 17:50:50,hyperglot,bert-base-uncased,mteb,STS12,baseline,glot,cosine,threshold,0,0,gat,2,cat,0.6,1.0,1.0,8,0,128,128,256,2,32,0.0002,0.0,128,13,11.95,,,,,,,,,,,,,,0.439254,,"{""STS12"": 0.43925413683942716}"
2026-08-31 17:51:29,hyperglot,bert-base-uncased,mteb,TwitterSemEval2015,baseline,glot,cosine,threshold,0,0,gat,2,cat,0.6,1.0,1.0,8,0,128,128,256,2,32,0.0002,0.0,128,13,26.57,,,,,,,,,,,,,,0.523049,,"{""TwitterSemEval2015"": 0.5230491341991826}"
2026-08-31 17:51:50,hyperglot,bert-base-uncased,mteb,SummEval,baseline,glot,cosine,threshold,0,0,gat,2,cat,0.6,1.0,1.0,8,0,128,128,256,2,32,0.0002,0.0,128,13,8.77,,,,,,,,,,,,,,0.295761,,"{""SummEval"": 0.2957610414481169}"
2026-08-31 17:58:42,hyperglot,bert-base-uncased,embedding,,baseline,glot,cosine,threshold,0,0,gat,2,cat,0.6,1.0,1.0,8,0,128,128,256,2,32,0.0002,0.0,128,14,399.75,,,,,,,,,,,,,,,4.269754,
2026-08-31 17:59:38,hyperglot,bert-base-uncased,mteb,EmotionClassification,baseline,glot,cosine,threshold,0,0,gat,2,cat,0.6,1.0,1.0,8,0,128,128,256,2,32,0.0002,0.0,128,14,44.49,,,,,,,,,,,,,,0.34895,,"{""EmotionClassification"": 0.34895}"
2026-08-31 18:01:08,hyperglot,bert-base-uncased,mteb,SciFact,baseline,glot,cosine,threshold,0,0,gat,2,cat,0.6,1.0,1.0,8,0,128,128,256,2,32,0.0002,0.0,128,14,76.73,,,,,,,,,,,,,,0.18665,,"{""SciFact"": 0.18665}"
2026-08-31 18:11:02,hyperglot,bert-base-uncased,mteb,RedditClustering,baseline,glot,cosine,threshold,0,0,gat,2,cat,0.6,1.0,1.0,8,0,128,128,256,2,32,0.0002,0.0,128,14,581.94,,,,,,,,,,,,,,0.347571,,"{""RedditClustering"": 0.34757096230424345}"
2026-08-31 18:11:31,hyperglot,bert-base-uncased,mteb,AskUbuntuDupQuestions,baseline,glot,cosine,threshold,0,0,gat,2,cat,0.6,1.0,1.0,8,0,128,128,256,2,32,0.0002,0.0,128,14,16.97,,,,,,,,,,,,,,0.47595,,"{""AskUbuntuDupQuestions"": 0.47595}"
2026-08-31 18:11:55,hyperglot,bert-base-uncased,mteb,STS12,baseline,glot,cosine,threshold,0,0,gat,2,cat,0.6,1.0,1.0,8,0,128,128,256,2,32,0.0002,0.0,128,14,12.04,,,,,,,,,,,,,,0.394167,,"{""STS12"": 0.3941669387616436}"
2026-08-31 18:12:34,hyperglot,bert-base-uncased,mteb,TwitterSemEval2015,baseline,glot,cosine,threshold,0,0,gat,2,cat,0.6,1.0,1.0,8,0,128,128,256,2,32,0.0002,0.0,128,14,26.54,,,,,,,,,,,,,,0.535557,,"{""TwitterSemEval2015"": 0.5355572642400824}"
2026-08-31 18:12:55,hyperglot,bert-base-uncased,mteb,SummEval,baseline,glot,cosine,threshold,0,0,gat,2,cat,0.6,1.0,1.0,8,0,128,128,256,2,32,0.0002,0.0,128,14,8.77,,,,,,,,,,,,,,0.292705,,"{""SummEval"": 0.29270476324212535}"
2026-08-31 18:19:56,hyperglot,bert-base-uncased,embedding,,baseline,glot,cosine,threshold,0,0,gat,2,cat,0.6,1.0,1.0,8,0,128,128,256,2,32,0.0002,0.0,128,15,408.85,,,,,,,,,,,,,,,4.635991,
2026-08-31 18:20:52,hyperglot,bert-base-uncased,mteb,EmotionClassification,baseline,glot,cosine,threshold,0,0,gat,2,cat,0.6,1.0,1.0,8,0,128,128,256,2,32,0.0002,0.0,128,15,44.29,,,,,,,,,,,,,,0.34845,,"{""EmotionClassification"": 0.34845000000000004}"
2026-08-31 18:22:22,hyperglot,bert-base-uncased,mteb,SciFact,baseline,glot,cosine,threshold,0,0,gat,2,cat,0.6,1.0,1.0,8,0,128,128,256,2,32,0.0002,0.0,128,15,76.9,,,,,,,,,,,,,,0.18533,,"{""SciFact"": 0.18533}"
2026-08-31 18:32:13,hyperglot,bert-base-uncased,mteb,RedditClustering,baseline,glot,cosine,threshold,0,0,gat,2,cat,0.6,1.0,1.0,8,0,128,128,256,2,32,0.0002,0.0,128,15,578.74,,,,,,,,,,,,,,0.345557,,"{""RedditClustering"": 0.34555714533919946}"
2026-08-31 18:32:42,hyperglot,bert-base-uncased,mteb,AskUbuntuDupQuestions,baseline,glot,cosine,threshold,0,0,gat,2,cat,0.6,1.0,1.0,8,0,128,128,256,2,32,0.0002,0.0,128,15,16.94,,,,,,,,,,,,,,0.47878,,"{""AskUbuntuDupQuestions"": 0.47878}"
2026-08-31 18:33:06,hyperglot,bert-base-uncased,mteb,STS12,baseline,glot,cosine,threshold,0,0,gat,2,cat,0.6,1.0,1.0,8,0,128,128,256,2,32,0.0002,0.0,128,15,11.85,,,,,,,,,,,,,,0.398786,,"{""STS12"": 0.39878609160056944}"
2026-08-31 18:33:44,hyperglot,bert-base-uncased,mteb,TwitterSemEval2015,baseline,glot,cosine,threshold,0,0,gat,2,cat,0.6,1.0,1.0,8,0,128,128,256,2,32,0.0002,0.0,128,15,26.14,,,,,,,,,,,,,,0.525256,,"{""TwitterSemEval2015"": 0.5252562309799009}"
2026-08-31 18:34:05,hyperglot,bert-base-uncased,mteb,SummEval,baseline,glot,cosine,threshold,0,0,gat,2,cat,0.6,1.0,1.0,8,0,128,128,256,2,32,0.0002,0.0,128,15,8.75,,,,,,,,,,,,,,0.296494,,"{""SummEval"": 0.2964937353299266}"
2026-08-31 18:42:28,hyperglot,bert-base-uncased,embedding,,A_threshold,glot,poincare,threshold,0,0,gat,2,cat,0.6,1.0,1.0,8,0,128,128,256,2,32,0.0002,0.0,128,1,491.72,,,,,,,,,,,,,,,4.49926,
2026-08-31 18:43:30,hyperglot,bert-base-uncased,mteb,EmotionClassification,A_threshold,glot,poincare,threshold,0,0,gat,2,cat,0.6,1.0,1.0,8,0,128,128,256,2,32,0.0002,0.0,128,1,49.58,,,,,,,,,,,,,,0.34765,,"{""EmotionClassification"": 0.34765}"
2026-08-31 18:44:56,hyperglot,bert-base-uncased,mteb,SciFact,A_threshold,glot,poincare,threshold,0,0,gat,2,cat,0.6,1.0,1.0,8,0,128,128,256,2,32,0.0002,0.0,128,1,66.42,,,,,,,,,,,,,,0.18044,,"{""SciFact"": 0.18044}"
2026-08-31 19:03:16,hyperglot,bert-base-uncased,mteb,RedditClustering,A_threshold,glot,poincare,threshold,0,0,gat,2,cat,0.6,1.0,1.0,8,0,128,128,256,2,32,0.0002,0.0,128,1,1087.77,,,,,,,,,,,,,,0.342669,,"{""RedditClustering"": 0.3426692997684301}"
2026-08-31 19:03:55,hyperglot,bert-base-uncased,mteb,AskUbuntuDupQuestions,A_threshold,glot,poincare,threshold,0,0,gat,2,cat,0.6,1.0,1.0,8,0,128,128,256,2,32,0.0002,0.0,128,1,27.33,,,,,,,,,,,,,,0.47801,,"{""AskUbuntuDupQuestions"": 0.47801}"
2026-08-31 19:04:28,hyperglot,bert-base-uncased,mteb,STS12,A_threshold,glot,poincare,threshold,0,0,gat,2,cat,0.6,1.0,1.0,8,0,128,128,256,2,32,0.0002,0.0,128,1,20.45,,,,,,,,,,,,,,0.397082,,"{""STS12"": 0.39708210962340607}"
2026-08-31 19:05:29,hyperglot,bert-base-uncased,mteb,TwitterSemEval2015,A_threshold,glot,poincare,threshold,0,0,gat,2,cat,0.6,1.0,1.0,8,0,128,128,256,2,32,0.0002,0.0,128,1,49.51,,,,,,,,,,,,,,0.529076,,"{""TwitterSemEval2015"": 0.5290759365952897}"
2026-08-31 19:05:54,hyperglot,bert-base-uncased,mteb,SummEval,A_threshold,glot,poincare,threshold,0,0,gat,2,cat,0.6,1.0,1.0,8,0,128,128,256,2,32,0.0002,0.0,128,1,13.07,,,,,,,,,,,,,,0.29603,,"{""SummEval"": 0.2960303896157786}"
2026-08-31 19:14:21,hyperglot,bert-base-uncased,embedding,,A_threshold,glot,poincare,threshold,0,0,gat,2,cat,0.6,1.0,1.0,8,0,128,128,256,2,32,0.0002,0.0,128,2,494.48,,,,,,,,,,,,,,,4.406836,
2026-08-31 19:15:22,hyperglot,bert-base-uncased,mteb,EmotionClassification,A_threshold,glot,poincare,threshold,0,0,gat,2,cat,0.6,1.0,1.0,8,0,128,128,256,2,32,0.0002,0.0,128,2,49.27,,,,,,,,,,,,,,0.34185,,"{""EmotionClassification"": 0.34185}"
2026-08-31 19:16:41,hyperglot,bert-base-uncased,mteb,SciFact,A_threshold,glot,poincare,threshold,0,0,gat,2,cat,0.6,1.0,1.0,8,0,128,128,256,2,32,0.0002,0.0,128,2,66.29,,,,,,,,,,,,,,0.19553,,"{""SciFact"": 0.19553}"
2026-08-31 19:35:02,hyperglot,bert-base-uncased,mteb,RedditClustering,A_threshold,glot,poincare,threshold,0,0,gat,2,cat,0.6,1.0,1.0,8,0,128,128,256,2,32,0.0002,0.0,128,2,1089.17,,,,,,,,,,,,,,0.356912,,"{""RedditClustering"": 0.3569118085931604}"
2026-08-31 19:35:46,hyperglot,bert-base-uncased,mteb,AskUbuntuDupQuestions,A_threshold,glot,poincare,threshold,0,0,gat,2,cat,0.6,1.0,1.0,8,0,128,128,256,2,32,0.0002,0.0,128,2,31.09,,,,,,,,,,,,,,0.47721,,"{""AskUbuntuDupQuestions"": 0.47721}"
2026-08-31 19:36:19,hyperglot,bert-base-uncased,mteb,STS12,A_threshold,glot,poincare,threshold,0,0,gat,2,cat,0.6,1.0,1.0,8,0,128,128,256,2,32,0.0002,0.0,128,2,20.19,,,,,,,,,,,,,,0.407295,,"{""STS12"": 0.40729469741592694}"
2026-08-31 19:37:19,hyperglot,bert-base-uncased,mteb,TwitterSemEval2015,A_threshold,glot,poincare,threshold,0,0,gat,2,cat,0.6,1.0,1.0,8,0,128,128,256,2,32,0.0002,0.0,128,2,48.43,,,,,,,,,,,,,,0.528474,,"{""TwitterSemEval2015"": 0.5284738701873725}"
2026-08-31 19:37:44,hyperglot,bert-base-uncased,mteb,SummEval,A_threshold,glot,poincare,threshold,0,0,gat,2,cat,0.6,1.0,1.0,8,0,128,128,256,2,32,0.0002,0.0,128,2,12.77,,,,,,,,,,,,,,0.295507,,"{""SummEval"": 0.2955065061448094}"
2026-08-31 19:46:21,hyperglot,bert-base-uncased,embedding,,A_threshold,glot,poincare,threshold,0,0,gat,2,cat,0.6,1.0,1.0,8,0,128,128,256,2,32,0.0002,0.0,128,3,505.51,,,,,,,,,,,,,,,3.686224,
2026-08-31 19:47:23,hyperglot,bert-base-uncased,mteb,EmotionClassification,A_threshold,glot,poincare,threshold,0,0,gat,2,cat,0.6,1.0,1.0,8,0,128,128,256,2,32,0.0002,0.0,128,3,49.52,,,,,,,,,,,,,,0.35205,,"{""EmotionClassification"": 0.3520499999999999}"
2026-08-31 19:48:42,hyperglot,bert-base-uncased,mteb,SciFact,A_threshold,glot,poincare,threshold,0,0,gat,2,cat,0.6,1.0,1.0,8,0,128,128,256,2,32,0.0002,0.0,128,3,66.33,,,,,,,,,,,,,,0.18328,,"{""SciFact"": 0.18328}"
2026-08-31 20:07:00,hyperglot,bert-base-uncased,mteb,RedditClustering,A_threshold,glot,poincare,threshold,0,0,gat,2,cat,0.6,1.0,1.0,8,0,128,128,256,2,32,0.0002,0.0,128,3,1085.73,,,,,,,,,,,,,,0.341809,,"{""RedditClustering"": 0.3418092467342238}"
2026-08-31 20:07:39,hyperglot,bert-base-uncased,mteb,AskUbuntuDupQuestions,A_threshold,glot,poincare,threshold,0,0,gat,2,cat,0.6,1.0,1.0,8,0,128,128,256,2,32,0.0002,0.0,128,3,27.35,,,,,,,,,,,,,,0.48057,,"{""AskUbuntuDupQuestions"": 0.48057}"
2026-08-31 20:08:11,hyperglot,bert-base-uncased,mteb,STS12,A_threshold,glot,poincare,threshold,0,0,gat,2,cat,0.6,1.0,1.0,8,0,128,128,256,2,32,0.0002,0.0,128,3,20.41,,,,,,,,,,,,,,0.4001,,"{""STS12"": 0.40009995170399804}"
2026-08-31 20:09:12,hyperglot,bert-base-uncased,mteb,TwitterSemEval2015,A_threshold,glot,poincare,threshold,0,0,gat,2,cat,0.6,1.0,1.0,8,0,128,128,256,2,32,0.0002,0.0,128,3,48.4,,,,,,,,,,,,,,0.537093,,"{""TwitterSemEval2015"": 0.5370932419709815}"
2026-08-31 20:09:37,hyperglot,bert-base-uncased,mteb,SummEval,A_threshold,glot,poincare,threshold,0,0,gat,2,cat,0.6,1.0,1.0,8,0,128,128,256,2,32,0.0002,0.0,128,3,12.67,,,,,,,,,,,,,,0.294168,,"{""SummEval"": 0.2941680922850798}"
2026-08-31 20:17:59,hyperglot,bert-base-uncased,embedding,,A_threshold,glot,poincare,threshold,0,0,gat,2,cat,0.6,1.0,1.0,8,0,128,128,256,2,32,0.0002,0.0,128,4,490.76,,,,,,,,,,,,,,,4.5425,
2026-08-31 20:19:01,hyperglot,bert-base-uncased,mteb,EmotionClassification,A_threshold,glot,poincare,threshold,0,0,gat,2,cat,0.6,1.0,1.0,8,0,128,128,256,2,32,0.0002,0.0,128,4,49.47,,,,,,,,,,,,,,0.3532,,"{""EmotionClassification"": 0.3532}"
2026-08-31 20:20:20,hyperglot,bert-base-uncased,mteb,SciFact,A_threshold,glot,poincare,threshold,0,0,gat,2,cat,0.6,1.0,1.0,8,0,128,128,256,2,32,0.0002,0.0,128,4,66.73,,,,,,,,,,,,,,0.21187,,"{""SciFact"": 0.21187}"
2026-08-31 20:38:53,hyperglot,bert-base-uncased,mteb,RedditClustering,A_threshold,glot,poincare,threshold,0,0,gat,2,cat,0.6,1.0,1.0,8,0,128,128,256,2,32,0.0002,0.0,128,4,1100.78,,,,,,,,,,,,,,0.358877,,"{""RedditClustering"": 0.35887686849913886}"
2026-08-31 20:39:33,hyperglot,bert-base-uncased,mteb,AskUbuntuDupQuestions,A_threshold,glot,poincare,threshold,0,0,gat,2,cat,0.6,1.0,1.0,8,0,128,128,256,2,32,0.0002,0.0,128,4,27.54,,,,,,,,,,,,,,0.48668,,"{""AskUbuntuDupQuestions"": 0.48668}"
2026-08-31 20:40:05,hyperglot,bert-base-uncased,mteb,STS12,A_threshold,glot,poincare,threshold,0,0,gat,2,cat,0.6,1.0,1.0,8,0,128,128,256,2,32,0.0002,0.0,128,4,20.55,,,,,,,,,,,,,,0.423082,,"{""STS12"": 0.42308193195753085}"
2026-08-31 20:41:05,hyperglot,bert-base-uncased,mteb,TwitterSemEval2015,A_threshold,glot,poincare,threshold,0,0,gat,2,cat,0.6,1.0,1.0,8,0,128,128,256,2,32,0.0002,0.0,128,4,47.5,,,,,,,,,,,,,,0.538816,,"{""TwitterSemEval2015"": 0.5388160502291927}"
2026-08-31 20:41:29,hyperglot,bert-base-uncased,mteb,SummEval,A_threshold,glot,poincare,threshold,0,0,gat,2,cat,0.6,1.0,1.0,8,0,128,128,256,2,32,0.0002,0.0,128,4,12.57,,,,,,,,,,,,,,0.296722,,"{""SummEval"": 0.2967223480235264}"
2026-08-31 20:49:54,hyperglot,bert-base-uncased,embedding,,A_threshold,glot,poincare,threshold,0,0,gat,2,cat,0.6,1.0,1.0,8,0,128,128,256,2,32,0.0002,0.0,128,5,492.73,,,,,,,,,,,,,,,4.994743,
2026-08-31 20:50:56,hyperglot,bert-base-uncased,mteb,EmotionClassification,A_threshold,glot,poincare,threshold,0,0,gat,2,cat,0.6,1.0,1.0,8,0,128,128,256,2,32,0.0002,0.0,128,5,50.14,,,,,,,,,,,,,,0.35535,,"{""EmotionClassification"": 0.35535}"
2026-08-31 20:52:16,hyperglot,bert-base-uncased,mteb,SciFact,A_threshold,glot,poincare,threshold,0,0,gat,2,cat,0.6,1.0,1.0,8,0,128,128,256,2,32,0.0002,0.0,128,5,66.62,,,,,,,,,,,,,,0.20811,,"{""SciFact"": 0.20811}"
2026-08-31 21:10:38,hyperglot,bert-base-uncased,mteb,RedditClustering,A_threshold,glot,poincare,threshold,0,0,gat,2,cat,0.6,1.0,1.0,8,0,128,128,256,2,32,0.0002,0.0,128,5,1090.01,,,,,,,,,,,,,,0.372657,,"{""RedditClustering"": 0.37265692372178}"
2026-08-31 21:11:18,hyperglot,bert-base-uncased,mteb,AskUbuntuDupQuestions,A_threshold,glot,poincare,threshold,0,0,gat,2,cat,0.6,1.0,1.0,8,0,128,128,256,2,32,0.0002,0.0,128,5,27.32,,,,,,,,,,,,,,0.48831,,"{""AskUbuntuDupQuestions"": 0.48831}"
2026-08-31 21:11:51,hyperglot,bert-base-uncased,mteb,STS12,A_threshold,glot,poincare,threshold,0,0,gat,2,cat,0.6,1.0,1.0,8,0,128,128,256,2,32,0.0002,0.0,128,5,20.66,,,,,,,,,,,,,,0.429974,,"{""STS12"": 0.4299737936283297}"
2026-08-31 21:12:51,hyperglot,bert-base-uncased,mteb,TwitterSemEval2015,A_threshold,glot,poincare,threshold,0,0,gat,2,cat,0.6,1.0,1.0,8,0,128,128,256,2,32,0.0002,0.0,128,5,48.58,,,,,,,,,,,,,,0.525463,,"{""TwitterSemEval2015"": 0.5254634195888852}"
2026-08-31 21:13:16,hyperglot,bert-base-uncased,mteb,SummEval,A_threshold,glot,poincare,threshold,0,0,gat,2,cat,0.6,1.0,1.0,8,0,128,128,256,2,32,0.0002,0.0,128,5,12.66,,,,,,,,,,,,,,0.296456,,"{""SummEval"": 0.2964562331383055}"
2026-08-31 21:22:08,hyperglot,bert-base-uncased,embedding,,A_threshold,glot,poincare,threshold,0,0,gat,2,cat,0.6,1.0,1.0,8,0,128,128,256,2,32,0.0002,0.0,128,6,519.74,,,,,,,,,,,,,,,4.166283,
2026-08-31 21:23:09,hyperglot,bert-base-uncased,mteb,EmotionClassification,A_threshold,glot,poincare,threshold,0,0,gat,2,cat,0.6,1.0,1.0,8,0,128,128,256,2,32,0.0002,0.0,128,6,49.66,,,,,,,,,,,,,,0.36375,,"{""EmotionClassification"": 0.36375}"
2026-08-31 21:24:29,hyperglot,bert-base-uncased,mteb,SciFact,A_threshold,glot,poincare,threshold,0,0,gat,2,cat,0.6,1.0,1.0,8,0,128,128,256,2,32,0.0002,0.0,128,6,66.15,,,,,,,,,,,,,,0.18608,,"{""SciFact"": 0.18608}"
2026-08-31 21:42:56,hyperglot,bert-base-uncased,mteb,RedditClustering,A_threshold,glot,poincare,threshold,0,0,gat,2,cat,0.6,1.0,1.0,8,0,128,128,256,2,32,0.0002,0.0,128,6,1095.84,,,,,,,,,,,,,,0.364045,,"{""RedditClustering"": 0.36404521833960923}"
2026-08-31 21:43:36,hyperglot,bert-base-uncased,mteb,AskUbuntuDupQuestions,A_threshold,glot,poincare,threshold,0,0,gat,2,cat,0.6,1.0,1.0,8,0,128,128,256,2,32,0.0002,0.0,128,6,27.23,,,,,,,,,,,,,,0.48099,,"{""AskUbuntuDupQuestions"": 0.48099}"
2026-08-31 21:44:08,hyperglot,bert-base-uncased,mteb,STS12,A_threshold,glot,poincare,threshold,0,0,gat,2,cat,0.6,1.0,1.0,8,0,128,128,256,2,32,0.0002,0.0,128,6,20.5,,,,,,,,,,,,,,0.435366,,"{""STS12"": 0.4353660057580456}"
2026-08-31 21:45:10,hyperglot,bert-base-uncased,mteb,TwitterSemEval2015,A_threshold,glot,poincare,threshold,0,0,gat,2,cat,0.6,1.0,1.0,8,0,128,128,256,2,32,0.0002,0.0,128,6,49.1,,,,,,,,,,,,,,0.523513,,"{""TwitterSemEval2015"": 0.5235125255325337}"
2026-08-31 21:45:34,hyperglot,bert-base-uncased,mteb,SummEval,A_threshold,glot,poincare,threshold,0,0,gat,2,cat,0.6,1.0,1.0,8,0,128,128,256,2,32,0.0002,0.0,128,6,12.7,,,,,,,,,,,,,,0.296764,,"{""SummEval"": 0.29676393136915097}"
2026-08-31 21:54:42,hyperglot,bert-base-uncased,embedding,,A_threshold,glot,poincare,threshold,0,0,gat,2,cat,0.6,1.0,1.0,8,0,128,128,256,2,32,0.0002,0.0,128,7,535.52,,,,,,,,,,,,,,,3.942576,
2026-08-31 21:55:43,hyperglot,bert-base-uncased,mteb,EmotionClassification,A_threshold,glot,poincare,threshold,0,0,gat,2,cat,0.6,1.0,1.0,8,0,128,128,256,2,32,0.0002,0.0,128,7,49.54,,,,,,,,,,,,,,0.3533,,"{""EmotionClassification"": 0.35330000000000006}"
2026-08-31 21:57:03,hyperglot,bert-base-uncased,mteb,SciFact,A_threshold,glot,poincare,threshold,0,0,gat,2,cat,0.6,1.0,1.0,8,0,128,128,256,2,32,0.0002,0.0,128,7,66.27,,,,,,,,,,,,,,0.17777,,"{""SciFact"": 0.17777}"
2026-08-31 22:15:24,hyperglot,bert-base-uncased,mteb,RedditClustering,A_threshold,glot,poincare,threshold,0,0,gat,2,cat,0.6,1.0,1.0,8,0,128,128,256,2,32,0.0002,0.0,128,7,1089.48,,,,,,,,,,,,,,0.372633,,"{""RedditClustering"": 0.3726325069409503}"
2026-08-31 22:16:04,hyperglot,bert-base-uncased,mteb,AskUbuntuDupQuestions,A_threshold,glot,poincare,threshold,0,0,gat,2,cat,0.6,1.0,1.0,8,0,128,128,256,2,32,0.0002,0.0,128,7,27.46,,,,,,,,,,,,,,0.47565,,"{""AskUbuntuDupQuestions"": 0.47565}"
2026-08-31 22:16:38,hyperglot,bert-base-uncased,mteb,STS12,A_threshold,glot,poincare,threshold,0,0,gat,2,cat,0.6,1.0,1.0,8,0,128,128,256,2,32,0.0002,0.0,128,7,21.23,,,,,,,,,,,,,,0.408374,,"{""STS12"": 0.40837447229978974}"
2026-08-31 22:17:38,hyperglot,bert-base-uncased,mteb,TwitterSemEval2015,A_threshold,glot,poincare,threshold,0,0,gat,2,cat,0.6,1.0,1.0,8,0,128,128,256,2,32,0.0002,0.0,128,7,48.53,,,,,,,,,,,,,,0.53715,,"{""TwitterSemEval2015"": 0.5371496889358455}"
2026-08-31 22:18:03,hyperglot,bert-base-uncased,mteb,SummEval,A_threshold,glot,poincare,threshold,0,0,gat,2,cat,0.6,1.0,1.0,8,0,128,128,256,2,32,0.0002,0.0,128,7,12.43,,,,,,,,,,,,,,0.297609,,"{""SummEval"": 0.29760889032016913}"
2026-08-31 22:26:23,hyperglot,bert-base-uncased,embedding,,A_threshold,glot,poincare,threshold,0,0,gat,2,cat,0.6,1.0,1.0,8,0,128,128,256,2,32,0.0002,0.0,128,8,488.83,,,,,,,,,,,,,,,4.745857,
2026-08-31 22:27:25,hyperglot,bert-base-uncased,mteb,EmotionClassification,A_threshold,glot,poincare,threshold,0,0,gat,2,cat,0.6,1.0,1.0,8,0,128,128,256,2,32,0.0002,0.0,128,8,49.38,,,,,,,,,,,,,,0.34915,,"{""EmotionClassification"": 0.34914999999999996}"
2026-08-31 22:28:44,hyperglot,bert-base-uncased,mteb,SciFact,A_threshold,glot,poincare,threshold,0,0,gat,2,cat,0.6,1.0,1.0,8,0,128,128,256,2,32,0.0002,0.0,128,8,66.3,,,,,,,,,,,,,,0.19154,,"{""SciFact"": 0.19154}"
2026-08-31 22:47:10,hyperglot,bert-base-uncased,mteb,RedditClustering,A_threshold,glot,poincare,threshold,0,0,gat,2,cat,0.6,1.0,1.0,8,0,128,128,256,2,32,0.0002,0.0,128,8,1093.81,,,,,,,,,,,,,,0.352937,,"{""RedditClustering"": 0.35293720332722595}"
2026-08-31 22:47:48,hyperglot,bert-base-uncased,mteb,AskUbuntuDupQuestions,A_threshold,glot,poincare,threshold,0,0,gat,2,cat,0.6,1.0,1.0,8,0,128,128,256,2,32,0.0002,0.0,128,8,26.97,,,,,,,,,,,,,,0.47868,,"{""AskUbuntuDupQuestions"": 0.47868}"
2026-08-31 22:48:21,hyperglot,bert-base-uncased,mteb,STS12,A_threshold,glot,poincare,threshold,0,0,gat,2,cat,0.6,1.0,1.0,8,0,128,128,256,2,32,0.0002,0.0,128,8,20.33,,,,,,,,,,,,,,0.39706,,"{""STS12"": 0.3970597062945279}"
2026-08-31 22:49:20,hyperglot,bert-base-uncased,mteb,TwitterSemEval2015,A_threshold,glot,poincare,threshold,0,0,gat,2,cat,0.6,1.0,1.0,8,0,128,128,256,2,32,0.0002,0.0,128,8,47.55,,,,,,,,,,,,,,0.529578,,"{""TwitterSemEval2015"": 0.529577581384642}"
2026-08-31 22:49:44,hyperglot,bert-base-uncased,mteb,SummEval,A_threshold,glot,poincare,threshold,0,0,gat,2,cat,0.6,1.0,1.0,8,0,128,128,256,2,32,0.0002,0.0,128,8,12.35,,,,,,,,,,,,,,0.290568,,"{""SummEval"": 0.2905679710365234}"
2026-08-31 22:58:08,hyperglot,bert-base-uncased,embedding,,A_threshold,glot,poincare,threshold,0,0,gat,2,cat,0.6,1.0,1.0,8,0,128,128,256,2,32,0.0002,0.0,128,9,492.3,,,,,,,,,,,,,,,5.413693,
2026-08-31 22:59:10,hyperglot,bert-base-uncased,mteb,EmotionClassification,A_threshold,glot,poincare,threshold,0,0,gat,2,cat,0.6,1.0,1.0,8,0,128,128,256,2,32,0.0002,0.0,128,9,49.64,,,,,,,,,,,,,,0.3516,,"{""EmotionClassification"": 0.35159999999999997}"
2026-08-31 23:00:29,hyperglot,bert-base-uncased,mteb,SciFact,A_threshold,glot,poincare,threshold,0,0,gat,2,cat,0.6,1.0,1.0,8,0,128,128,256,2,32,0.0002,0.0,128,9,66.3,,,,,,,,,,,,,,0.2076,,"{""SciFact"": 0.2076}"
2026-08-31 23:18:52,hyperglot,bert-base-uncased,mteb,RedditClustering,A_threshold,glot,poincare,threshold,0,0,gat,2,cat,0.6,1.0,1.0,8,0,128,128,256,2,32,0.0002,0.0,128,9,1091.08,,,,,,,,,,,,,,0.358515,,"{""RedditClustering"": 0.3585154089514991}"
2026-08-31 23:19:32,hyperglot,bert-base-uncased,mteb,AskUbuntuDupQuestions,A_threshold,glot,poincare,threshold,0,0,gat,2,cat,0.6,1.0,1.0,8,0,128,128,256,2,32,0.0002,0.0,128,9,27.3,,,,,,,,,,,,,,0.48428,,"{""AskUbuntuDupQuestions"": 0.48428}"
2026-08-31 23:20:04,hyperglot,bert-base-uncased,mteb,STS12,A_threshold,glot,poincare,threshold,0,0,gat,2,cat,0.6,1.0,1.0,8,0,128,128,256,2,32,0.0002,0.0,128,9,20.43,,,,,,,,,,,,,,0.410254,,"{""STS12"": 0.4102541680291798}"
2026-08-31 23:21:04,hyperglot,bert-base-uncased,mteb,TwitterSemEval2015,A_threshold,glot,poincare,threshold,0,0,gat,2,cat,0.6,1.0,1.0,8,0,128,128,256,2,32,0.0002,0.0,128,9,47.92,,,,,,,,,,,,,,0.519255,,"{""TwitterSemEval2015"": 0.5192553039356534}"
2026-08-31 23:21:29,hyperglot,bert-base-uncased,mteb,SummEval,A_threshold,glot,poincare,threshold,0,0,gat,2,cat,0.6,1.0,1.0,8,0,128,128,256,2,32,0.0002,0.0,128,9,12.54,,,,,,,,,,,,,,0.29722,,"{""SummEval"": 0.29721964927822747}"
2026-08-31 23:30:23,hyperglot,bert-base-uncased,embedding,,A_threshold,glot,poincare,threshold,0,0,gat,2,cat,0.6,1.0,1.0,8,0,128,128,256,2,32,0.0002,0.0,128,10,522.38,,,,,,,,,,,,,,,4.408508,
2026-08-31 23:31:24,hyperglot,bert-base-uncased,mteb,EmotionClassification,A_threshold,glot,poincare,threshold,0,0,gat,2,cat,0.6,1.0,1.0,8,0,128,128,256,2,32,0.0002,0.0,128,10,49.62,,,,,,,,,,,,,,0.35815,,"{""EmotionClassification"": 0.35814999999999997}"
2026-08-31 23:32:44,hyperglot,bert-base-uncased,mteb,SciFact,A_threshold,glot,poincare,threshold,0,0,gat,2,cat,0.6,1.0,1.0,8,0,128,128,256,2,32,0.0002,0.0,128,10,66.43,,,,,,,,,,,,,,0.21092,,"{""SciFact"": 0.21092}"
2026-08-31 23:51:08,hyperglot,bert-base-uncased,mteb,RedditClustering,A_threshold,glot,poincare,threshold,0,0,gat,2,cat,0.6,1.0,1.0,8,0,128,128,256,2,32,0.0002,0.0,128,10,1092.2,,,,,,,,,,,,,,0.370582,,"{""RedditClustering"": 0.3705820474022471}"
2026-08-31 23:51:47,hyperglot,bert-base-uncased,mteb,AskUbuntuDupQuestions,A_threshold,glot,poincare,threshold,0,0,gat,2,cat,0.6,1.0,1.0,8,0,128,128,256,2,32,0.0002,0.0,128,10,27.31,,,,,,,,,,,,,,0.48151,,"{""AskUbuntuDupQuestions"": 0.48151}"
2026-08-31 23:52:19,hyperglot,bert-base-uncased,mteb,STS12,A_threshold,glot,poincare,threshold,0,0,gat,2,cat,0.6,1.0,1.0,8,0,128,128,256,2,32,0.0002,0.0,128,10,20.34,,,,,,,,,,,,,,0.421211,,"{""STS12"": 0.42121112983485354}"
2026-08-31 23:53:20,hyperglot,bert-base-uncased,mteb,TwitterSemEval2015,A_threshold,glot,poincare,threshold,0,0,gat,2,cat,0.6,1.0,1.0,8,0,128,128,256,2,32,0.0002,0.0,128,10,48.55,,,,,,,,,,,,,,0.52912,,"{""TwitterSemEval2015"": 0.5291199155980438}"
2026-08-31 23:53:45,hyperglot,bert-base-uncased,mteb,SummEval,A_threshold,glot,poincare,threshold,0,0,gat,2,cat,0.6,1.0,1.0,8,0,128,128,256,2,32,0.0002,0.0,128,10,12.66,,,,,,,,,,,,,,0.290076,,"{""SummEval"": 0.2900762023736531}"
2026-09-01 00:02:27,hyperglot,bert-base-uncased,embedding,,A_threshold,glot,poincare,threshold,0,0,gat,2,cat,0.6,1.0,1.0,8,0,128,128,256,2,32,0.0002,0.0,128,11,510.69,,,,,,,,,,,,,,,4.893515,
2026-09-01 00:03:29,hyperglot,bert-base-uncased,mteb,EmotionClassification,A_threshold,glot,poincare,threshold,0,0,gat,2,cat,0.6,1.0,1.0,8,0,128,128,256,2,32,0.0002,0.0,128,11,49.87,,,,,,,,,,,,,,0.35115,,"{""EmotionClassification"": 0.35114999999999996}"
2026-09-01 00:04:49,hyperglot,bert-base-uncased,mteb,SciFact,A_threshold,glot,poincare,threshold,0,0,gat,2,cat,0.6,1.0,1.0,8,0,128,128,256,2,32,0.0002,0.0,128,11,66.69,,,,,,,,,,,,,,0.21339,,"{""SciFact"": 0.21339}"
2026-09-01 00:23:21,hyperglot,bert-base-uncased,mteb,RedditClustering,A_threshold,glot,poincare,threshold,0,0,gat,2,cat,0.6,1.0,1.0,8,0,128,128,256,2,32,0.0002,0.0,128,11,1099.2,,,,,,,,,,,,,,0.370136,,"{""RedditClustering"": 0.3701361441108484}"
2026-09-01 00:23:59,hyperglot,bert-base-uncased,mteb,AskUbuntuDupQuestions,A_threshold,glot,poincare,threshold,0,0,gat,2,cat,0.6,1.0,1.0,8,0,128,128,256,2,32,0.0002,0.0,128,11,26.75,,,,,,,,,,,,,,0.48861,,"{""AskUbuntuDupQuestions"": 0.48861}"
2026-09-01 00:24:32,hyperglot,bert-base-uncased,mteb,STS12,A_threshold,glot,poincare,threshold,0,0,gat,2,cat,0.6,1.0,1.0,8,0,128,128,256,2,32,0.0002,0.0,128,11,20.64,,,,,,,,,,,,,,0.427059,,"{""STS12"": 0.42705873506065045}"
2026-09-01 00:25:32,hyperglot,bert-base-uncased,mteb,TwitterSemEval2015,A_threshold,glot,poincare,threshold,0,0,gat,2,cat,0.6,1.0,1.0,8,0,128,128,256,2,32,0.0002,0.0,128,11,48.1,,,,,,,,,,,,,,0.529911,,"{""TwitterSemEval2015"": 0.5299107356045019}"
2026-09-01 00:25:57,hyperglot,bert-base-uncased,mteb,SummEval,A_threshold,glot,poincare,threshold,0,0,gat,2,cat,0.6,1.0,1.0,8,0,128,128,256,2,32,0.0002,0.0,128,11,12.48,,,,,,,,,,,,,,0.292389,,"{""SummEval"": 0.2923889190061358}"
2026-09-01 00:34:44,hyperglot,bert-base-uncased,embedding,,A_threshold,glot,poincare,threshold,0,0,gat,2,cat,0.6,1.0,1.0,8,0,128,128,256,2,32,0.0002,0.0,128,12,515.38,,,,,,,,,,,,,,,4.7768,
2026-09-01 00:35:46,hyperglot,bert-base-uncased,mteb,EmotionClassification,A_threshold,glot,poincare,threshold,0,0,gat,2,cat,0.6,1.0,1.0,8,0,128,128,256,2,32,0.0002,0.0,128,12,49.69,,,,,,,,,,,,,,0.3447,,"{""EmotionClassification"": 0.3447}"
2026-09-01 00:37:05,hyperglot,bert-base-uncased,mteb,SciFact,A_threshold,glot,poincare,threshold,0,0,gat,2,cat,0.6,1.0,1.0,8,0,128,128,256,2,32,0.0002,0.0,128,12,66.26,,,,,,,,,,,,,,0.21436,,"{""SciFact"": 0.21436}"
2026-09-01 00:55:26,hyperglot,bert-base-uncased,mteb,RedditClustering,A_threshold,glot,poincare,threshold,0,0,gat,2,cat,0.6,1.0,1.0,8,0,128,128,256,2,32,0.0002,0.0,128,12,1088.67,,,,,,,,,,,,,,0.373565,,"{""RedditClustering"": 0.3735646569521565}"
2026-09-01 00:56:05,hyperglot,bert-base-uncased,mteb,AskUbuntuDupQuestions,A_threshold,glot,poincare,threshold,0,0,gat,2,cat,0.6,1.0,1.0,8,0,128,128,256,2,32,0.0002,0.0,128,12,27.49,,,,,,,,,,,,,,0.47923,,"{""AskUbuntuDupQuestions"": 0.47923}"
2026-09-01 00:56:38,hyperglot,bert-base-uncased,mteb,STS12,A_threshold,glot,poincare,threshold,0,0,gat,2,cat,0.6,1.0,1.0,8,0,128,128,256,2,32,0.0002,0.0,128,12,20.63,,,,,,,,,,,,,,0.442712,,"{""STS12"": 0.44271165960953424}"
2026-09-01 00:57:40,hyperglot,bert-base-uncased,mteb,TwitterSemEval2015,A_threshold,glot,poincare,threshold,0,0,gat,2,cat,0.6,1.0,1.0,8,0,128,128,256,2,32,0.0002,0.0,128,12,49.65,,,,,,,,,,,,,,0.527378,,"{""TwitterSemEval2015"": 0.5273784987461423}"
2026-09-01 00:58:05,hyperglot,bert-base-uncased,mteb,SummEval,A_threshold,glot,poincare,threshold,0,0,gat,2,cat,0.6,1.0,1.0,8,0,128,128,256,2,32,0.0002,0.0,128,12,12.78,,,,,,,,,,,,,,0.289177,,"{""SummEval"": 0.2891773139595344}"
2026-09-01 01:06:52,hyperglot,bert-base-uncased,embedding,,A_threshold,glot,poincare,threshold,0,0,gat,2,cat,0.6,1.0,1.0,8,0,128,128,256,2,32,0.0002,0.0,128,13,515.26,,,,,,,,,,,,,,,5.013701,
2026-09-01 01:07:54,hyperglot,bert-base-uncased,mteb,EmotionClassification,A_threshold,glot,poincare,threshold,0,0,gat,2,cat,0.6,1.0,1.0,8,0,128,128,256,2,32,0.0002,0.0,128,13,49.5,,,,,,,,,,,,,,0.3465,,"{""EmotionClassification"": 0.3465}"
2026-09-01 01:09:13,hyperglot,bert-base-uncased,mteb,SciFact,A_threshold,glot,poincare,threshold,0,0,gat,2,cat,0.6,1.0,1.0,8,0,128,128,256,2,32,0.0002,0.0,128,13,66.52,,,,,,,,,,,,,,0.19809,,"{""SciFact"": 0.19809}"
2026-09-01 01:27:36,hyperglot,bert-base-uncased,mteb,RedditClustering,A_threshold,glot,poincare,threshold,0,0,gat,2,cat,0.6,1.0,1.0,8,0,128,128,256,2,32,0.0002,0.0,128,13,1091.05,,,,,,,,,,,,,,0.362832,,"{""RedditClustering"": 0.3628315537979593}"
2026-09-01 01:28:15,hyperglot,bert-base-uncased,mteb,AskUbuntuDupQuestions,A_threshold,glot,poincare,threshold,0,0,gat,2,cat,0.6,1.0,1.0,8,0,128,128,256,2,32,0.0002,0.0,128,13,27.26,,,,,,,,,,,,,,0.48604,,"{""AskUbuntuDupQuestions"": 0.48604}"
2026-09-01 01:28:48,hyperglot,bert-base-uncased,mteb,STS12,A_threshold,glot,poincare,threshold,0,0,gat,2,cat,0.6,1.0,1.0,8,0,128,128,256,2,32,0.0002,0.0,128,13,20.5,,,,,,,,,,,,,,0.43485,,"{""STS12"": 0.43485019089661275}"
2026-09-01 01:29:48,hyperglot,bert-base-uncased,mteb,TwitterSemEval2015,A_threshold,glot,poincare,threshold,0,0,gat,2,cat,0.6,1.0,1.0,8,0,128,128,256,2,32,0.0002,0.0,128,13,48.27,,,,,,,,,,,,,,0.522565,,"{""TwitterSemEval2015"": 0.5225651774856571}"
2026-09-01 01:30:13,hyperglot,bert-base-uncased,mteb,SummEval,A_threshold,glot,poincare,threshold,0,0,gat,2,cat,0.6,1.0,1.0,8,0,128,128,256,2,32,0.0002,0.0,128,13,12.73,,,,,,,,,,,,,,0.294341,,"{""SummEval"": 0.2943412383342381}"
2026-09-01 01:38:47,hyperglot,bert-base-uncased,embedding,,A_threshold,glot,poincare,threshold,0,0,gat,2,cat,0.6,1.0,1.0,8,0,128,128,256,2,32,0.0002,0.0,128,14,502.14,,,,,,,,,,,,,,,4.09156,
2026-09-01 01:39:49,hyperglot,bert-base-uncased,mteb,EmotionClassification,A_threshold,glot,poincare,threshold,0,0,gat,2,cat,0.6,1.0,1.0,8,0,128,128,256,2,32,0.0002,0.0,128,14,49.84,,,,,,,,,,,,,,0.3525,,"{""EmotionClassification"": 0.3525}"
2026-09-01 01:41:08,hyperglot,bert-base-uncased,mteb,SciFact,A_threshold,glot,poincare,threshold,0,0,gat,2,cat,0.6,1.0,1.0,8,0,128,128,256,2,32,0.0002,0.0,128,14,66.45,,,,,,,,,,,,,,0.18753,,"{""SciFact"": 0.18753}"
2026-09-01 01:59:46,hyperglot,bert-base-uncased,mteb,RedditClustering,A_threshold,glot,poincare,threshold,0,0,gat,2,cat,0.6,1.0,1.0,8,0,128,128,256,2,32,0.0002,0.0,128,14,1105.54,,,,,,,,,,,,,,0.361626,,"{""RedditClustering"": 0.3616257695991548}"
2026-09-01 02:00:25,hyperglot,bert-base-uncased,mteb,AskUbuntuDupQuestions,A_threshold,glot,poincare,threshold,0,0,gat,2,cat,0.6,1.0,1.0,8,0,128,128,256,2,32,0.0002,0.0,128,14,27.19,,,,,,,,,,,,,,0.48023,,"{""AskUbuntuDupQuestions"": 0.48023}"
2026-09-01 02:00:58,hyperglot,bert-base-uncased,mteb,STS12,A_threshold,glot,poincare,threshold,0,0,gat,2,cat,0.6,1.0,1.0,8,0,128,128,256,2,32,0.0002,0.0,128,14,20.67,,,,,,,,,,,,,,0.403454,,"{""STS12"": 0.4034543370886455}"
2026-09-01 02:01:59,hyperglot,bert-base-uncased,mteb,TwitterSemEval2015,A_threshold,glot,poincare,threshold,0,0,gat,2,cat,0.6,1.0,1.0,8,0,128,128,256,2,32,0.0002,0.0,128,14,49.18,,,,,,,,,,,,,,0.536702,,"{""TwitterSemEval2015"": 0.536701998153987}"
2026-09-01 02:02:24,hyperglot,bert-base-uncased,mteb,SummEval,A_threshold,glot,poincare,threshold,0,0,gat,2,cat,0.6,1.0,1.0,8,0,128,128,256,2,32,0.0002,0.0,128,14,12.72,,,,,,,,,,,,,,0.29776,,"{""SummEval"": 0.2977601494429588}"
2026-09-01 02:11:15,hyperglot,bert-base-uncased,embedding,,A_threshold,glot,poincare,threshold,0,0,gat,2,cat,0.6,1.0,1.0,8,0,128,128,256,2,32,0.0002,0.0,128,15,519.18,,,,,,,,,,,,,,,4.909044,
2026-09-01 02:12:17,hyperglot,bert-base-uncased,mteb,EmotionClassification,A_threshold,glot,poincare,threshold,0,0,gat,2,cat,0.6,1.0,1.0,8,0,128,128,256,2,32,0.0002,0.0,128,15,49.61,,,,,,,,,,,,,,0.3539,,"{""EmotionClassification"": 0.3539}"
2026-09-01 02:13:37,hyperglot,bert-base-uncased,mteb,SciFact,A_threshold,glot,poincare,threshold,0,0,gat,2,cat,0.6,1.0,1.0,8,0,128,128,256,2,32,0.0002,0.0,128,15,66.45,,,,,,,,,,,,,,0.19778,,"{""SciFact"": 0.19778}"
2026-09-01 02:32:00,hyperglot,bert-base-uncased,mteb,RedditClustering,A_threshold,glot,poincare,threshold,0,0,gat,2,cat,0.6,1.0,1.0,8,0,128,128,256,2,32,0.0002,0.0,128,15,1091.34,,,,,,,,,,,,,,0.360164,,"{""RedditClustering"": 0.3601639509309985}"
2026-09-01 02:32:39,hyperglot,bert-base-uncased,mteb,AskUbuntuDupQuestions,A_threshold,glot,poincare,threshold,0,0,gat,2,cat,0.6,1.0,1.0,8,0,128,128,256,2,32,0.0002,0.0,128,15,27.32,,,,,,,,,,,,,,0.47985,,"{""AskUbuntuDupQuestions"": 0.47985}"
2026-09-01 02:33:11,hyperglot,bert-base-uncased,mteb,STS12,A_threshold,glot,poincare,threshold,0,0,gat,2,cat,0.6,1.0,1.0,8,0,128,128,256,2,32,0.0002,0.0,128,15,20.43,,,,,,,,,,,,,,0.407704,,"{""STS12"": 0.40770437937361365}"
2026-09-01 02:34:12,hyperglot,bert-base-uncased,mteb,TwitterSemEval2015,A_threshold,glot,poincare,threshold,0,0,gat,2,cat,0.6,1.0,1.0,8,0,128,128,256,2,32,0.0002,0.0,128,15,48.16,,,,,,,,,,,,,,0.522904,,"{""TwitterSemEval2015"": 0.5229042392831259}"
2026-09-01 02:34:36,hyperglot,bert-base-uncased,mteb,SummEval,A_threshold,glot,poincare,threshold,0,0,gat,2,cat,0.6,1.0,1.0,8,0,128,128,256,2,32,0.0002,0.0,128,15,12.6,,,,,,,,,,,,,,0.283428,,"{""SummEval"": 0.2834275999359039}"
2026-09-01 02:42:33,hyperglot,bert-base-uncased,embedding,,B_threshold,glot,cosine,threshold,0,1,gat,2,cat,0.6,1.0,1.0,8,0,128,128,256,2,32,0.0002,0.0,128,1,465.42,,,,,,,,,,,,,,,1.612316,
2026-09-01 02:43:31,hyperglot,bert-base-uncased,mteb,EmotionClassification,B_threshold,glot,cosine,threshold,0,1,gat,2,cat,0.6,1.0,1.0,8,0,128,128,256,2,32,0.0002,0.0,128,1,45.66,,,,,,,,,,,,,,0.32005,,"{""EmotionClassification"": 0.32004999999999995}"
2026-09-01 02:45:02,hyperglot,bert-base-uncased,mteb,SciFact,B_threshold,glot,cosine,threshold,0,1,gat,2,cat,0.6,1.0,1.0,8,0,128,128,256,2,32,0.0002,0.0,128,1,78.08,,,,,,,,,,,,,,0.24425,,"{""SciFact"": 0.24425}"
2026-09-01 02:55:25,hyperglot,bert-base-uncased,mteb,RedditClustering,B_threshold,glot,cosine,threshold,0,1,gat,2,cat,0.6,1.0,1.0,8,0,128,128,256,2,32,0.0002,0.0,128,1,611.66,,,,,,,,,,,,,,0.357847,,"{""RedditClustering"": 0.35784678677235193}"
2026-09-01 02:55:56,hyperglot,bert-base-uncased,mteb,AskUbuntuDupQuestions,B_threshold,glot,cosine,threshold,0,1,gat,2,cat,0.6,1.0,1.0,8,0,128,128,256,2,32,0.0002,0.0,128,1,18.51,,,,,,,,,,,,,,0.47434,,"{""AskUbuntuDupQuestions"": 0.47434}"
2026-09-01 02:56:21,hyperglot,bert-base-uncased,mteb,STS12,B_threshold,glot,cosine,threshold,0,1,gat,2,cat,0.6,1.0,1.0,8,0,128,128,256,2,32,0.0002,0.0,128,1,13.11,,,,,,,,,,,,,,0.512267,,"{""STS12"": 0.5122666233955859}"
2026-09-01 02:57:01,hyperglot,bert-base-uncased,mteb,TwitterSemEval2015,B_threshold,glot,cosine,threshold,0,1,gat,2,cat,0.6,1.0,1.0,8,0,128,128,256,2,32,0.0002,0.0,128,1,28.5,,,,,,,,,,,,,,0.370352,,"{""TwitterSemEval2015"": 0.3703518657660315}"
2026-09-01 02:57:23,hyperglot,bert-base-uncased,mteb,SummEval,B_threshold,glot,cosine,threshold,0,1,gat,2,cat,0.6,1.0,1.0,8,0,128,128,256,2,32,0.0002,0.0,128,1,9.71,,,,,,,,,,,,,,0.266178,,"{""SummEval"": 0.2661783727528283}"
2026-09-01 03:04:37,hyperglot,bert-base-uncased,embedding,,B_threshold,glot,cosine,threshold,0,1,gat,2,cat,0.6,1.0,1.0,8,0,128,128,256,2,32,0.0002,0.0,128,2,422.0,,,,,,,,,,,,,,,1.609545,
2026-09-01 03:05:35,hyperglot,bert-base-uncased,mteb,EmotionClassification,B_threshold,glot,cosine,threshold,0,1,gat,2,cat,0.6,1.0,1.0,8,0,128,128,256,2,32,0.0002,0.0,128,2,45.66,,,,,,,,,,,,,,0.3284,,"{""EmotionClassification"": 0.32839999999999997}"
2026-09-01 03:07:06,hyperglot,bert-base-uncased,mteb,SciFact,B_threshold,glot,cosine,threshold,0,1,gat,2,cat,0.6,1.0,1.0,8,0,128,128,256,2,32,0.0002,0.0,128,2,78.33,,,,,,,,,,,,,,0.25288,,"{""SciFact"": 0.25288}"
2026-09-01 03:17:29,hyperglot,bert-base-uncased,mteb,RedditClustering,B_threshold,glot,cosine,threshold,0,1,gat,2,cat,0.6,1.0,1.0,8,0,128,128,256,2,32,0.0002,0.0,128,2,611.06,,,,,,,,,,,,,,0.353395,,"{""RedditClustering"": 0.3533951114992754}"
2026-09-01 03:17:59,hyperglot,bert-base-uncased,mteb,AskUbuntuDupQuestions,B_threshold,glot,cosine,threshold,0,1,gat,2,cat,0.6,1.0,1.0,8,0,128,128,256,2,32,0.0002,0.0,128,2,17.93,,,,,,,,,,,,,,0.46419,,"{""AskUbuntuDupQuestions"": 0.46419}"
2026-09-01 03:18:24,hyperglot,bert-base-uncased,mteb,STS12,B_threshold,glot,cosine,threshold,0,1,gat,2,cat,0.6,1.0,1.0,8,0,128,128,256,2,32,0.0002,0.0,128,2,12.98,,,,,,,,,,,,,,0.516805,,"{""STS12"": 0.5168050070124887}"
2026-09-01 03:19:04,hyperglot,bert-base-uncased,mteb,TwitterSemEval2015,B_threshold,glot,cosine,threshold,0,1,gat,2,cat,0.6,1.0,1.0,8,0,128,128,256,2,32,0.0002,0.0,128,2,27.88,,,,,,,,,,,,,,0.364344,,"{""TwitterSemEval2015"": 0.3643443399677026}"
2026-09-01 03:19:26,hyperglot,bert-base-uncased,mteb,SummEval,B_threshold,glot,cosine,threshold,0,1,gat,2,cat,0.6,1.0,1.0,8,0,128,128,256,2,32,0.0002,0.0,128,2,9.62,,,,,,,,,,,,,,0.293343,,"{""SummEval"": 0.29334270677530677}"
2026-09-01 03:26:44,hyperglot,bert-base-uncased,embedding,,B_threshold,glot,cosine,threshold,0,1,gat,2,cat,0.6,1.0,1.0,8,0,128,128,256,2,32,0.0002,0.0,128,3,426.05,,,,,,,,,,,,,,,1.576739,
2026-09-01 03:27:41,hyperglot,bert-base-uncased,mteb,EmotionClassification,B_threshold,glot,cosine,threshold,0,1,gat,2,cat,0.6,1.0,1.0,8,0,128,128,256,2,32,0.0002,0.0,128,3,45.63,,,,,,,,,,,,,,0.31085,,"{""EmotionClassification"": 0.31084999999999996}"
2026-09-01 03:29:12,hyperglot,bert-base-uncased,mteb,SciFact,B_threshold,glot,cosine,threshold,0,1,gat,2,cat,0.6,1.0,1.0,8,0,128,128,256,2,32,0.0002,0.0,128,3,78.04,,,,,,,,,,,,,,0.2508,,"{""SciFact"": 0.2508}"
2026-09-01 03:39:41,hyperglot,bert-base-uncased,mteb,RedditClustering,B_threshold,glot,cosine,threshold,0,1,gat,2,cat,0.6,1.0,1.0,8,0,128,128,256,2,32,0.0002,0.0,128,3,616.46,,,,,,,,,,,,,,0.357066,,"{""RedditClustering"": 0.35706589289766044}"
2026-09-01 03:40:12,hyperglot,bert-base-uncased,mteb,AskUbuntuDupQuestions,B_threshold,glot,cosine,threshold,0,1,gat,2,cat,0.6,1.0,1.0,8,0,128,128,256,2,32,0.0002,0.0,128,3,18.77,,,,,,,,,,,,,,0.4784,,"{""AskUbuntuDupQuestions"": 0.4784}"
2026-09-01 03:40:37,hyperglot,bert-base-uncased,mteb,STS12,B_threshold,glot,cosine,threshold,0,1,gat,2,cat,0.6,1.0,1.0,8,0,128,128,256,2,32,0.0002,0.0,128,3,13.21,,,,,,,,,,,,,,0.51384,,"{""STS12"": 0.5138400342287971}"
2026-09-01 03:41:18,hyperglot,bert-base-uncased,mteb,TwitterSemEval2015,B_threshold,glot,cosine,threshold,0,1,gat,2,cat,0.6,1.0,1.0,8,0,128,128,256,2,32,0.0002,0.0,128,3,28.55,,,,,,,,,,,,,,0.378743,,"{""TwitterSemEval2015"": 0.37874268027460317}"
2026-09-01 03:41:40,hyperglot,bert-base-uncased,mteb,SummEval,B_threshold,glot,cosine,threshold,0,1,gat,2,cat,0.6,1.0,1.0,8,0,128,128,256,2,32,0.0002,0.0,128,3,9.69,,,,,,,,,,,,,,0.28833,,"{""SummEval"": 0.2883298948320188}"
2026-09-01 03:48:54,hyperglot,bert-base-uncased,embedding,,B_threshold,glot,cosine,threshold,0,1,gat,2,cat,0.6,1.0,1.0,8,0,128,128,256,2,32,0.0002,0.0,128,4,422.46,,,,,,,,,,,,,,,1.669812,
2026-09-01 03:49:52,hyperglot,bert-base-uncased,mteb,EmotionClassification,B_threshold,glot,cosine,threshold,0,1,gat,2,cat,0.6,1.0,1.0,8,0,128,128,256,2,32,0.0002,0.0,128,4,45.86,,,,,,,,,,,,,,0.31725,,"{""EmotionClassification"": 0.31725}"
2026-09-01 03:51:24,hyperglot,bert-base-uncased,mteb,SciFact,B_threshold,glot,cosine,threshold,0,1,gat,2,cat,0.6,1.0,1.0,8,0,128,128,256,2,32,0.0002,0.0,128,4,78.37,,,,,,,,,,,,,,0.21853,,"{""SciFact"": 0.21853}"
2026-09-01 04:01:58,hyperglot,bert-base-uncased,mteb,RedditClustering,B_threshold,glot,cosine,threshold,0,1,gat,2,cat,0.6,1.0,1.0,8,0,128,128,256,2,32,0.0002,0.0,128,4,621.63,,,,,,,,,,,,,,0.35916,,"{""RedditClustering"": 0.35915981339706987}"
2026-09-01 04:02:28,hyperglot,bert-base-uncased,mteb,AskUbuntuDupQuestions,B_threshold,glot,cosine,threshold,0,1,gat,2,cat,0.6,1.0,1.0,8,0,128,128,256,2,32,0.0002,0.0,128,4,18.21,,,,,,,,,,,,,,0.48749,,"{""AskUbuntuDupQuestions"": 0.48749}"
2026-09-01 04:02:53,hyperglot,bert-base-uncased,mteb,STS12,B_threshold,glot,cosine,threshold,0,1,gat,2,cat,0.6,1.0,1.0,8,0,128,128,256,2,32,0.0002,0.0,128,4,13.07,,,,,,,,,,,,,,0.519322,,"{""STS12"": 0.5193217594707168}"
2026-09-01 04:03:33,hyperglot,bert-base-uncased,mteb,TwitterSemEval2015,B_threshold,glot,cosine,threshold,0,1,gat,2,cat,0.6,1.0,1.0,8,0,128,128,256,2,32,0.0002,0.0,128,4,28.37,,,,,,,,,,,,,,0.374706,,"{""TwitterSemEval2015"": 0.3747055816180054}"
2026-09-01 04:03:55,hyperglot,bert-base-uncased,mteb,SummEval,B_threshold,glot,cosine,threshold,0,1,gat,2,cat,0.6,1.0,1.0,8,0,128,128,256,2,32,0.0002,0.0,128,4,9.7,,,,,,,,,,,,,,0.291242,,"{""SummEval"": 0.2912423764788442}"
2026-09-01 04:11:12,hyperglot,bert-base-uncased,embedding,,B_threshold,glot,cosine,threshold,0,1,gat,2,cat,0.6,1.0,1.0,8,0,128,128,256,2,32,0.0002,0.0,128,5,424.8,,,,,,,,,,,,,,,1.592838,
2026-09-01 04:12:10,hyperglot,bert-base-uncased,mteb,EmotionClassification,B_threshold,glot,cosine,threshold,0,1,gat,2,cat,0.6,1.0,1.0,8,0,128,128,256,2,32,0.0002,0.0,128,5,45.76,,,,,,,,,,,,,,0.3039,,"{""EmotionClassification"": 0.30389999999999995}"
2026-09-01 04:13:41,hyperglot,bert-base-uncased,mteb,SciFact,B_threshold,glot,cosine,threshold,0,1,gat,2,cat,0.6,1.0,1.0,8,0,128,128,256,2,32,0.0002,0.0,128,5,77.99,,,,,,,,,,,,,,0.22155,,"{""SciFact"": 0.22155}"
2026-09-01 04:24:03,hyperglot,bert-base-uncased,mteb,RedditClustering,B_threshold,glot,cosine,threshold,0,1,gat,2,cat,0.6,1.0,1.0,8,0,128,128,256,2,32,0.0002,0.0,128,5,609.72,,,,,,,,,,,,,,0.360803,,"{""RedditClustering"": 0.3608029161648727}"
2026-09-01 04:24:33,hyperglot,bert-base-uncased,mteb,AskUbuntuDupQuestions,B_threshold,glot,cosine,threshold,0,1,gat,2,cat,0.6,1.0,1.0,8,0,128,128,256,2,32,0.0002,0.0,128,5,18.22,,,,,,,,,,,,,,0.47604,,"{""AskUbuntuDupQuestions"": 0.47604}"
2026-09-01 04:24:58,hyperglot,bert-base-uncased,mteb,STS12,B_threshold,glot,cosine,threshold,0,1,gat,2,cat,0.6,1.0,1.0,8,0,128,128,256,2,32,0.0002,0.0,128,5,13.44,,,,,,,,,,,,,,0.513192,,"{""STS12"": 0.5131915380220833}"
2026-09-01 04:25:38,hyperglot,bert-base-uncased,mteb,TwitterSemEval2015,B_threshold,glot,cosine,threshold,0,1,gat,2,cat,0.6,1.0,1.0,8,0,128,128,256,2,32,0.0002,0.0,128,5,28.0,,,,,,,,,,,,,,0.373291,,"{""TwitterSemEval2015"": 0.37329075968412195}"
2026-09-01 04:26:00,hyperglot,bert-base-uncased,mteb,SummEval,B_threshold,glot,cosine,threshold,0,1,gat,2,cat,0.6,1.0,1.0,8,0,128,128,256,2,32,0.0002,0.0,128,5,9.68,,,,,,,,,,,,,,0.285013,,"{""SummEval"": 0.2850126276734417}"
2026-09-01 04:33:13,hyperglot,bert-base-uncased,embedding,,B_threshold,glot,cosine,threshold,0,1,gat,2,cat,0.6,1.0,1.0,8,0,128,128,256,2,32,0.0002,0.0,128,6,420.97,,,,,,,,,,,,,,,1.509582,
2026-09-01 04:34:11,hyperglot,bert-base-uncased,mteb,EmotionClassification,B_threshold,glot,cosine,threshold,0,1,gat,2,cat,0.6,1.0,1.0,8,0,128,128,256,2,32,0.0002,0.0,128,6,45.53,,,,,,,,,,,,,,0.32695,,"{""EmotionClassification"": 0.32695}"
2026-09-01 04:35:42,hyperglot,bert-base-uncased,mteb,SciFact,B_threshold,glot,cosine,threshold,0,1,gat,2,cat,0.6,1.0,1.0,8,0,128,128,256,2,32,0.0002,0.0,128,6,77.92,,,,,,,,,,,,,,0.22174,,"{""SciFact"": 0.22174}"
2026-09-01 04:45:58,hyperglot,bert-base-uncased,mteb,RedditClustering,B_threshold,glot,cosine,threshold,0,1,gat,2,cat,0.6,1.0,1.0,8,0,128,128,256,2,32,0.0002,0.0,128,6,604.47,,,,,,,,,,,,,,0.353162,,"{""RedditClustering"": 0.3531618677429726}"
2026-09-01 04:46:29,hyperglot,bert-base-uncased,mteb,AskUbuntuDupQuestions,B_threshold,glot,cosine,threshold,0,1,gat,2,cat,0.6,1.0,1.0,8,0,128,128,256,2,32,0.0002,0.0,128,6,18.39,,,,,,,,,,,,,,0.4702,,"{""AskUbuntuDupQuestions"": 0.4702}"
2026-09-01 04:46:54,hyperglot,bert-base-uncased,mteb,STS12,B_threshold,glot,cosine,threshold,0,1,gat,2,cat,0.6,1.0,1.0,8,0,128,128,256,2,32,0.0002,0.0,128,6,13.15,,,,,,,,,,,,,,0.524591,,"{""STS12"": 0.5245908779138139}"
2026-09-01 04:47:35,hyperglot,bert-base-uncased,mteb,TwitterSemEval2015,B_threshold,glot,cosine,threshold,0,1,gat,2,cat,0.6,1.0,1.0,8,0,128,128,256,2,32,0.0002,0.0,128,6,28.79,,,,,,,,,,,,,,0.374948,,"{""TwitterSemEval2015"": 0.37494847604511466}"
2026-09-01 04:47:56,hyperglot,bert-base-uncased,mteb,SummEval,B_threshold,glot,cosine,threshold,0,1,gat,2,cat,0.6,1.0,1.0,8,0,128,128,256,2,32,0.0002,0.0,128,6,9.54,,,,,,,,,,,,,,0.279417,,"{""SummEval"": 0.27941673067063416}"
2026-09-01 04:55:22,hyperglot,bert-base-uncased,embedding,,B_threshold,glot,cosine,threshold,0,1,gat,2,cat,0.6,1.0,1.0,8,0,128,128,256,2,32,0.0002,0.0,128,7,433.6,,,,,,,,,,,,,,,1.538024,
2026-09-01 04:56:20,hyperglot,bert-base-uncased,mteb,EmotionClassification,B_threshold,glot,cosine,threshold,0,1,gat,2,cat,0.6,1.0,1.0,8,0,128,128,256,2,32,0.0002,0.0,128,7,45.85,,,,,,,,,,,,,,0.31995,,"{""EmotionClassification"": 0.31995}"
2026-09-01 04:57:51,hyperglot,bert-base-uncased,mteb,SciFact,B_threshold,glot,cosine,threshold,0,1,gat,2,cat,0.6,1.0,1.0,8,0,128,128,256,2,32,0.0002,0.0,128,7,77.93,,,,,,,,,,,,,,0.24299,,"{""SciFact"": 0.24299}"
2026-09-01 05:08:11,hyperglot,bert-base-uncased,mteb,RedditClustering,B_threshold,glot,cosine,threshold,0,1,gat,2,cat,0.6,1.0,1.0,8,0,128,128,256,2,32,0.0002,0.0,128,7,607.79,,,,,,,,,,,,,,0.362902,,"{""RedditClustering"": 0.36290208564072357}"
2026-09-01 05:08:41,hyperglot,bert-base-uncased,mteb,AskUbuntuDupQuestions,B_threshold,glot,cosine,threshold,0,1,gat,2,cat,0.6,1.0,1.0,8,0,128,128,256,2,32,0.0002,0.0,128,7,18.12,,,,,,,,,,,,,,0.47328,,"{""AskUbuntuDupQuestions"": 0.47328}"
2026-09-01 05:09:06,hyperglot,bert-base-uncased,mteb,STS12,B_threshold,glot,cosine,threshold,0,1,gat,2,cat,0.6,1.0,1.0,8,0,128,128,256,2,32,0.0002,0.0,128,7,12.97,,,,,,,,,,,,,,0.530106,,"{""STS12"": 0.5301063455356043}"
2026-09-01 05:09:46,hyperglot,bert-base-uncased,mteb,TwitterSemEval2015,B_threshold,glot,cosine,threshold,0,1,gat,2,cat,0.6,1.0,1.0,8,0,128,128,256,2,32,0.0002,0.0,128,7,27.9,,,,,,,,,,,,,,0.376787,,"{""TwitterSemEval2015"": 0.3767871504131058}"
2026-09-01 05:10:08,hyperglot,bert-base-uncased,mteb,SummEval,B_threshold,glot,cosine,threshold,0,1,gat,2,cat,0.6,1.0,1.0,8,0,128,128,256,2,32,0.0002,0.0,128,7,9.67,,,,,,,,,,,,,,0.281528,,"{""SummEval"": 0.28152790235642916}"
2026-09-01 05:17:21,hyperglot,bert-base-uncased,embedding,,B_threshold,glot,cosine,threshold,0,1,gat,2,cat,0.6,1.0,1.0,8,0,128,128,256,2,32,0.0002,0.0,128,8,421.6,,,,,,,,,,,,,,,1.581128,
2026-09-01 05:18:19,hyperglot,bert-base-uncased,mteb,EmotionClassification,B_threshold,glot,cosine,threshold,0,1,gat,2,cat,0.6,1.0,1.0,8,0,128,128,256,2,32,0.0002,0.0,128,8,45.41,,,,,,,,,,,,,,0.3294,,"{""EmotionClassification"": 0.32939999999999997}"
2026-09-01 05:19:50,hyperglot,bert-base-uncased,mteb,SciFact,B_threshold,glot,cosine,threshold,0,1,gat,2,cat,0.6,1.0,1.0,8,0,128,128,256,2,32,0.0002,0.0,128,8,78.32,,,,,,,,,,,,,,0.22115,,"{""SciFact"": 0.22115}"
2026-09-01 05:30:10,hyperglot,bert-base-uncased,mteb,RedditClustering,B_threshold,glot,cosine,threshold,0,1,gat,2,cat,0.6,1.0,1.0,8,0,128,128,256,2,32,0.0002,0.0,128,8,608.31,,,,,,,,,,,,,,0.358225,,"{""RedditClustering"": 0.3582249518030796}"
2026-09-01 05:30:41,hyperglot,bert-base-uncased,mteb,AskUbuntuDupQuestions,B_threshold,glot,cosine,threshold,0,1,gat,2,cat,0.6,1.0,1.0,8,0,128,128,256,2,32,0.0002,0.0,128,8,18.49,,,,,,,,,,,,,,0.48279,,"{""AskUbuntuDupQuestions"": 0.48279}"
2026-09-01 05:31:06,hyperglot,bert-base-uncased,mteb,STS12,B_threshold,glot,cosine,threshold,0,1,gat,2,cat,0.6,1.0,1.0,8,0,128,128,256,2,32,0.0002,0.0,128,8,13.1,,,,,,,,,,,,,,0.51368,,"{""STS12"": 0.5136800397620924}"
2026-09-01 05:31:47,hyperglot,bert-base-uncased,mteb,TwitterSemEval2015,B_threshold,glot,cosine,threshold,0,1,gat,2,cat,0.6,1.0,1.0,8,0,128,128,256,2,32,0.0002,0.0,128,8,28.88,,,,,,,,,,,,,,0.376538,,"{""TwitterSemEval2015"": 0.3765380404551943}"
2026-09-01 05:32:09,hyperglot,bert-base-uncased,mteb,SummEval,B_threshold,glot,cosine,threshold,0,1,gat,2,cat,0.6,1.0,1.0,8,0,128,128,256,2,32,0.0002,0.0,128,8,9.59,,,,,,,,,,,,,,0.277346,,"{""SummEval"": 0.27734646987888584}"
2026-09-01 05:39:22,hyperglot,bert-base-uncased,embedding,,B_threshold,glot,cosine,threshold,0,1,gat,2,cat,0.6,1.0,1.0,8,0,128,128,256,2,32,0.0002,0.0,128,9,420.77,,,,,,,,,,,,,,,1.558392,
2026-09-01 05:40:20,hyperglot,bert-base-uncased,mteb,EmotionClassification,B_threshold,glot,cosine,threshold,0,1,gat,2,cat,0.6,1.0,1.0,8,0,128,128,256,2,32,0.0002,0.0,128,9,45.81,,,,,,,,,,,,,,0.313,,"{""EmotionClassification"": 0.313}"
2026-09-01 05:41:51,hyperglot,bert-base-uncased,mteb,SciFact,B_threshold,glot,cosine,threshold,0,1,gat,2,cat,0.6,1.0,1.0,8,0,128,128,256,2,32,0.0002,0.0,128,9,78.11,,,,,,,,,,,,,,0.23916,,"{""SciFact"": 0.23916}"
2026-09-01 05:52:02,hyperglot,bert-base-uncased,mteb,RedditClustering,B_threshold,glot,cosine,threshold,0,1,gat,2,cat,0.6,1.0,1.0,8,0,128,128,256,2,32,0.0002,0.0,128,9,599.4,,,,,,,,,,,,,,0.351508,,"{""RedditClustering"": 0.35150782385657436}"
2026-09-01 05:52:32,hyperglot,bert-base-uncased,mteb,AskUbuntuDupQuestions,B_threshold,glot,cosine,threshold,0,1,gat,2,cat,0.6,1.0,1.0,8,0,128,128,256,2,32,0.0002,0.0,128,9,17.84,,,,,,,,,,,,,,0.47199,,"{""AskUbuntuDupQuestions"": 0.47199}"
2026-09-01 05:52:57,hyperglot,bert-base-uncased,mteb,STS12,B_threshold,glot,cosine,threshold,0,1,gat,2,cat,0.6,1.0,1.0,8,0,128,128,256,2,32,0.0002,0.0,128,9,12.98,,,,,,,,,,,,,,0.510597,,"{""STS12"": 0.5105972677873528}"
2026-09-01 05:53:36,hyperglot,bert-base-uncased,mteb,TwitterSemEval2015,B_threshold,glot,cosine,threshold,0,1,gat,2,cat,0.6,1.0,1.0,8,0,128,128,256,2,32,0.0002,0.0,128,9,27.62,,,,,,,,,,,,,,0.375006,,"{""TwitterSemEval2015"": 0.37500573832974726}"
2026-09-01 05:53:58,hyperglot,bert-base-uncased,mteb,SummEval,B_threshold,glot,cosine,threshold,0,1,gat,2,cat,0.6,1.0,1.0,8,0,128,128,256,2,32,0.0002,0.0,128,9,9.63,,,,,,,,,,,,,,0.279595,,"{""SummEval"": 0.2795947231242064}"
2026-09-01 06:01:09,hyperglot,bert-base-uncased,embedding,,B_threshold,glot,cosine,threshold,0,1,gat,2,cat,0.6,1.0,1.0,8,0,128,128,256,2,32,0.0002,0.0,128,10,419.67,,,,,,,,,,,,,,,1.603698,
2026-09-01 06:02:06,hyperglot,bert-base-uncased,mteb,EmotionClassification,B_threshold,glot,cosine,threshold,0,1,gat,2,cat,0.6,1.0,1.0,8,0,128,128,256,2,32,0.0002,0.0,128,10,45.09,,,,,,,,,,,,,,0.31985,,"{""EmotionClassification"": 0.3198500000000001}"
2026-09-01 06:03:38,hyperglot,bert-base-uncased,mteb,SciFact,B_threshold,glot,cosine,threshold,0,1,gat,2,cat,0.6,1.0,1.0,8,0,128,128,256,2,32,0.0002,0.0,128,10,79.3,,,,,,,,,,,,,,0.24484,,"{""SciFact"": 0.24484}"
2026-09-01 06:13:53,hyperglot,bert-base-uncased,mteb,RedditClustering,B_threshold,glot,cosine,threshold,0,1,gat,2,cat,0.6,1.0,1.0,8,0,128,128,256,2,32,0.0002,0.0,128,10,603.01,,,,,,,,,,,,,,0.351498,,"{""RedditClustering"": 0.3514976549114184}"
2026-09-01 06:14:23,hyperglot,bert-base-uncased,mteb,AskUbuntuDupQuestions,B_threshold,glot,cosine,threshold,0,1,gat,2,cat,0.6,1.0,1.0,8,0,128,128,256,2,32,0.0002,0.0,128,10,18.48,,,,,,,,,,,,,,0.47449,,"{""AskUbuntuDupQuestions"": 0.47449}"
2026-09-01 06:14:48,hyperglot,bert-base-uncased,mteb,STS12,B_threshold,glot,cosine,threshold,0,1,gat,2,cat,0.6,1.0,1.0,8,0,128,128,256,2,32,0.0002,0.0,128,10,12.97,,,,,,,,,,,,,,0.495605,,"{""STS12"": 0.4956045924404135}"
2026-09-01 06:15:28,hyperglot,bert-base-uncased,mteb,TwitterSemEval2015,B_threshold,glot,cosine,threshold,0,1,gat,2,cat,0.6,1.0,1.0,8,0,128,128,256,2,32,0.0002,0.0,128,10,27.91,,,,,,,,,,,,,,0.365479,,"{""TwitterSemEval2015"": 0.3654791015228216}"
2026-09-01 06:15:49,hyperglot,bert-base-uncased,mteb,SummEval,B_threshold,glot,cosine,threshold,0,1,gat,2,cat,0.6,1.0,1.0,8,0,128,128,256,2,32,0.0002,0.0,128,10,9.64,,,,,,,,,,,,,,0.282787,,"{""SummEval"": 0.28278698357791254}"
2026-09-01 06:22:54,hyperglot,bert-base-uncased,embedding,,B_threshold,glot,cosine,threshold,0,1,gat,2,cat,0.6,1.0,1.0,8,0,128,128,256,2,32,0.0002,0.0,128,11,412.76,,,,,,,,,,,,,,,1.640312,
2026-09-01 06:23:50,hyperglot,bert-base-uncased,mteb,EmotionClassification,B_threshold,glot,cosine,threshold,0,1,gat,2,cat,0.6,1.0,1.0,8,0,128,128,256,2,32,0.0002,0.0,128,11,44.78,,,,,,,,,,,,,,0.3225,,"{""EmotionClassification"": 0.32249999999999995}"
2026-09-01 06:25:22,hyperglot,bert-base-uncased,mteb,SciFact,B_threshold,glot,cosine,threshold,0,1,gat,2,cat,0.6,1.0,1.0,8,0,128,128,256,2,32,0.0002,0.0,128,11,78.93,,,,,,,,,,,,,,0.2432,,"{""SciFact"": 0.2432}"
2026-09-01 06:35:32,hyperglot,bert-base-uncased,mteb,RedditClustering,B_threshold,glot,cosine,threshold,0,1,gat,2,cat,0.6,1.0,1.0,8,0,128,128,256,2,32,0.0002,0.0,128,11,598.11,,,,,,,,,,,,,,0.357891,,"{""RedditClustering"": 0.3578913267179795}"
2026-09-01 06:36:02,hyperglot,bert-base-uncased,mteb,AskUbuntuDupQuestions,B_threshold,glot,cosine,threshold,0,1,gat,2,cat,0.6,1.0,1.0,8,0,128,128,256,2,32,0.0002,0.0,128,11,18.43,,,,,,,,,,,,,,0.47328,,"{""AskUbuntuDupQuestions"": 0.47328}"
2026-09-01 06:36:27,hyperglot,bert-base-uncased,mteb,STS12,B_threshold,glot,cosine,threshold,0,1,gat,2,cat,0.6,1.0,1.0,8,0,128,128,256,2,32,0.0002,0.0,128,11,13.1,,,,,,,,,,,,,,0.520466,,"{""STS12"": 0.5204662772223443}"
2026-09-01 06:37:07,hyperglot,bert-base-uncased,mteb,TwitterSemEval2015,B_threshold,glot,cosine,threshold,0,1,gat,2,cat,0.6,1.0,1.0,8,0,128,128,256,2,32,0.0002,0.0,128,11,28.38,,,,,,,,,,,,,,0.368351,,"{""TwitterSemEval2015"": 0.3683510675002403}"
2026-09-01 06:37:29,hyperglot,bert-base-uncased,mteb,SummEval,B_threshold,glot,cosine,threshold,0,1,gat,2,cat,0.6,1.0,1.0,8,0,128,128,256,2,32,0.0002,0.0,128,11,9.58,,,,,,,,,,,,,,0.27841,,"{""SummEval"": 0.2784100749244033}"
2026-09-01 06:44:48,hyperglot,bert-base-uncased,embedding,,B_threshold,glot,cosine,threshold,0,1,gat,2,cat,0.6,1.0,1.0,8,0,128,128,256,2,32,0.0002,0.0,128,12,426.9,,,,,,,,,,,,,,,1.598899,
2026-09-01 06:45:44,hyperglot,bert-base-uncased,mteb,EmotionClassification,B_threshold,glot,cosine,threshold,0,1,gat,2,cat,0.6,1.0,1.0,8,0,128,128,256,2,32,0.0002,0.0,128,12,44.83,,,,,,,,,,,,,,0.2979,,"{""EmotionClassification"": 0.29789999999999994}"
2026-09-01 06:47:16,hyperglot,bert-base-uncased,mteb,SciFact,B_threshold,glot,cosine,threshold,0,1,gat,2,cat,0.6,1.0,1.0,8,0,128,128,256,2,32,0.0002,0.0,128,12,78.88,,,,,,,,,,,,,,0.25201,,"{""SciFact"": 0.25201}"
2026-09-01 06:57:32,hyperglot,bert-base-uncased,mteb,RedditClustering,B_threshold,glot,cosine,threshold,0,1,gat,2,cat,0.6,1.0,1.0,8,0,128,128,256,2,32,0.0002,0.0,128,12,605.06,,,,,,,,,,,,,,0.358949,,"{""RedditClustering"": 0.35894867988749724}"
2026-09-01 06:58:02,hyperglot,bert-base-uncased,mteb,AskUbuntuDupQuestions,B_threshold,glot,cosine,threshold,0,1,gat,2,cat,0.6,1.0,1.0,8,0,128,128,256,2,32,0.0002,0.0,128,12,17.74,,,,,,,,,,,,,,0.47058,,"{""AskUbuntuDupQuestions"": 0.47058}"
2026-09-01 06:58:26,hyperglot,bert-base-uncased,mteb,STS12,B_threshold,glot,cosine,threshold,0,1,gat,2,cat,0.6,1.0,1.0,8,0,128,128,256,2,32,0.0002,0.0,128,12,12.75,,,,,,,,,,,,,,0.515154,,"{""STS12"": 0.5151543924309369}"
2026-09-01 06:59:05,hyperglot,bert-base-uncased,mteb,TwitterSemEval2015,B_threshold,glot,cosine,threshold,0,1,gat,2,cat,0.6,1.0,1.0,8,0,128,128,256,2,32,0.0002,0.0,128,12,27.36,,,,,,,,,,,,,,0.371725,,"{""TwitterSemEval2015"": 0.37172479012649473}"
2026-09-01 06:59:26,hyperglot,bert-base-uncased,mteb,SummEval,B_threshold,glot,cosine,threshold,0,1,gat,2,cat,0.6,1.0,1.0,8,0,128,128,256,2,32,0.0002,0.0,128,12,9.44,,,,,,,,,,,,,,0.303008,,"{""SummEval"": 0.30300756442259913}"
2026-09-01 07:06:34,hyperglot,bert-base-uncased,embedding,,B_threshold,glot,cosine,threshold,0,1,gat,2,cat,0.6,1.0,1.0,8,0,128,128,256,2,32,0.0002,0.0,128,13,416.18,,,,,,,,,,,,,,,1.531393,
2026-09-01 07:07:30,hyperglot,bert-base-uncased,mteb,EmotionClassification,B_threshold,glot,cosine,threshold,0,1,gat,2,cat,0.6,1.0,1.0,8,0,128,128,256,2,32,0.0002,0.0,128,13,44.68,,,,,,,,,,,,,,0.31785,,"{""EmotionClassification"": 0.31784999999999997}"
2026-09-01 07:09:02,hyperglot,bert-base-uncased,mteb,SciFact,B_threshold,glot,cosine,threshold,0,1,gat,2,cat,0.6,1.0,1.0,8,0,128,128,256,2,32,0.0002,0.0,128,13,78.97,,,,,,,,,,,,,,0.23396,,"{""SciFact"": 0.23396}"
2026-09-01 07:19:13,hyperglot,bert-base-uncased,mteb,RedditClustering,B_threshold,glot,cosine,threshold,0,1,gat,2,cat,0.6,1.0,1.0,8,0,128,128,256,2,32,0.0002,0.0,128,13,599.65,,,,,,,,,,,,,,0.359287,,"{""RedditClustering"": 0.3592869978837287}"
2026-09-01 07:19:43,hyperglot,bert-base-uncased,mteb,AskUbuntuDupQuestions,B_threshold,glot,cosine,threshold,0,1,gat,2,cat,0.6,1.0,1.0,8,0,128,128,256,2,32,0.0002,0.0,128,13,17.88,,,,,,,,,,,,,,0.47976,,"{""AskUbuntuDupQuestions"": 0.47976}"
2026-09-01 07:20:07,hyperglot,bert-base-uncased,mteb,STS12,B_threshold,glot,cosine,threshold,0,1,gat,2,cat,0.6,1.0,1.0,8,0,128,128,256,2,32,0.0002,0.0,128,13,12.92,,,,,,,,,,,,,,0.523955,,"{""STS12"": 0.5239550871053719}"
2026-09-01 07:20:46,hyperglot,bert-base-uncased,mteb,TwitterSemEval2015,B_threshold,glot,cosine,threshold,0,1,gat,2,cat,0.6,1.0,1.0,8,0,128,128,256,2,32,0.0002,0.0,128,13,27.29,,,,,,,,,,,,,,0.378112,,"{""TwitterSemEval2015"": 0.3781119644800157}"
2026-09-01 07:21:07,hyperglot,bert-base-uncased,mteb,SummEval,B_threshold,glot,cosine,threshold,0,1,gat,2,cat,0.6,1.0,1.0,8,0,128,128,256,2,32,0.0002,0.0,128,13,9.52,,,,,,,,,,,,,,0.268679,,"{""SummEval"": 0.2686793502348669}"
2026-09-01 07:28:23,hyperglot,bert-base-uncased,embedding,,B_threshold,glot,cosine,threshold,0,1,gat,2,cat,0.6,1.0,1.0,8,0,128,128,256,2,32,0.0002,0.0,128,14,424.09,,,,,,,,,,,,,,,1.626249,
2026-09-01 07:29:19,hyperglot,bert-base-uncased,mteb,EmotionClassification,B_threshold,glot,cosine,threshold,0,1,gat,2,cat,0.6,1.0,1.0,8,0,128,128,256,2,32,0.0002,0.0,128,14,44.51,,,,,,,,,,,,,,0.3198,,"{""EmotionClassification"": 0.31980000000000003}"
2026-09-01 07:30:51,hyperglot,bert-base-uncased,mteb,SciFact,B_threshold,glot,cosine,threshold,0,1,gat,2,cat,0.6,1.0,1.0,8,0,128,128,256,2,32,0.0002,0.0,128,14,78.84,,,,,,,,,,,,,,0.22117,,"{""SciFact"": 0.22117}"
2026-09-01 07:40:58,hyperglot,bert-base-uncased,mteb,RedditClustering,B_threshold,glot,cosine,threshold,0,1,gat,2,cat,0.6,1.0,1.0,8,0,128,128,256,2,32,0.0002,0.0,128,14,596.12,,,,,,,,,,,,,,0.351504,,"{""RedditClustering"": 0.3515042176530526}"
2026-09-01 07:41:28,hyperglot,bert-base-uncased,mteb,AskUbuntuDupQuestions,B_threshold,glot,cosine,threshold,0,1,gat,2,cat,0.6,1.0,1.0,8,0,128,128,256,2,32,0.0002,0.0,128,14,17.99,,,,,,,,,,,,,,0.48144,,"{""AskUbuntuDupQuestions"": 0.48144}"
2026-09-01 07:41:52,hyperglot,bert-base-uncased,mteb,STS12,B_threshold,glot,cosine,threshold,0,1,gat,2,cat,0.6,1.0,1.0,8,0,128,128,256,2,32,0.0002,0.0,128,14,12.75,,,,,,,,,,,,,,0.520256,,"{""STS12"": 0.5202559531748686}"
2026-09-01 07:42:31,hyperglot,bert-base-uncased,mteb,TwitterSemEval2015,B_threshold,glot,cosine,threshold,0,1,gat,2,cat,0.6,1.0,1.0,8,0,128,128,256,2,32,0.0002,0.0,128,14,27.49,,,,,,,,,,,,,,0.365297,,"{""TwitterSemEval2015"": 0.36529669069991577}"
2026-09-01 07:42:53,hyperglot,bert-base-uncased,mteb,SummEval,B_threshold,glot,cosine,threshold,0,1,gat,2,cat,0.6,1.0,1.0,8,0,128,128,256,2,32,0.0002,0.0,128,14,9.61,,,,,,,,,,,,,,0.297136,,"{""SummEval"": 0.29713596380503693}"
2026-09-01 07:50:11,hyperglot,bert-base-uncased,embedding,,B_threshold,glot,cosine,threshold,0,1,gat,2,cat,0.6,1.0,1.0,8,0,128,128,256,2,32,0.0002,0.0,128,15,425.81,,,,,,,,,,,,,,,1.476852,
2026-09-01 07:51:07,hyperglot,bert-base-uncased,mteb,EmotionClassification,B_threshold,glot,cosine,threshold,0,1,gat,2,cat,0.6,1.0,1.0,8,0,128,128,256,2,32,0.0002,0.0,128,15,44.94,,,,,,,,,,,,,,0.3304,,"{""EmotionClassification"": 0.33039999999999997}"
2026-09-01 07:52:39,hyperglot,bert-base-uncased,mteb,SciFact,B_threshold,glot,cosine,threshold,0,1,gat,2,cat,0.6,1.0,1.0,8,0,128,128,256,2,32,0.0002,0.0,128,15,79.03,,,,,,,,,,,,,,0.22901,,"{""SciFact"": 0.22901}"
2026-09-01 08:02:47,hyperglot,bert-base-uncased,mteb,RedditClustering,B_threshold,glot,cosine,threshold,0,1,gat,2,cat,0.6,1.0,1.0,8,0,128,128,256,2,32,0.0002,0.0,128,15,596.05,,,,,,,,,,,,,,0.360063,,"{""RedditClustering"": 0.3600628986603271}"
2026-09-01 08:03:16,hyperglot,bert-base-uncased,mteb,AskUbuntuDupQuestions,B_threshold,glot,cosine,threshold,0,1,gat,2,cat,0.6,1.0,1.0,8,0,128,128,256,2,32,0.0002,0.0,128,15,18.12,,,,,,,,,,,,,,0.47408,,"{""AskUbuntuDupQuestions"": 0.47408}"
2026-09-01 08:03:41,hyperglot,bert-base-uncased,mteb,STS12,B_threshold,glot,cosine,threshold,0,1,gat,2,cat,0.6,1.0,1.0,8,0,128,128,256,2,32,0.0002,0.0,128,15,12.77,,,,,,,,,,,,,,0.519924,,"{""STS12"": 0.5199239152629092}"
2026-09-01 08:04:20,hyperglot,bert-base-uncased,mteb,TwitterSemEval2015,B_threshold,glot,cosine,threshold,0,1,gat,2,cat,0.6,1.0,1.0,8,0,128,128,256,2,32,0.0002,0.0,128,15,27.42,,,,,,,,,,,,,,0.377265,,"{""TwitterSemEval2015"": 0.3772648810600506}"
2026-09-01 08:04:41,hyperglot,bert-base-uncased,mteb,SummEval,B_threshold,glot,cosine,threshold,0,1,gat,2,cat,0.6,1.0,1.0,8,0,128,128,256,2,32,0.0002,0.0,128,15,9.45,,,,,,,,,,,,,,0.261848,,"{""SummEval"": 0.2618476174521049}"
2026-09-01 08:12:54,hyperglot,bert-base-uncased,embedding,,C_threshold,glot,cosine,threshold,1,0,gat,2,cat,0.6,1.0,1.0,8,0,128,128,256,2,32,0.0002,0.0,128,1,481.49,,,,,,,,,,,,,,,4.900098,
2026-09-01 08:13:53,hyperglot,bert-base-uncased,mteb,EmotionClassification,C_threshold,glot,cosine,threshold,1,0,gat,2,cat,0.6,1.0,1.0,8,0,128,128,256,2,32,0.0002,0.0,128,1,46.89,,,,,,,,,,,,,,0.35535,,"{""EmotionClassification"": 0.35534999999999994}"
2026-09-01 08:15:26,hyperglot,bert-base-uncased,mteb,SciFact,C_threshold,glot,cosine,threshold,1,0,gat,2,cat,0.6,1.0,1.0,8,0,128,128,256,2,32,0.0002,0.0,128,1,80.41,,,,,,,,,,,,,,0.15918,,"{""SciFact"": 0.15918}"
2026-09-01 08:27:35,hyperglot,bert-base-uncased,mteb,RedditClustering,C_threshold,glot,cosine,threshold,1,0,gat,2,cat,0.6,1.0,1.0,8,0,128,128,256,2,32,0.0002,0.0,128,1,717.44,,,,,,,,,,,,,,0.348604,,"{""RedditClustering"": 0.34860424967918424}"
2026-09-01 08:28:07,hyperglot,bert-base-uncased,mteb,AskUbuntuDupQuestions,C_threshold,glot,cosine,threshold,1,0,gat,2,cat,0.6,1.0,1.0,8,0,128,128,256,2,32,0.0002,0.0,128,1,20.85,,,,,,,,,,,,,,0.48237,,"{""AskUbuntuDupQuestions"": 0.48237}"
2026-09-01 08:28:34,hyperglot,bert-base-uncased,mteb,STS12,C_threshold,glot,cosine,threshold,1,0,gat,2,cat,0.6,1.0,1.0,8,0,128,128,256,2,32,0.0002,0.0,128,1,15.22,,,,,,,,,,,,,,0.403063,,"{""STS12"": 0.4030631545576025}"
2026-09-01 08:29:18,hyperglot,bert-base-uncased,mteb,TwitterSemEval2015,C_threshold,glot,cosine,threshold,1,0,gat,2,cat,0.6,1.0,1.0,8,0,128,128,256,2,32,0.0002,0.0,128,1,32.56,,,,,,,,,,,,,,0.52041,,"{""TwitterSemEval2015"": 0.5204095105855703}"
2026-09-01 08:29:41,hyperglot,bert-base-uncased,mteb,SummEval,C_threshold,glot,cosine,threshold,1,0,gat,2,cat,0.6,1.0,1.0,8,0,128,128,256,2,32,0.0002,0.0,128,1,11.1,,,,,,,,,,,,,,0.297045,,"{""SummEval"": 0.297044734738295}"
2026-09-01 08:37:33,hyperglot,bert-base-uncased,embedding,,C_threshold,glot,cosine,threshold,1,0,gat,2,cat,0.6,1.0,1.0,8,0,128,128,256,2,32,0.0002,0.0,128,2,460.66,,,,,,,,,,,,,,,6.023127,
2026-09-01 08:38:31,hyperglot,bert-base-uncased,mteb,EmotionClassification,C_threshold,glot,cosine,threshold,1,0,gat,2,cat,0.6,1.0,1.0,8,0,128,128,256,2,32,0.0002,0.0,128,2,46.15,,,,,,,,,,,,,,0.34905,,"{""EmotionClassification"": 0.34905}"
2026-09-01 08:40:04,hyperglot,bert-base-uncased,mteb,SciFact,C_threshold,glot,cosine,threshold,1,0,gat,2,cat,0.6,1.0,1.0,8,0,128,128,256,2,32,0.0002,0.0,128,2,80.18,,,,,,,,,,,,,,0.19984,,"{""SciFact"": 0.19984}"
2026-09-01 08:52:13,hyperglot,bert-base-uncased,mteb,RedditClustering,C_threshold,glot,cosine,threshold,1,0,gat,2,cat,0.6,1.0,1.0,8,0,128,128,256,2,32,0.0002,0.0,128,2,717.88,,,,,,,,,,,,,,0.356215,,"{""RedditClustering"": 0.3562152208806284}"
2026-09-01 08:52:45,hyperglot,bert-base-uncased,mteb,AskUbuntuDupQuestions,C_threshold,glot,cosine,threshold,1,0,gat,2,cat,0.6,1.0,1.0,8,0,128,128,256,2,32,0.0002,0.0,128,2,20.4,,,,,,,,,,,,,,0.48033,,"{""AskUbuntuDupQuestions"": 0.48033}"
2026-09-01 08:53:12,hyperglot,bert-base-uncased,mteb,STS12,C_threshold,glot,cosine,threshold,1,0,gat,2,cat,0.6,1.0,1.0,8,0,128,128,256,2,32,0.0002,0.0,128,2,15.0,,,,,,,,,,,,,,0.384965,,"{""STS12"": 0.3849653392696731}"
2026-09-01 08:53:57,hyperglot,bert-base-uncased,mteb,TwitterSemEval2015,C_threshold,glot,cosine,threshold,1,0,gat,2,cat,0.6,1.0,1.0,8,0,128,128,256,2,32,0.0002,0.0,128,2,33.06,,,,,,,,,,,,,,0.518146,,"{""TwitterSemEval2015"": 0.5181457266004043}"
2026-09-01 08:54:19,hyperglot,bert-base-uncased,mteb,SummEval,C_threshold,glot,cosine,threshold,1,0,gat,2,cat,0.6,1.0,1.0,8,0,128,128,256,2,32,0.0002,0.0,128,2,10.77,,,,,,,,,,,,,,0.303298,,"{""SummEval"": 0.30329829230291666}"
2026-09-01 09:02:27,hyperglot,bert-base-uncased,embedding,,C_threshold,glot,cosine,threshold,1,0,gat,2,cat,0.6,1.0,1.0,8,0,128,128,256,2,32,0.0002,0.0,128,3,475.44,,,,,,,,,,,,,,,6.292698,
2026-09-01 09:03:24,hyperglot,bert-base-uncased,mteb,EmotionClassification,C_threshold,glot,cosine,threshold,1,0,gat,2,cat,0.6,1.0,1.0,8,0,128,128,256,2,32,0.0002,0.0,128,3,46.17,,,,,,,,,,,,,,0.34825,,"{""EmotionClassification"": 0.34825}"
2026-09-01 09:04:57,hyperglot,bert-base-uncased,mteb,SciFact,C_threshold,glot,cosine,threshold,1,0,gat,2,cat,0.6,1.0,1.0,8,0,128,128,256,2,32,0.0002,0.0,128,3,80.05,,,,,,,,,,,,,,0.18641,,"{""SciFact"": 0.18641}"
2026-09-01 09:17:07,hyperglot,bert-base-uncased,mteb,RedditClustering,C_threshold,glot,cosine,threshold,1,0,gat,2,cat,0.6,1.0,1.0,8,0,128,128,256,2,32,0.0002,0.0,128,3,718.75,,,,,,,,,,,,,,0.3529,,"{""RedditClustering"": 0.35289989358566837}"
2026-09-01 09:17:40,hyperglot,bert-base-uncased,mteb,AskUbuntuDupQuestions,C_threshold,glot,cosine,threshold,1,0,gat,2,cat,0.6,1.0,1.0,8,0,128,128,256,2,32,0.0002,0.0,128,3,20.75,,,,,,,,,,,,,,0.47619,,"{""AskUbuntuDupQuestions"": 0.47619}"
2026-09-01 09:18:06,hyperglot,bert-base-uncased,mteb,STS12,C_threshold,glot,cosine,threshold,1,0,gat,2,cat,0.6,1.0,1.0,8,0,128,128,256,2,32,0.0002,0.0,128,3,15.12,,,,,,,,,,,,,,0.415468,,"{""STS12"": 0.4154675264795868}"
2026-09-01 09:18:50,hyperglot,bert-base-uncased,mteb,TwitterSemEval2015,C_threshold,glot,cosine,threshold,1,0,gat,2,cat,0.6,1.0,1.0,8,0,128,128,256,2,32,0.0002,0.0,128,3,32.35,,,,,,,,,,,,,,0.519136,,"{""TwitterSemEval2015"": 0.5191357858449966}"
2026-09-01 09:19:13,hyperglot,bert-base-uncased,mteb,SummEval,C_threshold,glot,cosine,threshold,1,0,gat,2,cat,0.6,1.0,1.0,8,0,128,128,256,2,32,0.0002,0.0,128,3,10.74,,,,,,,,,,,,,,0.292697,,"{""SummEval"": 0.29269674399339635}"
2026-09-01 09:27:26,hyperglot,bert-base-uncased,embedding,,C_threshold,glot,cosine,threshold,1,0,gat,2,cat,0.6,1.0,1.0,8,0,128,128,256,2,32,0.0002,0.0,128,4,481.61,,,,,,,,,,,,,,,5.7058,
2026-09-01 09:28:25,hyperglot,bert-base-uncased,mteb,EmotionClassification,C_threshold,glot,cosine,threshold,1,0,gat,2,cat,0.6,1.0,1.0,8,0,128,128,256,2,32,0.0002,0.0,128,4,46.75,,,,,,,,,,,,,,0.3614,,"{""EmotionClassification"": 0.3614}"
2026-09-01 09:29:58,hyperglot,bert-base-uncased,mteb,SciFact,C_threshold,glot,cosine,threshold,1,0,gat,2,cat,0.6,1.0,1.0,8,0,128,128,256,2,32,0.0002,0.0,128,4,80.59,,,,,,,,,,,,,,0.16586,,"{""SciFact"": 0.16586}"
2026-09-01 09:42:06,hyperglot,bert-base-uncased,mteb,RedditClustering,C_threshold,glot,cosine,threshold,1,0,gat,2,cat,0.6,1.0,1.0,8,0,128,128,256,2,32,0.0002,0.0,128,4,715.93,,,,,,,,,,,,,,0.35309,,"{""RedditClustering"": 0.35309017805866866}"
2026-09-01 09:42:38,hyperglot,bert-base-uncased,mteb,AskUbuntuDupQuestions,C_threshold,glot,cosine,threshold,1,0,gat,2,cat,0.6,1.0,1.0,8,0,128,128,256,2,32,0.0002,0.0,128,4,20.59,,,,,,,,,,,,,,0.47585,,"{""AskUbuntuDupQuestions"": 0.47585}"
2026-09-01 09:43:04,hyperglot,bert-base-uncased,mteb,STS12,C_threshold,glot,cosine,threshold,1,0,gat,2,cat,0.6,1.0,1.0,8,0,128,128,256,2,32,0.0002,0.0,128,4,14.74,,,,,,,,,,,,,,0.396469,,"{""STS12"": 0.39646865577942864}"
2026-09-01 09:43:49,hyperglot,bert-base-uncased,mteb,TwitterSemEval2015,C_threshold,glot,cosine,threshold,1,0,gat,2,cat,0.6,1.0,1.0,8,0,128,128,256,2,32,0.0002,0.0,128,4,33.27,,,,,,,,,,,,,,0.525736,,"{""TwitterSemEval2015"": 0.5257363664318203}"
2026-09-01 09:44:11,hyperglot,bert-base-uncased,mteb,SummEval,C_threshold,glot,cosine,threshold,1,0,gat,2,cat,0.6,1.0,1.0,8,0,128,128,256,2,32,0.0002,0.0,128,4,10.66,,,,,,,,,,,,,,0.299561,,"{""SummEval"": 0.29956147484708884}"
2026-09-01 09:52:27,hyperglot,bert-base-uncased,embedding,,C_threshold,glot,cosine,threshold,1,0,gat,2,cat,0.6,1.0,1.0,8,0,128,128,256,2,32,0.0002,0.0,128,5,484.15,,,,,,,,,,,,,,,5.581,
2026-09-01 09:53:26,hyperglot,bert-base-uncased,mteb,EmotionClassification,C_threshold,glot,cosine,threshold,1,0,gat,2,cat,0.6,1.0,1.0,8,0,128,128,256,2,32,0.0002,0.0,128,5,46.65,,,,,,,,,,,,,,0.3558,,"{""EmotionClassification"": 0.3558}"
2026-09-01 09:54:59,hyperglot,bert-base-uncased,mteb,SciFact,C_threshold,glot,cosine,threshold,1,0,gat,2,cat,0.6,1.0,1.0,8,0,128,128,256,2,32,0.0002,0.0,128,5,80.51,,,,,,,,,,,,,,0.16291,,"{""SciFact"": 0.16291}"
2026-09-01 10:07:00,hyperglot,bert-base-uncased,mteb,RedditClustering,C_threshold,glot,cosine,threshold,1,0,gat,2,cat,0.6,1.0,1.0,8,0,128,128,256,2,32,0.0002,0.0,128,5,708.76,,,,,,,,,,,,,,0.345343,,"{""RedditClustering"": 0.3453434724423854}"
2026-09-01 10:07:32,hyperglot,bert-base-uncased,mteb,AskUbuntuDupQuestions,C_threshold,glot,cosine,threshold,1,0,gat,2,cat,0.6,1.0,1.0,8,0,128,128,256,2,32,0.0002,0.0,128,5,20.64,,,,,,,,,,,,,,0.47668,,"{""AskUbuntuDupQuestions"": 0.47668}"
2026-09-01 10:07:58,hyperglot,bert-base-uncased,mteb,STS12,C_threshold,glot,cosine,threshold,1,0,gat,2,cat,0.6,1.0,1.0,8,0,128,128,256,2,32,0.0002,0.0,128,5,14.9,,,,,,,,,,,,,,0.37665,,"{""STS12"": 0.37664963835031984}"
2026-09-01 10:08:43,hyperglot,bert-base-uncased,mteb,TwitterSemEval2015,C_threshold,glot,cosine,threshold,1,0,gat,2,cat,0.6,1.0,1.0,8,0,128,128,256,2,32,0.0002,0.0,128,5,32.87,,,,,,,,,,,,,,0.529865,,"{""TwitterSemEval2015"": 0.5298646179674028}"
2026-09-01 10:09:05,hyperglot,bert-base-uncased,mteb,SummEval,C_threshold,glot,cosine,threshold,1,0,gat,2,cat,0.6,1.0,1.0,8,0,128,128,256,2,32,0.0002,0.0,128,5,10.74,,,,,,,,,,,,,,0.29973,,"{""SummEval"": 0.29973043527337795}"
2026-09-01 10:16:55,hyperglot,bert-base-uncased,embedding,,C_threshold,glot,cosine,threshold,1,0,gat,2,cat,0.6,1.0,1.0,8,0,128,128,256,2,32,0.0002,0.0,128,6,458.27,,,,,,,,,,,,,,,5.37398,
2026-09-01 10:17:53,hyperglot,bert-base-uncased,mteb,EmotionClassification,C_threshold,glot,cosine,threshold,1,0,gat,2,cat,0.6,1.0,1.0,8,0,128,128,256,2,32,0.0002,0.0,128,6,46.33,,,,,,,,,,,,,,0.3507,,"{""EmotionClassification"": 0.35069999999999996}"
2026-09-01 10:19:26,hyperglot,bert-base-uncased,mteb,SciFact,C_threshold,glot,cosine,threshold,1,0,gat,2,cat,0.6,1.0,1.0,8,0,128,128,256,2,32,0.0002,0.0,128,6,80.39,,,,,,,,,,,,,,0.15787,,"{""SciFact"": 0.15787}"
2026-09-01 10:31:29,hyperglot,bert-base-uncased,mteb,RedditClustering,C_threshold,glot,cosine,threshold,1,0,gat,2,cat,0.6,1.0,1.0,8,0,128,128,256,2,32,0.0002,0.0,128,6,711.3,,,,,,,,,,,,,,0.347523,,"{""RedditClustering"": 0.347523328950394}"
2026-09-01 10:32:01,hyperglot,bert-base-uncased,mteb,AskUbuntuDupQuestions,C_threshold,glot,cosine,threshold,1,0,gat,2,cat,0.6,1.0,1.0,8,0,128,128,256,2,32,0.0002,0.0,128,6,20.36,,,,,,,,,,,,,,0.47752,,"{""AskUbuntuDupQuestions"": 0.47752}"
2026-09-01 10:32:28,hyperglot,bert-base-uncased,mteb,STS12,C_threshold,glot,cosine,threshold,1,0,gat,2,cat,0.6,1.0,1.0,8,0,128,128,256,2,32,0.0002,0.0,128,6,14.87,,,,,,,,,,,,,,0.392656,,"{""STS12"": 0.39265585451950435}"
2026-09-01 10:33:13,hyperglot,bert-base-uncased,mteb,TwitterSemEval2015,C_threshold,glot,cosine,threshold,1,0,gat,2,cat,0.6,1.0,1.0,8,0,128,128,256,2,32,0.0002,0.0,128,6,33.04,,,,,,,,,,,,,,0.51504,,"{""TwitterSemEval2015"": 0.5150404949412178}"
2026-09-01 10:33:35,hyperglot,bert-base-uncased,mteb,SummEval,C_threshold,glot,cosine,threshold,1,0,gat,2,cat,0.6,1.0,1.0,8,0,128,128,256,2,32,0.0002,0.0,128,6,10.76,,,,,,,,,,,,,,0.298806,,"{""SummEval"": 0.29880645011634815}"
2026-09-01 10:41:49,hyperglot,bert-base-uncased,embedding,,C_threshold,glot,cosine,threshold,1,0,gat,2,cat,0.6,1.0,1.0,8,0,128,128,256,2,32,0.0002,0.0,128,7,481.95,,,,,,,,,,,,,,,4.831481,
2026-09-01 10:42:47,hyperglot,bert-base-uncased,mteb,EmotionClassification,C_threshold,glot,cosine,threshold,1,0,gat,2,cat,0.6,1.0,1.0,8,0,128,128,256,2,32,0.0002,0.0,128,7,46.01,,,,,,,,,,,,,,0.35145,,"{""EmotionClassification"": 0.35145}"
2026-09-01 10:44:20,hyperglot,bert-base-uncased,mteb,SciFact,C_threshold,glot,cosine,threshold,1,0,gat,2,cat,0.6,1.0,1.0,8,0,128,128,256,2,32,0.0002,0.0,128,7,80.65,,,,,,,,,,,,,,0.17982,,"{""SciFact"": 0.17982}"
2026-09-01 10:56:32,hyperglot,bert-base-uncased,mteb,RedditClustering,C_threshold,glot,cosine,threshold,1,0,gat,2,cat,0.6,1.0,1.0,8,0,128,128,256,2,32,0.0002,0.0,128,7,720.0,,,,,,,,,,,,,,0.364837,,"{""RedditClustering"": 0.36483679805842006}"
2026-09-01 10:57:05,hyperglot,bert-base-uncased,mteb,AskUbuntuDupQuestions,C_threshold,glot,cosine,threshold,1,0,gat,2,cat,0.6,1.0,1.0,8,0,128,128,256,2,32,0.0002,0.0,128,7,20.73,,,,,,,,,,,,,,0.48123,,"{""AskUbuntuDupQuestions"": 0.48123}"
2026-09-01 10:57:32,hyperglot,bert-base-uncased,mteb,STS12,C_threshold,glot,cosine,threshold,1,0,gat,2,cat,0.6,1.0,1.0,8,0,128,128,256,2,32,0.0002,0.0,128,7,15.09,,,,,,,,,,,,,,0.393683,,"{""STS12"": 0.393682682404089}"
2026-09-01 10:58:16,hyperglot,bert-base-uncased,mteb,TwitterSemEval2015,C_threshold,glot,cosine,threshold,1,0,gat,2,cat,0.6,1.0,1.0,8,0,128,128,256,2,32,0.0002,0.0,128,7,33.0,,,,,,,,,,,,,,0.532561,,"{""TwitterSemEval2015"": 0.5325605107107605}"
2026-09-01 10:58:39,hyperglot,bert-base-uncased,mteb,SummEval,C_threshold,glot,cosine,threshold,1,0,gat,2,cat,0.6,1.0,1.0,8,0,128,128,256,2,32,0.0002,0.0,128,7,10.64,,,,,,,,,,,,,,0.294662,,"{""SummEval"": 0.29466157598451387}"
2026-09-01 11:06:53,hyperglot,bert-base-uncased,embedding,,C_threshold,glot,cosine,threshold,1,0,gat,2,cat,0.6,1.0,1.0,8,0,128,128,256,2,32,0.0002,0.0,128,8,482.53,,,,,,,,,,,,,,,5.184853,
2026-09-01 11:07:51,hyperglot,bert-base-uncased,mteb,EmotionClassification,C_threshold,glot,cosine,threshold,1,0,gat,2,cat,0.6,1.0,1.0,8,0,128,128,256,2,32,0.0002,0.0,128,8,46.25,,,,,,,,,,,,,,0.34815,,"{""EmotionClassification"": 0.34815}"
2026-09-01 11:09:24,hyperglot,bert-base-uncased,mteb,SciFact,C_threshold,glot,cosine,threshold,1,0,gat,2,cat,0.6,1.0,1.0,8,0,128,128,256,2,32,0.0002,0.0,128,8,80.54,,,,,,,,,,,,,,0.19166,,"{""SciFact"": 0.19166}"
2026-09-01 11:21:37,hyperglot,bert-base-uncased,mteb,RedditClustering,C_threshold,glot,cosine,threshold,1,0,gat,2,cat,0.6,1.0,1.0,8,0,128,128,256,2,32,0.0002,0.0,128,8,720.55,,,,,,,,,,,,,,0.360574,,"{""RedditClustering"": 0.36057446035279545}"
2026-09-01 11:22:09,hyperglot,bert-base-uncased,mteb,AskUbuntuDupQuestions,C_threshold,glot,cosine,threshold,1,0,gat,2,cat,0.6,1.0,1.0,8,0,128,128,256,2,32,0.0002,0.0,128,8,20.75,,,,,,,,,,,,,,0.48022,,"{""AskUbuntuDupQuestions"": 0.48022}"
2026-09-01 11:22:36,hyperglot,bert-base-uncased,mteb,STS12,C_threshold,glot,cosine,threshold,1,0,gat,2,cat,0.6,1.0,1.0,8,0,128,128,256,2,32,0.0002,0.0,128,8,15.2,,,,,,,,,,,,,,0.401508,,"{""STS12"": 0.4015079113895235}"
2026-09-01 11:23:21,hyperglot,bert-base-uncased,mteb,TwitterSemEval2015,C_threshold,glot,cosine,threshold,1,0,gat,2,cat,0.6,1.0,1.0,8,0,128,128,256,2,32,0.0002,0.0,128,8,32.94,,,,,,,,,,,,,,0.51444,,"{""TwitterSemEval2015"": 0.5144402901706301}"
2026-09-01 11:23:43,hyperglot,bert-base-uncased,mteb,SummEval,C_threshold,glot,cosine,threshold,1,0,gat,2,cat,0.6,1.0,1.0,8,0,128,128,256,2,32,0.0002,0.0,128,8,10.78,,,,,,,,,,,,,,0.297675,,"{""SummEval"": 0.2976754749684841}"
2026-09-01 11:31:40,hyperglot,bert-base-uncased,embedding,,C_threshold,glot,cosine,threshold,1,0,gat,2,cat,0.6,1.0,1.0,8,0,128,128,256,2,32,0.0002,0.0,128,9,464.54,,,,,,,,,,,,,,,6.002771,
2026-09-01 11:32:38,hyperglot,bert-base-uncased,mteb,EmotionClassification,C_threshold,glot,cosine,threshold,1,0,gat,2,cat,0.6,1.0,1.0,8,0,128,128,256,2,32,0.0002,0.0,128,9,46.39,,,,,,,,,,,,,,0.35105,,"{""EmotionClassification"": 0.35105000000000003}"
2026-09-01 11:34:11,hyperglot,bert-base-uncased,mteb,SciFact,C_threshold,glot,cosine,threshold,1,0,gat,2,cat,0.6,1.0,1.0,8,0,128,128,256,2,32,0.0002,0.0,128,9,80.1,,,,,,,,,,,,,,0.20149,,"{""SciFact"": 0.20149}"
2026-09-01 11:46:18,hyperglot,bert-base-uncased,mteb,RedditClustering,C_threshold,glot,cosine,threshold,1,0,gat,2,cat,0.6,1.0,1.0,8,0,128,128,256,2,32,0.0002,0.0,128,9,716.09,,,,,,,,,,,,,,0.352472,,"{""RedditClustering"": 0.3524721598159082}"
2026-09-01 11:46:51,hyperglot,bert-base-uncased,mteb,AskUbuntuDupQuestions,C_threshold,glot,cosine,threshold,1,0,gat,2,cat,0.6,1.0,1.0,8,0,128,128,256,2,32,0.0002,0.0,128,9,20.46,,,,,,,,,,,,,,0.48304,,"{""AskUbuntuDupQuestions"": 0.48304}"
2026-09-01 11:47:17,hyperglot,bert-base-uncased,mteb,STS12,C_threshold,glot,cosine,threshold,1,0,gat,2,cat,0.6,1.0,1.0,8,0,128,128,256,2,32,0.0002,0.0,128,9,15.13,,,,,,,,,,,,,,0.410726,,"{""STS12"": 0.41072558011202565}"
2026-09-01 11:48:02,hyperglot,bert-base-uncased,mteb,TwitterSemEval2015,C_threshold,glot,cosine,threshold,1,0,gat,2,cat,0.6,1.0,1.0,8,0,128,128,256,2,32,0.0002,0.0,128,9,33.08,,,,,,,,,,,,,,0.521985,,"{""TwitterSemEval2015"": 0.5219847467931993}"
2026-09-01 11:48:25,hyperglot,bert-base-uncased,mteb,SummEval,C_threshold,glot,cosine,threshold,1,0,gat,2,cat,0.6,1.0,1.0,8,0,128,128,256,2,32,0.0002,0.0,128,9,10.81,,,,,,,,,,,,,,0.303519,,"{""SummEval"": 0.3035192232943276}"
2026-09-01 11:56:37,hyperglot,bert-base-uncased,embedding,,C_threshold,glot,cosine,threshold,1,0,gat,2,cat,0.6,1.0,1.0,8,0,128,128,256,2,32,0.0002,0.0,128,10,480.26,,,,,,,,,,,,,,,5.326984,
2026-09-01 11:57:34,hyperglot,bert-base-uncased,mteb,EmotionClassification,C_threshold,glot,cosine,threshold,1,0,gat,2,cat,0.6,1.0,1.0,8,0,128,128,256,2,32,0.0002,0.0,128,10,46.07,,,,,,,,,,,,,,0.35195,,"{""EmotionClassification"": 0.35195}"
2026-09-01 11:59:07,hyperglot,bert-base-uncased,mteb,SciFact,C_threshold,glot,cosine,threshold,1,0,gat,2,cat,0.6,1.0,1.0,8,0,128,128,256,2,32,0.0002,0.0,128,10,80.16,,,,,,,,,,,,,,0.16997,,"{""SciFact"": 0.16997}"
2026-09-01 12:11:35,hyperglot,bert-base-uncased,mteb,RedditClustering,C_threshold,glot,cosine,threshold,1,0,gat,2,cat,0.6,1.0,1.0,8,0,128,128,256,2,32,0.0002,0.0,128,10,735.46,,,,,,,,,,,,,,0.351205,,"{""RedditClustering"": 0.35120540220434043}"
2026-09-01 12:12:07,hyperglot,bert-base-uncased,mteb,AskUbuntuDupQuestions,C_threshold,glot,cosine,threshold,1,0,gat,2,cat,0.6,1.0,1.0,8,0,128,128,256,2,32,0.0002,0.0,128,10,20.64,,,,,,,,,,,,,,0.47733,,"{""AskUbuntuDupQuestions"": 0.47733}"
2026-09-01 12:12:34,hyperglot,bert-base-uncased,mteb,STS12,C_threshold,glot,cosine,threshold,1,0,gat,2,cat,0.6,1.0,1.0,8,0,128,128,256,2,32,0.0002,0.0,128,10,14.98,,,,,,,,,,,,,,0.385793,,"{""STS12"": 0.3857928318679834}"
2026-09-01 12:13:20,hyperglot,bert-base-uncased,mteb,TwitterSemEval2015,C_threshold,glot,cosine,threshold,1,0,gat,2,cat,0.6,1.0,1.0,8,0,128,128,256,2,32,0.0002,0.0,128,10,33.79,,,,,,,,,,,,,,0.522729,,"{""TwitterSemEval2015"": 0.5227286912879191}"
2026-09-01 12:13:44,hyperglot,bert-base-uncased,mteb,SummEval,C_threshold,glot,cosine,threshold,1,0,gat,2,cat,0.6,1.0,1.0,8,0,128,128,256,2,32,0.0002,0.0,128,10,13.02,,,,,,,,,,,,,,0.293948,,"{""SummEval"": 0.29394796636214354}"
2026-09-01 12:22:02,hyperglot,bert-base-uncased,embedding,,C_threshold,glot,cosine,threshold,1,0,gat,2,cat,0.6,1.0,1.0,8,0,128,128,256,2,32,0.0002,0.0,128,11,485.44,,,,,,,,,,,,,,,5.699592,
2026-09-01 12:23:00,hyperglot,bert-base-uncased,mteb,EmotionClassification,C_threshold,glot,cosine,threshold,1,0,gat,2,cat,0.6,1.0,1.0,8,0,128,128,256,2,32,0.0002,0.0,128,11,46.76,,,,,,,,,,,,,,0.3467,,"{""EmotionClassification"": 0.34669999999999995}"
2026-09-01 12:24:32,hyperglot,bert-base-uncased,mteb,SciFact,C_threshold,glot,cosine,threshold,1,0,gat,2,cat,0.6,1.0,1.0,8,0,128,128,256,2,32,0.0002,0.0,128,11,79.03,,,,,,,,,,,,,,0.18393,,"{""SciFact"": 0.18393}"
2026-09-01 12:36:51,hyperglot,bert-base-uncased,mteb,RedditClustering,C_threshold,glot,cosine,threshold,1,0,gat,2,cat,0.6,1.0,1.0,8,0,128,128,256,2,32,0.0002,0.0,128,11,726.78,,,,,,,,,,,,,,0.363692,,"{""RedditClustering"": 0.3636918204505203}"
2026-09-01 12:37:23,hyperglot,bert-base-uncased,mteb,AskUbuntuDupQuestions,C_threshold,glot,cosine,threshold,1,0,gat,2,cat,0.6,1.0,1.0,8,0,128,128,256,2,32,0.0002,0.0,128,11,20.55,,,,,,,,,,,,,,0.4786,,"{""AskUbuntuDupQuestions"": 0.4786}"
2026-09-01 12:37:50,hyperglot,bert-base-uncased,mteb,STS12,C_threshold,glot,cosine,threshold,1,0,gat,2,cat,0.6,1.0,1.0,8,0,128,128,256,2,32,0.0002,0.0,128,11,15.1,,,,,,,,,,,,,,0.406347,,"{""STS12"": 0.406347090924574}"
2026-09-01 12:38:36,hyperglot,bert-base-uncased,mteb,TwitterSemEval2015,C_threshold,glot,cosine,threshold,1,0,gat,2,cat,0.6,1.0,1.0,8,0,128,128,256,2,32,0.0002,0.0,128,11,33.21,,,,,,,,,,,,,,0.516329,,"{""TwitterSemEval2015"": 0.5163291155888226}"
2026-09-01 12:38:58,hyperglot,bert-base-uncased,mteb,SummEval,C_threshold,glot,cosine,threshold,1,0,gat,2,cat,0.6,1.0,1.0,8,0,128,128,256,2,32,0.0002,0.0,128,11,10.81,,,,,,,,,,,,,,0.303801,,"{""SummEval"": 0.3038007668531446}"
2026-09-01 12:47:16,hyperglot,bert-base-uncased,embedding,,C_threshold,glot,cosine,threshold,1,0,gat,2,cat,0.6,1.0,1.0,8,0,128,128,256,2,32,0.0002,0.0,128,12,486.09,,,,,,,,,,,,,,,5.306264,
2026-09-01 12:48:15,hyperglot,bert-base-uncased,mteb,EmotionClassification,C_threshold,glot,cosine,threshold,1,0,gat,2,cat,0.6,1.0,1.0,8,0,128,128,256,2,32,0.0002,0.0,128,12,46.88,,,,,,,,,,,,,,0.3518,,"{""EmotionClassification"": 0.35179999999999995}"
2026-09-01 12:49:47,hyperglot,bert-base-uncased,mteb,SciFact,C_threshold,glot,cosine,threshold,1,0,gat,2,cat,0.6,1.0,1.0,8,0,128,128,256,2,32,0.0002,0.0,128,12,79.31,,,,,,,,,,,,,,0.15357,,"{""SciFact"": 0.15357}"
2026-09-01 13:02:18,hyperglot,bert-base-uncased,mteb,RedditClustering,C_threshold,glot,cosine,threshold,1,0,gat,2,cat,0.6,1.0,1.0,8,0,128,128,256,2,32,0.0002,0.0,128,12,738.69,,,,,,,,,,,,,,0.346711,,"{""RedditClustering"": 0.34671056912682857}"
2026-09-01 13:02:51,hyperglot,bert-base-uncased,mteb,AskUbuntuDupQuestions,C_threshold,glot,cosine,threshold,1,0,gat,2,cat,0.6,1.0,1.0,8,0,128,128,256,2,32,0.0002,0.0,128,12,20.71,,,,,,,,,,,,,,0.48434,,"{""AskUbuntuDupQuestions"": 0.48434}"
2026-09-01 13:03:18,hyperglot,bert-base-uncased,mteb,STS12,C_threshold,glot,cosine,threshold,1,0,gat,2,cat,0.6,1.0,1.0,8,0,128,128,256,2,32,0.0002,0.0,128,12,15.27,,,,,,,,,,,,,,0.391416,,"{""STS12"": 0.39141597421108065}"
2026-09-01 13:04:03,hyperglot,bert-base-uncased,mteb,TwitterSemEval2015,C_threshold,glot,cosine,threshold,1,0,gat,2,cat,0.6,1.0,1.0,8,0,128,128,256,2,32,0.0002,0.0,128,12,33.38,,,,,,,,,,,,,,0.514572,,"{""TwitterSemEval2015"": 0.5145721531688833}"
2026-09-01 13:04:26,hyperglot,bert-base-uncased,mteb,SummEval,C_threshold,glot,cosine,threshold,1,0,gat,2,cat,0.6,1.0,1.0,8,0,128,128,256,2,32,0.0002,0.0,128,12,10.85,,,,,,,,,,,,,,0.298764,,"{""SummEval"": 0.29876385274065886}"
2026-09-01 13:12:47,hyperglot,bert-base-uncased,embedding,,C_threshold,glot,cosine,threshold,1,0,gat,2,cat,0.6,1.0,1.0,8,0,128,128,256,2,32,0.0002,0.0,128,13,488.99,,,,,,,,,,,,,,,5.133514,
2026-09-01 13:13:46,hyperglot,bert-base-uncased,mteb,EmotionClassification,C_threshold,glot,cosine,threshold,1,0,gat,2,cat,0.6,1.0,1.0,8,0,128,128,256,2,32,0.0002,0.0,128,13,46.66,,,,,,,,,,,,,,0.3504,,"{""EmotionClassification"": 0.3504}"
2026-09-01 13:15:18,hyperglot,bert-base-uncased,mteb,SciFact,C_threshold,glot,cosine,threshold,1,0,gat,2,cat,0.6,1.0,1.0,8,0,128,128,256,2,32,0.0002,0.0,128,13,79.26,,,,,,,,,,,,,,0.17485,,"{""SciFact"": 0.17485}"
2026-09-01 13:27:36,hyperglot,bert-base-uncased,mteb,RedditClustering,C_threshold,glot,cosine,threshold,1,0,gat,2,cat,0.6,1.0,1.0,8,0,128,128,256,2,32,0.0002,0.0,128,13,726.49,,,,,,,,,,,,,,0.348749,,"{""RedditClustering"": 0.3487485945384243}"
2026-09-01 13:28:09,hyperglot,bert-base-uncased,mteb,AskUbuntuDupQuestions,C_threshold,glot,cosine,threshold,1,0,gat,2,cat,0.6,1.0,1.0,8,0,128,128,256,2,32,0.0002,0.0,128,13,20.85,,,,,,,,,,,,,,0.47573,,"{""AskUbuntuDupQuestions"": 0.47573}"
2026-09-01 13:28:36,hyperglot,bert-base-uncased,mteb,STS12,C_threshold,glot,cosine,threshold,1,0,gat,2,cat,0.6,1.0,1.0,8,0,128,128,256,2,32,0.0002,0.0,128,13,15.32,,,,,,,,,,,,,,0.386068,,"{""STS12"": 0.3860682882105203}"
2026-09-01 13:29:21,hyperglot,bert-base-uncased,mteb,TwitterSemEval2015,C_threshold,glot,cosine,threshold,1,0,gat,2,cat,0.6,1.0,1.0,8,0,128,128,256,2,32,0.0002,0.0,128,13,33.21,,,,,,,,,,,,,,0.524403,,"{""TwitterSemEval2015"": 0.5244029752534248}"
2026-09-01 13:29:44,hyperglot,bert-base-uncased,mteb,SummEval,C_threshold,glot,cosine,threshold,1,0,gat,2,cat,0.6,1.0,1.0,8,0,128,128,256,2,32,0.0002,0.0,128,13,10.76,,,,,,,,,,,,,,0.298057,,"{""SummEval"": 0.2980566812195689}"
2026-09-01 13:37:57,hyperglot,bert-base-uncased,embedding,,C_threshold,glot,cosine,threshold,1,0,gat,2,cat,0.6,1.0,1.0,8,0,128,128,256,2,32,0.0002,0.0,128,14,481.51,,,,,,,,,,,,,,,5.137189,
2026-09-01 13:38:56,hyperglot,bert-base-uncased,mteb,EmotionClassification,C_threshold,glot,cosine,threshold,1,0,gat,2,cat,0.6,1.0,1.0,8,0,128,128,256,2,32,0.0002,0.0,128,14,46.92,,,,,,,,,,,,,,0.34945,,"{""EmotionClassification"": 0.34945}"
2026-09-01 13:40:28,hyperglot,bert-base-uncased,mteb,SciFact,C_threshold,glot,cosine,threshold,1,0,gat,2,cat,0.6,1.0,1.0,8,0,128,128,256,2,32,0.0002,0.0,128,14,79.22,,,,,,,,,,,,,,0.19411,,"{""SciFact"": 0.19411}"
2026-09-01 13:52:43,hyperglot,bert-base-uncased,mteb,RedditClustering,C_threshold,glot,cosine,threshold,1,0,gat,2,cat,0.6,1.0,1.0,8,0,128,128,256,2,32,0.0002,0.0,128,14,722.72,,,,,,,,,,,,,,0.3541,,"{""RedditClustering"": 0.3541002475234168}"
2026-09-01 13:53:16,hyperglot,bert-base-uncased,mteb,AskUbuntuDupQuestions,C_threshold,glot,cosine,threshold,1,0,gat,2,cat,0.6,1.0,1.0,8,0,128,128,256,2,32,0.0002,0.0,128,14,21.55,,,,,,,,,,,,,,0.4787,,"{""AskUbuntuDupQuestions"": 0.4787}"
2026-09-01 13:53:44,hyperglot,bert-base-uncased,mteb,STS12,C_threshold,glot,cosine,threshold,1,0,gat,2,cat,0.6,1.0,1.0,8,0,128,128,256,2,32,0.0002,0.0,128,14,15.14,,,,,,,,,,,,,,0.374382,,"{""STS12"": 0.3743822186126335}"
2026-09-01 13:54:29,hyperglot,bert-base-uncased,mteb,TwitterSemEval2015,C_threshold,glot,cosine,threshold,1,0,gat,2,cat,0.6,1.0,1.0,8,0,128,128,256,2,32,0.0002,0.0,128,14,33.64,,,,,,,,,,,,,,0.526406,,"{""TwitterSemEval2015"": 0.5264061958964519}"
2026-09-01 13:54:52,hyperglot,bert-base-uncased,mteb,SummEval,C_threshold,glot,cosine,threshold,1,0,gat,2,cat,0.6,1.0,1.0,8,0,128,128,256,2,32,0.0002,0.0,128,14,10.61,,,,,,,,,,,,,,0.285988,,"{""SummEval"": 0.28598813487223806}"
2026-09-01 14:03:14,hyperglot,bert-base-uncased,embedding,,C_threshold,glot,cosine,threshold,1,0,gat,2,cat,0.6,1.0,1.0,8,0,128,128,256,2,32,0.0002,0.0,128,15,490.66,,,,,,,,,,,,,,,5.528581,
2026-09-01 14:04:13,hyperglot,bert-base-uncased,mteb,EmotionClassification,C_threshold,glot,cosine,threshold,1,0,gat,2,cat,0.6,1.0,1.0,8,0,128,128,256,2,32,0.0002,0.0,128,15,47.24,,,,,,,,,,,,,,0.35125,,"{""EmotionClassification"": 0.35125}"
2026-09-01 14:05:46,hyperglot,bert-base-uncased,mteb,SciFact,C_threshold,glot,cosine,threshold,1,0,gat,2,cat,0.6,1.0,1.0,8,0,128,128,256,2,32,0.0002,0.0,128,15,79.16,,,,,,,,,,,,,,0.18468,,"{""SciFact"": 0.18468}"
2026-09-01 14:18:03,hyperglot,bert-base-uncased,mteb,RedditClustering,C_threshold,glot,cosine,threshold,1,0,gat,2,cat,0.6,1.0,1.0,8,0,128,128,256,2,32,0.0002,0.0,128,15,725.11,,,,,,,,,,,,,,0.345438,,"{""RedditClustering"": 0.34543782988498634}"
2026-09-01 14:18:35,hyperglot,bert-base-uncased,mteb,AskUbuntuDupQuestions,C_threshold,glot,cosine,threshold,1,0,gat,2,cat,0.6,1.0,1.0,8,0,128,128,256,2,32,0.0002,0.0,128,15,20.81,,,,,,,,,,,,,,0.47355,,"{""AskUbuntuDupQuestions"": 0.47355}"
2026-09-01 14:19:03,hyperglot,bert-base-uncased,mteb,STS12,C_threshold,glot,cosine,threshold,1,0,gat,2,cat,0.6,1.0,1.0,8,0,128,128,256,2,32,0.0002,0.0,128,15,15.44,,,,,,,,,,,,,,0.393934,,"{""STS12"": 0.3939342734408379}"
2026-09-01 14:19:49,hyperglot,bert-base-uncased,mteb,TwitterSemEval2015,C_threshold,glot,cosine,threshold,1,0,gat,2,cat,0.6,1.0,1.0,8,0,128,128,256,2,32,0.0002,0.0,128,15,34.03,,,,,,,,,,,,,,0.522979,,"{""TwitterSemEval2015"": 0.522979012985419}"
2026-09-01 14:20:12,hyperglot,bert-base-uncased,mteb,SummEval,C_threshold,glot,cosine,threshold,1,0,gat,2,cat,0.6,1.0,1.0,8,0,128,128,256,2,32,0.0002,0.0,128,15,10.96,,,,,,,,,,,,,,0.294366,,"{""SummEval"": 0.29436635020342733}"
2026-09-01 14:29:41,hyperglot,bert-base-uncased,embedding,,AC_threshold,glot,poincare,threshold,1,0,gat,2,cat,0.6,1.0,1.0,8,0,128,128,256,2,32,0.0002,0.0,128,1,556.5,,,,,,,,,,,,,,,4.83611,
2026-09-01 14:30:44,hyperglot,bert-base-uncased,mteb,EmotionClassification,AC_threshold,glot,poincare,threshold,1,0,gat,2,cat,0.6,1.0,1.0,8,0,128,128,256,2,32,0.0002,0.0,128,1,51.42,,,,,,,,,,,,,,0.3556,,"{""EmotionClassification"": 0.3556}"
2026-09-01 14:32:06,hyperglot,bert-base-uncased,mteb,SciFact,AC_threshold,glot,poincare,threshold,1,0,gat,2,cat,0.6,1.0,1.0,8,0,128,128,256,2,32,0.0002,0.0,128,1,68.62,,,,,,,,,,,,,,0.15709,,"{""SciFact"": 0.15709}"
2026-09-01 14:53:12,hyperglot,bert-base-uncased,mteb,RedditClustering,AC_threshold,glot,poincare,threshold,1,0,gat,2,cat,0.6,1.0,1.0,8,0,128,128,256,2,32,0.0002,0.0,128,1,1254.49,,,,,,,,,,,,,,0.354942,,"{""RedditClustering"": 0.35494244913034834}"
2026-09-01 14:53:55,hyperglot,bert-base-uncased,mteb,AskUbuntuDupQuestions,AC_threshold,glot,poincare,threshold,1,0,gat,2,cat,0.6,1.0,1.0,8,0,128,128,256,2,32,0.0002,0.0,128,1,31.05,,,,,,,,,,,,,,0.48386,,"{""AskUbuntuDupQuestions"": 0.48386}"
2026-09-01 14:54:30,hyperglot,bert-base-uncased,mteb,STS12,AC_threshold,glot,poincare,threshold,1,0,gat,2,cat,0.6,1.0,1.0,8,0,128,128,256,2,32,0.0002,0.0,128,1,23.05,,,,,,,,,,,,,,0.408754,,"{""STS12"": 0.4087538523164509}"
2026-09-01 14:55:36,hyperglot,bert-base-uncased,mteb,TwitterSemEval2015,AC_threshold,glot,poincare,threshold,1,0,gat,2,cat,0.6,1.0,1.0,8,0,128,128,256,2,32,0.0002,0.0,128,1,54.65,,,,,,,,,,,,,,0.519602,,"{""TwitterSemEval2015"": 0.519601832779288}"
2026-09-01 14:56:02,hyperglot,bert-base-uncased,mteb,SummEval,AC_threshold,glot,poincare,threshold,1,0,gat,2,cat,0.6,1.0,1.0,8,0,128,128,256,2,32,0.0002,0.0,128,1,14.12,,,,,,,,,,,,,,0.293954,,"{""SummEval"": 0.2939537072318663}"
2026-09-01 15:05:42,hyperglot,bert-base-uncased,embedding,,AC_threshold,glot,poincare,threshold,1,0,gat,2,cat,0.6,1.0,1.0,8,0,128,128,256,2,32,0.0002,0.0,128,2,568.09,,,,,,,,,,,,,,,6.053614,
2026-09-01 15:06:46,hyperglot,bert-base-uncased,mteb,EmotionClassification,AC_threshold,glot,poincare,threshold,1,0,gat,2,cat,0.6,1.0,1.0,8,0,128,128,256,2,32,0.0002,0.0,128,2,51.75,,,,,,,,,,,,,,0.35065,,"{""EmotionClassification"": 0.35065}"
2026-09-01 15:08:08,hyperglot,bert-base-uncased,mteb,SciFact,AC_threshold,glot,poincare,threshold,1,0,gat,2,cat,0.6,1.0,1.0,8,0,128,128,256,2,32,0.0002,0.0,128,2,68.73,,,,,,,,,,,,,,0.19863,,"{""SciFact"": 0.19863}"
2026-09-01 15:29:29,hyperglot,bert-base-uncased,mteb,RedditClustering,AC_threshold,glot,poincare,threshold,1,0,gat,2,cat,0.6,1.0,1.0,8,0,128,128,256,2,32,0.0002,0.0,128,2,1269.15,,,,,,,,,,,,,,0.360623,,"{""RedditClustering"": 0.3606232832537523}"
2026-09-01 15:30:12,hyperglot,bert-base-uncased,mteb,AskUbuntuDupQuestions,AC_threshold,glot,poincare,threshold,1,0,gat,2,cat,0.6,1.0,1.0,8,0,128,128,256,2,32,0.0002,0.0,128,2,30.79,,,,,,,,,,,,,,0.48042,,"{""AskUbuntuDupQuestions"": 0.48042}"
2026-09-01 15:30:48,hyperglot,bert-base-uncased,mteb,STS12,AC_threshold,glot,poincare,threshold,1,0,gat,2,cat,0.6,1.0,1.0,8,0,128,128,256,2,32,0.0002,0.0,128,2,23.52,,,,,,,,,,,,,,0.383289,,"{""STS12"": 0.3832885675709183}"
2026-09-01 15:31:55,hyperglot,bert-base-uncased,mteb,TwitterSemEval2015,AC_threshold,glot,poincare,threshold,1,0,gat,2,cat,0.6,1.0,1.0,8,0,128,128,256,2,32,0.0002,0.0,128,2,55.65,,,,,,,,,,,,,,0.517082,,"{""TwitterSemEval2015"": 0.5170821485200762}"
2026-09-01 15:32:22,hyperglot,bert-base-uncased,mteb,SummEval,AC_threshold,glot,poincare,threshold,1,0,gat,2,cat,0.6,1.0,1.0,8,0,128,128,256,2,32,0.0002,0.0,128,2,14.19,,,,,,,,,,,,,,0.297849,,"{""SummEval"": 0.2978489209446589}"
2026-09-01 15:42:11,hyperglot,bert-base-uncased,embedding,,AC_threshold,glot,poincare,threshold,1,0,gat,2,cat,0.6,1.0,1.0,8,0,128,128,256,2,32,0.0002,0.0,128,3,577.56,,,,,,,,,,,,,,,6.238193,
2026-09-01 15:43:15,hyperglot,bert-base-uncased,mteb,EmotionClassification,AC_threshold,glot,poincare,threshold,1,0,gat,2,cat,0.6,1.0,1.0,8,0,128,128,256,2,32,0.0002,0.0,128,3,51.49,,,,,,,,,,,,,,0.34815,,"{""EmotionClassification"": 0.34815}"
2026-09-01 15:44:37,hyperglot,bert-base-uncased,mteb,SciFact,AC_threshold,glot,poincare,threshold,1,0,gat,2,cat,0.6,1.0,1.0,8,0,128,128,256,2,32,0.0002,0.0,128,3,68.41,,,,,,,,,,,,,,0.18236,,"{""SciFact"": 0.18236}"
2026-09-01 16:05:50,hyperglot,bert-base-uncased,mteb,RedditClustering,AC_threshold,glot,poincare,threshold,1,0,gat,2,cat,0.6,1.0,1.0,8,0,128,128,256,2,32,0.0002,0.0,128,3,1261.92,,,,,,,,,,,,,,0.350001,,"{""RedditClustering"": 0.35000106806233555}"
2026-09-01 16:06:34,hyperglot,bert-base-uncased,mteb,AskUbuntuDupQuestions,AC_threshold,glot,poincare,threshold,1,0,gat,2,cat,0.6,1.0,1.0,8,0,128,128,256,2,32,0.0002,0.0,128,3,31.05,,,,,,,,,,,,,,0.47776,,"{""AskUbuntuDupQuestions"": 0.47776}"
2026-09-01 16:07:09,hyperglot,bert-base-uncased,mteb,STS12,AC_threshold,glot,poincare,threshold,1,0,gat,2,cat,0.6,1.0,1.0,8,0,128,128,256,2,32,0.0002,0.0,128,3,23.2,,,,,,,,,,,,,,0.407085,,"{""STS12"": 0.40708511294017485}"
2026-09-01 16:08:18,hyperglot,bert-base-uncased,mteb,TwitterSemEval2015,AC_threshold,glot,poincare,threshold,1,0,gat,2,cat,0.6,1.0,1.0,8,0,128,128,256,2,32,0.0002,0.0,128,3,56.56,,,,,,,,,,,,,,0.519843,,"{""TwitterSemEval2015"": 0.5198432162494471}"
2026-09-01 16:08:44,hyperglot,bert-base-uncased,mteb,SummEval,AC_threshold,glot,poincare,threshold,1,0,gat,2,cat,0.6,1.0,1.0,8,0,128,128,256,2,32,0.0002,0.0,128,3,14.33,,,,,,,,,,,,,,0.293655,,"{""SummEval"": 0.2936552150966412}"
2026-09-01 16:18:18,hyperglot,bert-base-uncased,embedding,,AC_threshold,glot,poincare,threshold,1,0,gat,2,cat,0.6,1.0,1.0,8,0,128,128,256,2,32,0.0002,0.0,128,4,561.67,,,,,,,,,,,,,,,5.703805,
2026-09-01 16:19:23,hyperglot,bert-base-uncased,mteb,EmotionClassification,AC_threshold,glot,poincare,threshold,1,0,gat,2,cat,0.6,1.0,1.0,8,0,128,128,256,2,32,0.0002,0.0,128,4,52.35,,,,,,,,,,,,,,0.3613,,"{""EmotionClassification"": 0.36130000000000007}"
2026-09-01 16:20:45,hyperglot,bert-base-uncased,mteb,SciFact,AC_threshold,glot,poincare,threshold,1,0,gat,2,cat,0.6,1.0,1.0,8,0,128,128,256,2,32,0.0002,0.0,128,4,69.38,,,,,,,,,,,,,,0.1633,,"{""SciFact"": 0.1633}"
2026-09-01 16:42:23,hyperglot,bert-base-uncased,mteb,RedditClustering,AC_threshold,glot,poincare,threshold,1,0,gat,2,cat,0.6,1.0,1.0,8,0,128,128,256,2,32,0.0002,0.0,128,4,1285.38,,,,,,,,,,,,,,0.349845,,"{""RedditClustering"": 0.34984504077825945}"
2026-09-01 16:43:06,hyperglot,bert-base-uncased,mteb,AskUbuntuDupQuestions,AC_threshold,glot,poincare,threshold,1,0,gat,2,cat,0.6,1.0,1.0,8,0,128,128,256,2,32,0.0002,0.0,128,4,30.79,,,,,,,,,,,,,,0.47804,,"{""AskUbuntuDupQuestions"": 0.47804}"
2026-09-01 16:43:42,hyperglot,bert-base-uncased,mteb,STS12,AC_threshold,glot,poincare,threshold,1,0,gat,2,cat,0.6,1.0,1.0,8,0,128,128,256,2,32,0.0002,0.0,128,4,23.73,,,,,,,,,,,,,,0.395427,,"{""STS12"": 0.3954273524120152}"
2026-09-01 16:44:51,hyperglot,bert-base-uncased,mteb,TwitterSemEval2015,AC_threshold,glot,poincare,threshold,1,0,gat,2,cat,0.6,1.0,1.0,8,0,128,128,256,2,32,0.0002,0.0,128,4,56.29,,,,,,,,,,,,,,0.525423,,"{""TwitterSemEval2015"": 0.5254231647571757}"
2026-09-01 16:45:17,hyperglot,bert-base-uncased,mteb,SummEval,AC_threshold,glot,poincare,threshold,1,0,gat,2,cat,0.6,1.0,1.0,8,0,128,128,256,2,32,0.0002,0.0,128,4,14.21,,,,,,,,,,,,,,0.303497,,"{""SummEval"": 0.30349749620043737}"
2026-09-01 16:55:44,hyperglot,bert-base-uncased,embedding,,AC_threshold,glot,poincare,threshold,1,0,gat,2,cat,0.6,1.0,1.0,8,0,128,128,256,2,32,0.0002,0.0,128,5,614.84,,,,,,,,,,,,,,,5.490444,
2026-09-01 16:56:48,hyperglot,bert-base-uncased,mteb,EmotionClassification,AC_threshold,glot,poincare,threshold,1,0,gat,2,cat,0.6,1.0,1.0,8,0,128,128,256,2,32,0.0002,0.0,128,5,51.82,,,,,,,,,,,,,,0.35665,,"{""EmotionClassification"": 0.35665}"
2026-09-01 16:58:10,hyperglot,bert-base-uncased,mteb,SciFact,AC_threshold,glot,poincare,threshold,1,0,gat,2,cat,0.6,1.0,1.0,8,0,128,128,256,2,32,0.0002,0.0,128,5,68.66,,,,,,,,,,,,,,0.16987,,"{""SciFact"": 0.16987}"
2026-09-01 17:19:19,hyperglot,bert-base-uncased,mteb,RedditClustering,AC_threshold,glot,poincare,threshold,1,0,gat,2,cat,0.6,1.0,1.0,8,0,128,128,256,2,32,0.0002,0.0,128,5,1256.72,,,,,,,,,,,,,,0.346054,,"{""RedditClustering"": 0.3460541759010075}"
2026-09-01 17:20:02,hyperglot,bert-base-uncased,mteb,AskUbuntuDupQuestions,AC_threshold,glot,poincare,threshold,1,0,gat,2,cat,0.6,1.0,1.0,8,0,128,128,256,2,32,0.0002,0.0,128,5,31.12,,,,,,,,,,,,,,0.48131,,"{""AskUbuntuDupQuestions"": 0.48131}"
2026-09-01 17:20:38,hyperglot,bert-base-uncased,mteb,STS12,AC_threshold,glot,poincare,threshold,1,0,gat,2,cat,0.6,1.0,1.0,8,0,128,128,256,2,32,0.0002,0.0,128,5,23.62,,,,,,,,,,,,,,0.386694,,"{""STS12"": 0.3866935362175435}"
2026-09-01 17:21:46,hyperglot,bert-base-uncased,mteb,TwitterSemEval2015,AC_threshold,glot,poincare,threshold,1,0,gat,2,cat,0.6,1.0,1.0,8,0,128,128,256,2,32,0.0002,0.0,128,5,56.18,,,,,,,,,,,,,,0.527044,,"{""TwitterSemEval2015"": 0.5270440442389761}"
2026-09-01 17:22:12,hyperglot,bert-base-uncased,mteb,SummEval,AC_threshold,glot,poincare,threshold,1,0,gat,2,cat,0.6,1.0,1.0,8,0,128,128,256,2,32,0.0002,0.0,128,5,14.5,,,,,,,,,,,,,,0.295037,,"{""SummEval"": 0.29503674192307144}"
2026-09-01 17:31:42,hyperglot,bert-base-uncased,embedding,,AC_threshold,glot,poincare,threshold,1,0,gat,2,cat,0.6,1.0,1.0,8,0,128,128,256,2,32,0.0002,0.0,128,6,557.73,,,,,,,,,,,,,,,5.356894,
2026-09-01 17:32:46,hyperglot,bert-base-uncased,mteb,EmotionClassification,AC_threshold,glot,poincare,threshold,1,0,gat,2,cat,0.6,1.0,1.0,8,0,128,128,256,2,32,0.0002,0.0,128,6,51.92,,,,,,,,,,,,,,0.3497,,"{""EmotionClassification"": 0.3497}"
2026-09-01 17:34:08,hyperglot,bert-base-uncased,mteb,SciFact,AC_threshold,glot,poincare,threshold,1,0,gat,2,cat,0.6,1.0,1.0,8,0,128,128,256,2,32,0.0002,0.0,128,6,68.64,,,,,,,,,,,,,,0.17029,,"{""SciFact"": 0.17029}"
2026-09-01 17:55:23,hyperglot,bert-base-uncased,mteb,RedditClustering,AC_threshold,glot,poincare,threshold,1,0,gat,2,cat,0.6,1.0,1.0,8,0,128,128,256,2,32,0.0002,0.0,128,6,1262.26,,,,,,,,,,,,,,0.347508,,"{""RedditClustering"": 0.34750839980119147}"
2026-09-01 17:56:06,hyperglot,bert-base-uncased,mteb,AskUbuntuDupQuestions,AC_threshold,glot,poincare,threshold,1,0,gat,2,cat,0.6,1.0,1.0,8,0,128,128,256,2,32,0.0002,0.0,128,6,31.63,,,,,,,,,,,,,,0.47878,,"{""AskUbuntuDupQuestions"": 0.47878}"
2026-09-01 17:56:42,hyperglot,bert-base-uncased,mteb,STS12,AC_threshold,glot,poincare,threshold,1,0,gat,2,cat,0.6,1.0,1.0,8,0,128,128,256,2,32,0.0002,0.0,128,6,23.15,,,,,,,,,,,,,,0.390165,,"{""STS12"": 0.3901653680262757}"
2026-09-01 17:57:50,hyperglot,bert-base-uncased,mteb,TwitterSemEval2015,AC_threshold,glot,poincare,threshold,1,0,gat,2,cat,0.6,1.0,1.0,8,0,128,128,256,2,32,0.0002,0.0,128,6,56.07,,,,,,,,,,,,,,0.518205,,"{""TwitterSemEval2015"": 0.5182052721551392}"
2026-09-01 17:58:17,hyperglot,bert-base-uncased,mteb,SummEval,AC_threshold,glot,poincare,threshold,1,0,gat,2,cat,0.6,1.0,1.0,8,0,128,128,256,2,32,0.0002,0.0,128,6,14.38,,,,,,,,,,,,,,0.300494,,"{""SummEval"": 0.30049359549507737}"
2026-09-01 18:08:16,hyperglot,bert-base-uncased,embedding,,AC_threshold,glot,poincare,threshold,1,0,gat,2,cat,0.6,1.0,1.0,8,0,128,128,256,2,32,0.0002,0.0,128,7,587.06,,,,,,,,,,,,,,,4.82462,
2026-09-01 18:09:19,hyperglot,bert-base-uncased,mteb,EmotionClassification,AC_threshold,glot,poincare,threshold,1,0,gat,2,cat,0.6,1.0,1.0,8,0,128,128,256,2,32,0.0002,0.0,128,7,51.42,,,,,,,,,,,,,,0.3509,,"{""EmotionClassification"": 0.35090000000000005}"
2026-09-01 18:10:41,hyperglot,bert-base-uncased,mteb,SciFact,AC_threshold,glot,poincare,threshold,1,0,gat,2,cat,0.6,1.0,1.0,8,0,128,128,256,2,32,0.0002,0.0,128,7,68.8,,,,,,,,,,,,,,0.17195,,"{""SciFact"": 0.17195}"
2026-09-01 18:31:59,hyperglot,bert-base-uncased,mteb,RedditClustering,AC_threshold,glot,poincare,threshold,1,0,gat,2,cat,0.6,1.0,1.0,8,0,128,128,256,2,32,0.0002,0.0,128,7,1266.19,,,,,,,,,,,,,,0.364434,,"{""RedditClustering"": 0.364433637831544}"
2026-09-01 18:32:42,hyperglot,bert-base-uncased,mteb,AskUbuntuDupQuestions,AC_threshold,glot,poincare,threshold,1,0,gat,2,cat,0.6,1.0,1.0,8,0,128,128,256,2,32,0.0002,0.0,128,7,30.57,,,,,,,,,,,,,,0.48056,,"{""AskUbuntuDupQuestions"": 0.48056}"
2026-09-01 18:33:18,hyperglot,bert-base-uncased,mteb,STS12,AC_threshold,glot,poincare,threshold,1,0,gat,2,cat,0.6,1.0,1.0,8,0,128,128,256,2,32,0.0002,0.0,128,7,23.46,,,,,,,,,,,,,,0.392544,,"{""STS12"": 0.39254415244575974}"
2026-09-01 18:34:27,hyperglot,bert-base-uncased,mteb,TwitterSemEval2015,AC_threshold,glot,poincare,threshold,1,0,gat,2,cat,0.6,1.0,1.0,8,0,128,128,256,2,32,0.0002,0.0,128,7,57.14,,,,,,,,,,,,,,0.538881,,"{""TwitterSemEval2015"": 0.5388814722812466}"
2026-09-01 18:34:53,hyperglot,bert-base-uncased,mteb,SummEval,AC_threshold,glot,poincare,threshold,1,0,gat,2,cat,0.6,1.0,1.0,8,0,128,128,256,2,32,0.0002,0.0,128,7,14.41,,,,,,,,,,,,,,0.292372,,"{""SummEval"": 0.2923715621339338}"
2026-09-01 18:44:57,hyperglot,bert-base-uncased,embedding,,AC_threshold,glot,poincare,threshold,1,0,gat,2,cat,0.6,1.0,1.0,8,0,128,128,256,2,32,0.0002,0.0,128,8,591.15,,,,,,,,,,,,,,,5.1832,
2026-09-01 18:46:00,hyperglot,bert-base-uncased,mteb,EmotionClassification,AC_threshold,glot,poincare,threshold,1,0,gat,2,cat,0.6,1.0,1.0,8,0,128,128,256,2,32,0.0002,0.0,128,8,51.61,,,,,,,,,,,,,,0.34955,,"{""EmotionClassification"": 0.34955}"
2026-09-01 18:47:22,hyperglot,bert-base-uncased,mteb,SciFact,AC_threshold,glot,poincare,threshold,1,0,gat,2,cat,0.6,1.0,1.0,8,0,128,128,256,2,32,0.0002,0.0,128,8,68.47,,,,,,,,,,,,,,0.19031,,"{""SciFact"": 0.19031}"
2026-09-01 19:08:40,hyperglot,bert-base-uncased,mteb,RedditClustering,AC_threshold,glot,poincare,threshold,1,0,gat,2,cat,0.6,1.0,1.0,8,0,128,128,256,2,32,0.0002,0.0,128,8,1266.29,,,,,,,,,,,,,,0.362492,,"{""RedditClustering"": 0.3624916951455859}"
2026-09-01 19:09:22,hyperglot,bert-base-uncased,mteb,AskUbuntuDupQuestions,AC_threshold,glot,poincare,threshold,1,0,gat,2,cat,0.6,1.0,1.0,8,0,128,128,256,2,32,0.0002,0.0,128,8,30.19,,,,,,,,,,,,,,0.47858,,"{""AskUbuntuDupQuestions"": 0.47858}"
2026-09-01 19:09:58,hyperglot,bert-base-uncased,mteb,STS12,AC_threshold,glot,poincare,threshold,1,0,gat,2,cat,0.6,1.0,1.0,8,0,128,128,256,2,32,0.0002,0.0,128,8,23.62,,,,,,,,,,,,,,0.402185,,"{""STS12"": 0.40218487586886387}"
2026-09-01 19:11:06,hyperglot,bert-base-uncased,mteb,TwitterSemEval2015,AC_threshold,glot,poincare,threshold,1,0,gat,2,cat,0.6,1.0,1.0,8,0,128,128,256,2,32,0.0002,0.0,128,8,55.58,,,,,,,,,,,,,,0.513945,,"{""TwitterSemEval2015"": 0.513945245412443}"
2026-09-01 19:11:32,hyperglot,bert-base-uncased,mteb,SummEval,AC_threshold,glot,poincare,threshold,1,0,gat,2,cat,0.6,1.0,1.0,8,0,128,128,256,2,32,0.0002,0.0,128,8,14.22,,,,,,,,,,,,,,0.293554,,"{""SummEval"": 0.29355400789056363}"
2026-09-01 19:21:05,hyperglot,bert-base-uncased,embedding,,AC_threshold,glot,poincare,threshold,1,0,gat,2,cat,0.6,1.0,1.0,8,0,128,128,256,2,32,0.0002,0.0,128,9,560.69,,,,,,,,,,,,,,,6.000355,
2026-09-01 19:22:09,hyperglot,bert-base-uncased,mteb,EmotionClassification,AC_threshold,glot,poincare,threshold,1,0,gat,2,cat,0.6,1.0,1.0,8,0,128,128,256,2,32,0.0002,0.0,128,9,51.47,,,,,,,,,,,,,,0.3502,,"{""EmotionClassification"": 0.35020000000000007}"
2026-09-01 19:23:31,hyperglot,bert-base-uncased,mteb,SciFact,AC_threshold,glot,poincare,threshold,1,0,gat,2,cat,0.6,1.0,1.0,8,0,128,128,256,2,32,0.0002,0.0,128,9,68.8,,,,,,,,,,,,,,0.19852,,"{""SciFact"": 0.19852}"
2026-09-01 19:44:46,hyperglot,bert-base-uncased,mteb,RedditClustering,AC_threshold,glot,poincare,threshold,1,0,gat,2,cat,0.6,1.0,1.0,8,0,128,128,256,2,32,0.0002,0.0,128,9,1263.15,,,,,,,,,,,,,,0.355669,,"{""RedditClustering"": 0.3556692424047827}"
2026-09-01 19:45:28,hyperglot,bert-base-uncased,mteb,AskUbuntuDupQuestions,AC_threshold,glot,poincare,threshold,1,0,gat,2,cat,0.6,1.0,1.0,8,0,128,128,256,2,32,0.0002,0.0,128,9,30.68,,,,,,,,,,,,,,0.47833,,"{""AskUbuntuDupQuestions"": 0.47833}"
2026-09-01 19:46:04,hyperglot,bert-base-uncased,mteb,STS12,AC_threshold,glot,poincare,threshold,1,0,gat,2,cat,0.6,1.0,1.0,8,0,128,128,256,2,32,0.0002,0.0,128,9,23.32,,,,,,,,,,,,,,0.406633,,"{""STS12"": 0.40663257144004916}"
2026-09-01 19:47:13,hyperglot,bert-base-uncased,mteb,TwitterSemEval2015,AC_threshold,glot,poincare,threshold,1,0,gat,2,cat,0.6,1.0,1.0,8,0,128,128,256,2,32,0.0002,0.0,128,9,56.97,,,,,,,,,,,,,,0.521778,,"{""TwitterSemEval2015"": 0.5217779760826599}"
2026-09-01 19:47:40,hyperglot,bert-base-uncased,mteb,SummEval,AC_threshold,glot,poincare,threshold,1,0,gat,2,cat,0.6,1.0,1.0,8,0,128,128,256,2,32,0.0002,0.0,128,9,14.24,,,,,,,,,,,,,,0.298589,,"{""SummEval"": 0.29858868023849444}"
2026-09-01 19:57:10,hyperglot,bert-base-uncased,embedding,,AC_threshold,glot,poincare,threshold,1,0,gat,2,cat,0.6,1.0,1.0,8,0,128,128,256,2,32,0.0002,0.0,128,10,558.17,,,,,,,,,,,,,,,5.342119,
2026-09-01 19:58:14,hyperglot,bert-base-uncased,mteb,EmotionClassification,AC_threshold,glot,poincare,threshold,1,0,gat,2,cat,0.6,1.0,1.0,8,0,128,128,256,2,32,0.0002,0.0,128,10,51.81,,,,,,,,,,,,,,0.35235,,"{""EmotionClassification"": 0.35235000000000005}"
2026-09-01 19:59:36,hyperglot,bert-base-uncased,mteb,SciFact,AC_threshold,glot,poincare,threshold,1,0,gat,2,cat,0.6,1.0,1.0,8,0,128,128,256,2,32,0.0002,0.0,128,10,68.76,,,,,,,,,,,,,,0.17042,,"{""SciFact"": 0.17042}"
2026-09-01 20:20:55,hyperglot,bert-base-uncased,mteb,RedditClustering,AC_threshold,glot,poincare,threshold,1,0,gat,2,cat,0.6,1.0,1.0,8,0,128,128,256,2,32,0.0002,0.0,128,10,1266.75,,,,,,,,,,,,,,0.354359,,"{""RedditClustering"": 0.3543585056109878}"
2026-09-01 20:21:38,hyperglot,bert-base-uncased,mteb,AskUbuntuDupQuestions,AC_threshold,glot,poincare,threshold,1,0,gat,2,cat,0.6,1.0,1.0,8,0,128,128,256,2,32,0.0002,0.0,128,10,30.93,,,,,,,,,,,,,,0.478,,"{""AskUbuntuDupQuestions"": 0.478}"
2026-09-01 20:22:13,hyperglot,bert-base-uncased,mteb,STS12,AC_threshold,glot,poincare,threshold,1,0,gat,2,cat,0.6,1.0,1.0,8,0,128,128,256,2,32,0.0002,0.0,128,10,23.14,,,,,,,,,,,,,,0.38613,,"{""STS12"": 0.38612976661722875}"
2026-09-01 20:23:22,hyperglot,bert-base-uncased,mteb,TwitterSemEval2015,AC_threshold,glot,poincare,threshold,1,0,gat,2,cat,0.6,1.0,1.0,8,0,128,128,256,2,32,0.0002,0.0,128,10,57.08,,,,,,,,,,,,,,0.518646,,"{""TwitterSemEval2015"": 0.5186464626897735}"
2026-09-01 20:23:49,hyperglot,bert-base-uncased,mteb,SummEval,AC_threshold,glot,poincare,threshold,1,0,gat,2,cat,0.6,1.0,1.0,8,0,128,128,256,2,32,0.0002,0.0,128,10,14.43,,,,,,,,,,,,,,0.298282,,"{""SummEval"": 0.29828174846404015}"
2026-09-01 20:33:35,hyperglot,bert-base-uncased,embedding,,AC_threshold,glot,poincare,threshold,1,0,gat,2,cat,0.6,1.0,1.0,8,0,128,128,256,2,32,0.0002,0.0,128,11,574.04,,,,,,,,,,,,,,,5.693653,
2026-09-01 20:34:39,hyperglot,bert-base-uncased,mteb,EmotionClassification,AC_threshold,glot,poincare,threshold,1,0,gat,2,cat,0.6,1.0,1.0,8,0,128,128,256,2,32,0.0002,0.0,128,11,51.86,,,,,,,,,,,,,,0.34525,,"{""EmotionClassification"": 0.34525000000000006}"
2026-09-01 20:36:02,hyperglot,bert-base-uncased,mteb,SciFact,AC_threshold,glot,poincare,threshold,1,0,gat,2,cat,0.6,1.0,1.0,8,0,128,128,256,2,32,0.0002,0.0,128,11,68.96,,,,,,,,,,,,,,0.18071,,"{""SciFact"": 0.18071}"
2026-09-01 20:57:25,hyperglot,bert-base-uncased,mteb,RedditClustering,AC_threshold,glot,poincare,threshold,1,0,gat,2,cat,0.6,1.0,1.0,8,0,128,128,256,2,32,0.0002,0.0,128,11,1271.1,,,,,,,,,,,,,,0.358848,,"{""RedditClustering"": 0.35884812786996245}"
2026-09-01 20:58:07,hyperglot,bert-base-uncased,mteb,AskUbuntuDupQuestions,AC_threshold,glot,poincare,threshold,1,0,gat,2,cat,0.6,1.0,1.0,8,0,128,128,256,2,32,0.0002,0.0,128,11,30.43,,,,,,,,,,,,,,0.47997,,"{""AskUbuntuDupQuestions"": 0.47997}"
2026-09-01 20:58:43,hyperglot,bert-base-uncased,mteb,STS12,AC_threshold,glot,poincare,threshold,1,0,gat,2,cat,0.6,1.0,1.0,8,0,128,128,256,2,32,0.0002,0.0,128,11,23.38,,,,,,,,,,,,,,0.403549,,"{""STS12"": 0.4035490080638274}"
2026-09-01 20:59:52,hyperglot,bert-base-uncased,mteb,TwitterSemEval2015,AC_threshold,glot,poincare,threshold,1,0,gat,2,cat,0.6,1.0,1.0,8,0,128,128,256,2,32,0.0002,0.0,128,11,57.13,,,,,,,,,,,,,,0.518267,,"{""TwitterSemEval2015"": 0.5182666128610133}"
2026-09-01 21:00:19,hyperglot,bert-base-uncased,mteb,SummEval,AC_threshold,glot,poincare,threshold,1,0,gat,2,cat,0.6,1.0,1.0,8,0,128,128,256,2,32,0.0002,0.0,128,11,14.19,,,,,,,,,,,,,,0.307784,,"{""SummEval"": 0.3077842237985394}"
2026-09-01 21:10:24,hyperglot,bert-base-uncased,embedding,,AC_threshold,glot,poincare,threshold,1,0,gat,2,cat,0.6,1.0,1.0,8,0,128,128,256,2,32,0.0002,0.0,128,12,592.76,,,,,,,,,,,,,,,5.240872,
2026-09-01 21:11:27,hyperglot,bert-base-uncased,mteb,EmotionClassification,AC_threshold,glot,poincare,threshold,1,0,gat,2,cat,0.6,1.0,1.0,8,0,128,128,256,2,32,0.0002,0.0,128,12,51.74,,,,,,,,,,,,,,0.3576,,"{""EmotionClassification"": 0.3576}"
2026-09-01 21:12:49,hyperglot,bert-base-uncased,mteb,SciFact,AC_threshold,glot,poincare,threshold,1,0,gat,2,cat,0.6,1.0,1.0,8,0,128,128,256,2,32,0.0002,0.0,128,12,68.59,,,,,,,,,,,,,,0.15506,,"{""SciFact"": 0.15506}"
2026-09-01 21:34:06,hyperglot,bert-base-uncased,mteb,RedditClustering,AC_threshold,glot,poincare,threshold,1,0,gat,2,cat,0.6,1.0,1.0,8,0,128,128,256,2,32,0.0002,0.0,128,12,1264.54,,,,,,,,,,,,,,0.347681,,"{""RedditClustering"": 0.3476806032781505}"
2026-09-01 21:34:48,hyperglot,bert-base-uncased,mteb,AskUbuntuDupQuestions,AC_threshold,glot,poincare,threshold,1,0,gat,2,cat,0.6,1.0,1.0,8,0,128,128,256,2,32,0.0002,0.0,128,12,30.46,,,,,,,,,,,,,,0.48456,,"{""AskUbuntuDupQuestions"": 0.48456}"
2026-09-01 21:35:23,hyperglot,bert-base-uncased,mteb,STS12,AC_threshold,glot,poincare,threshold,1,0,gat,2,cat,0.6,1.0,1.0,8,0,128,128,256,2,32,0.0002,0.0,128,12,23.25,,,,,,,,,,,,,,0.393285,,"{""STS12"": 0.3932848410901465}"
2026-09-01 21:36:32,hyperglot,bert-base-uncased,mteb,TwitterSemEval2015,AC_threshold,glot,poincare,threshold,1,0,gat,2,cat,0.6,1.0,1.0,8,0,128,128,256,2,32,0.0002,0.0,128,12,56.3,,,,,,,,,,,,,,0.517692,,"{""TwitterSemEval2015"": 0.5176918217004198}"
2026-09-01 21:36:58,hyperglot,bert-base-uncased,mteb,SummEval,AC_threshold,glot,poincare,threshold,1,0,gat,2,cat,0.6,1.0,1.0,8,0,128,128,256,2,32,0.0002,0.0,128,12,14.27,,,,,,,,,,,,,,0.297901,,"{""SummEval"": 0.2979006828821862}"
2026-09-01 21:46:56,hyperglot,bert-base-uncased,embedding,,AC_threshold,glot,poincare,threshold,1,0,gat,2,cat,0.6,1.0,1.0,8,0,128,128,256,2,32,0.0002,0.0,128,13,585.66,,,,,,,,,,,,,,,5.115319,
2026-09-01 21:47:59,hyperglot,bert-base-uncased,mteb,EmotionClassification,AC_threshold,glot,poincare,threshold,1,0,gat,2,cat,0.6,1.0,1.0,8,0,128,128,256,2,32,0.0002,0.0,128,13,51.47,,,,,,,,,,,,,,0.3555,,"{""EmotionClassification"": 0.35550000000000004}"
2026-09-01 21:49:21,hyperglot,bert-base-uncased,mteb,SciFact,AC_threshold,glot,poincare,threshold,1,0,gat,2,cat,0.6,1.0,1.0,8,0,128,128,256,2,32,0.0002,0.0,128,13,68.65,,,,,,,,,,,,,,0.18286,,"{""SciFact"": 0.18286}"
2026-09-01 22:10:26,hyperglot,bert-base-uncased,mteb,RedditClustering,AC_threshold,glot,poincare,threshold,1,0,gat,2,cat,0.6,1.0,1.0,8,0,128,128,256,2,32,0.0002,0.0,128,13,1253.45,,,,,,,,,,,,,,0.350645,,"{""RedditClustering"": 0.35064534928347746}"
2026-09-01 22:11:09,hyperglot,bert-base-uncased,mteb,AskUbuntuDupQuestions,AC_threshold,glot,poincare,threshold,1,0,gat,2,cat,0.6,1.0,1.0,8,0,128,128,256,2,32,0.0002,0.0,128,13,30.79,,,,,,,,,,,,,,0.47547,,"{""AskUbuntuDupQuestions"": 0.47547}"
2026-09-01 22:11:44,hyperglot,bert-base-uncased,mteb,STS12,AC_threshold,glot,poincare,threshold,1,0,gat,2,cat,0.6,1.0,1.0,8,0,128,128,256,2,32,0.0002,0.0,128,13,23.16,,,,,,,,,,,,,,0.384996,,"{""STS12"": 0.38499553784388535}"
2026-09-01 22:12:52,hyperglot,bert-base-uncased,mteb,TwitterSemEval2015,AC_threshold,glot,poincare,threshold,1,0,gat,2,cat,0.6,1.0,1.0,8,0,128,128,256,2,32,0.0002,0.0,128,13,55.52,,,,,,,,,,,,,,0.526405,,"{""TwitterSemEval2015"": 0.5264053255095716}"
2026-09-01 22:13:18,hyperglot,bert-base-uncased,mteb,SummEval,AC_threshold,glot,poincare,threshold,1,0,gat,2,cat,0.6,1.0,1.0,8,0,128,128,256,2,32,0.0002,0.0,128,13,14.23,,,,,,,,,,,,,,0.291695,,"{""SummEval"": 0.29169492407534525}"
2026-09-01 22:23:16,hyperglot,bert-base-uncased,embedding,,AC_threshold,glot,poincare,threshold,1,0,gat,2,cat,0.6,1.0,1.0,8,0,128,128,256,2,32,0.0002,0.0,128,14,585.28,,,,,,,,,,,,,,,5.742075,
2026-09-01 22:24:19,hyperglot,bert-base-uncased,mteb,EmotionClassification,AC_threshold,glot,poincare,threshold,1,0,gat,2,cat,0.6,1.0,1.0,8,0,128,128,256,2,32,0.0002,0.0,128,14,51.57,,,,,,,,,,,,,,0.35395,,"{""EmotionClassification"": 0.35395}"
2026-09-01 22:25:41,hyperglot,bert-base-uncased,mteb,SciFact,AC_threshold,glot,poincare,threshold,1,0,gat,2,cat,0.6,1.0,1.0,8,0,128,128,256,2,32,0.0002,0.0,128,14,68.53,,,,,,,,,,,,,,0.19503,,"{""SciFact"": 0.19503}"
2026-09-01 22:46:56,hyperglot,bert-base-uncased,mteb,RedditClustering,AC_threshold,glot,poincare,threshold,1,0,gat,2,cat,0.6,1.0,1.0,8,0,128,128,256,2,32,0.0002,0.0,128,14,1263.64,,,,,,,,,,,,,,0.352291,,"{""RedditClustering"": 0.3522907893217463}"
2026-09-01 22:47:39,hyperglot,bert-base-uncased,mteb,AskUbuntuDupQuestions,AC_threshold,glot,poincare,threshold,1,0,gat,2,cat,0.6,1.0,1.0,8,0,128,128,256,2,32,0.0002,0.0,128,14,30.33,,,,,,,,,,,,,,0.48161,,"{""AskUbuntuDupQuestions"": 0.48161}"
2026-09-01 22:48:14,hyperglot,bert-base-uncased,mteb,STS12,AC_threshold,glot,poincare,threshold,1,0,gat,2,cat,0.6,1.0,1.0,8,0,128,128,256,2,32,0.0002,0.0,128,14,23.34,,,,,,,,,,,,,,0.388267,,"{""STS12"": 0.388266962612048}"
2026-09-01 22:49:23,hyperglot,bert-base-uncased,mteb,TwitterSemEval2015,AC_threshold,glot,poincare,threshold,1,0,gat,2,cat,0.6,1.0,1.0,8,0,128,128,256,2,32,0.0002,0.0,128,14,56.45,,,,,,,,,,,,,,0.522823,,"{""TwitterSemEval2015"": 0.5228225574067039}"
2026-09-01 22:49:49,hyperglot,bert-base-uncased,mteb,SummEval,AC_threshold,glot,poincare,threshold,1,0,gat,2,cat,0.6,1.0,1.0,8,0,128,128,256,2,32,0.0002,0.0,128,14,14.14,,,,,,,,,,,,,,0.290137,,"{""SummEval"": 0.29013650433991034}"
2026-09-01 22:59:41,hyperglot,bert-base-uncased,embedding,,AC_threshold,glot,poincare,threshold,1,0,gat,2,cat,0.6,1.0,1.0,8,0,128,128,256,2,32,0.0002,0.0,128,15,580.22,,,,,,,,,,,,,,,6.063039,
2026-09-01 23:00:44,hyperglot,bert-base-uncased,mteb,EmotionClassification,AC_threshold,glot,poincare,threshold,1,0,gat,2,cat,0.6,1.0,1.0,8,0,128,128,256,2,32,0.0002,0.0,128,15,51.41,,,,,,,,,,,,,,0.3561,,"{""EmotionClassification"": 0.3561}"
2026-09-01 23:02:06,hyperglot,bert-base-uncased,mteb,SciFact,AC_threshold,glot,poincare,threshold,1,0,gat,2,cat,0.6,1.0,1.0,8,0,128,128,256,2,32,0.0002,0.0,128,15,68.89,,,,,,,,,,,,,,0.1909,,"{""SciFact"": 0.1909}"
2026-09-01 23:23:22,hyperglot,bert-base-uncased,mteb,RedditClustering,AC_threshold,glot,poincare,threshold,1,0,gat,2,cat,0.6,1.0,1.0,8,0,128,128,256,2,32,0.0002,0.0,128,15,1263.4,,,,,,,,,,,,,,0.350745,,"{""RedditClustering"": 0.35074480443189027}"
2026-09-01 23:24:06,hyperglot,bert-base-uncased,mteb,AskUbuntuDupQuestions,AC_threshold,glot,poincare,threshold,1,0,gat,2,cat,0.6,1.0,1.0,8,0,128,128,256,2,32,0.0002,0.0,128,15,31.24,,,,,,,,,,,,,,0.48084,,"{""AskUbuntuDupQuestions"": 0.48084}"
2026-09-01 23:24:41,hyperglot,bert-base-uncased,mteb,STS12,AC_threshold,glot,poincare,threshold,1,0,gat,2,cat,0.6,1.0,1.0,8,0,128,128,256,2,32,0.0002,0.0,128,15,23.47,,,,,,,,,,,,,,0.399961,,"{""STS12"": 0.39996137623637135}"
2026-09-01 23:25:49,hyperglot,bert-base-uncased,mteb,TwitterSemEval2015,AC_threshold,glot,poincare,threshold,1,0,gat,2,cat,0.6,1.0,1.0,8,0,128,128,256,2,32,0.0002,0.0,128,15,55.52,,,,,,,,,,,,,,0.515881,,"{""TwitterSemEval2015"": 0.5158814839412138}"
2026-09-01 23:26:15,hyperglot,bert-base-uncased,mteb,SummEval,AC_threshold,glot,poincare,threshold,1,0,gat,2,cat,0.6,1.0,1.0,8,0,128,128,256,2,32,0.0002,0.0,128,15,14.12,,,,,,,,,,,,,,0.296042,,"{""SummEval"": 0.2960419418482403}"
2026-09-01 23:36:23,hyperglot,bert-base-uncased,embedding,,ABC_threshold,glot,poincare,threshold,1,1,gat,2,cat,0.6,1.0,1.0,8,0,128,128,256,2,32,0.0002,0.0,128,1,596.45,,,,,,,,,,,,,,,1.616264,
2026-09-01 23:37:27,hyperglot,bert-base-uncased,mteb,EmotionClassification,ABC_threshold,glot,poincare,threshold,1,1,gat,2,cat,0.6,1.0,1.0,8,0,128,128,256,2,32,0.0002,0.0,128,1,51.63,,,,,,,,,,,,,,0.3325,,"{""EmotionClassification"": 0.3325}"
2026-09-01 23:38:50,hyperglot,bert-base-uncased,mteb,SciFact,ABC_threshold,glot,poincare,threshold,1,1,gat,2,cat,0.6,1.0,1.0,8,0,128,128,256,2,32,0.0002,0.0,128,1,69.56,,,,,,,,,,,,,,0.25609,,"{""SciFact"": 0.25609}"
2026-09-02 00:00:33,hyperglot,bert-base-uncased,mteb,RedditClustering,ABC_threshold,glot,poincare,threshold,1,1,gat,2,cat,0.6,1.0,1.0,8,0,128,128,256,2,32,0.0002,0.0,128,1,1290.68,,,,,,,,,,,,,,0.355814,,"{""RedditClustering"": 0.35581390450795886}"
2026-09-02 00:01:16,hyperglot,bert-base-uncased,mteb,AskUbuntuDupQuestions,ABC_threshold,glot,poincare,threshold,1,1,gat,2,cat,0.6,1.0,1.0,8,0,128,128,256,2,32,0.0002,0.0,128,1,31.36,,,,,,,,,,,,,,0.46916,,"{""AskUbuntuDupQuestions"": 0.46916}"
2026-09-02 00:01:52,hyperglot,bert-base-uncased,mteb,STS12,ABC_threshold,glot,poincare,threshold,1,1,gat,2,cat,0.6,1.0,1.0,8,0,128,128,256,2,32,0.0002,0.0,128,1,23.8,,,,,,,,,,,,,,0.515941,,"{""STS12"": 0.5159410731077542}"
2026-09-02 00:03:01,hyperglot,bert-base-uncased,mteb,TwitterSemEval2015,ABC_threshold,glot,poincare,threshold,1,1,gat,2,cat,0.6,1.0,1.0,8,0,128,128,256,2,32,0.0002,0.0,128,1,57.17,,,,,,,,,,,,,,0.379944,,"{""TwitterSemEval2015"": 0.3799441609883141}"
2026-09-02 00:03:27,hyperglot,bert-base-uncased,mteb,SummEval,ABC_threshold,glot,poincare,threshold,1,1,gat,2,cat,0.6,1.0,1.0,8,0,128,128,256,2,32,0.0002,0.0,128,1,14.38,,,,,,,,,,,,,,0.280775,,"{""SummEval"": 0.28077495943493785}"
2026-09-02 00:13:10,hyperglot,bert-base-uncased,embedding,,ABC_threshold,glot,poincare,threshold,1,1,gat,2,cat,0.6,1.0,1.0,8,0,128,128,256,2,32,0.0002,0.0,128,2,570.16,,,,,,,,,,,,,,,1.680538,
2026-09-02 00:14:13,hyperglot,bert-base-uncased,mteb,EmotionClassification,ABC_threshold,glot,poincare,threshold,1,1,gat,2,cat,0.6,1.0,1.0,8,0,128,128,256,2,32,0.0002,0.0,128,2,51.93,,,,,,,,,,,,,,0.32065,,"{""EmotionClassification"": 0.32065}"
2026-09-02 00:15:36,hyperglot,bert-base-uncased,mteb,SciFact,ABC_threshold,glot,poincare,threshold,1,1,gat,2,cat,0.6,1.0,1.0,8,0,128,128,256,2,32,0.0002,0.0,128,2,69.53,,,,,,,,,,,,,,0.25068,,"{""SciFact"": 0.25068}"
2026-09-02 00:37:26,hyperglot,bert-base-uncased,mteb,RedditClustering,ABC_threshold,glot,poincare,threshold,1,1,gat,2,cat,0.6,1.0,1.0,8,0,128,128,256,2,32,0.0002,0.0,128,2,1297.74,,,,,,,,,,,,,,0.354652,,"{""RedditClustering"": 0.3546523673537692}"
2026-09-02 00:38:09,hyperglot,bert-base-uncased,mteb,AskUbuntuDupQuestions,ABC_threshold,glot,poincare,threshold,1,1,gat,2,cat,0.6,1.0,1.0,8,0,128,128,256,2,32,0.0002,0.0,128,2,31.13,,,,,,,,,,,,,,0.47186,,"{""AskUbuntuDupQuestions"": 0.47186}"
2026-09-02 00:38:45,hyperglot,bert-base-uncased,mteb,STS12,ABC_threshold,glot,poincare,threshold,1,1,gat,2,cat,0.6,1.0,1.0,8,0,128,128,256,2,32,0.0002,0.0,128,2,23.92,,,,,,,,,,,,,,0.511318,,"{""STS12"": 0.5113181561053382}"
2026-09-02 00:39:55,hyperglot,bert-base-uncased,mteb,TwitterSemEval2015,ABC_threshold,glot,poincare,threshold,1,1,gat,2,cat,0.6,1.0,1.0,8,0,128,128,256,2,32,0.0002,0.0,128,2,57.92,,,,,,,,,,,,,,0.36897,,"{""TwitterSemEval2015"": 0.3689697386960684}"
2026-09-02 00:40:22,hyperglot,bert-base-uncased,mteb,SummEval,ABC_threshold,glot,poincare,threshold,1,1,gat,2,cat,0.6,1.0,1.0,8,0,128,128,256,2,32,0.0002,0.0,128,2,14.41,,,,,,,,,,,,,,0.278744,,"{""SummEval"": 0.2787437448244575}"
2026-09-02 00:50:40,hyperglot,bert-base-uncased,embedding,,ABC_threshold,glot,poincare,threshold,1,1,gat,2,cat,0.6,1.0,1.0,8,0,128,128,256,2,32,0.0002,0.0,128,3,605.82,,,,,,,,,,,,,,,1.595181,
2026-09-02 00:51:44,hyperglot,bert-base-uncased,mteb,EmotionClassification,ABC_threshold,glot,poincare,threshold,1,1,gat,2,cat,0.6,1.0,1.0,8,0,128,128,256,2,32,0.0002,0.0,128,3,51.97,,,,,,,,,,,,,,0.30345,,"{""EmotionClassification"": 0.30345}"
2026-09-02 00:53:07,hyperglot,bert-base-uncased,mteb,SciFact,ABC_threshold,glot,poincare,threshold,1,1,gat,2,cat,0.6,1.0,1.0,8,0,128,128,256,2,32,0.0002,0.0,128,3,69.88,,,,,,,,,,,,,,0.24662,,"{""SciFact"": 0.24662}"
2026-09-02 01:14:45,hyperglot,bert-base-uncased,mteb,RedditClustering,ABC_threshold,glot,poincare,threshold,1,1,gat,2,cat,0.6,1.0,1.0,8,0,128,128,256,2,32,0.0002,0.0,128,3,1285.8,,,,,,,,,,,,,,0.357585,,"{""RedditClustering"": 0.35758547589253675}"
2026-09-02 01:15:28,hyperglot,bert-base-uncased,mteb,AskUbuntuDupQuestions,ABC_threshold,glot,poincare,threshold,1,1,gat,2,cat,0.6,1.0,1.0,8,0,128,128,256,2,32,0.0002,0.0,128,3,31.29,,,,,,,,,,,,,,0.47514,,"{""AskUbuntuDupQuestions"": 0.47514}"
2026-09-02 01:16:04,hyperglot,bert-base-uncased,mteb,STS12,ABC_threshold,glot,poincare,threshold,1,1,gat,2,cat,0.6,1.0,1.0,8,0,128,128,256,2,32,0.0002,0.0,128,3,23.8,,,,,,,,,,,,,,0.511959,,"{""STS12"": 0.51195908954783}"
2026-09-02 01:17:12,hyperglot,bert-base-uncased,mteb,TwitterSemEval2015,ABC_threshold,glot,poincare,threshold,1,1,gat,2,cat,0.6,1.0,1.0,8,0,128,128,256,2,32,0.0002,0.0,128,3,56.37,,,,,,,,,,,,,,0.368697,,"{""TwitterSemEval2015"": 0.3686973547557956}"
2026-09-02 01:17:38,hyperglot,bert-base-uncased,mteb,SummEval,ABC_threshold,glot,poincare,threshold,1,1,gat,2,cat,0.6,1.0,1.0,8,0,128,128,256,2,32,0.0002,0.0,128,3,14.33,,,,,,,,,,,,,,0.274826,,"{""SummEval"": 0.27482646520827153}"
2026-09-02 01:27:10,hyperglot,bert-base-uncased,embedding,,ABC_threshold,glot,poincare,threshold,1,1,gat,2,cat,0.6,1.0,1.0,8,0,128,128,256,2,32,0.0002,0.0,128,4,559.52,,,,,,,,,,,,,,,1.614144,
2026-09-02 01:28:12,hyperglot,bert-base-uncased,mteb,EmotionClassification,ABC_threshold,glot,poincare,threshold,1,1,gat,2,cat,0.6,1.0,1.0,8,0,128,128,256,2,32,0.0002,0.0,128,4,51.11,,,,,,,,,,,,,,0.31485,,"{""EmotionClassification"": 0.31484999999999996}"
2026-09-02 01:29:34,hyperglot,bert-base-uncased,mteb,SciFact,ABC_threshold,glot,poincare,threshold,1,1,gat,2,cat,0.6,1.0,1.0,8,0,128,128,256,2,32,0.0002,0.0,128,4,68.97,,,,,,,,,,,,,,0.26031,,"{""SciFact"": 0.26031}"
2026-09-02 01:51:08,hyperglot,bert-base-uncased,mteb,RedditClustering,ABC_threshold,glot,poincare,threshold,1,1,gat,2,cat,0.6,1.0,1.0,8,0,128,128,256,2,32,0.0002,0.0,128,4,1281.6,,,,,,,,,,,,,,0.351085,,"{""RedditClustering"": 0.3510846705653076}"
2026-09-02 01:51:50,hyperglot,bert-base-uncased,mteb,AskUbuntuDupQuestions,ABC_threshold,glot,poincare,threshold,1,1,gat,2,cat,0.6,1.0,1.0,8,0,128,128,256,2,32,0.0002,0.0,128,4,30.95,,,,,,,,,,,,,,0.46894,,"{""AskUbuntuDupQuestions"": 0.46894}"
2026-09-02 01:52:26,hyperglot,bert-base-uncased,mteb,STS12,ABC_threshold,glot,poincare,threshold,1,1,gat,2,cat,0.6,1.0,1.0,8,0,128,128,256,2,32,0.0002,0.0,128,4,23.91,,,,,,,,,,,,,,0.513753,,"{""STS12"": 0.513752732233572}"
2026-09-02 01:53:35,hyperglot,bert-base-uncased,mteb,TwitterSemEval2015,ABC_threshold,glot,poincare,threshold,1,1,gat,2,cat,0.6,1.0,1.0,8,0,128,128,256,2,32,0.0002,0.0,128,4,56.67,,,,,,,,,,,,,,0.374727,,"{""TwitterSemEval2015"": 0.3747269552588865}"
2026-09-02 01:54:01,hyperglot,bert-base-uncased,mteb,SummEval,ABC_threshold,glot,poincare,threshold,1,1,gat,2,cat,0.6,1.0,1.0,8,0,128,128,256,2,32,0.0002,0.0,128,4,14.42,,,,,,,,,,,,,,0.277313,,"{""SummEval"": 0.27731286950249695}"
2026-09-02 02:03:38,hyperglot,bert-base-uncased,embedding,,ABC_threshold,glot,poincare,threshold,1,1,gat,2,cat,0.6,1.0,1.0,8,0,128,128,256,2,32,0.0002,0.0,128,5,565.61,,,,,,,,,,,,,,,1.595619,
2026-09-02 02:04:41,hyperglot,bert-base-uncased,mteb,EmotionClassification,ABC_threshold,glot,poincare,threshold,1,1,gat,2,cat,0.6,1.0,1.0,8,0,128,128,256,2,32,0.0002,0.0,128,5,50.79,,,,,,,,,,,,,,0.31735,,"{""EmotionClassification"": 0.31734999999999997}"
2026-09-02 02:06:02,hyperglot,bert-base-uncased,mteb,SciFact,ABC_threshold,glot,poincare,threshold,1,1,gat,2,cat,0.6,1.0,1.0,8,0,128,128,256,2,32,0.0002,0.0,128,5,68.96,,,,,,,,,,,,,,0.2511,,"{""SciFact"": 0.2511}"
2026-09-02 02:27:25,hyperglot,bert-base-uncased,mteb,RedditClustering,ABC_threshold,glot,poincare,threshold,1,1,gat,2,cat,0.6,1.0,1.0,8,0,128,128,256,2,32,0.0002,0.0,128,5,1271.25,,,,,,,,,,,,,,0.356453,,"{""RedditClustering"": 0.35645307377542423}"
2026-09-02 02:28:08,hyperglot,bert-base-uncased,mteb,AskUbuntuDupQuestions,ABC_threshold,glot,poincare,threshold,1,1,gat,2,cat,0.6,1.0,1.0,8,0,128,128,256,2,32,0.0002,0.0,128,5,30.94,,,,,,,,,,,,,,0.47248,,"{""AskUbuntuDupQuestions"": 0.47248}"
2026-09-02 02:28:43,hyperglot,bert-base-uncased,mteb,STS12,ABC_threshold,glot,poincare,threshold,1,1,gat,2,cat,0.6,1.0,1.0,8,0,128,128,256,2,32,0.0002,0.0,128,5,23.23,,,,,,,,,,,,,,0.514636,,"{""STS12"": 0.5146356728648369}"
2026-09-02 02:29:51,hyperglot,bert-base-uncased,mteb,TwitterSemEval2015,ABC_threshold,glot,poincare,threshold,1,1,gat,2,cat,0.6,1.0,1.0,8,0,128,128,256,2,32,0.0002,0.0,128,5,56.56,,,,,,,,,,,,,,0.372159,,"{""TwitterSemEval2015"": 0.3721593055443418}"
2026-09-02 02:30:18,hyperglot,bert-base-uncased,mteb,SummEval,ABC_threshold,glot,poincare,threshold,1,1,gat,2,cat,0.6,1.0,1.0,8,0,128,128,256,2,32,0.0002,0.0,128,5,14.36,,,,,,,,,,,,,,0.276231,,"{""SummEval"": 0.2762306035284684}"
2026-09-02 02:39:52,hyperglot,bert-base-uncased,embedding,,ABC_threshold,glot,poincare,threshold,1,1,gat,2,cat,0.6,1.0,1.0,8,0,128,128,256,2,32,0.0002,0.0,128,6,562.87,,,,,,,,,,,,,,,1.598905,
2026-09-02 02:40:55,hyperglot,bert-base-uncased,mteb,EmotionClassification,ABC_threshold,glot,poincare,threshold,1,1,gat,2,cat,0.6,1.0,1.0,8,0,128,128,256,2,32,0.0002,0.0,128,6,51.0,,,,,,,,,,,,,,0.3213,,"{""EmotionClassification"": 0.32130000000000003}"
2026-09-02 02:42:17,hyperglot,bert-base-uncased,mteb,SciFact,ABC_threshold,glot,poincare,threshold,1,1,gat,2,cat,0.6,1.0,1.0,8,0,128,128,256,2,32,0.0002,0.0,128,6,68.88,,,,,,,,,,,,,,0.25187,,"{""SciFact"": 0.25187}"
2026-09-02 03:03:46,hyperglot,bert-base-uncased,mteb,RedditClustering,ABC_threshold,glot,poincare,threshold,1,1,gat,2,cat,0.6,1.0,1.0,8,0,128,128,256,2,32,0.0002,0.0,128,6,1277.42,,,,,,,,,,,,,,0.344181,,"{""RedditClustering"": 0.3441808121466164}"
2026-09-02 03:04:28,hyperglot,bert-base-uncased,mteb,AskUbuntuDupQuestions,ABC_threshold,glot,poincare,threshold,1,1,gat,2,cat,0.6,1.0,1.0,8,0,128,128,256,2,32,0.0002,0.0,128,6,30.62,,,,,,,,,,,,,,0.47907,,"{""AskUbuntuDupQuestions"": 0.47907}"
2026-09-02 03:05:04,hyperglot,bert-base-uncased,mteb,STS12,ABC_threshold,glot,poincare,threshold,1,1,gat,2,cat,0.6,1.0,1.0,8,0,128,128,256,2,32,0.0002,0.0,128,6,23.69,,,,,,,,,,,,,,0.513663,,"{""STS12"": 0.5136632965396418}"
2026-09-02 03:06:12,hyperglot,bert-base-uncased,mteb,TwitterSemEval2015,ABC_threshold,glot,poincare,threshold,1,1,gat,2,cat,0.6,1.0,1.0,8,0,128,128,256,2,32,0.0002,0.0,128,6,56.59,,,,,,,,,,,,,,0.374939,,"{""TwitterSemEval2015"": 0.3749390921890171}"
2026-09-02 03:06:38,hyperglot,bert-base-uncased,mteb,SummEval,ABC_threshold,glot,poincare,threshold,1,1,gat,2,cat,0.6,1.0,1.0,8,0,128,128,256,2,32,0.0002,0.0,128,6,14.23,,,,,,,,,,,,,,0.276946,,"{""SummEval"": 0.2769461105960792}"
2026-09-02 03:16:38,hyperglot,bert-base-uncased,embedding,,ABC_threshold,glot,poincare,threshold,1,1,gat,2,cat,0.6,1.0,1.0,8,0,128,128,256,2,32,0.0002,0.0,128,7,587.8,,,,,,,,,,,,,,,1.555184,
2026-09-02 03:17:40,hyperglot,bert-base-uncased,mteb,EmotionClassification,ABC_threshold,glot,poincare,threshold,1,1,gat,2,cat,0.6,1.0,1.0,8,0,128,128,256,2,32,0.0002,0.0,128,7,51.0,,,,,,,,,,,,,,0.30275,,"{""EmotionClassification"": 0.30274999999999996}"
2026-09-02 03:19:02,hyperglot,bert-base-uncased,mteb,SciFact,ABC_threshold,glot,poincare,threshold,1,1,gat,2,cat,0.6,1.0,1.0,8,0,128,128,256,2,32,0.0002,0.0,128,7,68.94,,,,,,,,,,,,,,0.2407,,"{""SciFact"": 0.2407}"
2026-09-02 03:40:20,hyperglot,bert-base-uncased,mteb,RedditClustering,ABC_threshold,glot,poincare,threshold,1,1,gat,2,cat,0.6,1.0,1.0,8,0,128,128,256,2,32,0.0002,0.0,128,7,1265.88,,,,,,,,,,,,,,0.35147,,"{""RedditClustering"": 0.35147004442332114}"
2026-09-02 03:41:03,hyperglot,bert-base-uncased,mteb,AskUbuntuDupQuestions,ABC_threshold,glot,poincare,threshold,1,1,gat,2,cat,0.6,1.0,1.0,8,0,128,128,256,2,32,0.0002,0.0,128,7,31.36,,,,,,,,,,,,,,0.47249,,"{""AskUbuntuDupQuestions"": 0.47249}"
2026-09-02 03:41:38,hyperglot,bert-base-uncased,mteb,STS12,ABC_threshold,glot,poincare,threshold,1,1,gat,2,cat,0.6,1.0,1.0,8,0,128,128,256,2,32,0.0002,0.0,128,7,23.62,,,,,,,,,,,,,,0.517053,,"{""STS12"": 0.5170533306993911}"
2026-09-02 03:42:48,hyperglot,bert-base-uncased,mteb,TwitterSemEval2015,ABC_threshold,glot,poincare,threshold,1,1,gat,2,cat,0.6,1.0,1.0,8,0,128,128,256,2,32,0.0002,0.0,128,7,57.18,,,,,,,,,,,,,,0.381181,,"{""TwitterSemEval2015"": 0.38118148103711286}"
2026-09-02 03:43:14,hyperglot,bert-base-uncased,mteb,SummEval,ABC_threshold,glot,poincare,threshold,1,1,gat,2,cat,0.6,1.0,1.0,8,0,128,128,256,2,32,0.0002,0.0,128,7,14.3,,,,,,,,,,,,,,0.280096,,"{""SummEval"": 0.2800964918843403}"
2026-09-02 03:52:45,hyperglot,bert-base-uncased,embedding,,ABC_threshold,glot,poincare,threshold,1,1,gat,2,cat,0.6,1.0,1.0,8,0,128,128,256,2,32,0.0002,0.0,128,8,558.8,,,,,,,,,,,,,,,1.571183,
2026-09-02 03:53:48,hyperglot,bert-base-uncased,mteb,EmotionClassification,ABC_threshold,glot,poincare,threshold,1,1,gat,2,cat,0.6,1.0,1.0,8,0,128,128,256,2,32,0.0002,0.0,128,8,51.1,,,,,,,,,,,,,,0.3262,,"{""EmotionClassification"": 0.32619999999999993}"
2026-09-02 03:55:09,hyperglot,bert-base-uncased,mteb,SciFact,ABC_threshold,glot,poincare,threshold,1,1,gat,2,cat,0.6,1.0,1.0,8,0,128,128,256,2,32,0.0002,0.0,128,8,69.08,,,,,,,,,,,,,,0.22583,,"{""SciFact"": 0.22583}"
2026-09-02 04:16:47,hyperglot,bert-base-uncased,mteb,RedditClustering,ABC_threshold,glot,poincare,threshold,1,1,gat,2,cat,0.6,1.0,1.0,8,0,128,128,256,2,32,0.0002,0.0,128,8,1285.6,,,,,,,,,,,,,,0.358879,,"{""RedditClustering"": 0.35887880570162234}"
2026-09-02 04:17:29,hyperglot,bert-base-uncased,mteb,AskUbuntuDupQuestions,ABC_threshold,glot,poincare,threshold,1,1,gat,2,cat,0.6,1.0,1.0,8,0,128,128,256,2,32,0.0002,0.0,128,8,30.55,,,,,,,,,,,,,,0.47197,,"{""AskUbuntuDupQuestions"": 0.47197}"
2026-09-02 04:18:04,hyperglot,bert-base-uncased,mteb,STS12,ABC_threshold,glot,poincare,threshold,1,1,gat,2,cat,0.6,1.0,1.0,8,0,128,128,256,2,32,0.0002,0.0,128,8,23.56,,,,,,,,,,,,,,0.519187,,"{""STS12"": 0.5191872920037685}"
2026-09-02 04:19:13,hyperglot,bert-base-uncased,mteb,TwitterSemEval2015,ABC_threshold,glot,poincare,threshold,1,1,gat,2,cat,0.6,1.0,1.0,8,0,128,128,256,2,32,0.0002,0.0,128,8,56.29,,,,,,,,,,,,,,0.37328,,"{""TwitterSemEval2015"": 0.3732798113866587}"
2026-09-02 04:19:39,hyperglot,bert-base-uncased,mteb,SummEval,ABC_threshold,glot,poincare,threshold,1,1,gat,2,cat,0.6,1.0,1.0,8,0,128,128,256,2,32,0.0002,0.0,128,8,14.34,,,,,,,,,,,,,,0.286152,,"{""SummEval"": 0.2861517293562939}"
2026-09-02 04:29:12,hyperglot,bert-base-uncased,embedding,,ABC_threshold,glot,poincare,threshold,1,1,gat,2,cat,0.6,1.0,1.0,8,0,128,128,256,2,32,0.0002,0.0,128,9,561.4,,,,,,,,,,,,,,,1.605471,
2026-09-02 04:30:15,hyperglot,bert-base-uncased,mteb,EmotionClassification,ABC_threshold,glot,poincare,threshold,1,1,gat,2,cat,0.6,1.0,1.0,8,0,128,128,256,2,32,0.0002,0.0,128,9,51.54,,,,,,,,,,,,,,0.32255,,"{""EmotionClassification"": 0.32255}"
2026-09-02 04:31:38,hyperglot,bert-base-uncased,mteb,SciFact,ABC_threshold,glot,poincare,threshold,1,1,gat,2,cat,0.6,1.0,1.0,8,0,128,128,256,2,32,0.0002,0.0,128,9,69.71,,,,,,,,,,,,,,0.26325,,"{""SciFact"": 0.26325}"
2026-09-02 04:52:59,hyperglot,bert-base-uncased,mteb,RedditClustering,ABC_threshold,glot,poincare,threshold,1,1,gat,2,cat,0.6,1.0,1.0,8,0,128,128,256,2,32,0.0002,0.0,128,9,1268.65,,,,,,,,,,,,,,0.355928,,"{""RedditClustering"": 0.35592825053928623}"
2026-09-02 04:53:41,hyperglot,bert-base-uncased,mteb,AskUbuntuDupQuestions,ABC_threshold,glot,poincare,threshold,1,1,gat,2,cat,0.6,1.0,1.0,8,0,128,128,256,2,32,0.0002,0.0,128,9,30.9,,,,,,,,,,,,,,0.47369,,"{""AskUbuntuDupQuestions"": 0.47369}"
2026-09-02 04:54:16,hyperglot,bert-base-uncased,mteb,STS12,ABC_threshold,glot,poincare,threshold,1,1,gat,2,cat,0.6,1.0,1.0,8,0,128,128,256,2,32,0.0002,0.0,128,9,23.34,,,,,,,,,,,,,,0.514494,,"{""STS12"": 0.5144939432198379}"
2026-09-02 04:55:24,hyperglot,bert-base-uncased,mteb,TwitterSemEval2015,ABC_threshold,glot,poincare,threshold,1,1,gat,2,cat,0.6,1.0,1.0,8,0,128,128,256,2,32,0.0002,0.0,128,9,55.88,,,,,,,,,,,,,,0.376112,,"{""TwitterSemEval2015"": 0.37611192774378577}"
2026-09-02 04:55:50,hyperglot,bert-base-uncased,mteb,SummEval,ABC_threshold,glot,poincare,threshold,1,1,gat,2,cat,0.6,1.0,1.0,8,0,128,128,256,2,32,0.0002,0.0,128,9,14.2,,,,,,,,,,,,,,0.27171,,"{""SummEval"": 0.27171049510323786}"
2026-09-02 05:05:46,hyperglot,bert-base-uncased,embedding,,ABC_threshold,glot,poincare,threshold,1,1,gat,2,cat,0.6,1.0,1.0,8,0,128,128,256,2,32,0.0002,0.0,128,10,584.41,,,,,,,,,,,,,,,1.580755,
2026-09-02 05:06:48,hyperglot,bert-base-uncased,mteb,EmotionClassification,ABC_threshold,glot,poincare,threshold,1,1,gat,2,cat,0.6,1.0,1.0,8,0,128,128,256,2,32,0.0002,0.0,128,10,50.68,,,,,,,,,,,,,,0.306,,"{""EmotionClassification"": 0.306}"
2026-09-02 05:08:10,hyperglot,bert-base-uncased,mteb,SciFact,ABC_threshold,glot,poincare,threshold,1,1,gat,2,cat,0.6,1.0,1.0,8,0,128,128,256,2,32,0.0002,0.0,128,10,68.75,,,,,,,,,,,,,,0.25074,,"{""SciFact"": 0.25074}"
2026-09-02 05:29:32,hyperglot,bert-base-uncased,mteb,RedditClustering,ABC_threshold,glot,poincare,threshold,1,1,gat,2,cat,0.6,1.0,1.0,8,0,128,128,256,2,32,0.0002,0.0,128,10,1270.86,,,,,,,,,,,,,,0.348708,,"{""RedditClustering"": 0.3487078354059281}"
2026-09-02 05:30:15,hyperglot,bert-base-uncased,mteb,AskUbuntuDupQuestions,ABC_threshold,glot,poincare,threshold,1,1,gat,2,cat,0.6,1.0,1.0,8,0,128,128,256,2,32,0.0002,0.0,128,10,30.9,,,,,,,,,,,,,,0.47374,,"{""AskUbuntuDupQuestions"": 0.47374}"
2026-09-02 05:30:50,hyperglot,bert-base-uncased,mteb,STS12,ABC_threshold,glot,poincare,threshold,1,1,gat,2,cat,0.6,1.0,1.0,8,0,128,128,256,2,32,0.0002,0.0,128,10,23.37,,,,,,,,,,,,,,0.513237,,"{""STS12"": 0.5132373097889285}"
2026-09-02 05:31:58,hyperglot,bert-base-uncased,mteb,TwitterSemEval2015,ABC_threshold,glot,poincare,threshold,1,1,gat,2,cat,0.6,1.0,1.0,8,0,128,128,256,2,32,0.0002,0.0,128,10,56.61,,,,,,,,,,,,,,0.375963,,"{""TwitterSemEval2015"": 0.37596307174067345}"
2026-09-02 05:32:24,hyperglot,bert-base-uncased,mteb,SummEval,ABC_threshold,glot,poincare,threshold,1,1,gat,2,cat,0.6,1.0,1.0,8,0,128,128,256,2,32,0.0002,0.0,128,10,14.14,,,,,,,,,,,,,,0.288683,,"{""SummEval"": 0.28868337750846856}"
2026-09-02 05:41:52,hyperglot,bert-base-uncased,embedding,,ABC_threshold,glot,poincare,threshold,1,1,gat,2,cat,0.6,1.0,1.0,8,0,128,128,256,2,32,0.0002,0.0,128,11,556.68,,,,,,,,,,,,,,,1.611286,
2026-09-02 05:42:54,hyperglot,bert-base-uncased,mteb,EmotionClassification,ABC_threshold,glot,poincare,threshold,1,1,gat,2,cat,0.6,1.0,1.0,8,0,128,128,256,2,32,0.0002,0.0,128,11,50.57,,,,,,,,,,,,,,0.32725,,"{""EmotionClassification"": 0.32725}"
2026-09-02 05:44:16,hyperglot,bert-base-uncased,mteb,SciFact,ABC_threshold,glot,poincare,threshold,1,1,gat,2,cat,0.6,1.0,1.0,8,0,128,128,256,2,32,0.0002,0.0,128,11,69.25,,,,,,,,,,,,,,0.27161,,"{""SciFact"": 0.27161}"
2026-09-02 06:05:28,hyperglot,bert-base-uncased,mteb,RedditClustering,ABC_threshold,glot,poincare,threshold,1,1,gat,2,cat,0.6,1.0,1.0,8,0,128,128,256,2,32,0.0002,0.0,128,11,1260.02,,,,,,,,,,,,,,0.359915,,"{""RedditClustering"": 0.3599145412053031}"
2026-09-02 06:06:10,hyperglot,bert-base-uncased,mteb,AskUbuntuDupQuestions,ABC_threshold,glot,poincare,threshold,1,1,gat,2,cat,0.6,1.0,1.0,8,0,128,128,256,2,32,0.0002,0.0,128,11,30.4,,,,,,,,,,,,,,0.47637,,"{""AskUbuntuDupQuestions"": 0.47637}"
2026-09-02 06:06:44,hyperglot,bert-base-uncased,mteb,STS12,ABC_threshold,glot,poincare,threshold,1,1,gat,2,cat,0.6,1.0,1.0,8,0,128,128,256,2,32,0.0002,0.0,128,11,22.95,,,,,,,,,,,,,,0.518923,,"{""STS12"": 0.5189232495387167}"
2026-09-02 06:07:51,hyperglot,bert-base-uncased,mteb,TwitterSemEval2015,ABC_threshold,glot,poincare,threshold,1,1,gat,2,cat,0.6,1.0,1.0,8,0,128,128,256,2,32,0.0002,0.0,128,11,55.26,,,,,,,,,,,,,,0.379289,,"{""TwitterSemEval2015"": 0.3792890714932555}"
2026-09-02 06:08:16,hyperglot,bert-base-uncased,mteb,SummEval,ABC_threshold,glot,poincare,threshold,1,1,gat,2,cat,0.6,1.0,1.0,8,0,128,128,256,2,32,0.0002,0.0,128,11,14.03,,,,,,,,,,,,,,0.258979,,"{""SummEval"": 0.25897873470472993}"
2026-09-02 06:18:09,hyperglot,bert-base-uncased,embedding,,ABC_threshold,glot,poincare,threshold,1,1,gat,2,cat,0.6,1.0,1.0,8,0,128,128,256,2,32,0.0002,0.0,128,12,582.13,,,,,,,,,,,,,,,1.674393,
2026-09-02 06:19:10,hyperglot,bert-base-uncased,mteb,EmotionClassification,ABC_threshold,glot,poincare,threshold,1,1,gat,2,cat,0.6,1.0,1.0,8,0,128,128,256,2,32,0.0002,0.0,128,12,49.42,,,,,,,,,,,,,,0.3145,,"{""EmotionClassification"": 0.3145}"
2026-09-02 06:20:32,hyperglot,bert-base-uncased,mteb,SciFact,ABC_threshold,glot,poincare,threshold,1,1,gat,2,cat,0.6,1.0,1.0,8,0,128,128,256,2,32,0.0002,0.0,128,12,70.28,,,,,,,,,,,,,,0.26704,,"{""SciFact"": 0.26704}"
2026-09-02 06:41:29,hyperglot,bert-base-uncased,mteb,RedditClustering,ABC_threshold,glot,poincare,threshold,1,1,gat,2,cat,0.6,1.0,1.0,8,0,128,128,256,2,32,0.0002,0.0,128,12,1245.78,,,,,,,,,,,,,,0.355249,,"{""RedditClustering"": 0.3552494599566403}"
2026-09-02 06:42:11,hyperglot,bert-base-uncased,mteb,AskUbuntuDupQuestions,ABC_threshold,glot,poincare,threshold,1,1,gat,2,cat,0.6,1.0,1.0,8,0,128,128,256,2,32,0.0002,0.0,128,12,30.43,,,,,,,,,,,,,,0.47413,,"{""AskUbuntuDupQuestions"": 0.47413}"
2026-09-02 06:42:45,hyperglot,bert-base-uncased,mteb,STS12,ABC_threshold,glot,poincare,threshold,1,1,gat,2,cat,0.6,1.0,1.0,8,0,128,128,256,2,32,0.0002,0.0,128,12,22.89,,,,,,,,,,,,,,0.515535,,"{""STS12"": 0.5155350621191765}"
2026-09-02 06:43:51,hyperglot,bert-base-uncased,mteb,TwitterSemEval2015,ABC_threshold,glot,poincare,threshold,1,1,gat,2,cat,0.6,1.0,1.0,8,0,128,128,256,2,32,0.0002,0.0,128,12,54.82,,,,,,,,,,,,,,0.381207,,"{""TwitterSemEval2015"": 0.38120729430959804}"
2026-09-02 06:44:17,hyperglot,bert-base-uncased,mteb,SummEval,ABC_threshold,glot,poincare,threshold,1,1,gat,2,cat,0.6,1.0,1.0,8,0,128,128,256,2,32,0.0002,0.0,128,12,14.05,,,,,,,,,,,,,,0.299075,,"{""SummEval"": 0.2990753982339252}"
2026-09-02 06:54:12,hyperglot,bert-base-uncased,embedding,,ABC_threshold,glot,poincare,threshold,1,1,gat,2,cat,0.6,1.0,1.0,8,0,128,128,256,2,32,0.0002,0.0,128,13,584.25,,,,,,,,,,,,,,,1.598509,
2026-09-02 06:55:13,hyperglot,bert-base-uncased,mteb,EmotionClassification,ABC_threshold,glot,poincare,threshold,1,1,gat,2,cat,0.6,1.0,1.0,8,0,128,128,256,2,32,0.0002,0.0,128,13,50.01,,,,,,,,,,,,,,0.3181,,"{""EmotionClassification"": 0.3181}"
2026-09-02 06:56:36,hyperglot,bert-base-uncased,mteb,SciFact,ABC_threshold,glot,poincare,threshold,1,1,gat,2,cat,0.6,1.0,1.0,8,0,128,128,256,2,32,0.0002,0.0,128,13,70.46,,,,,,,,,,,,,,0.25684,,"{""SciFact"": 0.25684}"
2026-09-02 07:17:30,hyperglot,bert-base-uncased,mteb,RedditClustering,ABC_threshold,glot,poincare,threshold,1,1,gat,2,cat,0.6,1.0,1.0,8,0,128,128,256,2,32,0.0002,0.0,128,13,1242.33,,,,,,,,,,,,,,0.346575,,"{""RedditClustering"": 0.34657453422281626}"
2026-09-02 07:18:11,hyperglot,bert-base-uncased,mteb,AskUbuntuDupQuestions,ABC_threshold,glot,poincare,threshold,1,1,gat,2,cat,0.6,1.0,1.0,8,0,128,128,256,2,32,0.0002,0.0,128,13,30.28,,,,,,,,,,,,,,0.47137,,"{""AskUbuntuDupQuestions"": 0.47137}"
2026-09-02 07:18:46,hyperglot,bert-base-uncased,mteb,STS12,ABC_threshold,glot,poincare,threshold,1,1,gat,2,cat,0.6,1.0,1.0,8,0,128,128,256,2,32,0.0002,0.0,128,13,23.2,,,,,,,,,,,,,,0.521135,,"{""STS12"": 0.5211352628939278}"
2026-09-02 07:19:52,hyperglot,bert-base-uncased,mteb,TwitterSemEval2015,ABC_threshold,glot,poincare,threshold,1,1,gat,2,cat,0.6,1.0,1.0,8,0,128,128,256,2,32,0.0002,0.0,128,13,54.86,,,,,,,,,,,,,,0.371179,,"{""TwitterSemEval2015"": 0.3711794895635948}"
2026-09-02 07:20:17,hyperglot,bert-base-uncased,mteb,SummEval,ABC_threshold,glot,poincare,threshold,1,1,gat,2,cat,0.6,1.0,1.0,8,0,128,128,256,2,32,0.0002,0.0,128,13,14.04,,,,,,,,,,,,,,0.293983,,"{""SummEval"": 0.2939831862143974}"
2026-09-02 07:29:38,hyperglot,bert-base-uncased,embedding,,ABC_threshold,glot,poincare,threshold,1,1,gat,2,cat,0.6,1.0,1.0,8,0,128,128,256,2,32,0.0002,0.0,128,14,548.63,,,,,,,,,,,,,,,1.613325,
2026-09-02 07:30:39,hyperglot,bert-base-uncased,mteb,EmotionClassification,ABC_threshold,glot,poincare,threshold,1,1,gat,2,cat,0.6,1.0,1.0,8,0,128,128,256,2,32,0.0002,0.0,128,14,49.73,,,,,,,,,,,,,,0.30145,,"{""EmotionClassification"": 0.30145}"
2026-09-02 07:32:01,hyperglot,bert-base-uncased,mteb,SciFact,ABC_threshold,glot,poincare,threshold,1,1,gat,2,cat,0.6,1.0,1.0,8,0,128,128,256,2,32,0.0002,0.0,128,14,70.48,,,,,,,,,,,,,,0.24707,,"{""SciFact"": 0.24707}"
2026-09-02 07:53:00,hyperglot,bert-base-uncased,mteb,RedditClustering,ABC_threshold,glot,poincare,threshold,1,1,gat,2,cat,0.6,1.0,1.0,8,0,128,128,256,2,32,0.0002,0.0,128,14,1247.76,,,,,,,,,,,,,,0.353143,,"{""RedditClustering"": 0.35314256976656067}"
2026-09-02 07:53:42,hyperglot,bert-base-uncased,mteb,AskUbuntuDupQuestions,ABC_threshold,glot,poincare,threshold,1,1,gat,2,cat,0.6,1.0,1.0,8,0,128,128,256,2,32,0.0002,0.0,128,14,30.39,,,,,,,,,,,,,,0.47536,,"{""AskUbuntuDupQuestions"": 0.47536}"
2026-09-02 07:54:16,hyperglot,bert-base-uncased,mteb,STS12,ABC_threshold,glot,poincare,threshold,1,1,gat,2,cat,0.6,1.0,1.0,8,0,128,128,256,2,32,0.0002,0.0,128,14,22.92,,,,,,,,,,,,,,0.515105,,"{""STS12"": 0.5151054337739848}"
2026-09-02 07:55:23,hyperglot,bert-base-uncased,mteb,TwitterSemEval2015,ABC_threshold,glot,poincare,threshold,1,1,gat,2,cat,0.6,1.0,1.0,8,0,128,128,256,2,32,0.0002,0.0,128,14,55.03,,,,,,,,,,,,,,0.377554,,"{""TwitterSemEval2015"": 0.37755396794569407}"
2026-09-02 07:55:48,hyperglot,bert-base-uncased,mteb,SummEval,ABC_threshold,glot,poincare,threshold,1,1,gat,2,cat,0.6,1.0,1.0,8,0,128,128,256,2,32,0.0002,0.0,128,14,14.02,,,,,,,,,,,,,,0.293761,,"{""SummEval"": 0.29376104699980277}"
2026-09-02 08:05:34,hyperglot,bert-base-uncased,embedding,,ABC_threshold,glot,poincare,threshold,1,1,gat,2,cat,0.6,1.0,1.0,8,0,128,128,256,2,32,0.0002,0.0,128,15,574.44,,,,,,,,,,,,,,,1.614635,
2026-09-02 08:06:35,hyperglot,bert-base-uncased,mteb,EmotionClassification,ABC_threshold,glot,poincare,threshold,1,1,gat,2,cat,0.6,1.0,1.0,8,0,128,128,256,2,32,0.0002,0.0,128,15,49.89,,,,,,,,,,,,,,0.3012,,"{""EmotionClassification"": 0.30119999999999997}"
2026-09-02 08:07:58,hyperglot,bert-base-uncased,mteb,SciFact,ABC_threshold,glot,poincare,threshold,1,1,gat,2,cat,0.6,1.0,1.0,8,0,128,128,256,2,32,0.0002,0.0,128,15,70.53,,,,,,,,,,,,,,0.25352,,"{""SciFact"": 0.25352}"
