run_key,target,model,setting,task,arm,stage,trial,seed,metric,detail,gat_hidden_dim,graph_metric,jk_mode,lr,num_layers,proj_dim,scorer_hidden,tau_quantile,weight_decay,score,elapsed_sec,mean_density,empty_frac,curvature,gnn_input_clip,gnn_input_scale,hyp_gnn_type,hyperbolic_gnn,tau,feature_mode,graph_curvature,hyperbolic_readout,learnable_curvature,readout_clip,readout_scale,rho_quantile
glue|bert-base-uncased|cola_wide|baseline|t0|s42|tune,glue,bert-base-uncased,cola_wide,cola,baseline,tune,0,42,mcc,gat_hidden_dim=64;graph_metric=cosine;jk_mode=cat;lr=0.0002;num_layers=2;proj_dim=128;scorer_hidden=128;tau_quantile=0.38;weight_decay=0.0,64,cosine,cat,0.0002,2,128,128,0.38,0.0,45.81,131.1,0.4846,0.0,,,,,,,,,,,,,
glue|bert-base-uncased|cola_wide|baseline|t1|s42|tune,glue,bert-base-uncased,cola_wide,cola,baseline,tune,1,42,mcc,gat_hidden_dim=128;graph_metric=cosine;jk_mode=cat;lr=0.001;num_layers=2;proj_dim=512;scorer_hidden=128;tau_quantile=0.0125;weight_decay=1e-05,128,cosine,cat,0.001,2,512,128,0.0125,1e-05,45.68,130.1,0.12444,0.0,,,,,,,,,,,,,
glue|bert-base-uncased|cola_wide|baseline|t2|s42|tune,glue,bert-base-uncased,cola_wide,cola,baseline,tune,2,42,mcc,gat_hidden_dim=64;graph_metric=cosine;jk_mode=max;lr=2e-05;num_layers=4;proj_dim=128;scorer_hidden=256;tau_quantile=0.1;weight_decay=5e-05,64,cosine,max,2e-05,4,128,256,0.1,5e-05,0.0,133.91,0.20685,0.0,,,,,,,,,,,,,
glue|bert-base-uncased|cola_wide|baseline|t3|s42|tune,glue,bert-base-uncased,cola_wide,cola,baseline,tune,3,42,mcc,gat_hidden_dim=64;graph_metric=cosine;jk_mode=cat;lr=0.001;num_layers=2;proj_dim=256;scorer_hidden=128;tau_quantile=0.025;weight_decay=5e-05,64,cosine,cat,0.001,2,256,128,0.025,5e-05,47.7,131.23,0.13512,0.0,,,,,,,,,,,,,
glue|bert-base-uncased|cola_wide|baseline|t4|s42|tune,glue,bert-base-uncased,cola_wide,cola,baseline,tune,4,42,mcc,gat_hidden_dim=64;graph_metric=cosine;jk_mode=cat;lr=0.0002;num_layers=4;proj_dim=128;scorer_hidden=256;tau_quantile=0.075;weight_decay=5e-05,64,cosine,cat,0.0002,4,128,256,0.075,5e-05,46.03,135.26,0.1844,0.0,,,,,,,,,,,,,
glue|bert-base-uncased|cola_wide|baseline|t5|s42|tune,glue,bert-base-uncased,cola_wide,cola,baseline,tune,5,42,mcc,gat_hidden_dim=256;graph_metric=cosine;jk_mode=cat;lr=2e-05;num_layers=2;proj_dim=128;scorer_hidden=256;tau_quantile=0.1;weight_decay=1e-05,256,cosine,cat,2e-05,2,128,256,0.1,1e-05,25.81,131.82,0.21031,0.0,,,,,,,,,,,,,
glue|bert-base-uncased|cola_wide|baseline|t6|s42|tune,glue,bert-base-uncased,cola_wide,cola,baseline,tune,6,42,mcc,gat_hidden_dim=128;graph_metric=cosine;jk_mode=max;lr=0.001;num_layers=4;proj_dim=512;scorer_hidden=256;tau_quantile=0.15;weight_decay=5e-05,128,cosine,max,0.001,4,512,256,0.15,5e-05,44.43,136.35,0.25747,0.0,,,,,,,,,,,,,
glue|bert-base-uncased|cola_wide|baseline|t7|s42|tune,glue,bert-base-uncased,cola_wide,cola,baseline,tune,7,42,mcc,gat_hidden_dim=64;graph_metric=cosine;jk_mode=cat;lr=0.0002;num_layers=4;proj_dim=256;scorer_hidden=128;tau_quantile=0.0125;weight_decay=5e-05,64,cosine,cat,0.0002,4,256,128,0.0125,5e-05,48.17,137.65,0.11966,0.0,,,,,,,,,,,,,
glue|bert-base-uncased|cola_wide|baseline|t8|s42|tune,glue,bert-base-uncased,cola_wide,cola,baseline,tune,8,42,mcc,gat_hidden_dim=64;graph_metric=cosine;jk_mode=max;lr=0.001;num_layers=4;proj_dim=256;scorer_hidden=256;tau_quantile=0.05;weight_decay=0.0,64,cosine,max,0.001,4,256,256,0.05,0.0,45.97,138.87,0.15689,0.0,,,,,,,,,,,,,
glue|bert-base-uncased|cola_wide|baseline|t9|s42|tune,glue,bert-base-uncased,cola_wide,cola,baseline,tune,9,42,mcc,gat_hidden_dim=256;graph_metric=cosine;jk_mode=cat;lr=2e-05;num_layers=4;proj_dim=256;scorer_hidden=256;tau_quantile=0.0375;weight_decay=5e-05,256,cosine,cat,2e-05,4,256,256,0.0375,5e-05,36.06,135.84,0.1474,0.0,,,,,,,,,,,,,
glue|bert-base-uncased|cola_wide|baseline|t10|s42|tune,glue,bert-base-uncased,cola_wide,cola,baseline,tune,10,42,mcc,gat_hidden_dim=256;graph_metric=cosine;jk_mode=cat;lr=0.001;num_layers=2;proj_dim=256;scorer_hidden=128;tau_quantile=0.1;weight_decay=1e-05,256,cosine,cat,0.001,2,256,128,0.1,1e-05,45.32,132.57,0.21031,0.0,,,,,,,,,,,,,
glue|bert-base-uncased|cola_wide|baseline|t11|s42|tune,glue,bert-base-uncased,cola_wide,cola,baseline,tune,11,42,mcc,gat_hidden_dim=256;graph_metric=cosine;jk_mode=max;lr=0.001;num_layers=2;proj_dim=512;scorer_hidden=128;tau_quantile=0.28;weight_decay=0.0,256,cosine,max,0.001,2,512,128,0.28,0.0,44.84,132.71,0.38582,0.0,,,,,,,,,,,,,
glue|bert-base-uncased|cola_wide|baseline|t12|s42|tune,glue,bert-base-uncased,cola_wide,cola,baseline,tune,12,42,mcc,gat_hidden_dim=128;graph_metric=cosine;jk_mode=cat;lr=0.0002;num_layers=4;proj_dim=128;scorer_hidden=256;tau_quantile=0.2;weight_decay=1e-05,128,cosine,cat,0.0002,4,128,256,0.2,1e-05,45.35,135.11,0.30146,0.0,,,,,,,,,,,,,
glue|bert-base-uncased|cola_wide|baseline|t13|s42|tune,glue,bert-base-uncased,cola_wide,cola,baseline,tune,13,42,mcc,gat_hidden_dim=64;graph_metric=cosine;jk_mode=cat;lr=0.001;num_layers=2;proj_dim=256;scorer_hidden=128;tau_quantile=0.0125;weight_decay=1e-05,64,cosine,cat,0.001,2,256,128,0.0125,1e-05,47.92,129.74,0.11963,0.0,,,,,,,,,,,,,
glue|bert-base-uncased|cola_wide|baseline|t14|s42|tune,glue,bert-base-uncased,cola_wide,cola,baseline,tune,14,42,mcc,gat_hidden_dim=256;graph_metric=cosine;jk_mode=cat;lr=2e-05;num_layers=2;proj_dim=512;scorer_hidden=256;tau_quantile=0.0125;weight_decay=0.0,256,cosine,cat,2e-05,2,512,256,0.0125,0.0,26.64,128.3,0.12168,0.0,,,,,,,,,,,,,
glue|bert-base-uncased|cola_wide|baseline|t15|s42|tune,glue,bert-base-uncased,cola_wide,cola,baseline,tune,15,42,mcc,gat_hidden_dim=64;graph_metric=cosine;jk_mode=cat;lr=0.001;num_layers=4;proj_dim=256;scorer_hidden=128;tau_quantile=0.1;weight_decay=1e-05,64,cosine,cat,0.001,4,256,128,0.1,1e-05,44.89,132.64,0.20863,0.0,,,,,,,,,,,,,
glue|bert-base-uncased|cola_wide|baseline|t16|s42|tune,glue,bert-base-uncased,cola_wide,cola,baseline,tune,16,42,mcc,gat_hidden_dim=128;graph_metric=cosine;jk_mode=cat;lr=0.001;num_layers=4;proj_dim=256;scorer_hidden=256;tau_quantile=0.0375;weight_decay=1e-05,128,cosine,cat,0.001,4,256,256,0.0375,1e-05,47.07,131.05,0.1434,0.0,,,,,,,,,,,,,
glue|bert-base-uncased|cola_wide|baseline|t17|s42|tune,glue,bert-base-uncased,cola_wide,cola,baseline,tune,17,42,mcc,gat_hidden_dim=256;graph_metric=cosine;jk_mode=max;lr=0.0002;num_layers=4;proj_dim=128;scorer_hidden=256;tau_quantile=0.1;weight_decay=1e-05,256,cosine,max,0.0002,4,128,256,0.1,1e-05,47.32,131.38,0.2142,0.0,,,,,,,,,,,,,
glue|bert-base-uncased|cola_wide|baseline|t18|s42|tune,glue,bert-base-uncased,cola_wide,cola,baseline,tune,18,42,mcc,gat_hidden_dim=256;graph_metric=cosine;jk_mode=max;lr=2e-05;num_layers=2;proj_dim=512;scorer_hidden=128;tau_quantile=0.05;weight_decay=0.0,256,cosine,max,2e-05,2,512,128,0.05,0.0,17.02,127.41,0.15624,0.0,,,,,,,,,,,,,
glue|bert-base-uncased|cola_wide|baseline|t19|s42|tune,glue,bert-base-uncased,cola_wide,cola,baseline,tune,19,42,mcc,gat_hidden_dim=128;graph_metric=cosine;jk_mode=max;lr=0.0002;num_layers=4;proj_dim=256;scorer_hidden=128;tau_quantile=0.075;weight_decay=1e-05,128,cosine,max,0.0002,4,256,128,0.075,1e-05,44.04,130.5,0.1867,0.0,,,,,,,,,,,,,
glue|bert-base-uncased|cola_wide|baseline|t20|s42|tune,glue,bert-base-uncased,cola_wide,cola,baseline,tune,20,42,mcc,gat_hidden_dim=256;graph_metric=cosine;jk_mode=max;lr=0.001;num_layers=2;proj_dim=512;scorer_hidden=128;tau_quantile=0.0375;weight_decay=5e-05,256,cosine,max,0.001,2,512,128,0.0375,5e-05,45.47,126.52,0.14511,0.0,,,,,,,,,,,,,
glue|bert-base-uncased|cola_wide|baseline|t21|s42|tune,glue,bert-base-uncased,cola_wide,cola,baseline,tune,21,42,mcc,gat_hidden_dim=256;graph_metric=cosine;jk_mode=cat;lr=0.001;num_layers=4;proj_dim=512;scorer_hidden=128;tau_quantile=0.15;weight_decay=0.0,256,cosine,cat,0.001,4,512,128,0.15,0.0,47.21,124.99,0.25664,0.0,,,,,,,,,,,,,
glue|bert-base-uncased|cola_wide|baseline|t22|s42|tune,glue,bert-base-uncased,cola_wide,cola,baseline,tune,22,42,mcc,gat_hidden_dim=256;graph_metric=cosine;jk_mode=cat;lr=0.0002;num_layers=2;proj_dim=256;scorer_hidden=256;tau_quantile=0.0375;weight_decay=1e-05,256,cosine,cat,0.0002,2,256,256,0.0375,1e-05,47.24,124.49,0.14748,0.0,,,,,,,,,,,,,
glue|bert-base-uncased|cola_wide|baseline|t23|s42|tune,glue,bert-base-uncased,cola_wide,cola,baseline,tune,23,42,mcc,gat_hidden_dim=128;graph_metric=cosine;jk_mode=cat;lr=2e-05;num_layers=4;proj_dim=128;scorer_hidden=256;tau_quantile=0.05;weight_decay=0.0,128,cosine,cat,2e-05,4,128,256,0.05,0.0,8.04,127.98,0.1561,0.0,,,,,,,,,,,,,
glue|bert-base-uncased|cola_wide|baseline|t24|s42|tune,glue,bert-base-uncased,cola_wide,cola,baseline,tune,24,42,mcc,gat_hidden_dim=64;graph_metric=cosine;jk_mode=cat;lr=0.0002;num_layers=2;proj_dim=512;scorer_hidden=128;tau_quantile=0.075;weight_decay=0.0,64,cosine,cat,0.0002,2,512,128,0.075,0.0,45.89,123.62,0.18431,0.0,,,,,,,,,,,,,
glue|bert-base-uncased|cola_wide|baseline|t25|s42|tune,glue,bert-base-uncased,cola_wide,cola,baseline,tune,25,42,mcc,gat_hidden_dim=64;graph_metric=cosine;jk_mode=cat;lr=0.001;num_layers=4;proj_dim=512;scorer_hidden=256;tau_quantile=0.15;weight_decay=0.0,64,cosine,cat,0.001,4,512,256,0.15,0.0,42.11,124.03,0.25567,0.0,,,,,,,,,,,,,
glue|bert-base-uncased|cola_wide|baseline|t26|s42|tune,glue,bert-base-uncased,cola_wide,cola,baseline,tune,26,42,mcc,gat_hidden_dim=64;graph_metric=cosine;jk_mode=cat;lr=0.0002;num_layers=4;proj_dim=256;scorer_hidden=256;tau_quantile=0.1;weight_decay=1e-05,64,cosine,cat,0.0002,4,256,256,0.1,1e-05,46.08,126.94,0.20863,0.0,,,,,,,,,,,,,
glue|bert-base-uncased|cola_wide|baseline|t27|s42|tune,glue,bert-base-uncased,cola_wide,cola,baseline,tune,27,42,mcc,gat_hidden_dim=256;graph_metric=cosine;jk_mode=max;lr=0.001;num_layers=4;proj_dim=128;scorer_hidden=128;tau_quantile=0.1;weight_decay=5e-05,256,cosine,max,0.001,4,128,128,0.1,5e-05,50.16,128.23,0.2142,0.0,,,,,,,,,,,,,
glue|bert-base-uncased|cola_wide|baseline|t28|s42|tune,glue,bert-base-uncased,cola_wide,cola,baseline,tune,28,42,mcc,gat_hidden_dim=64;graph_metric=cosine;jk_mode=max;lr=0.0002;num_layers=2;proj_dim=128;scorer_hidden=256;tau_quantile=0.0375;weight_decay=1e-05,64,cosine,max,0.0002,2,128,256,0.0375,1e-05,40.98,123.2,0.14679,0.0,,,,,,,,,,,,,
glue|bert-base-uncased|cola_wide|baseline|t29|s42|tune,glue,bert-base-uncased,cola_wide,cola,baseline,tune,29,42,mcc,gat_hidden_dim=128;graph_metric=cosine;jk_mode=max;lr=0.001;num_layers=4;proj_dim=128;scorer_hidden=128;tau_quantile=0.075;weight_decay=5e-05,128,cosine,max,0.001,4,128,128,0.075,5e-05,44.19,125.36,0.1867,0.0,,,,,,,,,,,,,
glue|bert-base-uncased|cola_wide|baseline|t30|s42|tune,glue,bert-base-uncased,cola_wide,cola,baseline,tune,30,42,mcc,gat_hidden_dim=64;graph_metric=cosine;jk_mode=cat;lr=0.001;num_layers=4;proj_dim=128;scorer_hidden=256;tau_quantile=0.05;weight_decay=5e-05,64,cosine,cat,0.001,4,128,256,0.05,5e-05,42.73,125.86,0.15811,0.0,,,,,,,,,,,,,
glue|bert-base-uncased|cola_wide|baseline|t31|s42|tune,glue,bert-base-uncased,cola_wide,cola,baseline,tune,31,42,mcc,gat_hidden_dim=64;graph_metric=cosine;jk_mode=max;lr=0.001;num_layers=2;proj_dim=128;scorer_hidden=128;tau_quantile=0.28;weight_decay=1e-05,64,cosine,max,0.001,2,128,128,0.28,1e-05,45.06,121.72,0.38717,0.0,,,,,,,,,,,,,
glue|bert-base-uncased|cola_wide|baseline|t32|s42|tune,glue,bert-base-uncased,cola_wide,cola,baseline,tune,32,42,mcc,gat_hidden_dim=256;graph_metric=cosine;jk_mode=cat;lr=0.0002;num_layers=2;proj_dim=256;scorer_hidden=128;tau_quantile=0.2;weight_decay=0.0,256,cosine,cat,0.0002,2,256,128,0.2,0.0,46.0,121.37,0.30562,0.0,,,,,,,,,,,,,
glue|bert-base-uncased|cola_wide|baseline|t33|s42|tune,glue,bert-base-uncased,cola_wide,cola,baseline,tune,33,42,mcc,gat_hidden_dim=128;graph_metric=cosine;jk_mode=cat;lr=0.0002;num_layers=4;proj_dim=512;scorer_hidden=128;tau_quantile=0.15;weight_decay=0.0,128,cosine,cat,0.0002,4,512,128,0.15,0.0,45.89,125.84,0.25357,0.0,,,,,,,,,,,,,
glue|bert-base-uncased|cola_wide|baseline|t34|s42|tune,glue,bert-base-uncased,cola_wide,cola,baseline,tune,34,42,mcc,gat_hidden_dim=256;graph_metric=cosine;jk_mode=max;lr=2e-05;num_layers=2;proj_dim=512;scorer_hidden=128;tau_quantile=0.05;weight_decay=5e-05,256,cosine,max,2e-05,2,512,128,0.05,5e-05,17.02,122.01,0.15624,0.0,,,,,,,,,,,,,
glue|bert-base-uncased|cola_wide|baseline|t35|s42|tune,glue,bert-base-uncased,cola_wide,cola,baseline,tune,35,42,mcc,gat_hidden_dim=256;graph_metric=cosine;jk_mode=max;lr=0.0002;num_layers=2;proj_dim=256;scorer_hidden=256;tau_quantile=0.28;weight_decay=0.0,256,cosine,max,0.0002,2,256,256,0.28,0.0,43.36,124.45,0.38582,0.0,,,,,,,,,,,,,
glue|bert-base-uncased|cola_wide|baseline|t36|s42|tune,glue,bert-base-uncased,cola_wide,cola,baseline,tune,36,42,mcc,gat_hidden_dim=256;graph_metric=cosine;jk_mode=max;lr=0.0002;num_layers=2;proj_dim=256;scorer_hidden=128;tau_quantile=0.28;weight_decay=1e-05,256,cosine,max,0.0002,2,256,128,0.28,1e-05,43.61,125.1,0.38582,0.0,,,,,,,,,,,,,
glue|bert-base-uncased|cola_wide|baseline|t37|s42|tune,glue,bert-base-uncased,cola_wide,cola,baseline,tune,37,42,mcc,gat_hidden_dim=128;graph_metric=cosine;jk_mode=max;lr=0.001;num_layers=2;proj_dim=128;scorer_hidden=256;tau_quantile=0.1;weight_decay=1e-05,128,cosine,max,0.001,2,128,256,0.1,1e-05,47.19,121.59,0.20703,0.0,,,,,,,,,,,,,
glue|bert-base-uncased|cola_wide|baseline|t38|s42|tune,glue,bert-base-uncased,cola_wide,cola,baseline,tune,38,42,mcc,gat_hidden_dim=256;graph_metric=cosine;jk_mode=max;lr=0.001;num_layers=2;proj_dim=128;scorer_hidden=128;tau_quantile=0.05;weight_decay=1e-05,256,cosine,max,0.001,2,128,128,0.05,1e-05,43.14,120.73,0.15624,0.0,,,,,,,,,,,,,
glue|bert-base-uncased|cola_wide|baseline|t39|s42|tune,glue,bert-base-uncased,cola_wide,cola,baseline,tune,39,42,mcc,gat_hidden_dim=128;graph_metric=cosine;jk_mode=max;lr=0.001;num_layers=4;proj_dim=128;scorer_hidden=256;tau_quantile=0.1;weight_decay=1e-05,128,cosine,max,0.001,4,128,256,0.1,1e-05,43.86,125.99,0.20973,0.0,,,,,,,,,,,,,
glue|bert-base-uncased|cola_wide|C|t0|s42|tune,glue,bert-base-uncased,cola_wide,cola,C,tune,0,42,mcc,curvature=0.25;gat_hidden_dim=256;gnn_input_clip=0.3;gnn_input_scale=0;graph_metric=cosine;hyp_gnn_type=gcn;hyperbolic_gnn=1;jk_mode=cat;lr=0.001;num_layers=2;proj_dim=128;scorer_hidden=128;tau_quantile=0.2;weight_decay=1e-05,256,cosine,cat,0.001,2,128,128,0.2,1e-05,46.1,138.03,0.30458,0.0,0.25,0.3,0,gcn,1,,,,,,,,
glue|bert-base-uncased|cola_wide|C|t1|s42|tune,glue,bert-base-uncased,cola_wide,cola,C,tune,1,42,mcc,curvature=4.0;gat_hidden_dim=256;gnn_input_clip=0.3;gnn_input_scale=0;graph_metric=cosine;hyp_gnn_type=gcn;hyperbolic_gnn=1;jk_mode=max;lr=2e-05;num_layers=4;proj_dim=512;scorer_hidden=256;tau_quantile=0.025;weight_decay=0.0,256,cosine,max,2e-05,4,512,256,0.025,0.0,0.0,151.53,0.13319,0.0,4.0,0.3,0,gcn,1,,,,,,,,
glue|bert-base-uncased|cola_wide|C|t2|s42|tune,glue,bert-base-uncased,cola_wide,cola,C,tune,2,42,mcc,curvature=1.0;gat_hidden_dim=256;gnn_input_clip=0.7;gnn_input_scale=0;graph_metric=cosine;hyp_gnn_type=gcn;hyperbolic_gnn=1;jk_mode=cat;lr=0.001;num_layers=4;proj_dim=256;scorer_hidden=256;tau_quantile=0.1;weight_decay=0.0,256,cosine,cat,0.001,4,256,256,0.1,0.0,46.55,151.07,0.21015,0.0,1.0,0.7,0,gcn,1,,,,,,,,
glue|bert-base-uncased|cola_wide|C|t3|s42|tune,glue,bert-base-uncased,cola_wide,cola,C,tune,3,42,mcc,curvature=1.0;gat_hidden_dim=64;gnn_input_clip=1.0;gnn_input_scale=1;graph_metric=cosine;hyp_gnn_type=gcn;hyperbolic_gnn=1;jk_mode=max;lr=2e-05;num_layers=2;proj_dim=256;scorer_hidden=256;tau_quantile=0.025;weight_decay=1e-05,64,cosine,max,2e-05,2,256,256,0.025,1e-05,0.0,138.98,0.13759,0.0,1.0,1.0,1,gcn,1,,,,,,,,
glue|bert-base-uncased|cola_wide|C|t4|s42|tune,glue,bert-base-uncased,cola_wide,cola,C,tune,4,42,mcc,curvature=4.0;gat_hidden_dim=64;gnn_input_clip=0.3;gnn_input_scale=1;graph_metric=cosine;hyp_gnn_type=gat;hyperbolic_gnn=1;jk_mode=max;lr=0.0002;num_layers=4;proj_dim=256;scorer_hidden=128;tau_quantile=0.2;weight_decay=0.0,64,cosine,max,0.0002,4,256,128,0.2,0.0,37.37,149.09,0.30344,0.0,4.0,0.3,1,gat,1,,,,,,,,
glue|bert-base-uncased|cola_wide|C|t5|s42|tune,glue,bert-base-uncased,cola_wide,cola,C,tune,5,42,mcc,curvature=1.0;gat_hidden_dim=256;gnn_input_clip=1.0;gnn_input_scale=1;graph_metric=cosine;hyp_gnn_type=gat;hyperbolic_gnn=1;jk_mode=cat;lr=0.001;num_layers=2;proj_dim=512;scorer_hidden=256;tau_quantile=0.025;weight_decay=1e-05,256,cosine,cat,0.001,2,512,256,0.025,1e-05,46.42,136.67,0.13538,0.0,1.0,1.0,1,gat,1,,,,,,,,
glue|bert-base-uncased|cola_wide|C|t6|s42|tune,glue,bert-base-uncased,cola_wide,cola,C,tune,6,42,mcc,curvature=1.0;gat_hidden_dim=128;gnn_input_clip=1.0;gnn_input_scale=0;graph_metric=cosine;hyp_gnn_type=gat;hyperbolic_gnn=1;jk_mode=max;lr=0.0002;num_layers=4;proj_dim=256;scorer_hidden=256;tau_quantile=0.38;weight_decay=0.0,128,cosine,max,0.0002,4,256,256,0.38,0.0,37.01,150.25,0.48322,0.0,1.0,1.0,0,gat,1,,,,,,,,
glue|bert-base-uncased|cola_wide|C|t7|s42|tune,glue,bert-base-uncased,cola_wide,cola,C,tune,7,42,mcc,curvature=0.25;gat_hidden_dim=256;gnn_input_clip=0.7;gnn_input_scale=0;graph_metric=cosine;hyp_gnn_type=gat;hyperbolic_gnn=1;jk_mode=max;lr=2e-05;num_layers=4;proj_dim=256;scorer_hidden=128;tau_quantile=0.38;weight_decay=0.0,256,cosine,max,2e-05,4,256,128,0.38,0.0,0.0,149.52,0.48252,0.0,0.25,0.7,0,gat,1,,,,,,,,
glue|bert-base-uncased|cola_wide|C|t8|s42|tune,glue,bert-base-uncased,cola_wide,cola,C,tune,8,42,mcc,curvature=4.0;gat_hidden_dim=64;gnn_input_clip=0.7;gnn_input_scale=1;graph_metric=cosine;hyp_gnn_type=gcn;hyperbolic_gnn=1;jk_mode=max;lr=2e-05;num_layers=2;proj_dim=256;scorer_hidden=256;tau_quantile=0.2;weight_decay=1e-05,64,cosine,max,2e-05,2,256,256,0.2,1e-05,0.0,138.74,0.30427,0.0,4.0,0.7,1,gcn,1,,,,,,,,
glue|bert-base-uncased|cola_wide|C|t9|s42|tune,glue,bert-base-uncased,cola_wide,cola,C,tune,9,42,mcc,curvature=0.25;gat_hidden_dim=128;gnn_input_clip=0.0;gnn_input_scale=1;graph_metric=cosine;hyp_gnn_type=gcn;hyperbolic_gnn=1;jk_mode=cat;lr=2e-05;num_layers=2;proj_dim=128;scorer_hidden=256;tau_quantile=0.025;weight_decay=0.0,128,cosine,cat,2e-05,2,128,256,0.025,0.0,6.56,137.75,0.13446,0.0,0.25,0.0,1,gcn,1,,,,,,,,
glue|bert-base-uncased|cola_wide|C|t10|s42|tune,glue,bert-base-uncased,cola_wide,cola,C,tune,10,42,mcc,curvature=0.25;gat_hidden_dim=128;gnn_input_clip=1.0;gnn_input_scale=1;graph_metric=cosine;hyp_gnn_type=gat;hyperbolic_gnn=1;jk_mode=cat;lr=2e-05;num_layers=4;proj_dim=128;scorer_hidden=128;tau_quantile=0.2;weight_decay=1e-05,128,cosine,cat,2e-05,4,128,128,0.2,1e-05,4.64,150.26,0.30415,0.0,0.25,1.0,1,gat,1,,,,,,,,
glue|bert-base-uncased|cola_wide|C|t11|s42|tune,glue,bert-base-uncased,cola_wide,cola,C,tune,11,42,mcc,curvature=1.0;gat_hidden_dim=256;gnn_input_clip=0.3;gnn_input_scale=1;graph_metric=cosine;hyp_gnn_type=gat;hyperbolic_gnn=1;jk_mode=cat;lr=0.0002;num_layers=4;proj_dim=512;scorer_hidden=256;tau_quantile=0.2;weight_decay=0.0,256,cosine,cat,0.0002,4,512,256,0.2,0.0,42.62,149.44,0.2995,0.0,1.0,0.3,1,gat,1,,,,,,,,
glue|bert-base-uncased|cola_wide|C|t12|s42|tune,glue,bert-base-uncased,cola_wide,cola,C,tune,12,42,mcc,curvature=1.0;gat_hidden_dim=64;gnn_input_clip=0.7;gnn_input_scale=0;graph_metric=cosine;hyp_gnn_type=gat;hyperbolic_gnn=1;jk_mode=cat;lr=2e-05;num_layers=4;proj_dim=512;scorer_hidden=256;tau_quantile=0.1;weight_decay=5e-05,64,cosine,cat,2e-05,4,512,256,0.1,5e-05,0.0,147.58,0.20389,0.0,1.0,0.7,0,gat,1,,,,,,,,
glue|bert-base-uncased|cola_wide|C|t13|s42|tune,glue,bert-base-uncased,cola_wide,cola,C,tune,13,42,mcc,curvature=4.0;gat_hidden_dim=128;gnn_input_clip=0.0;gnn_input_scale=0;graph_metric=cosine;hyp_gnn_type=gat;hyperbolic_gnn=1;jk_mode=max;lr=2e-05;num_layers=4;proj_dim=128;scorer_hidden=256;tau_quantile=0.2;weight_decay=0.0,128,cosine,max,2e-05,4,128,256,0.2,0.0,0.0,150.15,0.30294,0.0,4.0,0.0,0,gat,1,,,,,,,,
glue|bert-base-uncased|cola_wide|C|t14|s42|tune,glue,bert-base-uncased,cola_wide,cola,C,tune,14,42,mcc,curvature=0.25;gat_hidden_dim=128;gnn_input_clip=1.0;gnn_input_scale=0;graph_metric=cosine;hyp_gnn_type=gcn;hyperbolic_gnn=1;jk_mode=max;lr=2e-05;num_layers=2;proj_dim=256;scorer_hidden=256;tau_quantile=0.2;weight_decay=1e-05,128,cosine,max,2e-05,2,256,256,0.2,1e-05,0.0,138.2,0.30462,0.0,0.25,1.0,0,gcn,1,,,,,,,,
glue|bert-base-uncased|cola_wide|C|t15|s42|tune,glue,bert-base-uncased,cola_wide,cola,C,tune,15,42,mcc,curvature=0.25;gat_hidden_dim=128;gnn_input_clip=1.0;gnn_input_scale=1;graph_metric=cosine;hyp_gnn_type=gcn;hyperbolic_gnn=1;jk_mode=cat;lr=0.0002;num_layers=4;proj_dim=128;scorer_hidden=256;tau_quantile=0.025;weight_decay=5e-05,128,cosine,cat,0.0002,4,128,256,0.025,5e-05,45.15,155.54,0.1326,0.0,0.25,1.0,1,gcn,1,,,,,,,,
glue|bert-base-uncased|cola_wide|C|t16|s42|tune,glue,bert-base-uncased,cola_wide,cola,C,tune,16,42,mcc,curvature=0.25;gat_hidden_dim=256;gnn_input_clip=1.0;gnn_input_scale=0;graph_metric=cosine;hyp_gnn_type=gat;hyperbolic_gnn=1;jk_mode=max;lr=0.0002;num_layers=4;proj_dim=128;scorer_hidden=128;tau_quantile=0.025;weight_decay=0.0,256,cosine,max,0.0002,4,128,128,0.025,0.0,45.42,149.28,0.1326,0.0,0.25,1.0,0,gat,1,,,,,,,,
glue|bert-base-uncased|cola_wide|C|t17|s42|tune,glue,bert-base-uncased,cola_wide,cola,C,tune,17,42,mcc,curvature=1.0;gat_hidden_dim=256;gnn_input_clip=0.7;gnn_input_scale=0;graph_metric=cosine;hyp_gnn_type=gcn;hyperbolic_gnn=1;jk_mode=max;lr=2e-05;num_layers=2;proj_dim=512;scorer_hidden=256;tau_quantile=0.2;weight_decay=5e-05,256,cosine,max,2e-05,2,512,256,0.2,5e-05,0.0,135.7,0.30345,0.0,1.0,0.7,0,gcn,1,,,,,,,,
glue|bert-base-uncased|cola_wide|C|t18|s42|tune,glue,bert-base-uncased,cola_wide,cola,C,tune,18,42,mcc,curvature=1.0;gat_hidden_dim=128;gnn_input_clip=0.0;gnn_input_scale=0;graph_metric=cosine;hyp_gnn_type=gcn;hyperbolic_gnn=1;jk_mode=cat;lr=0.001;num_layers=2;proj_dim=512;scorer_hidden=256;tau_quantile=0.38;weight_decay=1e-05,128,cosine,cat,0.001,2,512,256,0.38,1e-05,46.6,137.58,0.48298,0.0,1.0,0.0,0,gcn,1,,,,,,,,
glue|bert-base-uncased|cola_wide|C|t19|s42|tune,glue,bert-base-uncased,cola_wide,cola,C,tune,19,42,mcc,curvature=0.25;gat_hidden_dim=256;gnn_input_clip=0.3;gnn_input_scale=1;graph_metric=cosine;hyp_gnn_type=gcn;hyperbolic_gnn=1;jk_mode=cat;lr=2e-05;num_layers=4;proj_dim=128;scorer_hidden=128;tau_quantile=0.38;weight_decay=1e-05,256,cosine,cat,2e-05,4,128,128,0.38,1e-05,13.42,159.58,0.48573,0.0,0.25,0.3,1,gcn,1,,,,,,,,
glue|bert-base-uncased|cola_wide|C|t20|s42|tune,glue,bert-base-uncased,cola_wide,cola,C,tune,20,42,mcc,curvature=1.0;gat_hidden_dim=64;gnn_input_clip=0.7;gnn_input_scale=0;graph_metric=cosine;hyp_gnn_type=gcn;hyperbolic_gnn=1;jk_mode=max;lr=0.0002;num_layers=4;proj_dim=256;scorer_hidden=128;tau_quantile=0.025;weight_decay=0.0,64,cosine,max,0.0002,4,256,128,0.025,0.0,38.88,156.03,0.12969,0.0,1.0,0.7,0,gcn,1,,,,,,,,
glue|bert-base-uncased|cola_wide|C|t21|s42|tune,glue,bert-base-uncased,cola_wide,cola,C,tune,21,42,mcc,curvature=1.0;gat_hidden_dim=64;gnn_input_clip=0.0;gnn_input_scale=1;graph_metric=cosine;hyp_gnn_type=gcn;hyperbolic_gnn=1;jk_mode=cat;lr=0.0002;num_layers=4;proj_dim=256;scorer_hidden=256;tau_quantile=0.05;weight_decay=5e-05,64,cosine,cat,0.0002,4,256,256,0.05,5e-05,48.15,155.61,0.15983,0.0,1.0,0.0,1,gcn,1,,,,,,,,
glue|bert-base-uncased|cola_wide|C|t22|s42|tune,glue,bert-base-uncased,cola_wide,cola,C,tune,22,42,mcc,curvature=0.25;gat_hidden_dim=128;gnn_input_clip=1.0;gnn_input_scale=0;graph_metric=cosine;hyp_gnn_type=gcn;hyperbolic_gnn=1;jk_mode=max;lr=2e-05;num_layers=2;proj_dim=128;scorer_hidden=128;tau_quantile=0.38;weight_decay=1e-05,128,cosine,max,2e-05,2,128,128,0.38,1e-05,0.0,138.84,0.48508,0.0,0.25,1.0,0,gcn,1,,,,,,,,
glue|bert-base-uncased|cola_wide|C|t23|s42|tune,glue,bert-base-uncased,cola_wide,cola,C,tune,23,42,mcc,curvature=1.0;gat_hidden_dim=256;gnn_input_clip=0.0;gnn_input_scale=0;graph_metric=cosine;hyp_gnn_type=gcn;hyperbolic_gnn=1;jk_mode=cat;lr=0.001;num_layers=2;proj_dim=128;scorer_hidden=256;tau_quantile=0.38;weight_decay=0.0,256,cosine,cat,0.001,2,128,256,0.38,0.0,45.0,133.31,0.48523,0.0,1.0,0.0,0,gcn,1,,,,,,,,
glue|bert-base-uncased|cola_wide|C|t24|s42|tune,glue,bert-base-uncased,cola_wide,cola,C,tune,24,42,mcc,curvature=0.25;gat_hidden_dim=64;gnn_input_clip=0.0;gnn_input_scale=1;graph_metric=cosine;hyp_gnn_type=gat;hyperbolic_gnn=1;jk_mode=cat;lr=0.001;num_layers=4;proj_dim=128;scorer_hidden=256;tau_quantile=0.025;weight_decay=0.0,64,cosine,cat,0.001,4,128,256,0.025,0.0,42.83,143.47,0.13094,0.0,0.25,0.0,1,gat,1,,,,,,,,
glue|bert-base-uncased|cola_wide|C|t25|s42|tune,glue,bert-base-uncased,cola_wide,cola,C,tune,25,42,mcc,curvature=4.0;gat_hidden_dim=256;gnn_input_clip=0.0;gnn_input_scale=0;graph_metric=cosine;hyp_gnn_type=gat;hyperbolic_gnn=1;jk_mode=cat;lr=0.0002;num_layers=4;proj_dim=512;scorer_hidden=128;tau_quantile=0.1;weight_decay=1e-05,256,cosine,cat,0.0002,4,512,128,0.1,1e-05,47.14,141.14,0.2033,0.0,4.0,0.0,0,gat,1,,,,,,,,
glue|bert-base-uncased|cola_wide|C|t26|s42|tune,glue,bert-base-uncased,cola_wide,cola,C,tune,26,42,mcc,curvature=1.0;gat_hidden_dim=256;gnn_input_clip=0.0;gnn_input_scale=1;graph_metric=cosine;hyp_gnn_type=gat;hyperbolic_gnn=1;jk_mode=max;lr=2e-05;num_layers=4;proj_dim=256;scorer_hidden=256;tau_quantile=0.1;weight_decay=5e-05,256,cosine,max,2e-05,4,256,256,0.1,5e-05,0.0,143.1,0.20579,0.0,1.0,0.0,1,gat,1,,,,,,,,
glue|bert-base-uncased|cola_wide|C|t27|s42|tune,glue,bert-base-uncased,cola_wide,cola,C,tune,27,42,mcc,curvature=1.0;gat_hidden_dim=128;gnn_input_clip=1.0;gnn_input_scale=0;graph_metric=cosine;hyp_gnn_type=gcn;hyperbolic_gnn=1;jk_mode=cat;lr=0.001;num_layers=4;proj_dim=128;scorer_hidden=256;tau_quantile=0.1;weight_decay=1e-05,128,cosine,cat,0.001,4,128,256,0.1,1e-05,44.14,147.27,0.20658,0.0,1.0,1.0,0,gcn,1,,,,,,,,
glue|bert-base-uncased|cola_wide|C|t28|s42|tune,glue,bert-base-uncased,cola_wide,cola,C,tune,28,42,mcc,curvature=0.25;gat_hidden_dim=64;gnn_input_clip=1.0;gnn_input_scale=0;graph_metric=cosine;hyp_gnn_type=gat;hyperbolic_gnn=1;jk_mode=cat;lr=2e-05;num_layers=4;proj_dim=256;scorer_hidden=128;tau_quantile=0.1;weight_decay=0.0,64,cosine,cat,2e-05,4,256,128,0.1,0.0,0.0,142.18,0.20389,0.0,0.25,1.0,0,gat,1,,,,,,,,
glue|bert-base-uncased|cola_wide|C|t29|s42|tune,glue,bert-base-uncased,cola_wide,cola,C,tune,29,42,mcc,curvature=4.0;gat_hidden_dim=128;gnn_input_clip=0.7;gnn_input_scale=1;graph_metric=cosine;hyp_gnn_type=gcn;hyperbolic_gnn=1;jk_mode=cat;lr=0.001;num_layers=2;proj_dim=512;scorer_hidden=256;tau_quantile=0.2;weight_decay=5e-05,128,cosine,cat,0.001,2,512,256,0.2,5e-05,46.8,132.92,0.30332,0.0,4.0,0.7,1,gcn,1,,,,,,,,
glue|bert-base-uncased|cola_wide|C|t30|s42|tune,glue,bert-base-uncased,cola_wide,cola,C,tune,30,42,mcc,curvature=1.0;gat_hidden_dim=256;gnn_input_clip=0.7;gnn_input_scale=0;graph_metric=cosine;hyp_gnn_type=gcn;hyperbolic_gnn=1;jk_mode=cat;lr=0.0002;num_layers=2;proj_dim=256;scorer_hidden=256;tau_quantile=0.38;weight_decay=0.0,256,cosine,cat,0.0002,2,256,256,0.38,0.0,44.86,131.37,0.48523,0.0,1.0,0.7,0,gcn,1,,,,,,,,
glue|bert-base-uncased|cola_wide|C|t31|s42|tune,glue,bert-base-uncased,cola_wide,cola,C,tune,31,42,mcc,curvature=1.0;gat_hidden_dim=128;gnn_input_clip=0.0;gnn_input_scale=0;graph_metric=cosine;hyp_gnn_type=gat;hyperbolic_gnn=1;jk_mode=max;lr=2e-05;num_layers=4;proj_dim=128;scorer_hidden=128;tau_quantile=0.1;weight_decay=1e-05,128,cosine,max,2e-05,4,128,128,0.1,1e-05,0.0,141.24,0.20687,0.0,1.0,0.0,0,gat,1,,,,,,,,
glue|bert-base-uncased|cola_wide|C|t32|s42|tune,glue,bert-base-uncased,cola_wide,cola,C,tune,32,42,mcc,curvature=4.0;gat_hidden_dim=128;gnn_input_clip=0.7;gnn_input_scale=1;graph_metric=cosine;hyp_gnn_type=gat;hyperbolic_gnn=1;jk_mode=max;lr=0.001;num_layers=2;proj_dim=256;scorer_hidden=128;tau_quantile=0.38;weight_decay=5e-05,128,cosine,max,0.001,2,256,128,0.38,5e-05,48.85,131.17,0.48333,0.0,4.0,0.7,1,gat,1,,,,,,,,
glue|bert-base-uncased|cola_wide|C|t33|s42|tune,glue,bert-base-uncased,cola_wide,cola,C,tune,33,42,mcc,curvature=0.25;gat_hidden_dim=128;gnn_input_clip=1.0;gnn_input_scale=1;graph_metric=cosine;hyp_gnn_type=gat;hyperbolic_gnn=1;jk_mode=max;lr=0.0002;num_layers=2;proj_dim=512;scorer_hidden=128;tau_quantile=0.05;weight_decay=1e-05,128,cosine,max,0.0002,2,512,128,0.05,1e-05,45.91,132.11,0.15721,0.0,0.25,1.0,1,gat,1,,,,,,,,
glue|bert-base-uncased|cola_wide|C|t34|s42|tune,glue,bert-base-uncased,cola_wide,cola,C,tune,34,42,mcc,curvature=0.25;gat_hidden_dim=256;gnn_input_clip=1.0;gnn_input_scale=0;graph_metric=cosine;hyp_gnn_type=gcn;hyperbolic_gnn=1;jk_mode=cat;lr=2e-05;num_layers=4;proj_dim=512;scorer_hidden=256;tau_quantile=0.2;weight_decay=1e-05,256,cosine,cat,2e-05,4,512,256,0.2,1e-05,17.63,145.75,0.30568,0.0,0.25,1.0,0,gcn,1,,,,,,,,
glue|bert-base-uncased|cola_wide|C|t35|s42|tune,glue,bert-base-uncased,cola_wide,cola,C,tune,35,42,mcc,curvature=4.0;gat_hidden_dim=256;gnn_input_clip=0.3;gnn_input_scale=0;graph_metric=cosine;hyp_gnn_type=gcn;hyperbolic_gnn=1;jk_mode=max;lr=2e-05;num_layers=2;proj_dim=128;scorer_hidden=128;tau_quantile=0.1;weight_decay=5e-05,256,cosine,max,2e-05,2,128,128,0.1,5e-05,0.0,132.93,0.20697,0.0,4.0,0.3,0,gcn,1,,,,,,,,
glue|bert-base-uncased|cola_wide|C|t36|s42|tune,glue,bert-base-uncased,cola_wide,cola,C,tune,36,42,mcc,curvature=4.0;gat_hidden_dim=256;gnn_input_clip=0.7;gnn_input_scale=0;graph_metric=cosine;hyp_gnn_type=gat;hyperbolic_gnn=1;jk_mode=max;lr=0.001;num_layers=4;proj_dim=128;scorer_hidden=128;tau_quantile=0.38;weight_decay=1e-05,256,cosine,max,0.001,4,128,128,0.38,1e-05,47.02,142.38,0.48252,0.0,4.0,0.7,0,gat,1,,,,,,,,
glue|bert-base-uncased|cola_wide|C|t37|s42|tune,glue,bert-base-uncased,cola_wide,cola,C,tune,37,42,mcc,curvature=4.0;gat_hidden_dim=128;gnn_input_clip=1.0;gnn_input_scale=0;graph_metric=cosine;hyp_gnn_type=gat;hyperbolic_gnn=1;jk_mode=cat;lr=0.001;num_layers=2;proj_dim=256;scorer_hidden=256;tau_quantile=0.38;weight_decay=5e-05,128,cosine,cat,0.001,2,256,256,0.38,5e-05,43.39,129.92,0.48416,0.0,4.0,1.0,0,gat,1,,,,,,,,
glue|bert-base-uncased|cola_wide|C|t38|s42|tune,glue,bert-base-uncased,cola_wide,cola,C,tune,38,42,mcc,curvature=0.25;gat_hidden_dim=256;gnn_input_clip=0.7;gnn_input_scale=1;graph_metric=cosine;hyp_gnn_type=gat;hyperbolic_gnn=1;jk_mode=cat;lr=2e-05;num_layers=4;proj_dim=256;scorer_hidden=128;tau_quantile=0.2;weight_decay=0.0,256,cosine,cat,2e-05,4,256,128,0.2,0.0,18.24,143.33,0.2995,0.0,0.25,0.7,1,gat,1,,,,,,,,
glue|bert-base-uncased|cola_wide|C|t39|s42|tune,glue,bert-base-uncased,cola_wide,cola,C,tune,39,42,mcc,curvature=0.25;gat_hidden_dim=256;gnn_input_clip=0.7;gnn_input_scale=0;graph_metric=cosine;hyp_gnn_type=gat;hyperbolic_gnn=1;jk_mode=cat;lr=0.001;num_layers=4;proj_dim=128;scorer_hidden=256;tau_quantile=0.05;weight_decay=0.0,256,cosine,cat,0.001,4,128,256,0.05,0.0,38.84,141.74,0.15397,0.0,0.25,0.7,0,gat,1,,,,,,,,
glue|bert-base-uncased|cola_wide|ABC|t0|s42|tune,glue,bert-base-uncased,cola_wide,cola,ABC,tune,0,42,mcc,curvature=0.25;feature_mode=cls_root_unit;gat_hidden_dim=64;gnn_input_clip=1.0;gnn_input_scale=1;graph_curvature=4.0;graph_metric=poincare;hyp_gnn_type=gat;hyperbolic_gnn=1;hyperbolic_readout=1;jk_mode=max;learnable_curvature=1;lr=0.001;num_layers=4;proj_dim=256;readout_clip=0.7;readout_scale=1;rho_quantile=0.025;scorer_hidden=128;weight_decay=1e-05,64,poincare,max,0.001,4,256,128,,1e-05,42.31,181.96,0.13361,0.0,0.25,1.0,1,gat,1,,,,,,,,
glue|bert-base-uncased|cola_wide|ABC|t1|s42|tune,glue,bert-base-uncased,cola_wide,cola,ABC,tune,1,42,mcc,curvature=1.0;feature_mode=cls_root_unit;gat_hidden_dim=256;gnn_input_clip=0.7;gnn_input_scale=0;graph_curvature=1.0;graph_metric=poincare;hyp_gnn_type=gcn;hyperbolic_gnn=1;hyperbolic_readout=1;jk_mode=cat;learnable_curvature=0;lr=0.0002;num_layers=2;proj_dim=512;readout_clip=0.0;readout_scale=0;rho_quantile=0.38;scorer_hidden=256;weight_decay=0.0,256,poincare,cat,0.0002,2,512,256,,0.0,40.5,163.48,0.48416,0.0,1.0,0.7,0,gcn,1,,,,,,,,
glue|bert-base-uncased|cola_wide|ABC|t2|s42|tune,glue,bert-base-uncased,cola_wide,cola,ABC,tune,2,42,mcc,curvature=0.25;feature_mode=center_unit;gat_hidden_dim=128;gnn_input_clip=0.0;gnn_input_scale=0;graph_curvature=9.0;graph_metric=poincare;hyp_gnn_type=gcn;hyperbolic_gnn=1;hyperbolic_readout=1;jk_mode=cat;learnable_curvature=0;lr=0.001;num_layers=4;proj_dim=512;readout_clip=1.0;readout_scale=0;rho_quantile=0.025;scorer_hidden=128;weight_decay=5e-05,128,poincare,cat,0.001,4,512,128,,5e-05,41.62,176.66,0.13185,0.0,0.25,0.0,0,gcn,1,,,,,,,,
glue|bert-base-uncased|cola_wide|ABC|t3|s42|tune,glue,bert-base-uncased,cola_wide,cola,ABC,tune,3,42,mcc,curvature=1.0;feature_mode=center_unit;gat_hidden_dim=64;gnn_input_clip=1.0;gnn_input_scale=1;graph_curvature=2.25;graph_metric=poincare;hyp_gnn_type=gcn;hyperbolic_gnn=1;hyperbolic_readout=1;jk_mode=max;learnable_curvature=1;lr=0.001;num_layers=2;proj_dim=512;readout_clip=0.7;readout_scale=0;rho_quantile=0.025;scorer_hidden=128;weight_decay=1e-05,64,poincare,max,0.001,2,512,128,,1e-05,45.25,168.86,0.13684,0.0,1.0,1.0,1,gcn,1,,,,,,,,
glue|bert-base-uncased|cola_wide|ABC|t4|s42|tune,glue,bert-base-uncased,cola_wide,cola,ABC,tune,4,42,mcc,curvature=0.25;feature_mode=cls_root_unit;gat_hidden_dim=128;gnn_input_clip=0.0;gnn_input_scale=1;graph_curvature=9.0;graph_metric=poincare;hyp_gnn_type=gcn;hyperbolic_gnn=1;hyperbolic_readout=1;jk_mode=max;learnable_curvature=1;lr=2e-05;num_layers=4;proj_dim=128;readout_clip=1.0;readout_scale=1;rho_quantile=0.38;scorer_hidden=256;weight_decay=5e-05,128,poincare,max,2e-05,4,128,256,,5e-05,0.0,189.63,0.48318,0.0,0.25,0.0,1,gcn,1,,,,,,,,
glue|bert-base-uncased|cola_wide|ABC|t5|s42|tune,glue,bert-base-uncased,cola_wide,cola,ABC,tune,5,42,mcc,curvature=1.0;feature_mode=center_unit;gat_hidden_dim=256;gnn_input_clip=0.3;gnn_input_scale=1;graph_curvature=0.25;graph_metric=poincare;hyp_gnn_type=gat;hyperbolic_gnn=1;hyperbolic_readout=1;jk_mode=cat;learnable_curvature=1;lr=0.001;num_layers=2;proj_dim=512;readout_clip=0.3;readout_scale=1;rho_quantile=0.025;scorer_hidden=256;weight_decay=1e-05,256,poincare,cat,0.001,2,512,256,,1e-05,25.12,165.44,0.13472,0.0,1.0,0.3,1,gat,1,,,,,,,,
glue|bert-base-uncased|cola_wide|ABC|t6|s42|tune,glue,bert-base-uncased,cola_wide,cola,ABC,tune,6,42,mcc,curvature=4.0;feature_mode=center;gat_hidden_dim=128;gnn_input_clip=0.7;gnn_input_scale=0;graph_curvature=1.0;graph_metric=poincare;hyp_gnn_type=gcn;hyperbolic_gnn=1;hyperbolic_readout=1;jk_mode=max;learnable_curvature=0;lr=2e-05;num_layers=4;proj_dim=256;readout_clip=1.0;readout_scale=0;rho_quantile=0.1;scorer_hidden=256;weight_decay=1e-05,128,poincare,max,2e-05,4,256,256,,1e-05,0.0,175.29,0.20757,0.0,4.0,0.7,0,gcn,1,,,,,,,,
glue|bert-base-uncased|cola_wide|ABC|t7|s42|tune,glue,bert-base-uncased,cola_wide,cola,ABC,tune,7,42,mcc,curvature=0.25;feature_mode=center;gat_hidden_dim=256;gnn_input_clip=0.0;gnn_input_scale=1;graph_curvature=0.25;graph_metric=poincare;hyp_gnn_type=gat;hyperbolic_gnn=1;hyperbolic_readout=1;jk_mode=cat;learnable_curvature=1;lr=0.001;num_layers=2;proj_dim=128;readout_clip=0.0;readout_scale=0;rho_quantile=0.05;scorer_hidden=128;weight_decay=0.0,256,poincare,cat,0.001,2,128,128,,0.0,44.28,164.17,0.15775,0.0,0.25,0.0,1,gat,1,,,,,,,,
glue|bert-base-uncased|cola_wide|ABC|t8|s42|tune,glue,bert-base-uncased,cola_wide,cola,ABC,tune,8,42,mcc,curvature=4.0;feature_mode=cls_root_unit;gat_hidden_dim=128;gnn_input_clip=0.0;gnn_input_scale=0;graph_curvature=2.25;graph_metric=poincare;hyp_gnn_type=gcn;hyperbolic_gnn=1;hyperbolic_readout=1;jk_mode=cat;learnable_curvature=1;lr=2e-05;num_layers=2;proj_dim=256;readout_clip=0.0;readout_scale=0;rho_quantile=0.025;scorer_hidden=256;weight_decay=1e-05,128,poincare,cat,2e-05,2,256,256,,1e-05,0.0,169.93,0.13407,0.0,4.0,0.0,0,gcn,1,,,,,,,,
glue|bert-base-uncased|cola_wide|ABC|t9|s42|tune,glue,bert-base-uncased,cola_wide,cola,ABC,tune,9,42,mcc,curvature=4.0;feature_mode=cls_root_unit;gat_hidden_dim=128;gnn_input_clip=0.0;gnn_input_scale=1;graph_curvature=0.25;graph_metric=poincare;hyp_gnn_type=gat;hyperbolic_gnn=1;hyperbolic_readout=1;jk_mode=cat;learnable_curvature=1;lr=2e-05;num_layers=4;proj_dim=128;readout_clip=0.3;readout_scale=0;rho_quantile=0.05;scorer_hidden=256;weight_decay=5e-05,128,poincare,cat,2e-05,4,128,256,,5e-05,0.0,182.79,0.1582,0.0,4.0,0.0,1,gat,1,,,,,,,,
glue|bert-base-uncased|cola_wide|ABC|t10|s42|tune,glue,bert-base-uncased,cola_wide,cola,ABC,tune,10,42,mcc,curvature=4.0;feature_mode=center_unit;gat_hidden_dim=128;gnn_input_clip=0.7;gnn_input_scale=1;graph_curvature=2.25;graph_metric=poincare;hyp_gnn_type=gcn;hyperbolic_gnn=1;hyperbolic_readout=1;jk_mode=cat;learnable_curvature=1;lr=2e-05;num_layers=2;proj_dim=128;readout_clip=0.3;readout_scale=1;rho_quantile=0.1;scorer_hidden=256;weight_decay=5e-05,128,poincare,cat,2e-05,2,128,256,,5e-05,0.0,169.67,0.20759,0.0,4.0,0.7,1,gcn,1,,,,,,,,
glue|bert-base-uncased|cola_wide|ABC|t11|s42|tune,glue,bert-base-uncased,cola_wide,cola,ABC,tune,11,42,mcc,curvature=4.0;feature_mode=cls_root_unit;gat_hidden_dim=64;gnn_input_clip=0.3;gnn_input_scale=1;graph_curvature=1.0;graph_metric=poincare;hyp_gnn_type=gat;hyperbolic_gnn=1;hyperbolic_readout=1;jk_mode=cat;learnable_curvature=0;lr=0.0002;num_layers=2;proj_dim=512;readout_clip=0.0;readout_scale=1;rho_quantile=0.2;scorer_hidden=128;weight_decay=0.0,64,poincare,cat,0.0002,2,512,128,,0.0,28.52,158.56,0.30375,0.0,4.0,0.3,1,gat,1,,,,,,,,
glue|bert-base-uncased|cola_wide|ABC|t12|s42|tune,glue,bert-base-uncased,cola_wide,cola,ABC,tune,12,42,mcc,curvature=1.0;feature_mode=center_unit;gat_hidden_dim=64;gnn_input_clip=0.7;gnn_input_scale=0;graph_curvature=9.0;graph_metric=poincare;hyp_gnn_type=gcn;hyperbolic_gnn=1;hyperbolic_readout=1;jk_mode=cat;learnable_curvature=1;lr=2e-05;num_layers=4;proj_dim=512;readout_clip=1.0;readout_scale=1;rho_quantile=0.025;scorer_hidden=128;weight_decay=1e-05,64,poincare,cat,2e-05,4,512,128,,1e-05,0.0,188.05,0.13755,0.0,1.0,0.7,0,gcn,1,,,,,,,,
glue|bert-base-uncased|cola_wide|ABC|t13|s42|tune,glue,bert-base-uncased,cola_wide,cola,ABC,tune,13,42,mcc,curvature=4.0;feature_mode=center;gat_hidden_dim=256;gnn_input_clip=0.0;gnn_input_scale=1;graph_curvature=4.0;graph_metric=poincare;hyp_gnn_type=gcn;hyperbolic_gnn=1;hyperbolic_readout=1;jk_mode=max;learnable_curvature=0;lr=2e-05;num_layers=4;proj_dim=512;readout_clip=0.3;readout_scale=1;rho_quantile=0.1;scorer_hidden=128;weight_decay=0.0,256,poincare,max,2e-05,4,512,128,,0.0,0.0,175.85,0.20475,0.0,4.0,0.0,1,gcn,1,,,,,,,,
glue|bert-base-uncased|cola_wide|ABC|t14|s42|tune,glue,bert-base-uncased,cola_wide,cola,ABC,tune,14,42,mcc,curvature=1.0;feature_mode=unit;gat_hidden_dim=64;gnn_input_clip=0.7;gnn_input_scale=1;graph_curvature=4.0;graph_metric=poincare;hyp_gnn_type=gat;hyperbolic_gnn=1;hyperbolic_readout=1;jk_mode=max;learnable_curvature=1;lr=0.001;num_layers=2;proj_dim=512;readout_clip=1.0;readout_scale=0;rho_quantile=0.1;scorer_hidden=256;weight_decay=0.0,64,poincare,max,0.001,2,512,256,,0.0,41.77,165.18,0.20704,0.0,1.0,0.7,1,gat,1,,,,,,,,
glue|bert-base-uncased|cola_wide|ABC|t15|s42|tune,glue,bert-base-uncased,cola_wide,cola,ABC,tune,15,42,mcc,curvature=1.0;feature_mode=unit;gat_hidden_dim=64;gnn_input_clip=1.0;gnn_input_scale=1;graph_curvature=2.25;graph_metric=poincare;hyp_gnn_type=gcn;hyperbolic_gnn=1;hyperbolic_readout=1;jk_mode=cat;learnable_curvature=1;lr=2e-05;num_layers=4;proj_dim=512;readout_clip=0.0;readout_scale=1;rho_quantile=0.025;scorer_hidden=256;weight_decay=5e-05,64,poincare,cat,2e-05,4,512,256,,5e-05,0.0,188.8,0.1376,0.0,1.0,1.0,1,gcn,1,,,,,,,,
glue|bert-base-uncased|cola_wide|ABC|t16|s42|tune,glue,bert-base-uncased,cola_wide,cola,ABC,tune,16,42,mcc,curvature=4.0;feature_mode=center;gat_hidden_dim=64;gnn_input_clip=0.7;gnn_input_scale=1;graph_curvature=1.0;graph_metric=poincare;hyp_gnn_type=gat;hyperbolic_gnn=1;hyperbolic_readout=1;jk_mode=max;learnable_curvature=0;lr=0.001;num_layers=4;proj_dim=256;readout_clip=1.0;readout_scale=1;rho_quantile=0.025;scorer_hidden=128;weight_decay=5e-05,64,poincare,max,0.001,4,256,128,,5e-05,44.11,171.43,0.13361,0.0,4.0,0.7,1,gat,1,,,,,,,,
glue|bert-base-uncased|cola_wide|ABC|t17|s42|tune,glue,bert-base-uncased,cola_wide,cola,ABC,tune,17,42,mcc,curvature=4.0;feature_mode=center_unit;gat_hidden_dim=256;gnn_input_clip=0.7;gnn_input_scale=0;graph_curvature=0.25;graph_metric=poincare;hyp_gnn_type=gat;hyperbolic_gnn=1;hyperbolic_readout=1;jk_mode=max;learnable_curvature=0;lr=0.001;num_layers=4;proj_dim=512;readout_clip=0.7;readout_scale=0;rho_quantile=0.2;scorer_hidden=128;weight_decay=5e-05,256,poincare,max,0.001,4,512,128,,5e-05,47.07,172.71,0.30172,0.0,4.0,0.7,0,gat,1,,,,,,,,
glue|bert-base-uncased|cola_wide|ABC|t18|s42|tune,glue,bert-base-uncased,cola_wide,cola,ABC,tune,18,42,mcc,curvature=4.0;feature_mode=center_unit;gat_hidden_dim=256;gnn_input_clip=0.7;gnn_input_scale=1;graph_curvature=4.0;graph_metric=poincare;hyp_gnn_type=gcn;hyperbolic_gnn=1;hyperbolic_readout=1;jk_mode=cat;learnable_curvature=1;lr=0.001;num_layers=2;proj_dim=256;readout_clip=0.3;readout_scale=0;rho_quantile=0.38;scorer_hidden=128;weight_decay=5e-05,256,poincare,cat,0.001,2,256,128,,5e-05,24.02,168.74,0.48416,0.0,4.0,0.7,1,gcn,1,,,,,,,,
glue|bert-base-uncased|cola_wide|ABC|t19|s42|tune,glue,bert-base-uncased,cola_wide,cola,ABC,tune,19,42,mcc,curvature=0.25;feature_mode=center_unit;gat_hidden_dim=64;gnn_input_clip=0.0;gnn_input_scale=0;graph_curvature=9.0;graph_metric=poincare;hyp_gnn_type=gat;hyperbolic_gnn=1;hyperbolic_readout=1;jk_mode=cat;learnable_curvature=1;lr=2e-05;num_layers=4;proj_dim=256;readout_clip=0.7;readout_scale=0;rho_quantile=0.05;scorer_hidden=128;weight_decay=0.0,64,poincare,cat,2e-05,4,256,128,,0.0,0.0,182.49,0.1535,0.0,0.25,0.0,0,gat,1,,,,,,,,
glue|bert-base-uncased|cola_wide|ABC|t20|s42|tune,glue,bert-base-uncased,cola_wide,cola,ABC,tune,20,42,mcc,curvature=4.0;feature_mode=unit;gat_hidden_dim=128;gnn_input_clip=1.0;gnn_input_scale=1;graph_curvature=4.0;graph_metric=poincare;hyp_gnn_type=gcn;hyperbolic_gnn=1;hyperbolic_readout=1;jk_mode=cat;learnable_curvature=0;lr=2e-05;num_layers=2;proj_dim=128;readout_clip=0.3;readout_scale=1;rho_quantile=0.2;scorer_hidden=256;weight_decay=5e-05,128,poincare,cat,2e-05,2,128,256,,5e-05,0.0,162.47,0.30269,0.0,4.0,1.0,1,gcn,1,,,,,,,,
glue|bert-base-uncased|cola_wide|ABC|t21|s42|tune,glue,bert-base-uncased,cola_wide,cola,ABC,tune,21,42,mcc,curvature=4.0;feature_mode=unit;gat_hidden_dim=64;gnn_input_clip=0.3;gnn_input_scale=0;graph_curvature=1.0;graph_metric=poincare;hyp_gnn_type=gcn;hyperbolic_gnn=1;hyperbolic_readout=1;jk_mode=cat;learnable_curvature=1;lr=2e-05;num_layers=4;proj_dim=512;readout_clip=0.7;readout_scale=1;rho_quantile=0.1;scorer_hidden=256;weight_decay=5e-05,64,poincare,cat,2e-05,4,512,256,,5e-05,0.0,186.2,0.20914,0.0,4.0,0.3,0,gcn,1,,,,,,,,
glue|bert-base-uncased|cola_wide|ABC|t22|s42|tune,glue,bert-base-uncased,cola_wide,cola,ABC,tune,22,42,mcc,curvature=0.25;feature_mode=cls_root_unit;gat_hidden_dim=128;gnn_input_clip=1.0;gnn_input_scale=1;graph_curvature=2.25;graph_metric=poincare;hyp_gnn_type=gcn;hyperbolic_gnn=1;hyperbolic_readout=1;jk_mode=cat;learnable_curvature=0;lr=2e-05;num_layers=4;proj_dim=512;readout_clip=1.0;readout_scale=0;rho_quantile=0.05;scorer_hidden=256;weight_decay=0.0,128,poincare,cat,2e-05,4,512,256,,0.0,0.0,181.65,0.15505,0.0,0.25,1.0,1,gcn,1,,,,,,,,
glue|bert-base-uncased|cola_wide|ABC|t23|s42|tune,glue,bert-base-uncased,cola_wide,cola,ABC,tune,23,42,mcc,curvature=1.0;feature_mode=center;gat_hidden_dim=256;gnn_input_clip=0.3;gnn_input_scale=0;graph_curvature=0.25;graph_metric=poincare;hyp_gnn_type=gat;hyperbolic_gnn=1;hyperbolic_readout=1;jk_mode=cat;learnable_curvature=0;lr=2e-05;num_layers=2;proj_dim=256;readout_clip=0.0;readout_scale=0;rho_quantile=0.025;scorer_hidden=128;weight_decay=1e-05,256,poincare,cat,2e-05,2,256,128,,1e-05,0.0,161.31,0.13468,0.0,1.0,0.3,0,gat,1,,,,,,,,
glue|bert-base-uncased|cola_wide|ABC|t24|s42|tune,glue,bert-base-uncased,cola_wide,cola,ABC,tune,24,42,mcc,curvature=4.0;feature_mode=cls_root_unit;gat_hidden_dim=64;gnn_input_clip=1.0;gnn_input_scale=1;graph_curvature=2.25;graph_metric=poincare;hyp_gnn_type=gcn;hyperbolic_gnn=1;hyperbolic_readout=1;jk_mode=max;learnable_curvature=0;lr=0.0002;num_layers=2;proj_dim=512;readout_clip=0.0;readout_scale=1;rho_quantile=0.05;scorer_hidden=256;weight_decay=1e-05,64,poincare,max,0.0002,2,512,256,,1e-05,0.0,164.6,0.15896,0.0,4.0,1.0,1,gcn,1,,,,,,,,
glue|bert-base-uncased|cola_wide|ABC|t25|s42|tune,glue,bert-base-uncased,cola_wide,cola,ABC,tune,25,42,mcc,curvature=0.25;feature_mode=center_unit;gat_hidden_dim=64;gnn_input_clip=0.0;gnn_input_scale=0;graph_curvature=2.25;graph_metric=poincare;hyp_gnn_type=gat;hyperbolic_gnn=1;hyperbolic_readout=1;jk_mode=cat;learnable_curvature=0;lr=2e-05;num_layers=2;proj_dim=512;readout_clip=0.3;readout_scale=0;rho_quantile=0.1;scorer_hidden=128;weight_decay=5e-05,64,poincare,cat,2e-05,2,512,128,,5e-05,0.0,161.19,0.20753,0.0,0.25,0.0,0,gat,1,,,,,,,,
glue|bert-base-uncased|cola_wide|ABC|t26|s42|tune,glue,bert-base-uncased,cola_wide,cola,ABC,tune,26,42,mcc,curvature=0.25;feature_mode=unit;gat_hidden_dim=256;gnn_input_clip=0.7;gnn_input_scale=0;graph_curvature=2.25;graph_metric=poincare;hyp_gnn_type=gcn;hyperbolic_gnn=1;hyperbolic_readout=1;jk_mode=cat;learnable_curvature=1;lr=0.001;num_layers=2;proj_dim=512;readout_clip=0.0;readout_scale=1;rho_quantile=0.38;scorer_hidden=256;weight_decay=0.0,256,poincare,cat,0.001,2,512,256,,0.0,38.18,170.85,0.48416,0.0,0.25,0.7,0,gcn,1,,,,,,,,
glue|bert-base-uncased|cola_wide|ABC|t27|s42|tune,glue,bert-base-uncased,cola_wide,cola,ABC,tune,27,42,mcc,curvature=0.25;feature_mode=unit;gat_hidden_dim=128;gnn_input_clip=1.0;gnn_input_scale=1;graph_curvature=1.0;graph_metric=poincare;hyp_gnn_type=gcn;hyperbolic_gnn=1;hyperbolic_readout=1;jk_mode=max;learnable_curvature=0;lr=0.001;num_layers=2;proj_dim=256;readout_clip=0.7;readout_scale=1;rho_quantile=0.2;scorer_hidden=256;weight_decay=1e-05,128,poincare,max,0.001,2,256,256,,1e-05,38.84,166.49,0.30413,0.0,0.25,1.0,1,gcn,1,,,,,,,,
glue|bert-base-uncased|cola_wide|ABC|t28|s42|tune,glue,bert-base-uncased,cola_wide,cola,ABC,tune,28,42,mcc,curvature=4.0;feature_mode=center;gat_hidden_dim=64;gnn_input_clip=0.7;gnn_input_scale=0;graph_curvature=1.0;graph_metric=poincare;hyp_gnn_type=gcn;hyperbolic_gnn=1;hyperbolic_readout=1;jk_mode=cat;learnable_curvature=0;lr=0.0002;num_layers=2;proj_dim=256;readout_clip=1.0;readout_scale=1;rho_quantile=0.2;scorer_hidden=128;weight_decay=0.0,64,poincare,cat,0.0002,2,256,128,,0.0,30.1,167.61,0.30396,0.0,4.0,0.7,0,gcn,1,,,,,,,,
glue|bert-base-uncased|cola_wide|ABC|t29|s42|tune,glue,bert-base-uncased,cola_wide,cola,ABC,tune,29,42,mcc,curvature=4.0;feature_mode=unit;gat_hidden_dim=64;gnn_input_clip=0.3;gnn_input_scale=0;graph_curvature=4.0;graph_metric=poincare;hyp_gnn_type=gat;hyperbolic_gnn=1;hyperbolic_readout=1;jk_mode=max;learnable_curvature=0;lr=0.0002;num_layers=4;proj_dim=128;readout_clip=0.7;readout_scale=0;rho_quantile=0.1;scorer_hidden=128;weight_decay=0.0,64,poincare,max,0.0002,4,128,128,,0.0,33.13,175.1,0.20648,0.0,4.0,0.3,0,gat,1,,,,,,,,
glue|bert-base-uncased|cola_wide|ABC|t30|s42|tune,glue,bert-base-uncased,cola_wide,cola,ABC,tune,30,42,mcc,curvature=0.25;feature_mode=center;gat_hidden_dim=256;gnn_input_clip=0.0;gnn_input_scale=1;graph_curvature=2.25;graph_metric=poincare;hyp_gnn_type=gcn;hyperbolic_gnn=1;hyperbolic_readout=1;jk_mode=max;learnable_curvature=1;lr=0.001;num_layers=2;proj_dim=256;readout_clip=0.7;readout_scale=1;rho_quantile=0.38;scorer_hidden=256;weight_decay=1e-05,256,poincare,max,0.001,2,256,256,,1e-05,45.98,169.56,0.48051,0.0,0.25,0.0,1,gcn,1,,,,,,,,
glue|bert-base-uncased|cola_wide|ABC|t31|s42|tune,glue,bert-base-uncased,cola_wide,cola,ABC,tune,31,42,mcc,curvature=0.25;feature_mode=center;gat_hidden_dim=64;gnn_input_clip=0.7;gnn_input_scale=1;graph_curvature=1.0;graph_metric=poincare;hyp_gnn_type=gat;hyperbolic_gnn=1;hyperbolic_readout=1;jk_mode=max;learnable_curvature=0;lr=0.0002;num_layers=4;proj_dim=128;readout_clip=0.3;readout_scale=0;rho_quantile=0.05;scorer_hidden=128;weight_decay=5e-05,64,poincare,max,0.0002,4,128,128,,5e-05,0.0,170.14,0.15709,0.0,0.25,0.7,1,gat,1,,,,,,,,
glue|bert-base-uncased|cola_wide|ABC|t32|s42|tune,glue,bert-base-uncased,cola_wide,cola,ABC,tune,32,42,mcc,curvature=4.0;feature_mode=cls_root_unit;gat_hidden_dim=256;gnn_input_clip=0.3;gnn_input_scale=1;graph_curvature=4.0;graph_metric=poincare;hyp_gnn_type=gcn;hyperbolic_gnn=1;hyperbolic_readout=1;jk_mode=cat;learnable_curvature=0;lr=0.0002;num_layers=2;proj_dim=512;readout_clip=0.7;readout_scale=1;rho_quantile=0.1;scorer_hidden=128;weight_decay=0.0,256,poincare,cat,0.0002,2,512,128,,0.0,29.29,162.89,0.20709,0.0,4.0,0.3,1,gcn,1,,,,,,,,
glue|bert-base-uncased|cola_wide|ABC|t33|s42|tune,glue,bert-base-uncased,cola_wide,cola,ABC,tune,33,42,mcc,curvature=4.0;feature_mode=center;gat_hidden_dim=64;gnn_input_clip=1.0;gnn_input_scale=1;graph_curvature=9.0;graph_metric=poincare;hyp_gnn_type=gat;hyperbolic_gnn=1;hyperbolic_readout=1;jk_mode=cat;learnable_curvature=0;lr=0.001;num_layers=4;proj_dim=512;readout_clip=0.7;readout_scale=0;rho_quantile=0.1;scorer_hidden=256;weight_decay=0.0,64,poincare,cat,0.001,4,512,256,,0.0,30.56,172.47,0.20271,0.0,4.0,1.0,1,gat,1,,,,,,,,
glue|bert-base-uncased|cola_wide|ABC|t34|s42|tune,glue,bert-base-uncased,cola_wide,cola,ABC,tune,34,42,mcc,curvature=4.0;feature_mode=cls_root_unit;gat_hidden_dim=128;gnn_input_clip=0.0;gnn_input_scale=0;graph_curvature=9.0;graph_metric=poincare;hyp_gnn_type=gat;hyperbolic_gnn=1;hyperbolic_readout=1;jk_mode=cat;learnable_curvature=1;lr=0.001;num_layers=4;proj_dim=256;readout_clip=0.3;readout_scale=1;rho_quantile=0.38;scorer_hidden=256;weight_decay=1e-05,128,poincare,cat,0.001,4,256,256,,1e-05,13.42,181.9,0.48338,0.0,4.0,0.0,0,gat,1,,,,,,,,
glue|bert-base-uncased|cola_wide|ABC|t35|s42|tune,glue,bert-base-uncased,cola_wide,cola,ABC,tune,35,42,mcc,curvature=0.25;feature_mode=center_unit;gat_hidden_dim=256;gnn_input_clip=0.7;gnn_input_scale=0;graph_curvature=4.0;graph_metric=poincare;hyp_gnn_type=gat;hyperbolic_gnn=1;hyperbolic_readout=1;jk_mode=cat;learnable_curvature=0;lr=0.001;num_layers=2;proj_dim=128;readout_clip=0.7;readout_scale=1;rho_quantile=0.2;scorer_hidden=128;weight_decay=0.0,256,poincare,cat,0.001,2,128,128,,0.0,40.09,160.22,0.30396,0.0,0.25,0.7,0,gat,1,,,,,,,,
glue|bert-base-uncased|cola_wide|ABC|t36|s42|tune,glue,bert-base-uncased,cola_wide,cola,ABC,tune,36,42,mcc,curvature=4.0;feature_mode=center_unit;gat_hidden_dim=64;gnn_input_clip=0.7;gnn_input_scale=0;graph_curvature=2.25;graph_metric=poincare;hyp_gnn_type=gat;hyperbolic_gnn=1;hyperbolic_readout=1;jk_mode=max;learnable_curvature=1;lr=2e-05;num_layers=4;proj_dim=256;readout_clip=1.0;readout_scale=1;rho_quantile=0.025;scorer_hidden=128;weight_decay=1e-05,64,poincare,max,2e-05,4,256,128,,1e-05,0.0,180.92,0.13361,0.0,4.0,0.7,0,gat,1,,,,,,,,
glue|bert-base-uncased|cola_wide|ABC|t37|s42|tune,glue,bert-base-uncased,cola_wide,cola,ABC,tune,37,42,mcc,curvature=4.0;feature_mode=center;gat_hidden_dim=64;gnn_input_clip=0.7;gnn_input_scale=0;graph_curvature=1.0;graph_metric=poincare;hyp_gnn_type=gat;hyperbolic_gnn=1;hyperbolic_readout=1;jk_mode=cat;learnable_curvature=0;lr=2e-05;num_layers=4;proj_dim=128;readout_clip=1.0;readout_scale=0;rho_quantile=0.1;scorer_hidden=256;weight_decay=1e-05,64,poincare,cat,2e-05,4,128,256,,1e-05,0.0,170.96,0.20286,0.0,4.0,0.7,0,gat,1,,,,,,,,
glue|bert-base-uncased|cola_wide|ABC|t38|s42|tune,glue,bert-base-uncased,cola_wide,cola,ABC,tune,38,42,mcc,curvature=1.0;feature_mode=unit;gat_hidden_dim=64;gnn_input_clip=0.3;gnn_input_scale=0;graph_curvature=4.0;graph_metric=poincare;hyp_gnn_type=gat;hyperbolic_gnn=1;hyperbolic_readout=1;jk_mode=max;learnable_curvature=0;lr=0.001;num_layers=4;proj_dim=128;readout_clip=0.7;readout_scale=0;rho_quantile=0.1;scorer_hidden=256;weight_decay=0.0,64,poincare,max,0.001,4,128,256,,0.0,45.25,171.9,0.20648,0.0,1.0,0.3,0,gat,1,,,,,,,,
glue|bert-base-uncased|cola_wide|ABC|t39|s42|tune,glue,bert-base-uncased,cola_wide,cola,ABC,tune,39,42,mcc,curvature=0.25;feature_mode=unit;gat_hidden_dim=256;gnn_input_clip=1.0;gnn_input_scale=0;graph_curvature=4.0;graph_metric=poincare;hyp_gnn_type=gcn;hyperbolic_gnn=1;hyperbolic_readout=1;jk_mode=max;learnable_curvature=0;lr=0.001;num_layers=4;proj_dim=128;readout_clip=1.0;readout_scale=1;rho_quantile=0.1;scorer_hidden=128;weight_decay=5e-05,256,poincare,max,0.001,4,128,128,,5e-05,44.22,177.18,0.20498,0.0,0.25,1.0,0,gcn,1,,,,,,,,
glue|bert-base-uncased|cola_wide|ABC|t17|s1|confirm,glue,bert-base-uncased,cola_wide,cola,ABC,confirm,17,1,mcc,curvature=4.0;feature_mode=center_unit;gat_hidden_dim=256;gnn_input_clip=0.7;gnn_input_scale=0;graph_curvature=0.25;graph_metric=poincare;hyp_gnn_type=gat;hyperbolic_gnn=1;hyperbolic_readout=1;jk_mode=max;learnable_curvature=0;lr=0.001;num_layers=4;proj_dim=512;readout_clip=0.7;readout_scale=0;rho_quantile=0.2;scorer_hidden=128;weight_decay=5e-05,256,poincare,max,0.001,4,512,128,,5e-05,45.01,172.86,0.3005,0.0,4.0,0.7,0,gat,1,,,,,,,,
glue|bert-base-uncased|cola_wide|ABC|t17|s2|confirm,glue,bert-base-uncased,cola_wide,cola,ABC,confirm,17,2,mcc,curvature=4.0;feature_mode=center_unit;gat_hidden_dim=256;gnn_input_clip=0.7;gnn_input_scale=0;graph_curvature=0.25;graph_metric=poincare;hyp_gnn_type=gat;hyperbolic_gnn=1;hyperbolic_readout=1;jk_mode=max;learnable_curvature=0;lr=0.001;num_layers=4;proj_dim=512;readout_clip=0.7;readout_scale=0;rho_quantile=0.2;scorer_hidden=128;weight_decay=5e-05,256,poincare,max,0.001,4,512,128,,5e-05,43.93,173.62,0.30498,0.0,4.0,0.7,0,gat,1,,,,,,,,
glue|bert-base-uncased|cola_wide|ABC|t17|s3|confirm,glue,bert-base-uncased,cola_wide,cola,ABC,confirm,17,3,mcc,curvature=4.0;feature_mode=center_unit;gat_hidden_dim=256;gnn_input_clip=0.7;gnn_input_scale=0;graph_curvature=0.25;graph_metric=poincare;hyp_gnn_type=gat;hyperbolic_gnn=1;hyperbolic_readout=1;jk_mode=max;learnable_curvature=0;lr=0.001;num_layers=4;proj_dim=512;readout_clip=0.7;readout_scale=0;rho_quantile=0.2;scorer_hidden=128;weight_decay=5e-05,256,poincare,max,0.001,4,512,128,,5e-05,47.08,172.29,0.30354,0.0,4.0,0.7,0,gat,1,,,,,,,,
glue|bert-base-uncased|cola_wide|ABC|t17|s4|confirm,glue,bert-base-uncased,cola_wide,cola,ABC,confirm,17,4,mcc,curvature=4.0;feature_mode=center_unit;gat_hidden_dim=256;gnn_input_clip=0.7;gnn_input_scale=0;graph_curvature=0.25;graph_metric=poincare;hyp_gnn_type=gat;hyperbolic_gnn=1;hyperbolic_readout=1;jk_mode=max;learnable_curvature=0;lr=0.001;num_layers=4;proj_dim=512;readout_clip=0.7;readout_scale=0;rho_quantile=0.2;scorer_hidden=128;weight_decay=5e-05,256,poincare,max,0.001,4,512,128,,5e-05,41.49,172.44,0.30476,0.0,4.0,0.7,0,gat,1,,,,,,,,
glue|bert-base-uncased|cola_wide|ABC|t17|s5|confirm,glue,bert-base-uncased,cola_wide,cola,ABC,confirm,17,5,mcc,curvature=4.0;feature_mode=center_unit;gat_hidden_dim=256;gnn_input_clip=0.7;gnn_input_scale=0;graph_curvature=0.25;graph_metric=poincare;hyp_gnn_type=gat;hyperbolic_gnn=1;hyperbolic_readout=1;jk_mode=max;learnable_curvature=0;lr=0.001;num_layers=4;proj_dim=512;readout_clip=0.7;readout_scale=0;rho_quantile=0.2;scorer_hidden=128;weight_decay=5e-05,256,poincare,max,0.001,4,512,128,,5e-05,44.49,171.34,0.30011,0.0,4.0,0.7,0,gat,1,,,,,,,,
glue|bert-base-uncased|cola_wide|ABC|t17|s6|confirm,glue,bert-base-uncased,cola_wide,cola,ABC,confirm,17,6,mcc,curvature=4.0;feature_mode=center_unit;gat_hidden_dim=256;gnn_input_clip=0.7;gnn_input_scale=0;graph_curvature=0.25;graph_metric=poincare;hyp_gnn_type=gat;hyperbolic_gnn=1;hyperbolic_readout=1;jk_mode=max;learnable_curvature=0;lr=0.001;num_layers=4;proj_dim=512;readout_clip=0.7;readout_scale=0;rho_quantile=0.2;scorer_hidden=128;weight_decay=5e-05,256,poincare,max,0.001,4,512,128,,5e-05,44.67,173.58,0.30348,0.0,4.0,0.7,0,gat,1,,,,,,,,
glue|bert-base-uncased|cola_wide|ABC|t17|s7|confirm,glue,bert-base-uncased,cola_wide,cola,ABC,confirm,17,7,mcc,curvature=4.0;feature_mode=center_unit;gat_hidden_dim=256;gnn_input_clip=0.7;gnn_input_scale=0;graph_curvature=0.25;graph_metric=poincare;hyp_gnn_type=gat;hyperbolic_gnn=1;hyperbolic_readout=1;jk_mode=max;learnable_curvature=0;lr=0.001;num_layers=4;proj_dim=512;readout_clip=0.7;readout_scale=0;rho_quantile=0.2;scorer_hidden=128;weight_decay=5e-05,256,poincare,max,0.001,4,512,128,,5e-05,43.03,172.95,0.30197,0.0,4.0,0.7,0,gat,1,,,,,,,,
glue|bert-base-uncased|cola_wide|ABC|t17|s8|confirm,glue,bert-base-uncased,cola_wide,cola,ABC,confirm,17,8,mcc,curvature=4.0;feature_mode=center_unit;gat_hidden_dim=256;gnn_input_clip=0.7;gnn_input_scale=0;graph_curvature=0.25;graph_metric=poincare;hyp_gnn_type=gat;hyperbolic_gnn=1;hyperbolic_readout=1;jk_mode=max;learnable_curvature=0;lr=0.001;num_layers=4;proj_dim=512;readout_clip=0.7;readout_scale=0;rho_quantile=0.2;scorer_hidden=128;weight_decay=5e-05,256,poincare,max,0.001,4,512,128,,5e-05,43.97,172.02,0.30056,0.0,4.0,0.7,0,gat,1,,,,,,,,
glue|bert-base-uncased|cola_wide|ABC|t17|s9|confirm,glue,bert-base-uncased,cola_wide,cola,ABC,confirm,17,9,mcc,curvature=4.0;feature_mode=center_unit;gat_hidden_dim=256;gnn_input_clip=0.7;gnn_input_scale=0;graph_curvature=0.25;graph_metric=poincare;hyp_gnn_type=gat;hyperbolic_gnn=1;hyperbolic_readout=1;jk_mode=max;learnable_curvature=0;lr=0.001;num_layers=4;proj_dim=512;readout_clip=0.7;readout_scale=0;rho_quantile=0.2;scorer_hidden=128;weight_decay=5e-05,256,poincare,max,0.001,4,512,128,,5e-05,42.57,173.19,0.30464,0.0,4.0,0.7,0,gat,1,,,,,,,,
glue|bert-base-uncased|cola_wide|ABC|t17|s10|confirm,glue,bert-base-uncased,cola_wide,cola,ABC,confirm,17,10,mcc,curvature=4.0;feature_mode=center_unit;gat_hidden_dim=256;gnn_input_clip=0.7;gnn_input_scale=0;graph_curvature=0.25;graph_metric=poincare;hyp_gnn_type=gat;hyperbolic_gnn=1;hyperbolic_readout=1;jk_mode=max;learnable_curvature=0;lr=0.001;num_layers=4;proj_dim=512;readout_clip=0.7;readout_scale=0;rho_quantile=0.2;scorer_hidden=128;weight_decay=5e-05,256,poincare,max,0.001,4,512,128,,5e-05,46.37,173.01,0.30303,0.0,4.0,0.7,0,gat,1,,,,,,,,
glue|bert-base-uncased|cola_wide|ABC|t17|s11|confirm,glue,bert-base-uncased,cola_wide,cola,ABC,confirm,17,11,mcc,curvature=4.0;feature_mode=center_unit;gat_hidden_dim=256;gnn_input_clip=0.7;gnn_input_scale=0;graph_curvature=0.25;graph_metric=poincare;hyp_gnn_type=gat;hyperbolic_gnn=1;hyperbolic_readout=1;jk_mode=max;learnable_curvature=0;lr=0.001;num_layers=4;proj_dim=512;readout_clip=0.7;readout_scale=0;rho_quantile=0.2;scorer_hidden=128;weight_decay=5e-05,256,poincare,max,0.001,4,512,128,,5e-05,46.73,172.26,0.30364,0.0,4.0,0.7,0,gat,1,,,,,,,,
glue|bert-base-uncased|cola_wide|ABC|t17|s12|confirm,glue,bert-base-uncased,cola_wide,cola,ABC,confirm,17,12,mcc,curvature=4.0;feature_mode=center_unit;gat_hidden_dim=256;gnn_input_clip=0.7;gnn_input_scale=0;graph_curvature=0.25;graph_metric=poincare;hyp_gnn_type=gat;hyperbolic_gnn=1;hyperbolic_readout=1;jk_mode=max;learnable_curvature=0;lr=0.001;num_layers=4;proj_dim=512;readout_clip=0.7;readout_scale=0;rho_quantile=0.2;scorer_hidden=128;weight_decay=5e-05,256,poincare,max,0.001,4,512,128,,5e-05,44.08,173.72,0.30243,0.0,4.0,0.7,0,gat,1,,,,,,,,
glue|bert-base-uncased|cola_wide|ABC|t17|s13|confirm,glue,bert-base-uncased,cola_wide,cola,ABC,confirm,17,13,mcc,curvature=4.0;feature_mode=center_unit;gat_hidden_dim=256;gnn_input_clip=0.7;gnn_input_scale=0;graph_curvature=0.25;graph_metric=poincare;hyp_gnn_type=gat;hyperbolic_gnn=1;hyperbolic_readout=1;jk_mode=max;learnable_curvature=0;lr=0.001;num_layers=4;proj_dim=512;readout_clip=0.7;readout_scale=0;rho_quantile=0.2;scorer_hidden=128;weight_decay=5e-05,256,poincare,max,0.001,4,512,128,,5e-05,44.66,174.04,0.30407,0.0,4.0,0.7,0,gat,1,,,,,,,,
glue|bert-base-uncased|cola_wide|ABC|t17|s14|confirm,glue,bert-base-uncased,cola_wide,cola,ABC,confirm,17,14,mcc,curvature=4.0;feature_mode=center_unit;gat_hidden_dim=256;gnn_input_clip=0.7;gnn_input_scale=0;graph_curvature=0.25;graph_metric=poincare;hyp_gnn_type=gat;hyperbolic_gnn=1;hyperbolic_readout=1;jk_mode=max;learnable_curvature=0;lr=0.001;num_layers=4;proj_dim=512;readout_clip=0.7;readout_scale=0;rho_quantile=0.2;scorer_hidden=128;weight_decay=5e-05,256,poincare,max,0.001,4,512,128,,5e-05,45.78,172.36,0.30232,0.0,4.0,0.7,0,gat,1,,,,,,,,
glue|bert-base-uncased|cola_wide|ABC|t17|s15|confirm,glue,bert-base-uncased,cola_wide,cola,ABC,confirm,17,15,mcc,curvature=4.0;feature_mode=center_unit;gat_hidden_dim=256;gnn_input_clip=0.7;gnn_input_scale=0;graph_curvature=0.25;graph_metric=poincare;hyp_gnn_type=gat;hyperbolic_gnn=1;hyperbolic_readout=1;jk_mode=max;learnable_curvature=0;lr=0.001;num_layers=4;proj_dim=512;readout_clip=0.7;readout_scale=0;rho_quantile=0.2;scorer_hidden=128;weight_decay=5e-05,256,poincare,max,0.001,4,512,128,,5e-05,48.74,173.16,0.3037,0.0,4.0,0.7,0,gat,1,,,,,,,,
glue|bert-base-uncased|cola_wide|C|t32|s1|confirm,glue,bert-base-uncased,cola_wide,cola,C,confirm,32,1,mcc,curvature=4.0;gat_hidden_dim=128;gnn_input_clip=0.7;gnn_input_scale=1;graph_metric=cosine;hyp_gnn_type=gat;hyperbolic_gnn=1;jk_mode=max;lr=0.001;num_layers=2;proj_dim=256;scorer_hidden=128;tau_quantile=0.38;weight_decay=5e-05,128,cosine,max,0.001,2,256,128,0.38,5e-05,46.25,131.68,0.48345,0.0,4.0,0.7,1,gat,1,,,,,,,,
glue|bert-base-uncased|cola_wide|C|t32|s2|confirm,glue,bert-base-uncased,cola_wide,cola,C,confirm,32,2,mcc,curvature=4.0;gat_hidden_dim=128;gnn_input_clip=0.7;gnn_input_scale=1;graph_metric=cosine;hyp_gnn_type=gat;hyperbolic_gnn=1;jk_mode=max;lr=0.001;num_layers=2;proj_dim=256;scorer_hidden=128;tau_quantile=0.38;weight_decay=5e-05,128,cosine,max,0.001,2,256,128,0.38,5e-05,46.45,131.37,0.48673,0.0,4.0,0.7,1,gat,1,,,,,,,,
glue|bert-base-uncased|cola_wide|C|t32|s3|confirm,glue,bert-base-uncased,cola_wide,cola,C,confirm,32,3,mcc,curvature=4.0;gat_hidden_dim=128;gnn_input_clip=0.7;gnn_input_scale=1;graph_metric=cosine;hyp_gnn_type=gat;hyperbolic_gnn=1;jk_mode=max;lr=0.001;num_layers=2;proj_dim=256;scorer_hidden=128;tau_quantile=0.38;weight_decay=5e-05,128,cosine,max,0.001,2,256,128,0.38,5e-05,46.88,131.07,0.48533,0.0,4.0,0.7,1,gat,1,,,,,,,,
glue|bert-base-uncased|cola_wide|C|t32|s4|confirm,glue,bert-base-uncased,cola_wide,cola,C,confirm,32,4,mcc,curvature=4.0;gat_hidden_dim=128;gnn_input_clip=0.7;gnn_input_scale=1;graph_metric=cosine;hyp_gnn_type=gat;hyperbolic_gnn=1;jk_mode=max;lr=0.001;num_layers=2;proj_dim=256;scorer_hidden=128;tau_quantile=0.38;weight_decay=5e-05,128,cosine,max,0.001,2,256,128,0.38,5e-05,46.61,131.15,0.48533,0.0,4.0,0.7,1,gat,1,,,,,,,,
glue|bert-base-uncased|cola_wide|C|t32|s5|confirm,glue,bert-base-uncased,cola_wide,cola,C,confirm,32,5,mcc,curvature=4.0;gat_hidden_dim=128;gnn_input_clip=0.7;gnn_input_scale=1;graph_metric=cosine;hyp_gnn_type=gat;hyperbolic_gnn=1;jk_mode=max;lr=0.001;num_layers=2;proj_dim=256;scorer_hidden=128;tau_quantile=0.38;weight_decay=5e-05,128,cosine,max,0.001,2,256,128,0.38,5e-05,46.53,131.88,0.48569,0.0,4.0,0.7,1,gat,1,,,,,,,,
glue|bert-base-uncased|cola_wide|C|t32|s6|confirm,glue,bert-base-uncased,cola_wide,cola,C,confirm,32,6,mcc,curvature=4.0;gat_hidden_dim=128;gnn_input_clip=0.7;gnn_input_scale=1;graph_metric=cosine;hyp_gnn_type=gat;hyperbolic_gnn=1;jk_mode=max;lr=0.001;num_layers=2;proj_dim=256;scorer_hidden=128;tau_quantile=0.38;weight_decay=5e-05,128,cosine,max,0.001,2,256,128,0.38,5e-05,46.52,130.99,0.4895,0.0,4.0,0.7,1,gat,1,,,,,,,,
glue|bert-base-uncased|cola_wide|C|t32|s7|confirm,glue,bert-base-uncased,cola_wide,cola,C,confirm,32,7,mcc,curvature=4.0;gat_hidden_dim=128;gnn_input_clip=0.7;gnn_input_scale=1;graph_metric=cosine;hyp_gnn_type=gat;hyperbolic_gnn=1;jk_mode=max;lr=0.001;num_layers=2;proj_dim=256;scorer_hidden=128;tau_quantile=0.38;weight_decay=5e-05,128,cosine,max,0.001,2,256,128,0.38,5e-05,46.41,132.94,0.48189,0.0,4.0,0.7,1,gat,1,,,,,,,,
glue|bert-base-uncased|cola_wide|C|t32|s8|confirm,glue,bert-base-uncased,cola_wide,cola,C,confirm,32,8,mcc,curvature=4.0;gat_hidden_dim=128;gnn_input_clip=0.7;gnn_input_scale=1;graph_metric=cosine;hyp_gnn_type=gat;hyperbolic_gnn=1;jk_mode=max;lr=0.001;num_layers=2;proj_dim=256;scorer_hidden=128;tau_quantile=0.38;weight_decay=5e-05,128,cosine,max,0.001,2,256,128,0.38,5e-05,47.48,129.83,0.48216,0.0,4.0,0.7,1,gat,1,,,,,,,,
glue|bert-base-uncased|cola_wide|C|t32|s9|confirm,glue,bert-base-uncased,cola_wide,cola,C,confirm,32,9,mcc,curvature=4.0;gat_hidden_dim=128;gnn_input_clip=0.7;gnn_input_scale=1;graph_metric=cosine;hyp_gnn_type=gat;hyperbolic_gnn=1;jk_mode=max;lr=0.001;num_layers=2;proj_dim=256;scorer_hidden=128;tau_quantile=0.38;weight_decay=5e-05,128,cosine,max,0.001,2,256,128,0.38,5e-05,47.08,131.52,0.48308,0.0,4.0,0.7,1,gat,1,,,,,,,,
glue|bert-base-uncased|cola_wide|C|t32|s10|confirm,glue,bert-base-uncased,cola_wide,cola,C,confirm,32,10,mcc,curvature=4.0;gat_hidden_dim=128;gnn_input_clip=0.7;gnn_input_scale=1;graph_metric=cosine;hyp_gnn_type=gat;hyperbolic_gnn=1;jk_mode=max;lr=0.001;num_layers=2;proj_dim=256;scorer_hidden=128;tau_quantile=0.38;weight_decay=5e-05,128,cosine,max,0.001,2,256,128,0.38,5e-05,46.33,131.75,0.48661,0.0,4.0,0.7,1,gat,1,,,,,,,,
glue|bert-base-uncased|cola_wide|C|t32|s11|confirm,glue,bert-base-uncased,cola_wide,cola,C,confirm,32,11,mcc,curvature=4.0;gat_hidden_dim=128;gnn_input_clip=0.7;gnn_input_scale=1;graph_metric=cosine;hyp_gnn_type=gat;hyperbolic_gnn=1;jk_mode=max;lr=0.001;num_layers=2;proj_dim=256;scorer_hidden=128;tau_quantile=0.38;weight_decay=5e-05,128,cosine,max,0.001,2,256,128,0.38,5e-05,47.09,132.35,0.48227,0.0,4.0,0.7,1,gat,1,,,,,,,,
glue|bert-base-uncased|cola_wide|C|t32|s12|confirm,glue,bert-base-uncased,cola_wide,cola,C,confirm,32,12,mcc,curvature=4.0;gat_hidden_dim=128;gnn_input_clip=0.7;gnn_input_scale=1;graph_metric=cosine;hyp_gnn_type=gat;hyperbolic_gnn=1;jk_mode=max;lr=0.001;num_layers=2;proj_dim=256;scorer_hidden=128;tau_quantile=0.38;weight_decay=5e-05,128,cosine,max,0.001,2,256,128,0.38,5e-05,47.02,129.81,0.4831,0.0,4.0,0.7,1,gat,1,,,,,,,,
glue|bert-base-uncased|cola_wide|C|t32|s13|confirm,glue,bert-base-uncased,cola_wide,cola,C,confirm,32,13,mcc,curvature=4.0;gat_hidden_dim=128;gnn_input_clip=0.7;gnn_input_scale=1;graph_metric=cosine;hyp_gnn_type=gat;hyperbolic_gnn=1;jk_mode=max;lr=0.001;num_layers=2;proj_dim=256;scorer_hidden=128;tau_quantile=0.38;weight_decay=5e-05,128,cosine,max,0.001,2,256,128,0.38,5e-05,45.94,129.89,0.48331,0.0,4.0,0.7,1,gat,1,,,,,,,,
glue|bert-base-uncased|cola_wide|C|t32|s14|confirm,glue,bert-base-uncased,cola_wide,cola,C,confirm,32,14,mcc,curvature=4.0;gat_hidden_dim=128;gnn_input_clip=0.7;gnn_input_scale=1;graph_metric=cosine;hyp_gnn_type=gat;hyperbolic_gnn=1;jk_mode=max;lr=0.001;num_layers=2;proj_dim=256;scorer_hidden=128;tau_quantile=0.38;weight_decay=5e-05,128,cosine,max,0.001,2,256,128,0.38,5e-05,49.19,130.75,0.48595,0.0,4.0,0.7,1,gat,1,,,,,,,,
glue|bert-base-uncased|cola_wide|C|t32|s15|confirm,glue,bert-base-uncased,cola_wide,cola,C,confirm,32,15,mcc,curvature=4.0;gat_hidden_dim=128;gnn_input_clip=0.7;gnn_input_scale=1;graph_metric=cosine;hyp_gnn_type=gat;hyperbolic_gnn=1;jk_mode=max;lr=0.001;num_layers=2;proj_dim=256;scorer_hidden=128;tau_quantile=0.38;weight_decay=5e-05,128,cosine,max,0.001,2,256,128,0.38,5e-05,45.98,130.87,0.47837,0.0,4.0,0.7,1,gat,1,,,,,,,,
glue|bert-base-uncased|cola_wide|baseline|t27|s1|confirm,glue,bert-base-uncased,cola_wide,cola,baseline,confirm,27,1,mcc,gat_hidden_dim=256;graph_metric=cosine;jk_mode=max;lr=0.001;num_layers=4;proj_dim=128;scorer_hidden=128;tau_quantile=0.1;weight_decay=5e-05,256,cosine,max,0.001,4,128,128,0.1,5e-05,44.99,120.25,0.20834,0.0,,,,,,,,,,,,,
glue|bert-base-uncased|cola_wide|baseline|t27|s2|confirm,glue,bert-base-uncased,cola_wide,cola,baseline,confirm,27,2,mcc,gat_hidden_dim=256;graph_metric=cosine;jk_mode=max;lr=0.001;num_layers=4;proj_dim=128;scorer_hidden=128;tau_quantile=0.1;weight_decay=5e-05,256,cosine,max,0.001,4,128,128,0.1,5e-05,45.95,120.95,0.20419,0.0,,,,,,,,,,,,,
glue|bert-base-uncased|cola_wide|baseline|t27|s3|confirm,glue,bert-base-uncased,cola_wide,cola,baseline,confirm,27,3,mcc,gat_hidden_dim=256;graph_metric=cosine;jk_mode=max;lr=0.001;num_layers=4;proj_dim=128;scorer_hidden=128;tau_quantile=0.1;weight_decay=5e-05,256,cosine,max,0.001,4,128,128,0.1,5e-05,46.91,121.01,0.20782,0.0,,,,,,,,,,,,,
glue|bert-base-uncased|cola_wide|baseline|t27|s4|confirm,glue,bert-base-uncased,cola_wide,cola,baseline,confirm,27,4,mcc,gat_hidden_dim=256;graph_metric=cosine;jk_mode=max;lr=0.001;num_layers=4;proj_dim=128;scorer_hidden=128;tau_quantile=0.1;weight_decay=5e-05,256,cosine,max,0.001,4,128,128,0.1,5e-05,44.05,119.25,0.20583,0.0,,,,,,,,,,,,,
glue|bert-base-uncased|cola_wide|baseline|t27|s5|confirm,glue,bert-base-uncased,cola_wide,cola,baseline,confirm,27,5,mcc,gat_hidden_dim=256;graph_metric=cosine;jk_mode=max;lr=0.001;num_layers=4;proj_dim=128;scorer_hidden=128;tau_quantile=0.1;weight_decay=5e-05,256,cosine,max,0.001,4,128,128,0.1,5e-05,46.42,120.58,0.20797,0.0,,,,,,,,,,,,,
glue|bert-base-uncased|cola_wide|baseline|t27|s6|confirm,glue,bert-base-uncased,cola_wide,cola,baseline,confirm,27,6,mcc,gat_hidden_dim=256;graph_metric=cosine;jk_mode=max;lr=0.001;num_layers=4;proj_dim=128;scorer_hidden=128;tau_quantile=0.1;weight_decay=5e-05,256,cosine,max,0.001,4,128,128,0.1,5e-05,44.83,120.17,0.20776,0.0,,,,,,,,,,,,,
glue|bert-base-uncased|cola_wide|baseline|t27|s7|confirm,glue,bert-base-uncased,cola_wide,cola,baseline,confirm,27,7,mcc,gat_hidden_dim=256;graph_metric=cosine;jk_mode=max;lr=0.001;num_layers=4;proj_dim=128;scorer_hidden=128;tau_quantile=0.1;weight_decay=5e-05,256,cosine,max,0.001,4,128,128,0.1,5e-05,44.96,119.62,0.2073,0.0,,,,,,,,,,,,,
glue|bert-base-uncased|cola_wide|baseline|t27|s8|confirm,glue,bert-base-uncased,cola_wide,cola,baseline,confirm,27,8,mcc,gat_hidden_dim=256;graph_metric=cosine;jk_mode=max;lr=0.001;num_layers=4;proj_dim=128;scorer_hidden=128;tau_quantile=0.1;weight_decay=5e-05,256,cosine,max,0.001,4,128,128,0.1,5e-05,46.15,120.41,0.20791,0.0,,,,,,,,,,,,,
glue|bert-base-uncased|cola_wide|baseline|t27|s9|confirm,glue,bert-base-uncased,cola_wide,cola,baseline,confirm,27,9,mcc,gat_hidden_dim=256;graph_metric=cosine;jk_mode=max;lr=0.001;num_layers=4;proj_dim=128;scorer_hidden=128;tau_quantile=0.1;weight_decay=5e-05,256,cosine,max,0.001,4,128,128,0.1,5e-05,46.02,119.52,0.20819,0.0,,,,,,,,,,,,,
glue|bert-base-uncased|cola_wide|baseline|t27|s10|confirm,glue,bert-base-uncased,cola_wide,cola,baseline,confirm,27,10,mcc,gat_hidden_dim=256;graph_metric=cosine;jk_mode=max;lr=0.001;num_layers=4;proj_dim=128;scorer_hidden=128;tau_quantile=0.1;weight_decay=5e-05,256,cosine,max,0.001,4,128,128,0.1,5e-05,44.33,119.79,0.20531,0.0,,,,,,,,,,,,,
glue|bert-base-uncased|cola_wide|baseline|t27|s11|confirm,glue,bert-base-uncased,cola_wide,cola,baseline,confirm,27,11,mcc,gat_hidden_dim=256;graph_metric=cosine;jk_mode=max;lr=0.001;num_layers=4;proj_dim=128;scorer_hidden=128;tau_quantile=0.1;weight_decay=5e-05,256,cosine,max,0.001,4,128,128,0.1,5e-05,44.8,120.19,0.20685,0.0,,,,,,,,,,,,,
glue|bert-base-uncased|cola_wide|baseline|t27|s12|confirm,glue,bert-base-uncased,cola_wide,cola,baseline,confirm,27,12,mcc,gat_hidden_dim=256;graph_metric=cosine;jk_mode=max;lr=0.001;num_layers=4;proj_dim=128;scorer_hidden=128;tau_quantile=0.1;weight_decay=5e-05,256,cosine,max,0.001,4,128,128,0.1,5e-05,48.17,120.41,0.20849,0.0,,,,,,,,,,,,,
glue|bert-base-uncased|cola_wide|baseline|t27|s13|confirm,glue,bert-base-uncased,cola_wide,cola,baseline,confirm,27,13,mcc,gat_hidden_dim=256;graph_metric=cosine;jk_mode=max;lr=0.001;num_layers=4;proj_dim=128;scorer_hidden=128;tau_quantile=0.1;weight_decay=5e-05,256,cosine,max,0.001,4,128,128,0.1,5e-05,45.14,120.87,0.20866,0.0,,,,,,,,,,,,,
glue|bert-base-uncased|cola_wide|baseline|t27|s14|confirm,glue,bert-base-uncased,cola_wide,cola,baseline,confirm,27,14,mcc,gat_hidden_dim=256;graph_metric=cosine;jk_mode=max;lr=0.001;num_layers=4;proj_dim=128;scorer_hidden=128;tau_quantile=0.1;weight_decay=5e-05,256,cosine,max,0.001,4,128,128,0.1,5e-05,45.09,120.86,0.20686,0.0,,,,,,,,,,,,,
glue|bert-base-uncased|cola_wide|baseline|t27|s15|confirm,glue,bert-base-uncased,cola_wide,cola,baseline,confirm,27,15,mcc,gat_hidden_dim=256;graph_metric=cosine;jk_mode=max;lr=0.001;num_layers=4;proj_dim=128;scorer_hidden=128;tau_quantile=0.1;weight_decay=5e-05,256,cosine,max,0.001,4,128,128,0.1,5e-05,42.71,120.85,0.20889,0.0,,,,,,,,,,,,,
glue|bert-base-uncased|cola_wide|no_graph|t0|s42|tune,glue,bert-base-uncased,cola_wide,cola,no_graph,tune,0,42,mcc,gat_hidden_dim=64;graph_metric=cosine;jk_mode=max;lr=2e-05;num_layers=2;proj_dim=128;scorer_hidden=256;tau=0.999;weight_decay=1e-05,64,cosine,max,2e-05,2,128,256,,1e-05,0.0,127.7,0.1088,0.0,,,,,,0.999,,,,,,,
glue|bert-base-uncased|cola_wide|no_graph|t1|s42|tune,glue,bert-base-uncased,cola_wide,cola,no_graph,tune,1,42,mcc,gat_hidden_dim=256;graph_metric=cosine;jk_mode=max;lr=0.001;num_layers=4;proj_dim=512;scorer_hidden=128;tau=0.999;weight_decay=0.0,256,cosine,max,0.001,4,512,128,,0.0,46.73,130.59,0.1139,0.0,,,,,,0.999,,,,,,,
glue|bert-base-uncased|cola_wide|no_graph|t2|s42|tune,glue,bert-base-uncased,cola_wide,cola,no_graph,tune,2,42,mcc,gat_hidden_dim=64;graph_metric=cosine;jk_mode=max;lr=2e-05;num_layers=4;proj_dim=256;scorer_hidden=256;tau=0.999;weight_decay=1e-05,64,cosine,max,2e-05,4,256,256,,1e-05,0.0,130.64,0.10647,0.0,,,,,,0.999,,,,,,,
glue|bert-base-uncased|cola_wide|no_graph|t3|s42|tune,glue,bert-base-uncased,cola_wide,cola,no_graph,tune,3,42,mcc,gat_hidden_dim=64;graph_metric=cosine;jk_mode=cat;lr=0.0002;num_layers=4;proj_dim=512;scorer_hidden=128;tau=0.999;weight_decay=5e-05,64,cosine,cat,0.0002,4,512,128,,5e-05,46.8,128.99,0.10827,0.0,,,,,,0.999,,,,,,,
glue|bert-base-uncased|cola_wide|no_graph|t4|s42|tune,glue,bert-base-uncased,cola_wide,cola,no_graph,tune,4,42,mcc,gat_hidden_dim=256;graph_metric=cosine;jk_mode=cat;lr=2e-05;num_layers=2;proj_dim=256;scorer_hidden=128;tau=0.999;weight_decay=0.0,256,cosine,cat,2e-05,2,256,128,,0.0,25.56,125.06,0.1101,0.0,,,,,,0.999,,,,,,,
glue|bert-base-uncased|cola_wide|no_graph|t5|s42|tune,glue,bert-base-uncased,cola_wide,cola,no_graph,tune,5,42,mcc,gat_hidden_dim=128;graph_metric=cosine;jk_mode=cat;lr=2e-05;num_layers=2;proj_dim=512;scorer_hidden=128;tau=0.999;weight_decay=1e-05,128,cosine,cat,2e-05,2,512,128,,1e-05,28.67,126.78,0.11264,0.0,,,,,,0.999,,,,,,,
glue|bert-base-uncased|cola_wide|no_graph|t6|s42|tune,glue,bert-base-uncased,cola_wide,cola,no_graph,tune,6,42,mcc,gat_hidden_dim=256;graph_metric=cosine;jk_mode=cat;lr=0.0002;num_layers=2;proj_dim=512;scorer_hidden=128;tau=0.999;weight_decay=5e-05,256,cosine,cat,0.0002,2,512,128,,5e-05,47.01,124.85,0.1101,0.0,,,,,,0.999,,,,,,,
glue|bert-base-uncased|cola_wide|no_graph|t7|s42|tune,glue,bert-base-uncased,cola_wide,cola,no_graph,tune,7,42,mcc,gat_hidden_dim=64;graph_metric=cosine;jk_mode=max;lr=0.001;num_layers=2;proj_dim=512;scorer_hidden=128;tau=0.999;weight_decay=1e-05,64,cosine,max,0.001,2,512,128,,1e-05,46.0,126.37,0.1088,0.0,,,,,,0.999,,,,,,,
glue|bert-base-uncased|cola_wide|no_graph|t8|s42|tune,glue,bert-base-uncased,cola_wide,cola,no_graph,tune,8,42,mcc,gat_hidden_dim=128;graph_metric=cosine;jk_mode=max;lr=2e-05;num_layers=2;proj_dim=512;scorer_hidden=128;tau=0.999;weight_decay=0.0,128,cosine,max,2e-05,2,512,128,,0.0,12.3,125.21,0.10673,0.0,,,,,,0.999,,,,,,,
glue|bert-base-uncased|cola_wide|no_graph|t9|s42|tune,glue,bert-base-uncased,cola_wide,cola,no_graph,tune,9,42,mcc,gat_hidden_dim=64;graph_metric=cosine;jk_mode=cat;lr=0.0002;num_layers=4;proj_dim=256;scorer_hidden=128;tau=0.999;weight_decay=5e-05,64,cosine,cat,0.0002,4,256,128,,5e-05,47.62,129.38,0.10827,0.0,,,,,,0.999,,,,,,,
glue|bert-base-uncased|cola_wide|no_graph|t10|s42|tune,glue,bert-base-uncased,cola_wide,cola,no_graph,tune,10,42,mcc,gat_hidden_dim=128;graph_metric=cosine;jk_mode=max;lr=2e-05;num_layers=2;proj_dim=128;scorer_hidden=256;tau=0.999;weight_decay=1e-05,128,cosine,max,2e-05,2,128,256,,1e-05,12.3,126.63,0.10673,0.0,,,,,,0.999,,,,,,,
glue|bert-base-uncased|cola_wide|no_graph|t11|s42|tune,glue,bert-base-uncased,cola_wide,cola,no_graph,tune,11,42,mcc,gat_hidden_dim=128;graph_metric=cosine;jk_mode=cat;lr=2e-05;num_layers=2;proj_dim=256;scorer_hidden=128;tau=0.999;weight_decay=5e-05,128,cosine,cat,2e-05,2,256,128,,5e-05,28.67,126.16,0.11264,0.0,,,,,,0.999,,,,,,,
glue|bert-base-uncased|cola_wide|no_graph|t12|s42|tune,glue,bert-base-uncased,cola_wide,cola,no_graph,tune,12,42,mcc,gat_hidden_dim=256;graph_metric=cosine;jk_mode=max;lr=0.001;num_layers=4;proj_dim=256;scorer_hidden=128;tau=0.999;weight_decay=5e-05,256,cosine,max,0.001,4,256,128,,5e-05,49.4,129.33,0.1139,0.0,,,,,,0.999,,,,,,,
glue|bert-base-uncased|cola_wide|no_graph|t13|s42|tune,glue,bert-base-uncased,cola_wide,cola,no_graph,tune,13,42,mcc,gat_hidden_dim=256;graph_metric=cosine;jk_mode=cat;lr=2e-05;num_layers=4;proj_dim=256;scorer_hidden=256;tau=0.999;weight_decay=1e-05,256,cosine,cat,2e-05,4,256,256,,1e-05,36.99,132.46,0.10892,0.0,,,,,,0.999,,,,,,,
glue|bert-base-uncased|cola_wide|no_graph|t14|s42|tune,glue,bert-base-uncased,cola_wide,cola,no_graph,tune,14,42,mcc,gat_hidden_dim=128;graph_metric=cosine;jk_mode=cat;lr=2e-05;num_layers=4;proj_dim=512;scorer_hidden=128;tau=0.999;weight_decay=5e-05,128,cosine,cat,2e-05,4,512,128,,5e-05,8.64,131.59,0.10586,0.0,,,,,,0.999,,,,,,,
glue|bert-base-uncased|cola_wide|no_graph|t15|s42|tune,glue,bert-base-uncased,cola_wide,cola,no_graph,tune,15,42,mcc,gat_hidden_dim=256;graph_metric=cosine;jk_mode=max;lr=0.0002;num_layers=4;proj_dim=512;scorer_hidden=128;tau=0.999;weight_decay=5e-05,256,cosine,max,0.0002,4,512,128,,5e-05,47.08,131.69,0.1139,0.0,,,,,,0.999,,,,,,,
glue|bert-base-uncased|cola_wide|no_graph|t16|s42|tune,glue,bert-base-uncased,cola_wide,cola,no_graph,tune,16,42,mcc,gat_hidden_dim=256;graph_metric=cosine;jk_mode=cat;lr=0.001;num_layers=2;proj_dim=128;scorer_hidden=256;tau=0.999;weight_decay=1e-05,256,cosine,cat,0.001,2,128,256,,1e-05,45.91,128.43,0.1101,0.0,,,,,,0.999,,,,,,,
glue|bert-base-uncased|cola_wide|no_graph|t17|s42|tune,glue,bert-base-uncased,cola_wide,cola,no_graph,tune,17,42,mcc,gat_hidden_dim=256;graph_metric=cosine;jk_mode=max;lr=0.001;num_layers=4;proj_dim=256;scorer_hidden=256;tau=0.999;weight_decay=0.0,256,cosine,max,0.001,4,256,256,,0.0,48.81,130.87,0.1139,0.0,,,,,,0.999,,,,,,,
glue|bert-base-uncased|cola_wide|no_graph|t18|s42|tune,glue,bert-base-uncased,cola_wide,cola,no_graph,tune,18,42,mcc,gat_hidden_dim=64;graph_metric=cosine;jk_mode=max;lr=0.0002;num_layers=4;proj_dim=128;scorer_hidden=256;tau=0.999;weight_decay=0.0,64,cosine,max,0.0002,4,128,256,,0.0,46.88,130.39,0.10647,0.0,,,,,,0.999,,,,,,,
glue|bert-base-uncased|cola_wide|no_graph|t19|s42|tune,glue,bert-base-uncased,cola_wide,cola,no_graph,tune,19,42,mcc,gat_hidden_dim=64;graph_metric=cosine;jk_mode=max;lr=0.0002;num_layers=4;proj_dim=256;scorer_hidden=256;tau=0.999;weight_decay=1e-05,64,cosine,max,0.0002,4,256,256,,1e-05,47.08,130.88,0.10647,0.0,,,,,,0.999,,,,,,,
glue|bert-base-uncased|cola_wide|no_graph|t20|s42|tune,glue,bert-base-uncased,cola_wide,cola,no_graph,tune,20,42,mcc,gat_hidden_dim=128;graph_metric=cosine;jk_mode=max;lr=2e-05;num_layers=2;proj_dim=128;scorer_hidden=256;tau=0.999;weight_decay=5e-05,128,cosine,max,2e-05,2,128,256,,5e-05,12.3,125.95,0.10673,0.0,,,,,,0.999,,,,,,,
glue|bert-base-uncased|cola_wide|no_graph|t21|s42|tune,glue,bert-base-uncased,cola_wide,cola,no_graph,tune,21,42,mcc,gat_hidden_dim=64;graph_metric=cosine;jk_mode=cat;lr=0.001;num_layers=4;proj_dim=512;scorer_hidden=128;tau=0.999;weight_decay=5e-05,64,cosine,cat,0.001,4,512,128,,5e-05,43.36,128.31,0.10827,0.0,,,,,,0.999,,,,,,,
glue|bert-base-uncased|cola_wide|no_graph|t22|s42|tune,glue,bert-base-uncased,cola_wide,cola,no_graph,tune,22,42,mcc,gat_hidden_dim=128;graph_metric=cosine;jk_mode=max;lr=0.0002;num_layers=2;proj_dim=256;scorer_hidden=256;tau=0.999;weight_decay=5e-05,128,cosine,max,0.0002,2,256,256,,5e-05,46.02,127.71,0.10673,0.0,,,,,,0.999,,,,,,,
glue|bert-base-uncased|cola_wide|no_graph|t23|s42|tune,glue,bert-base-uncased,cola_wide,cola,no_graph,tune,23,42,mcc,gat_hidden_dim=256;graph_metric=cosine;jk_mode=cat;lr=0.0002;num_layers=4;proj_dim=512;scorer_hidden=128;tau=0.999;weight_decay=0.0,256,cosine,cat,0.0002,4,512,128,,0.0,44.83,128.31,0.10892,0.0,,,,,,0.999,,,,,,,
glue|bert-base-uncased|cola_wide|no_graph|t24|s42|tune,glue,bert-base-uncased,cola_wide,cola,no_graph,tune,24,42,mcc,gat_hidden_dim=128;graph_metric=cosine;jk_mode=max;lr=0.001;num_layers=2;proj_dim=256;scorer_hidden=256;tau=0.999;weight_decay=5e-05,128,cosine,max,0.001,2,256,256,,5e-05,49.59,125.58,0.10673,0.0,,,,,,0.999,,,,,,,
glue|bert-base-uncased|cola_wide|no_graph|t25|s42|tune,glue,bert-base-uncased,cola_wide,cola,no_graph,tune,25,42,mcc,gat_hidden_dim=64;graph_metric=cosine;jk_mode=cat;lr=0.0002;num_layers=2;proj_dim=512;scorer_hidden=128;tau=0.999;weight_decay=1e-05,64,cosine,cat,0.0002,2,512,128,,1e-05,44.77,128.16,0.10858,0.0,,,,,,0.999,,,,,,,
glue|bert-base-uncased|cola_wide|no_graph|t26|s42|tune,glue,bert-base-uncased,cola_wide,cola,no_graph,tune,26,42,mcc,gat_hidden_dim=64;graph_metric=cosine;jk_mode=cat;lr=2e-05;num_layers=4;proj_dim=512;scorer_hidden=256;tau=0.999;weight_decay=1e-05,64,cosine,cat,2e-05,4,512,256,,1e-05,16.81,128.81,0.10827,0.0,,,,,,0.999,,,,,,,
glue|bert-base-uncased|cola_wide|no_graph|t27|s42|tune,glue,bert-base-uncased,cola_wide,cola,no_graph,tune,27,42,mcc,gat_hidden_dim=256;graph_metric=cosine;jk_mode=cat;lr=2e-05;num_layers=2;proj_dim=512;scorer_hidden=128;tau=0.999;weight_decay=0.0,256,cosine,cat,2e-05,2,512,128,,0.0,25.56,129.07,0.1101,0.0,,,,,,0.999,,,,,,,
glue|bert-base-uncased|cola_wide|no_graph|t28|s42|tune,glue,bert-base-uncased,cola_wide,cola,no_graph,tune,28,42,mcc,gat_hidden_dim=256;graph_metric=cosine;jk_mode=max;lr=0.0002;num_layers=2;proj_dim=128;scorer_hidden=128;tau=0.999;weight_decay=1e-05,256,cosine,max,0.0002,2,128,128,,1e-05,43.52,126.21,0.10726,0.0,,,,,,0.999,,,,,,,
glue|bert-base-uncased|cola_wide|no_graph|t29|s42|tune,glue,bert-base-uncased,cola_wide,cola,no_graph,tune,29,42,mcc,gat_hidden_dim=64;graph_metric=cosine;jk_mode=cat;lr=2e-05;num_layers=2;proj_dim=128;scorer_hidden=128;tau=0.999;weight_decay=5e-05,64,cosine,cat,2e-05,2,128,128,,5e-05,4.16,127.46,0.10858,0.0,,,,,,0.999,,,,,,,
glue|bert-base-uncased|cola_wide|no_graph|t30|s42|tune,glue,bert-base-uncased,cola_wide,cola,no_graph,tune,30,42,mcc,gat_hidden_dim=64;graph_metric=cosine;jk_mode=max;lr=0.0002;num_layers=4;proj_dim=256;scorer_hidden=128;tau=0.999;weight_decay=0.0,64,cosine,max,0.0002,4,256,128,,0.0,46.64,129.47,0.10647,0.0,,,,,,0.999,,,,,,,
glue|bert-base-uncased|cola_wide|no_graph|t31|s42|tune,glue,bert-base-uncased,cola_wide,cola,no_graph,tune,31,42,mcc,gat_hidden_dim=64;graph_metric=cosine;jk_mode=cat;lr=0.0002;num_layers=4;proj_dim=256;scorer_hidden=128;tau=0.999;weight_decay=0.0,64,cosine,cat,0.0002,4,256,128,,0.0,47.9,129.96,0.10827,0.0,,,,,,0.999,,,,,,,
glue|bert-base-uncased|cola_wide|no_graph|t32|s42|tune,glue,bert-base-uncased,cola_wide,cola,no_graph,tune,32,42,mcc,gat_hidden_dim=128;graph_metric=cosine;jk_mode=cat;lr=0.0002;num_layers=2;proj_dim=512;scorer_hidden=256;tau=0.999;weight_decay=0.0,128,cosine,cat,0.0002,2,512,256,,0.0,45.32,126.01,0.11264,0.0,,,,,,0.999,,,,,,,
glue|bert-base-uncased|cola_wide|no_graph|t33|s42|tune,glue,bert-base-uncased,cola_wide,cola,no_graph,tune,33,42,mcc,gat_hidden_dim=256;graph_metric=cosine;jk_mode=cat;lr=0.001;num_layers=4;proj_dim=512;scorer_hidden=128;tau=0.999;weight_decay=5e-05,256,cosine,cat,0.001,4,512,128,,5e-05,45.84,130.87,0.10892,0.0,,,,,,0.999,,,,,,,
glue|bert-base-uncased|cola_wide|no_graph|t34|s42|tune,glue,bert-base-uncased,cola_wide,cola,no_graph,tune,34,42,mcc,gat_hidden_dim=128;graph_metric=cosine;jk_mode=max;lr=2e-05;num_layers=4;proj_dim=128;scorer_hidden=256;tau=0.999;weight_decay=1e-05,128,cosine,max,2e-05,4,128,256,,1e-05,4.64,131.17,0.10969,0.0,,,,,,0.999,,,,,,,
glue|bert-base-uncased|cola_wide|no_graph|t35|s42|tune,glue,bert-base-uncased,cola_wide,cola,no_graph,tune,35,42,mcc,gat_hidden_dim=128;graph_metric=cosine;jk_mode=max;lr=0.001;num_layers=4;proj_dim=256;scorer_hidden=128;tau=0.999;weight_decay=0.0,128,cosine,max,0.001,4,256,128,,0.0,47.31,128.8,0.10969,0.0,,,,,,0.999,,,,,,,
glue|bert-base-uncased|cola_wide|no_graph|t36|s42|tune,glue,bert-base-uncased,cola_wide,cola,no_graph,tune,36,42,mcc,gat_hidden_dim=256;graph_metric=cosine;jk_mode=cat;lr=2e-05;num_layers=4;proj_dim=512;scorer_hidden=128;tau=0.999;weight_decay=5e-05,256,cosine,cat,2e-05,4,512,128,,5e-05,36.99,131.69,0.10892,0.0,,,,,,0.999,,,,,,,
glue|bert-base-uncased|cola_wide|no_graph|t37|s42|tune,glue,bert-base-uncased,cola_wide,cola,no_graph,tune,37,42,mcc,gat_hidden_dim=64;graph_metric=cosine;jk_mode=max;lr=0.0002;num_layers=2;proj_dim=128;scorer_hidden=128;tau=0.999;weight_decay=5e-05,64,cosine,max,0.0002,2,128,128,,5e-05,43.29,127.21,0.1088,0.0,,,,,,0.999,,,,,,,
glue|bert-base-uncased|cola_wide|no_graph|t38|s42|tune,glue,bert-base-uncased,cola_wide,cola,no_graph,tune,38,42,mcc,gat_hidden_dim=64;graph_metric=cosine;jk_mode=max;lr=2e-05;num_layers=4;proj_dim=512;scorer_hidden=128;tau=0.999;weight_decay=5e-05,64,cosine,max,2e-05,4,512,128,,5e-05,0.0,129.28,0.10647,0.0,,,,,,0.999,,,,,,,
glue|bert-base-uncased|cola_wide|no_graph|t39|s42|tune,glue,bert-base-uncased,cola_wide,cola,no_graph,tune,39,42,mcc,gat_hidden_dim=64;graph_metric=cosine;jk_mode=max;lr=2e-05;num_layers=2;proj_dim=256;scorer_hidden=256;tau=0.999;weight_decay=1e-05,64,cosine,max,2e-05,2,256,256,,1e-05,0.0,124.72,0.1088,0.0,,,,,,0.999,,,,,,,
glue|bert-base-uncased|cola_wide|AB|t0|s42|tune,glue,bert-base-uncased,cola_wide,cola,AB,tune,0,42,mcc,curvature=1.0;feature_mode=center_unit;gat_hidden_dim=128;graph_curvature=2.25;graph_metric=poincare;hyperbolic_readout=1;jk_mode=max;learnable_curvature=1;lr=2e-05;num_layers=4;proj_dim=512;readout_clip=0.3;readout_scale=1;rho_quantile=0.1;scorer_hidden=128;weight_decay=1e-05,128,poincare,max,2e-05,4,512,128,,1e-05,0.0,171.89,0.20862,0.0,1.0,,,,,,center_unit,2.25,1,1,0.3,1,0.1
glue|bert-base-uncased|cola_wide|AB|t1|s42|tune,glue,bert-base-uncased,cola_wide,cola,AB,tune,1,42,mcc,curvature=4.0;feature_mode=center_unit;gat_hidden_dim=128;graph_curvature=4.0;graph_metric=poincare;hyperbolic_readout=1;jk_mode=max;learnable_curvature=0;lr=0.001;num_layers=4;proj_dim=256;readout_clip=0.0;readout_scale=0;rho_quantile=0.2;scorer_hidden=128;weight_decay=0.0,128,poincare,max,0.001,4,256,128,,0.0,43.94,169.44,0.30457,0.0,4.0,,,,,,center_unit,4.0,1,0,0.0,0,0.2
glue|bert-base-uncased|cola_wide|AB|t2|s42|tune,glue,bert-base-uncased,cola_wide,cola,AB,tune,2,42,mcc,curvature=1.0;feature_mode=center_unit;gat_hidden_dim=256;graph_curvature=2.25;graph_metric=poincare;hyperbolic_readout=1;jk_mode=cat;learnable_curvature=1;lr=0.0002;num_layers=2;proj_dim=128;readout_clip=0.0;readout_scale=0;rho_quantile=0.2;scorer_hidden=256;weight_decay=0.0,256,poincare,cat,0.0002,2,128,256,,0.0,40.11,167.42,0.30501,0.0,1.0,,,,,,center_unit,2.25,1,1,0.0,0,0.2
glue|bert-base-uncased|cola_wide|AB|t3|s42|tune,glue,bert-base-uncased,cola_wide,cola,AB,tune,3,42,mcc,curvature=0.25;feature_mode=center_unit;gat_hidden_dim=128;graph_curvature=9.0;graph_metric=poincare;hyperbolic_readout=1;jk_mode=cat;learnable_curvature=1;lr=0.001;num_layers=2;proj_dim=512;readout_clip=1.0;readout_scale=1;rho_quantile=0.025;scorer_hidden=256;weight_decay=5e-05,128,poincare,cat,0.001,2,512,256,,5e-05,41.26,165.48,0.13909,0.0,0.25,,,,,,center_unit,9.0,1,1,1.0,1,0.025
glue|bert-base-uncased|cola_wide|AB|t4|s42|tune,glue,bert-base-uncased,cola_wide,cola,AB,tune,4,42,mcc,curvature=1.0;feature_mode=unit;gat_hidden_dim=64;graph_curvature=2.25;graph_metric=poincare;hyperbolic_readout=1;jk_mode=cat;learnable_curvature=1;lr=0.001;num_layers=2;proj_dim=128;readout_clip=0.3;readout_scale=0;rho_quantile=0.025;scorer_hidden=256;weight_decay=0.0,64,poincare,cat,0.001,2,128,256,,0.0,42.49,166.42,0.13426,0.0,1.0,,,,,,unit,2.25,1,1,0.3,0,0.025
glue|bert-base-uncased|cola_wide|AB|t5|s42|tune,glue,bert-base-uncased,cola_wide,cola,AB,tune,5,42,mcc,curvature=1.0;feature_mode=cls_root_unit;gat_hidden_dim=128;graph_curvature=4.0;graph_metric=poincare;hyperbolic_readout=1;jk_mode=max;learnable_curvature=1;lr=2e-05;num_layers=2;proj_dim=512;readout_clip=0.3;readout_scale=0;rho_quantile=0.025;scorer_hidden=256;weight_decay=5e-05,128,poincare,max,2e-05,2,512,256,,5e-05,0.0,166.12,0.13348,0.0,1.0,,,,,,cls_root_unit,4.0,1,1,0.3,0,0.025
glue|bert-base-uncased|cola_wide|AB|t6|s42|tune,glue,bert-base-uncased,cola_wide,cola,AB,tune,6,42,mcc,curvature=0.25;feature_mode=unit;gat_hidden_dim=64;graph_curvature=9.0;graph_metric=poincare;hyperbolic_readout=1;jk_mode=cat;learnable_curvature=0;lr=0.0002;num_layers=4;proj_dim=128;readout_clip=0.7;readout_scale=1;rho_quantile=0.025;scorer_hidden=128;weight_decay=0.0,64,poincare,cat,0.0002,4,128,128,,0.0,43.4,168.03,0.134,0.0,0.25,,,,,,unit,9.0,1,0,0.7,1,0.025
glue|bert-base-uncased|cola_wide|AB|t7|s42|tune,glue,bert-base-uncased,cola_wide,cola,AB,tune,7,42,mcc,curvature=4.0;feature_mode=center_unit;gat_hidden_dim=256;graph_curvature=0.25;graph_metric=poincare;hyperbolic_readout=1;jk_mode=max;learnable_curvature=1;lr=0.001;num_layers=4;proj_dim=128;readout_clip=0.3;readout_scale=1;rho_quantile=0.2;scorer_hidden=256;weight_decay=1e-05,256,poincare,max,0.001,4,128,256,,1e-05,42.64,175.69,0.30827,0.0,4.0,,,,,,center_unit,0.25,1,1,0.3,1,0.2
glue|bert-base-uncased|cola_wide|AB|t8|s42|tune,glue,bert-base-uncased,cola_wide,cola,AB,tune,8,42,mcc,curvature=0.25;feature_mode=center;gat_hidden_dim=128;graph_curvature=9.0;graph_metric=poincare;hyperbolic_readout=1;jk_mode=max;learnable_curvature=1;lr=2e-05;num_layers=4;proj_dim=128;readout_clip=1.0;readout_scale=1;rho_quantile=0.025;scorer_hidden=256;weight_decay=5e-05,128,poincare,max,2e-05,4,128,256,,5e-05,0.0,168.31,0.13638,0.0,0.25,,,,,,center,9.0,1,1,1.0,1,0.025
glue|bert-base-uncased|cola_wide|AB|t9|s42|tune,glue,bert-base-uncased,cola_wide,cola,AB,tune,9,42,mcc,curvature=4.0;feature_mode=center_unit;gat_hidden_dim=256;graph_curvature=9.0;graph_metric=poincare;hyperbolic_readout=1;jk_mode=cat;learnable_curvature=1;lr=0.001;num_layers=2;proj_dim=256;readout_clip=0.3;readout_scale=0;rho_quantile=0.38;scorer_hidden=256;weight_decay=0.0,256,poincare,cat,0.001,2,256,256,,0.0,44.18,166.13,0.48478,0.0,4.0,,,,,,center_unit,9.0,1,1,0.3,0,0.38
glue|bert-base-uncased|cola_wide|AB|t10|s42|tune,glue,bert-base-uncased,cola_wide,cola,AB,tune,10,42,mcc,curvature=4.0;feature_mode=cls_root_unit;gat_hidden_dim=256;graph_curvature=0.25;graph_metric=poincare;hyperbolic_readout=1;jk_mode=max;learnable_curvature=0;lr=0.001;num_layers=2;proj_dim=256;readout_clip=0.7;readout_scale=0;rho_quantile=0.38;scorer_hidden=256;weight_decay=1e-05,256,poincare,max,0.001,2,256,256,,1e-05,45.15,166.42,0.48264,0.0,4.0,,,,,,cls_root_unit,0.25,1,0,0.7,0,0.38
glue|bert-base-uncased|cola_wide|AB|t11|s42|tune,glue,bert-base-uncased,cola_wide,cola,AB,tune,11,42,mcc,curvature=1.0;feature_mode=center;gat_hidden_dim=256;graph_curvature=0.25;graph_metric=poincare;hyperbolic_readout=1;jk_mode=max;learnable_curvature=1;lr=0.001;num_layers=2;proj_dim=128;readout_clip=1.0;readout_scale=0;rho_quantile=0.1;scorer_hidden=128;weight_decay=1e-05,256,poincare,max,0.001,2,128,128,,1e-05,42.69,162.14,0.20562,0.0,1.0,,,,,,center,0.25,1,1,1.0,0,0.1
glue|bert-base-uncased|cola_wide|AB|t12|s42|tune,glue,bert-base-uncased,cola_wide,cola,AB,tune,12,42,mcc,curvature=1.0;feature_mode=center_unit;gat_hidden_dim=128;graph_curvature=4.0;graph_metric=poincare;hyperbolic_readout=1;jk_mode=max;learnable_curvature=1;lr=2e-05;num_layers=4;proj_dim=256;readout_clip=0.3;readout_scale=0;rho_quantile=0.2;scorer_hidden=128;weight_decay=0.0,128,poincare,max,2e-05,4,256,128,,0.0,0.0,168.98,0.30457,0.0,1.0,,,,,,center_unit,4.0,1,1,0.3,0,0.2
glue|bert-base-uncased|cola_wide|AB|t13|s42|tune,glue,bert-base-uncased,cola_wide,cola,AB,tune,13,42,mcc,curvature=1.0;feature_mode=center;gat_hidden_dim=64;graph_curvature=9.0;graph_metric=poincare;hyperbolic_readout=1;jk_mode=max;learnable_curvature=0;lr=2e-05;num_layers=2;proj_dim=512;readout_clip=0.3;readout_scale=0;rho_quantile=0.05;scorer_hidden=256;weight_decay=1e-05,64,poincare,max,2e-05,2,512,256,,1e-05,0.0,164.28,0.15786,0.0,1.0,,,,,,center,9.0,1,0,0.3,0,0.05
glue|bert-base-uncased|cola_wide|AB|t14|s42|tune,glue,bert-base-uncased,cola_wide,cola,AB,tune,14,42,mcc,curvature=1.0;feature_mode=unit;gat_hidden_dim=64;graph_curvature=4.0;graph_metric=poincare;hyperbolic_readout=1;jk_mode=cat;learnable_curvature=0;lr=0.0002;num_layers=2;proj_dim=512;readout_clip=0.3;readout_scale=0;rho_quantile=0.025;scorer_hidden=256;weight_decay=5e-05,64,poincare,cat,0.0002,2,512,256,,5e-05,0.0,165.55,0.13426,0.0,1.0,,,,,,unit,4.0,1,0,0.3,0,0.025
glue|bert-base-uncased|cola_wide|AB|t15|s42|tune,glue,bert-base-uncased,cola_wide,cola,AB,tune,15,42,mcc,curvature=1.0;feature_mode=cls_root_unit;gat_hidden_dim=256;graph_curvature=1.0;graph_metric=poincare;hyperbolic_readout=1;jk_mode=cat;learnable_curvature=0;lr=2e-05;num_layers=2;proj_dim=512;readout_clip=0.7;readout_scale=1;rho_quantile=0.38;scorer_hidden=128;weight_decay=1e-05,256,poincare,cat,2e-05,2,512,128,,1e-05,0.0,166.46,0.48484,0.0,1.0,,,,,,cls_root_unit,1.0,1,0,0.7,1,0.38
glue|bert-base-uncased|cola_wide|AB|t16|s42|tune,glue,bert-base-uncased,cola_wide,cola,AB,tune,16,42,mcc,curvature=0.25;feature_mode=center_unit;gat_hidden_dim=256;graph_curvature=4.0;graph_metric=poincare;hyperbolic_readout=1;jk_mode=max;learnable_curvature=1;lr=0.0002;num_layers=2;proj_dim=128;readout_clip=0.3;readout_scale=1;rho_quantile=0.025;scorer_hidden=128;weight_decay=0.0,256,poincare,max,0.0002,2,128,128,,0.0,39.21,165.95,0.13347,0.0,0.25,,,,,,center_unit,4.0,1,1,0.3,1,0.025
glue|bert-base-uncased|cola_wide|AB|t17|s42|tune,glue,bert-base-uncased,cola_wide,cola,AB,tune,17,42,mcc,curvature=0.25;feature_mode=cls_root_unit;gat_hidden_dim=64;graph_curvature=0.25;graph_metric=poincare;hyperbolic_readout=1;jk_mode=cat;learnable_curvature=1;lr=2e-05;num_layers=4;proj_dim=512;readout_clip=0.0;readout_scale=0;rho_quantile=0.38;scorer_hidden=128;weight_decay=0.0,64,poincare,cat,2e-05,4,512,128,,0.0,0.0,168.99,0.48249,0.0,0.25,,,,,,cls_root_unit,0.25,1,1,0.0,0,0.38
glue|bert-base-uncased|cola_wide|AB|t18|s42|tune,glue,bert-base-uncased,cola_wide,cola,AB,tune,18,42,mcc,curvature=1.0;feature_mode=cls_root_unit;gat_hidden_dim=64;graph_curvature=1.0;graph_metric=poincare;hyperbolic_readout=1;jk_mode=max;learnable_curvature=1;lr=0.001;num_layers=4;proj_dim=512;readout_clip=0.0;readout_scale=0;rho_quantile=0.1;scorer_hidden=256;weight_decay=5e-05,64,poincare,max,0.001,4,512,256,,5e-05,44.21,167.93,0.20582,0.0,1.0,,,,,,cls_root_unit,1.0,1,1,0.0,0,0.1
glue|bert-base-uncased|cola_wide|AB|t19|s42|tune,glue,bert-base-uncased,cola_wide,cola,AB,tune,19,42,mcc,curvature=1.0;feature_mode=center;gat_hidden_dim=256;graph_curvature=0.25;graph_metric=poincare;hyperbolic_readout=1;jk_mode=max;learnable_curvature=0;lr=0.0002;num_layers=2;proj_dim=512;readout_clip=0.0;readout_scale=1;rho_quantile=0.05;scorer_hidden=256;weight_decay=0.0,256,poincare,max,0.0002,2,512,256,,0.0,43.2,162.64,0.15534,0.0,1.0,,,,,,center,0.25,1,0,0.0,1,0.05
glue|bert-base-uncased|cola_wide|AB|t20|s42|tune,glue,bert-base-uncased,cola_wide,cola,AB,tune,20,42,mcc,curvature=0.25;feature_mode=center_unit;gat_hidden_dim=256;graph_curvature=9.0;graph_metric=poincare;hyperbolic_readout=1;jk_mode=max;learnable_curvature=0;lr=0.001;num_layers=2;proj_dim=256;readout_clip=0.7;readout_scale=0;rho_quantile=0.025;scorer_hidden=128;weight_decay=0.0,256,poincare,max,0.001,2,256,128,,0.0,45.35,165.11,0.13347,0.0,0.25,,,,,,center_unit,9.0,1,0,0.7,0,0.025
glue|bert-base-uncased|cola_wide|AB|t21|s42|tune,glue,bert-base-uncased,cola_wide,cola,AB,tune,21,42,mcc,curvature=1.0;feature_mode=center_unit;gat_hidden_dim=256;graph_curvature=9.0;graph_metric=poincare;hyperbolic_readout=1;jk_mode=max;learnable_curvature=1;lr=0.001;num_layers=4;proj_dim=512;readout_clip=0.3;readout_scale=1;rho_quantile=0.1;scorer_hidden=128;weight_decay=5e-05,256,poincare,max,0.001,4,512,128,,5e-05,41.64,171.59,0.21335,0.0,1.0,,,,,,center_unit,9.0,1,1,0.3,1,0.1
glue|bert-base-uncased|cola_wide|AB|t22|s42|tune,glue,bert-base-uncased,cola_wide,cola,AB,tune,22,42,mcc,curvature=1.0;feature_mode=center;gat_hidden_dim=64;graph_curvature=0.25;graph_metric=poincare;hyperbolic_readout=1;jk_mode=cat;learnable_curvature=1;lr=0.001;num_layers=4;proj_dim=256;readout_clip=0.3;readout_scale=1;rho_quantile=0.38;scorer_hidden=256;weight_decay=0.0,64,poincare,cat,0.001,4,256,256,,0.0,43.72,165.02,0.48113,0.0,1.0,,,,,,center,0.25,1,1,0.3,1,0.38
glue|bert-base-uncased|cola_wide|AB|t23|s42|tune,glue,bert-base-uncased,cola_wide,cola,AB,tune,23,42,mcc,curvature=1.0;feature_mode=center;gat_hidden_dim=64;graph_curvature=2.25;graph_metric=poincare;hyperbolic_readout=1;jk_mode=cat;learnable_curvature=1;lr=0.001;num_layers=2;proj_dim=512;readout_clip=0.3;readout_scale=0;rho_quantile=0.1;scorer_hidden=256;weight_decay=5e-05,64,poincare,cat,0.001,2,512,256,,5e-05,41.31,164.05,0.20749,0.0,1.0,,,,,,center,2.25,1,1,0.3,0,0.1
glue|bert-base-uncased|cola_wide|AB|t24|s42|tune,glue,bert-base-uncased,cola_wide,cola,AB,tune,24,42,mcc,curvature=1.0;feature_mode=center;gat_hidden_dim=128;graph_curvature=0.25;graph_metric=poincare;hyperbolic_readout=1;jk_mode=cat;learnable_curvature=0;lr=0.0002;num_layers=4;proj_dim=128;readout_clip=1.0;readout_scale=1;rho_quantile=0.1;scorer_hidden=256;weight_decay=1e-05,128,poincare,cat,0.0002,4,128,256,,1e-05,43.47,166.92,0.20496,0.0,1.0,,,,,,center,0.25,1,0,1.0,1,0.1
glue|bert-base-uncased|cola_wide|AB|t25|s42|tune,glue,bert-base-uncased,cola_wide,cola,AB,tune,25,42,mcc,curvature=4.0;feature_mode=center;gat_hidden_dim=64;graph_curvature=4.0;graph_metric=poincare;hyperbolic_readout=1;jk_mode=cat;learnable_curvature=1;lr=0.001;num_layers=4;proj_dim=128;readout_clip=0.0;readout_scale=0;rho_quantile=0.05;scorer_hidden=128;weight_decay=0.0,64,poincare,cat,0.001,4,128,128,,0.0,44.35,165.7,0.15734,0.0,4.0,,,,,,center,4.0,1,1,0.0,0,0.05
glue|bert-base-uncased|cola_wide|AB|t26|s42|tune,glue,bert-base-uncased,cola_wide,cola,AB,tune,26,42,mcc,curvature=1.0;feature_mode=unit;gat_hidden_dim=128;graph_curvature=2.25;graph_metric=poincare;hyperbolic_readout=1;jk_mode=cat;learnable_curvature=1;lr=0.0002;num_layers=4;proj_dim=256;readout_clip=0.0;readout_scale=1;rho_quantile=0.1;scorer_hidden=256;weight_decay=0.0,128,poincare,cat,0.0002,4,256,256,,0.0,43.51,169.28,0.20523,0.0,1.0,,,,,,unit,2.25,1,1,0.0,1,0.1
glue|bert-base-uncased|cola_wide|AB|t27|s42|tune,glue,bert-base-uncased,cola_wide,cola,AB,tune,27,42,mcc,curvature=0.25;feature_mode=cls_root_unit;gat_hidden_dim=256;graph_curvature=0.25;graph_metric=poincare;hyperbolic_readout=1;jk_mode=max;learnable_curvature=1;lr=0.0002;num_layers=4;proj_dim=128;readout_clip=0.7;readout_scale=0;rho_quantile=0.05;scorer_hidden=256;weight_decay=1e-05,256,poincare,max,0.0002,4,128,256,,1e-05,45.32,169.64,0.16194,0.0,0.25,,,,,,cls_root_unit,0.25,1,1,0.7,0,0.05
glue|bert-base-uncased|cola_wide|AB|t28|s42|tune,glue,bert-base-uncased,cola_wide,cola,AB,tune,28,42,mcc,curvature=1.0;feature_mode=center;gat_hidden_dim=64;graph_curvature=4.0;graph_metric=poincare;hyperbolic_readout=1;jk_mode=max;learnable_curvature=0;lr=0.001;num_layers=2;proj_dim=512;readout_clip=0.0;readout_scale=0;rho_quantile=0.1;scorer_hidden=256;weight_decay=5e-05,64,poincare,max,0.001,2,512,256,,5e-05,47.04,163.31,0.20804,0.0,1.0,,,,,,center,4.0,1,0,0.0,0,0.1
glue|bert-base-uncased|cola_wide|AB|t29|s42|tune,glue,bert-base-uncased,cola_wide,cola,AB,tune,29,42,mcc,curvature=0.25;feature_mode=center_unit;gat_hidden_dim=256;graph_curvature=0.25;graph_metric=poincare;hyperbolic_readout=1;jk_mode=cat;learnable_curvature=0;lr=0.0002;num_layers=2;proj_dim=256;readout_clip=0.3;readout_scale=1;rho_quantile=0.1;scorer_hidden=128;weight_decay=0.0,256,poincare,cat,0.0002,2,256,128,,0.0,24.88,163.7,0.20949,0.0,0.25,,,,,,center_unit,0.25,1,0,0.3,1,0.1
glue|bert-base-uncased|cola_wide|AB|t30|s42|tune,glue,bert-base-uncased,cola_wide,cola,AB,tune,30,42,mcc,curvature=0.25;feature_mode=center;gat_hidden_dim=256;graph_curvature=1.0;graph_metric=poincare;hyperbolic_readout=1;jk_mode=cat;learnable_curvature=0;lr=2e-05;num_layers=4;proj_dim=256;readout_clip=0.0;readout_scale=0;rho_quantile=0.1;scorer_hidden=128;weight_decay=0.0,256,poincare,cat,2e-05,4,256,128,,0.0,0.0,165.24,0.20715,0.0,0.25,,,,,,center,1.0,1,0,0.0,0,0.1
glue|bert-base-uncased|cola_wide|AB|t31|s42|tune,glue,bert-base-uncased,cola_wide,cola,AB,tune,31,42,mcc,curvature=1.0;feature_mode=center;gat_hidden_dim=256;graph_curvature=1.0;graph_metric=poincare;hyperbolic_readout=1;jk_mode=cat;learnable_curvature=0;lr=0.0002;num_layers=4;proj_dim=128;readout_clip=0.7;readout_scale=0;rho_quantile=0.2;scorer_hidden=256;weight_decay=0.0,256,poincare,cat,0.0002,4,128,256,,0.0,42.95,162.96,0.30338,0.0,1.0,,,,,,center,1.0,1,0,0.7,0,0.2
glue|bert-base-uncased|cola_wide|AB|t32|s42|tune,glue,bert-base-uncased,cola_wide,cola,AB,tune,32,42,mcc,curvature=1.0;feature_mode=center_unit;gat_hidden_dim=128;graph_curvature=2.25;graph_metric=poincare;hyperbolic_readout=1;jk_mode=max;learnable_curvature=0;lr=0.001;num_layers=2;proj_dim=256;readout_clip=0.0;readout_scale=0;rho_quantile=0.2;scorer_hidden=256;weight_decay=5e-05,128,poincare,max,0.001,2,256,256,,5e-05,43.26,164.21,0.30129,0.0,1.0,,,,,,center_unit,2.25,1,0,0.0,0,0.2
glue|bert-base-uncased|cola_wide|AB|t33|s42|tune,glue,bert-base-uncased,cola_wide,cola,AB,tune,33,42,mcc,curvature=4.0;feature_mode=center_unit;gat_hidden_dim=64;graph_curvature=4.0;graph_metric=poincare;hyperbolic_readout=1;jk_mode=cat;learnable_curvature=0;lr=0.001;num_layers=4;proj_dim=128;readout_clip=0.7;readout_scale=1;rho_quantile=0.05;scorer_hidden=128;weight_decay=1e-05,64,poincare,cat,0.001,4,128,128,,1e-05,42.65,166.06,0.15738,0.0,4.0,,,,,,center_unit,4.0,1,0,0.7,1,0.05
glue|bert-base-uncased|cola_wide|AB|t34|s42|tune,glue,bert-base-uncased,cola_wide,cola,AB,tune,34,42,mcc,curvature=4.0;feature_mode=cls_root_unit;gat_hidden_dim=256;graph_curvature=4.0;graph_metric=poincare;hyperbolic_readout=1;jk_mode=max;learnable_curvature=0;lr=0.0002;num_layers=4;proj_dim=512;readout_clip=0.7;readout_scale=1;rho_quantile=0.2;scorer_hidden=256;weight_decay=5e-05,256,poincare,max,0.0002,4,512,256,,5e-05,45.21,168.54,0.30827,0.0,4.0,,,,,,cls_root_unit,4.0,1,0,0.7,1,0.2
glue|bert-base-uncased|cola_wide|AB|t35|s42|tune,glue,bert-base-uncased,cola_wide,cola,AB,tune,35,42,mcc,curvature=4.0;feature_mode=center_unit;gat_hidden_dim=64;graph_curvature=0.25;graph_metric=poincare;hyperbolic_readout=1;jk_mode=max;learnable_curvature=0;lr=2e-05;num_layers=4;proj_dim=128;readout_clip=0.3;readout_scale=1;rho_quantile=0.025;scorer_hidden=128;weight_decay=1e-05,64,poincare,max,2e-05,4,128,128,,1e-05,0.0,168.97,0.13207,0.0,4.0,,,,,,center_unit,0.25,1,0,0.3,1,0.025
glue|bert-base-uncased|cola_wide|AB|t36|s42|tune,glue,bert-base-uncased,cola_wide,cola,AB,tune,36,42,mcc,curvature=0.25;feature_mode=unit;gat_hidden_dim=256;graph_curvature=0.25;graph_metric=poincare;hyperbolic_readout=1;jk_mode=cat;learnable_curvature=1;lr=2e-05;num_layers=4;proj_dim=128;readout_clip=0.7;readout_scale=1;rho_quantile=0.2;scorer_hidden=128;weight_decay=1e-05,256,poincare,cat,2e-05,4,128,128,,1e-05,0.0,167.37,0.30399,0.0,0.25,,,,,,unit,0.25,1,1,0.7,1,0.2
glue|bert-base-uncased|cola_wide|AB|t37|s42|tune,glue,bert-base-uncased,cola_wide,cola,AB,tune,37,42,mcc,curvature=1.0;feature_mode=unit;gat_hidden_dim=64;graph_curvature=2.25;graph_metric=poincare;hyperbolic_readout=1;jk_mode=cat;learnable_curvature=0;lr=0.0002;num_layers=2;proj_dim=512;readout_clip=0.7;readout_scale=0;rho_quantile=0.05;scorer_hidden=256;weight_decay=1e-05,64,poincare,cat,0.0002,2,512,256,,1e-05,42.38,165.26,0.15784,0.0,1.0,,,,,,unit,2.25,1,0,0.7,0,0.05
glue|bert-base-uncased|cola_wide|AB|t38|s42|tune,glue,bert-base-uncased,cola_wide,cola,AB,tune,38,42,mcc,curvature=0.25;feature_mode=cls_root_unit;gat_hidden_dim=64;graph_curvature=0.25;graph_metric=poincare;hyperbolic_readout=1;jk_mode=max;learnable_curvature=1;lr=0.001;num_layers=4;proj_dim=256;readout_clip=0.3;readout_scale=0;rho_quantile=0.025;scorer_hidden=128;weight_decay=5e-05,64,poincare,max,0.001,4,256,128,,5e-05,41.17,167.08,0.13207,0.0,0.25,,,,,,cls_root_unit,0.25,1,1,0.3,0,0.025
glue|bert-base-uncased|cola_wide|AB|t39|s42|tune,glue,bert-base-uncased,cola_wide,cola,AB,tune,39,42,mcc,curvature=0.25;feature_mode=unit;gat_hidden_dim=64;graph_curvature=0.25;graph_metric=poincare;hyperbolic_readout=1;jk_mode=max;learnable_curvature=1;lr=0.001;num_layers=2;proj_dim=128;readout_clip=1.0;readout_scale=1;rho_quantile=0.1;scorer_hidden=256;weight_decay=1e-05,64,poincare,max,0.001,2,128,256,,1e-05,43.66,167.86,0.20815,0.0,0.25,,,,,,unit,0.25,1,1,1.0,1,0.1
glue|bert-base-uncased|cola_wide|AB|t28|s1|confirm,glue,bert-base-uncased,cola_wide,cola,AB,confirm,28,1,mcc,curvature=1.0;feature_mode=center;gat_hidden_dim=64;graph_curvature=4.0;graph_metric=poincare;hyperbolic_readout=1;jk_mode=max;learnable_curvature=0;lr=0.001;num_layers=2;proj_dim=512;readout_clip=0.0;readout_scale=0;rho_quantile=0.1;scorer_hidden=256;weight_decay=5e-05,64,poincare,max,0.001,2,512,256,,5e-05,42.22,162.73,0.20644,0.0,1.0,,,,,,center,4.0,1,0,0.0,0,0.1
glue|bert-base-uncased|cola_wide|AB|t28|s2|confirm,glue,bert-base-uncased,cola_wide,cola,AB,confirm,28,2,mcc,curvature=1.0;feature_mode=center;gat_hidden_dim=64;graph_curvature=4.0;graph_metric=poincare;hyperbolic_readout=1;jk_mode=max;learnable_curvature=0;lr=0.001;num_layers=2;proj_dim=512;readout_clip=0.0;readout_scale=0;rho_quantile=0.1;scorer_hidden=256;weight_decay=5e-05,64,poincare,max,0.001,2,512,256,,5e-05,44.09,163.38,0.20608,0.0,1.0,,,,,,center,4.0,1,0,0.0,0,0.1
glue|bert-base-uncased|cola_wide|AB|t28|s3|confirm,glue,bert-base-uncased,cola_wide,cola,AB,confirm,28,3,mcc,curvature=1.0;feature_mode=center;gat_hidden_dim=64;graph_curvature=4.0;graph_metric=poincare;hyperbolic_readout=1;jk_mode=max;learnable_curvature=0;lr=0.001;num_layers=2;proj_dim=512;readout_clip=0.0;readout_scale=0;rho_quantile=0.1;scorer_hidden=256;weight_decay=5e-05,64,poincare,max,0.001,2,512,256,,5e-05,45.59,164.38,0.20653,0.0,1.0,,,,,,center,4.0,1,0,0.0,0,0.1
glue|bert-base-uncased|cola_wide|AB|t28|s4|confirm,glue,bert-base-uncased,cola_wide,cola,AB,confirm,28,4,mcc,curvature=1.0;feature_mode=center;gat_hidden_dim=64;graph_curvature=4.0;graph_metric=poincare;hyperbolic_readout=1;jk_mode=max;learnable_curvature=0;lr=0.001;num_layers=2;proj_dim=512;readout_clip=0.0;readout_scale=0;rho_quantile=0.1;scorer_hidden=256;weight_decay=5e-05,64,poincare,max,0.001,2,512,256,,5e-05,46.94,164.98,0.20753,0.0,1.0,,,,,,center,4.0,1,0,0.0,0,0.1
glue|bert-base-uncased|cola_wide|AB|t28|s5|confirm,glue,bert-base-uncased,cola_wide,cola,AB,confirm,28,5,mcc,curvature=1.0;feature_mode=center;gat_hidden_dim=64;graph_curvature=4.0;graph_metric=poincare;hyperbolic_readout=1;jk_mode=max;learnable_curvature=0;lr=0.001;num_layers=2;proj_dim=512;readout_clip=0.0;readout_scale=0;rho_quantile=0.1;scorer_hidden=256;weight_decay=5e-05,64,poincare,max,0.001,2,512,256,,5e-05,44.55,163.51,0.20545,0.0,1.0,,,,,,center,4.0,1,0,0.0,0,0.1
glue|bert-base-uncased|cola_wide|AB|t28|s6|confirm,glue,bert-base-uncased,cola_wide,cola,AB,confirm,28,6,mcc,curvature=1.0;feature_mode=center;gat_hidden_dim=64;graph_curvature=4.0;graph_metric=poincare;hyperbolic_readout=1;jk_mode=max;learnable_curvature=0;lr=0.001;num_layers=2;proj_dim=512;readout_clip=0.0;readout_scale=0;rho_quantile=0.1;scorer_hidden=256;weight_decay=5e-05,64,poincare,max,0.001,2,512,256,,5e-05,47.24,164.72,0.21028,0.0,1.0,,,,,,center,4.0,1,0,0.0,0,0.1
glue|bert-base-uncased|cola_wide|AB|t28|s7|confirm,glue,bert-base-uncased,cola_wide,cola,AB,confirm,28,7,mcc,curvature=1.0;feature_mode=center;gat_hidden_dim=64;graph_curvature=4.0;graph_metric=poincare;hyperbolic_readout=1;jk_mode=max;learnable_curvature=0;lr=0.001;num_layers=2;proj_dim=512;readout_clip=0.0;readout_scale=0;rho_quantile=0.1;scorer_hidden=256;weight_decay=5e-05,64,poincare,max,0.001,2,512,256,,5e-05,42.71,160.41,0.20695,0.0,1.0,,,,,,center,4.0,1,0,0.0,0,0.1
glue|bert-base-uncased|cola_wide|AB|t28|s8|confirm,glue,bert-base-uncased,cola_wide,cola,AB,confirm,28,8,mcc,curvature=1.0;feature_mode=center;gat_hidden_dim=64;graph_curvature=4.0;graph_metric=poincare;hyperbolic_readout=1;jk_mode=max;learnable_curvature=0;lr=0.001;num_layers=2;proj_dim=512;readout_clip=0.0;readout_scale=0;rho_quantile=0.1;scorer_hidden=256;weight_decay=5e-05,64,poincare,max,0.001,2,512,256,,5e-05,43.52,164.3,0.20803,0.0,1.0,,,,,,center,4.0,1,0,0.0,0,0.1
glue|bert-base-uncased|cola_wide|AB|t28|s9|confirm,glue,bert-base-uncased,cola_wide,cola,AB,confirm,28,9,mcc,curvature=1.0;feature_mode=center;gat_hidden_dim=64;graph_curvature=4.0;graph_metric=poincare;hyperbolic_readout=1;jk_mode=max;learnable_curvature=0;lr=0.001;num_layers=2;proj_dim=512;readout_clip=0.0;readout_scale=0;rho_quantile=0.1;scorer_hidden=256;weight_decay=5e-05,64,poincare,max,0.001,2,512,256,,5e-05,42.84,165.81,0.20596,0.0,1.0,,,,,,center,4.0,1,0,0.0,0,0.1
glue|bert-base-uncased|cola_wide|AB|t28|s10|confirm,glue,bert-base-uncased,cola_wide,cola,AB,confirm,28,10,mcc,curvature=1.0;feature_mode=center;gat_hidden_dim=64;graph_curvature=4.0;graph_metric=poincare;hyperbolic_readout=1;jk_mode=max;learnable_curvature=0;lr=0.001;num_layers=2;proj_dim=512;readout_clip=0.0;readout_scale=0;rho_quantile=0.1;scorer_hidden=256;weight_decay=5e-05,64,poincare,max,0.001,2,512,256,,5e-05,44.46,164.06,0.20999,0.0,1.0,,,,,,center,4.0,1,0,0.0,0,0.1
glue|bert-base-uncased|cola_wide|AB|t28|s11|confirm,glue,bert-base-uncased,cola_wide,cola,AB,confirm,28,11,mcc,curvature=1.0;feature_mode=center;gat_hidden_dim=64;graph_curvature=4.0;graph_metric=poincare;hyperbolic_readout=1;jk_mode=max;learnable_curvature=0;lr=0.001;num_layers=2;proj_dim=512;readout_clip=0.0;readout_scale=0;rho_quantile=0.1;scorer_hidden=256;weight_decay=5e-05,64,poincare,max,0.001,2,512,256,,5e-05,43.58,164.24,0.20375,0.0,1.0,,,,,,center,4.0,1,0,0.0,0,0.1
glue|bert-base-uncased|cola_wide|AB|t28|s12|confirm,glue,bert-base-uncased,cola_wide,cola,AB,confirm,28,12,mcc,curvature=1.0;feature_mode=center;gat_hidden_dim=64;graph_curvature=4.0;graph_metric=poincare;hyperbolic_readout=1;jk_mode=max;learnable_curvature=0;lr=0.001;num_layers=2;proj_dim=512;readout_clip=0.0;readout_scale=0;rho_quantile=0.1;scorer_hidden=256;weight_decay=5e-05,64,poincare,max,0.001,2,512,256,,5e-05,45.08,163.62,0.20475,0.0,1.0,,,,,,center,4.0,1,0,0.0,0,0.1
glue|bert-base-uncased|cola_wide|AB|t28|s13|confirm,glue,bert-base-uncased,cola_wide,cola,AB,confirm,28,13,mcc,curvature=1.0;feature_mode=center;gat_hidden_dim=64;graph_curvature=4.0;graph_metric=poincare;hyperbolic_readout=1;jk_mode=max;learnable_curvature=0;lr=0.001;num_layers=2;proj_dim=512;readout_clip=0.0;readout_scale=0;rho_quantile=0.1;scorer_hidden=256;weight_decay=5e-05,64,poincare,max,0.001,2,512,256,,5e-05,43.77,163.18,0.20737,0.0,1.0,,,,,,center,4.0,1,0,0.0,0,0.1
glue|bert-base-uncased|cola_wide|AB|t28|s14|confirm,glue,bert-base-uncased,cola_wide,cola,AB,confirm,28,14,mcc,curvature=1.0;feature_mode=center;gat_hidden_dim=64;graph_curvature=4.0;graph_metric=poincare;hyperbolic_readout=1;jk_mode=max;learnable_curvature=0;lr=0.001;num_layers=2;proj_dim=512;readout_clip=0.0;readout_scale=0;rho_quantile=0.1;scorer_hidden=256;weight_decay=5e-05,64,poincare,max,0.001,2,512,256,,5e-05,41.41,163.95,0.20813,0.0,1.0,,,,,,center,4.0,1,0,0.0,0,0.1
glue|bert-base-uncased|cola_wide|AB|t28|s15|confirm,glue,bert-base-uncased,cola_wide,cola,AB,confirm,28,15,mcc,curvature=1.0;feature_mode=center;gat_hidden_dim=64;graph_curvature=4.0;graph_metric=poincare;hyperbolic_readout=1;jk_mode=max;learnable_curvature=0;lr=0.001;num_layers=2;proj_dim=512;readout_clip=0.0;readout_scale=0;rho_quantile=0.1;scorer_hidden=256;weight_decay=5e-05,64,poincare,max,0.001,2,512,256,,5e-05,43.98,161.88,0.20808,0.0,1.0,,,,,,center,4.0,1,0,0.0,0,0.1
glue|bert-base-uncased|cola_wide|no_graph|t24|s1|confirm,glue,bert-base-uncased,cola_wide,cola,no_graph,confirm,24,1,mcc,gat_hidden_dim=128;graph_metric=cosine;jk_mode=max;lr=0.001;num_layers=2;proj_dim=256;scorer_hidden=256;tau=0.999;weight_decay=5e-05,128,cosine,max,0.001,2,256,256,,5e-05,46.12,125.29,0.10777,0.0,,,,,,0.999,,,,,,,
glue|bert-base-uncased|cola_wide|no_graph|t24|s2|confirm,glue,bert-base-uncased,cola_wide,cola,no_graph,confirm,24,2,mcc,gat_hidden_dim=128;graph_metric=cosine;jk_mode=max;lr=0.001;num_layers=2;proj_dim=256;scorer_hidden=256;tau=0.999;weight_decay=5e-05,128,cosine,max,0.001,2,256,256,,5e-05,44.86,123.88,0.11049,0.0,,,,,,0.999,,,,,,,
glue|bert-base-uncased|cola_wide|no_graph|t24|s3|confirm,glue,bert-base-uncased,cola_wide,cola,no_graph,confirm,24,3,mcc,gat_hidden_dim=128;graph_metric=cosine;jk_mode=max;lr=0.001;num_layers=2;proj_dim=256;scorer_hidden=256;tau=0.999;weight_decay=5e-05,128,cosine,max,0.001,2,256,256,,5e-05,47.83,125.92,0.10758,0.0,,,,,,0.999,,,,,,,
glue|bert-base-uncased|cola_wide|no_graph|t24|s4|confirm,glue,bert-base-uncased,cola_wide,cola,no_graph,confirm,24,4,mcc,gat_hidden_dim=128;graph_metric=cosine;jk_mode=max;lr=0.001;num_layers=2;proj_dim=256;scorer_hidden=256;tau=0.999;weight_decay=5e-05,128,cosine,max,0.001,2,256,256,,5e-05,47.31,124.94,0.11279,0.0,,,,,,0.999,,,,,,,
glue|bert-base-uncased|cola_wide|no_graph|t24|s5|confirm,glue,bert-base-uncased,cola_wide,cola,no_graph,confirm,24,5,mcc,gat_hidden_dim=128;graph_metric=cosine;jk_mode=max;lr=0.001;num_layers=2;proj_dim=256;scorer_hidden=256;tau=0.999;weight_decay=5e-05,128,cosine,max,0.001,2,256,256,,5e-05,48.28,124.13,0.10639,0.0,,,,,,0.999,,,,,,,
glue|bert-base-uncased|cola_wide|no_graph|t24|s6|confirm,glue,bert-base-uncased,cola_wide,cola,no_graph,confirm,24,6,mcc,gat_hidden_dim=128;graph_metric=cosine;jk_mode=max;lr=0.001;num_layers=2;proj_dim=256;scorer_hidden=256;tau=0.999;weight_decay=5e-05,128,cosine,max,0.001,2,256,256,,5e-05,48.13,125.85,0.10606,0.0,,,,,,0.999,,,,,,,
glue|bert-base-uncased|cola_wide|no_graph|t24|s7|confirm,glue,bert-base-uncased,cola_wide,cola,no_graph,confirm,24,7,mcc,gat_hidden_dim=128;graph_metric=cosine;jk_mode=max;lr=0.001;num_layers=2;proj_dim=256;scorer_hidden=256;tau=0.999;weight_decay=5e-05,128,cosine,max,0.001,2,256,256,,5e-05,46.65,123.86,0.10744,0.0,,,,,,0.999,,,,,,,
glue|bert-base-uncased|cola_wide|no_graph|t24|s8|confirm,glue,bert-base-uncased,cola_wide,cola,no_graph,confirm,24,8,mcc,gat_hidden_dim=128;graph_metric=cosine;jk_mode=max;lr=0.001;num_layers=2;proj_dim=256;scorer_hidden=256;tau=0.999;weight_decay=5e-05,128,cosine,max,0.001,2,256,256,,5e-05,42.48,126.1,0.10674,0.0,,,,,,0.999,,,,,,,
glue|bert-base-uncased|cola_wide|no_graph|t24|s9|confirm,glue,bert-base-uncased,cola_wide,cola,no_graph,confirm,24,9,mcc,gat_hidden_dim=128;graph_metric=cosine;jk_mode=max;lr=0.001;num_layers=2;proj_dim=256;scorer_hidden=256;tau=0.999;weight_decay=5e-05,128,cosine,max,0.001,2,256,256,,5e-05,46.99,128.58,0.10631,0.0,,,,,,0.999,,,,,,,
glue|bert-base-uncased|cola_wide|no_graph|t24|s10|confirm,glue,bert-base-uncased,cola_wide,cola,no_graph,confirm,24,10,mcc,gat_hidden_dim=128;graph_metric=cosine;jk_mode=max;lr=0.001;num_layers=2;proj_dim=256;scorer_hidden=256;tau=0.999;weight_decay=5e-05,128,cosine,max,0.001,2,256,256,,5e-05,40.05,128.54,0.10667,0.0,,,,,,0.999,,,,,,,
glue|bert-base-uncased|cola_wide|no_graph|t24|s11|confirm,glue,bert-base-uncased,cola_wide,cola,no_graph,confirm,24,11,mcc,gat_hidden_dim=128;graph_metric=cosine;jk_mode=max;lr=0.001;num_layers=2;proj_dim=256;scorer_hidden=256;tau=0.999;weight_decay=5e-05,128,cosine,max,0.001,2,256,256,,5e-05,46.0,126.85,0.11077,0.0,,,,,,0.999,,,,,,,
glue|bert-base-uncased|cola_wide|no_graph|t24|s12|confirm,glue,bert-base-uncased,cola_wide,cola,no_graph,confirm,24,12,mcc,gat_hidden_dim=128;graph_metric=cosine;jk_mode=max;lr=0.001;num_layers=2;proj_dim=256;scorer_hidden=256;tau=0.999;weight_decay=5e-05,128,cosine,max,0.001,2,256,256,,5e-05,43.57,122.78,0.10873,0.0,,,,,,0.999,,,,,,,
glue|bert-base-uncased|cola_wide|no_graph|t24|s13|confirm,glue,bert-base-uncased,cola_wide,cola,no_graph,confirm,24,13,mcc,gat_hidden_dim=128;graph_metric=cosine;jk_mode=max;lr=0.001;num_layers=2;proj_dim=256;scorer_hidden=256;tau=0.999;weight_decay=5e-05,128,cosine,max,0.001,2,256,256,,5e-05,49.95,126.78,0.10648,0.0,,,,,,0.999,,,,,,,
glue|bert-base-uncased|cola_wide|no_graph|t24|s14|confirm,glue,bert-base-uncased,cola_wide,cola,no_graph,confirm,24,14,mcc,gat_hidden_dim=128;graph_metric=cosine;jk_mode=max;lr=0.001;num_layers=2;proj_dim=256;scorer_hidden=256;tau=0.999;weight_decay=5e-05,128,cosine,max,0.001,2,256,256,,5e-05,47.55,125.67,0.10882,0.0,,,,,,0.999,,,,,,,
glue|bert-base-uncased|cola_wide|no_graph|t24|s15|confirm,glue,bert-base-uncased,cola_wide,cola,no_graph,confirm,24,15,mcc,gat_hidden_dim=128;graph_metric=cosine;jk_mode=max;lr=0.001;num_layers=2;proj_dim=256;scorer_hidden=256;tau=0.999;weight_decay=5e-05,128,cosine,max,0.001,2,256,256,,5e-05,47.24,126.57,0.11058,0.0,,,,,,0.999,,,,,,,
glue|bert-base-uncased|cola_wide|A|t0|s42|tune,glue,bert-base-uncased,cola_wide,cola,A,tune,0,42,mcc,feature_mode=center_unit;gat_hidden_dim=128;graph_curvature=0.25;graph_metric=poincare;jk_mode=max;lr=0.0002;num_layers=2;proj_dim=128;rho_quantile=0.05;scorer_hidden=128;weight_decay=5e-05,128,poincare,max,0.0002,2,128,128,,5e-05,45.74,159.14,0.1555,0.0,,,,,,,center_unit,0.25,,,,,0.05
glue|bert-base-uncased|cola_wide|A|t1|s42|tune,glue,bert-base-uncased,cola_wide,cola,A,tune,1,42,mcc,feature_mode=center_unit;gat_hidden_dim=64;graph_curvature=1.0;graph_metric=poincare;jk_mode=cat;lr=2e-05;num_layers=4;proj_dim=512;rho_quantile=0.1;scorer_hidden=128;weight_decay=1e-05,64,poincare,cat,2e-05,4,512,128,,1e-05,16.81,163.24,0.2073,0.0,,,,,,,center_unit,1.0,,,,,0.1
glue|bert-base-uncased|cola_wide|A|t2|s42|tune,glue,bert-base-uncased,cola_wide,cola,A,tune,2,42,mcc,feature_mode=cls_root_unit;gat_hidden_dim=128;graph_curvature=1.0;graph_metric=poincare;jk_mode=max;lr=0.0002;num_layers=2;proj_dim=512;rho_quantile=0.1;scorer_hidden=128;weight_decay=5e-05,128,poincare,max,0.0002,2,512,128,,5e-05,47.18,158.32,0.20621,0.0,,,,,,,cls_root_unit,1.0,,,,,0.1
glue|bert-base-uncased|cola_wide|A|t3|s42|tune,glue,bert-base-uncased,cola_wide,cola,A,tune,3,42,mcc,feature_mode=center;gat_hidden_dim=128;graph_curvature=9.0;graph_metric=poincare;jk_mode=cat;lr=2e-05;num_layers=2;proj_dim=512;rho_quantile=0.2;scorer_hidden=256;weight_decay=1e-05,128,poincare,cat,2e-05,2,512,256,,1e-05,25.37,156.98,0.30626,0.0,,,,,,,center,9.0,,,,,0.2
glue|bert-base-uncased|cola_wide|A|t4|s42|tune,glue,bert-base-uncased,cola_wide,cola,A,tune,4,42,mcc,feature_mode=cls_root_unit;gat_hidden_dim=128;graph_curvature=0.25;graph_metric=poincare;jk_mode=cat;lr=2e-05;num_layers=2;proj_dim=512;rho_quantile=0.025;scorer_hidden=256;weight_decay=0.0,128,poincare,cat,2e-05,2,512,256,,0.0,28.15,161.92,0.13909,0.0,,,,,,,cls_root_unit,0.25,,,,,0.025
glue|bert-base-uncased|cola_wide|A|t5|s42|tune,glue,bert-base-uncased,cola_wide,cola,A,tune,5,42,mcc,feature_mode=unit;gat_hidden_dim=128;graph_curvature=0.25;graph_metric=poincare;jk_mode=max;lr=0.0002;num_layers=4;proj_dim=256;rho_quantile=0.025;scorer_hidden=128;weight_decay=1e-05,128,poincare,max,0.0002,4,256,128,,1e-05,46.88,163.67,0.13641,0.0,,,,,,,unit,0.25,,,,,0.025
glue|bert-base-uncased|cola_wide|A|t6|s42|tune,glue,bert-base-uncased,cola_wide,cola,A,tune,6,42,mcc,feature_mode=center_unit;gat_hidden_dim=64;graph_curvature=9.0;graph_metric=poincare;jk_mode=cat;lr=0.0002;num_layers=2;proj_dim=512;rho_quantile=0.2;scorer_hidden=128;weight_decay=0.0,64,poincare,cat,0.0002,2,512,128,,0.0,45.02,160.4,0.30347,0.0,,,,,,,center_unit,9.0,,,,,0.2
glue|bert-base-uncased|cola_wide|A|t7|s42|tune,glue,bert-base-uncased,cola_wide,cola,A,tune,7,42,mcc,feature_mode=center_unit;gat_hidden_dim=128;graph_curvature=0.25;graph_metric=poincare;jk_mode=cat;lr=0.0002;num_layers=4;proj_dim=512;rho_quantile=0.05;scorer_hidden=128;weight_decay=5e-05,128,poincare,cat,0.0002,4,512,128,,5e-05,45.83,163.51,0.15546,0.0,,,,,,,center_unit,0.25,,,,,0.05
glue|bert-base-uncased|cola_wide|A|t8|s42|tune,glue,bert-base-uncased,cola_wide,cola,A,tune,8,42,mcc,feature_mode=center;gat_hidden_dim=128;graph_curvature=2.25;graph_metric=poincare;jk_mode=cat;lr=2e-05;num_layers=2;proj_dim=128;rho_quantile=0.025;scorer_hidden=128;weight_decay=1e-05,128,poincare,cat,2e-05,2,128,128,,1e-05,26.36,156.66,0.13901,0.0,,,,,,,center,2.25,,,,,0.025
glue|bert-base-uncased|cola_wide|A|t9|s42|tune,glue,bert-base-uncased,cola_wide,cola,A,tune,9,42,mcc,feature_mode=unit;gat_hidden_dim=256;graph_curvature=1.0;graph_metric=poincare;jk_mode=max;lr=0.001;num_layers=4;proj_dim=256;rho_quantile=0.2;scorer_hidden=128;weight_decay=1e-05,256,poincare,max,0.001,4,256,128,,1e-05,47.29,163.39,0.30827,0.0,,,,,,,unit,1.0,,,,,0.2
glue|bert-base-uncased|cola_wide|A|t10|s42|tune,glue,bert-base-uncased,cola_wide,cola,A,tune,10,42,mcc,feature_mode=center_unit;gat_hidden_dim=128;graph_curvature=0.25;graph_metric=poincare;jk_mode=cat;lr=0.0002;num_layers=2;proj_dim=256;rho_quantile=0.38;scorer_hidden=256;weight_decay=1e-05,128,poincare,cat,0.0002,2,256,256,,1e-05,42.59,161.83,0.48762,0.0,,,,,,,center_unit,0.25,,,,,0.38
glue|bert-base-uncased|cola_wide|A|t11|s42|tune,glue,bert-base-uncased,cola_wide,cola,A,tune,11,42,mcc,feature_mode=center_unit;gat_hidden_dim=128;graph_curvature=0.25;graph_metric=poincare;jk_mode=cat;lr=0.001;num_layers=4;proj_dim=128;rho_quantile=0.2;scorer_hidden=256;weight_decay=0.0,128,poincare,cat,0.001,4,128,256,,0.0,46.43,166.92,0.30076,0.0,,,,,,,center_unit,0.25,,,,,0.2
glue|bert-base-uncased|cola_wide|A|t12|s42|tune,glue,bert-base-uncased,cola_wide,cola,A,tune,12,42,mcc,feature_mode=unit;gat_hidden_dim=256;graph_curvature=9.0;graph_metric=poincare;jk_mode=cat;lr=0.0002;num_layers=2;proj_dim=256;rho_quantile=0.05;scorer_hidden=128;weight_decay=0.0,256,poincare,cat,0.0002,2,256,128,,0.0,47.01,159.49,0.15847,0.0,,,,,,,unit,9.0,,,,,0.05
glue|bert-base-uncased|cola_wide|A|t13|s42|tune,glue,bert-base-uncased,cola_wide,cola,A,tune,13,42,mcc,feature_mode=center_unit;gat_hidden_dim=64;graph_curvature=4.0;graph_metric=poincare;jk_mode=cat;lr=0.0002;num_layers=4;proj_dim=128;rho_quantile=0.025;scorer_hidden=128;weight_decay=1e-05,64,poincare,cat,0.0002,4,128,128,,1e-05,46.94,163.63,0.134,0.0,,,,,,,center_unit,4.0,,,,,0.025
glue|bert-base-uncased|cola_wide|A|t14|s42|tune,glue,bert-base-uncased,cola_wide,cola,A,tune,14,42,mcc,feature_mode=unit;gat_hidden_dim=256;graph_curvature=4.0;graph_metric=poincare;jk_mode=cat;lr=2e-05;num_layers=2;proj_dim=512;rho_quantile=0.1;scorer_hidden=256;weight_decay=1e-05,256,poincare,cat,2e-05,2,512,256,,1e-05,26.43,159.12,0.20949,0.0,,,,,,,unit,4.0,,,,,0.1
glue|bert-base-uncased|cola_wide|A|t15|s42|tune,glue,bert-base-uncased,cola_wide,cola,A,tune,15,42,mcc,feature_mode=unit;gat_hidden_dim=256;graph_curvature=0.25;graph_metric=poincare;jk_mode=max;lr=0.001;num_layers=4;proj_dim=512;rho_quantile=0.1;scorer_hidden=128;weight_decay=5e-05,256,poincare,max,0.001,4,512,128,,5e-05,47.62,161.64,0.21335,0.0,,,,,,,unit,0.25,,,,,0.1
glue|bert-base-uncased|cola_wide|A|t16|s42|tune,glue,bert-base-uncased,cola_wide,cola,A,tune,16,42,mcc,feature_mode=unit;gat_hidden_dim=64;graph_curvature=1.0;graph_metric=poincare;jk_mode=cat;lr=2e-05;num_layers=2;proj_dim=256;rho_quantile=0.38;scorer_hidden=256;weight_decay=0.0,64,poincare,cat,2e-05,2,256,256,,0.0,4.64,159.41,0.48296,0.0,,,,,,,unit,1.0,,,,,0.38
glue|bert-base-uncased|cola_wide|A|t17|s42|tune,glue,bert-base-uncased,cola_wide,cola,A,tune,17,42,mcc,feature_mode=unit;gat_hidden_dim=128;graph_curvature=1.0;graph_metric=poincare;jk_mode=cat;lr=2e-05;num_layers=2;proj_dim=256;rho_quantile=0.2;scorer_hidden=128;weight_decay=0.0,128,poincare,cat,2e-05,2,256,128,,0.0,26.08,157.23,0.30768,0.0,,,,,,,unit,1.0,,,,,0.2
glue|bert-base-uncased|cola_wide|A|t18|s42|tune,glue,bert-base-uncased,cola_wide,cola,A,tune,18,42,mcc,feature_mode=center;gat_hidden_dim=256;graph_curvature=9.0;graph_metric=poincare;jk_mode=max;lr=2e-05;num_layers=4;proj_dim=128;rho_quantile=0.025;scorer_hidden=128;weight_decay=0.0,256,poincare,max,2e-05,4,128,128,,0.0,25.56,160.14,0.14081,0.0,,,,,,,center,9.0,,,,,0.025
glue|bert-base-uncased|cola_wide|A|t19|s42|tune,glue,bert-base-uncased,cola_wide,cola,A,tune,19,42,mcc,feature_mode=center_unit;gat_hidden_dim=128;graph_curvature=4.0;graph_metric=poincare;jk_mode=cat;lr=0.001;num_layers=2;proj_dim=512;rho_quantile=0.2;scorer_hidden=256;weight_decay=0.0,128,poincare,cat,0.001,2,512,256,,0.0,44.94,161.0,0.30768,0.0,,,,,,,center_unit,4.0,,,,,0.2
glue|bert-base-uncased|cola_wide|A|t20|s42|tune,glue,bert-base-uncased,cola_wide,cola,A,tune,20,42,mcc,feature_mode=center;gat_hidden_dim=64;graph_curvature=4.0;graph_metric=poincare;jk_mode=cat;lr=0.001;num_layers=2;proj_dim=256;rho_quantile=0.025;scorer_hidden=256;weight_decay=5e-05,64,poincare,cat,0.001,2,256,256,,5e-05,46.33,158.31,0.13417,0.0,,,,,,,center,4.0,,,,,0.025
glue|bert-base-uncased|cola_wide|A|t21|s42|tune,glue,bert-base-uncased,cola_wide,cola,A,tune,21,42,mcc,feature_mode=center;gat_hidden_dim=256;graph_curvature=1.0;graph_metric=poincare;jk_mode=max;lr=0.001;num_layers=2;proj_dim=256;rho_quantile=0.2;scorer_hidden=256;weight_decay=0.0,256,poincare,max,0.001,2,256,256,,0.0,43.84,158.39,0.3015,0.0,,,,,,,center,1.0,,,,,0.2
glue|bert-base-uncased|cola_wide|A|t22|s42|tune,glue,bert-base-uncased,cola_wide,cola,A,tune,22,42,mcc,feature_mode=center;gat_hidden_dim=64;graph_curvature=4.0;graph_metric=poincare;jk_mode=cat;lr=0.0002;num_layers=2;proj_dim=512;rho_quantile=0.38;scorer_hidden=128;weight_decay=5e-05,64,poincare,cat,0.0002,2,512,128,,5e-05,47.2,157.88,0.48022,0.0,,,,,,,center,4.0,,,,,0.38
glue|bert-base-uncased|cola_wide|A|t23|s42|tune,glue,bert-base-uncased,cola_wide,cola,A,tune,23,42,mcc,feature_mode=center_unit;gat_hidden_dim=64;graph_curvature=4.0;graph_metric=poincare;jk_mode=max;lr=2e-05;num_layers=4;proj_dim=256;rho_quantile=0.05;scorer_hidden=128;weight_decay=1e-05,64,poincare,max,2e-05,4,256,128,,1e-05,0.0,164.47,0.15591,0.0,,,,,,,center_unit,4.0,,,,,0.05
glue|bert-base-uncased|cola_wide|A|t24|s42|tune,glue,bert-base-uncased,cola_wide,cola,A,tune,24,42,mcc,feature_mode=center;gat_hidden_dim=64;graph_curvature=2.25;graph_metric=poincare;jk_mode=cat;lr=0.0002;num_layers=4;proj_dim=128;rho_quantile=0.025;scorer_hidden=128;weight_decay=1e-05,64,poincare,cat,0.0002,4,128,128,,1e-05,47.88,162.5,0.13379,0.0,,,,,,,center,2.25,,,,,0.025
glue|bert-base-uncased|cola_wide|A|t25|s42|tune,glue,bert-base-uncased,cola_wide,cola,A,tune,25,42,mcc,feature_mode=center;gat_hidden_dim=256;graph_curvature=1.0;graph_metric=poincare;jk_mode=max;lr=0.001;num_layers=4;proj_dim=256;rho_quantile=0.1;scorer_hidden=256;weight_decay=1e-05,256,poincare,max,0.001,4,256,256,,1e-05,47.55,161.6,0.21305,0.0,,,,,,,center,1.0,,,,,0.1
glue|bert-base-uncased|cola_wide|A|t26|s42|tune,glue,bert-base-uncased,cola_wide,cola,A,tune,26,42,mcc,feature_mode=unit;gat_hidden_dim=64;graph_curvature=9.0;graph_metric=poincare;jk_mode=cat;lr=0.0002;num_layers=4;proj_dim=256;rho_quantile=0.2;scorer_hidden=128;weight_decay=1e-05,64,poincare,cat,0.0002,4,256,128,,1e-05,47.49,160.58,0.30282,0.0,,,,,,,unit,9.0,,,,,0.2
glue|bert-base-uncased|cola_wide|A|t27|s42|tune,glue,bert-base-uncased,cola_wide,cola,A,tune,27,42,mcc,feature_mode=cls_root_unit;gat_hidden_dim=64;graph_curvature=0.25;graph_metric=poincare;jk_mode=max;lr=2e-05;num_layers=2;proj_dim=512;rho_quantile=0.025;scorer_hidden=128;weight_decay=5e-05,64,poincare,max,2e-05,2,512,128,,5e-05,0.0,158.23,0.13623,0.0,,,,,,,cls_root_unit,0.25,,,,,0.025
glue|bert-base-uncased|cola_wide|A|t28|s42|tune,glue,bert-base-uncased,cola_wide,cola,A,tune,28,42,mcc,feature_mode=cls_root_unit;gat_hidden_dim=128;graph_curvature=2.25;graph_metric=poincare;jk_mode=cat;lr=0.0002;num_layers=2;proj_dim=512;rho_quantile=0.025;scorer_hidden=256;weight_decay=1e-05,128,poincare,cat,0.0002,2,512,256,,1e-05,45.91,159.26,0.13909,0.0,,,,,,,cls_root_unit,2.25,,,,,0.025
glue|bert-base-uncased|cola_wide|A|t29|s42|tune,glue,bert-base-uncased,cola_wide,cola,A,tune,29,42,mcc,feature_mode=cls_root_unit;gat_hidden_dim=256;graph_curvature=1.0;graph_metric=poincare;jk_mode=max;lr=0.001;num_layers=4;proj_dim=256;rho_quantile=0.05;scorer_hidden=128;weight_decay=5e-05,256,poincare,max,0.001,4,256,128,,5e-05,48.8,163.28,0.16194,0.0,,,,,,,cls_root_unit,1.0,,,,,0.05
glue|bert-base-uncased|cola_wide|A|t30|s42|tune,glue,bert-base-uncased,cola_wide,cola,A,tune,30,42,mcc,feature_mode=cls_root_unit;gat_hidden_dim=128;graph_curvature=0.25;graph_metric=poincare;jk_mode=max;lr=2e-05;num_layers=2;proj_dim=512;rho_quantile=0.1;scorer_hidden=256;weight_decay=5e-05,128,poincare,max,2e-05,2,512,256,,5e-05,11.38,160.4,0.20621,0.0,,,,,,,cls_root_unit,0.25,,,,,0.1
glue|bert-base-uncased|cola_wide|A|t31|s42|tune,glue,bert-base-uncased,cola_wide,cola,A,tune,31,42,mcc,feature_mode=center_unit;gat_hidden_dim=256;graph_curvature=9.0;graph_metric=poincare;jk_mode=cat;lr=0.001;num_layers=4;proj_dim=512;rho_quantile=0.05;scorer_hidden=128;weight_decay=1e-05,256,poincare,cat,0.001,4,512,128,,1e-05,46.04,165.27,0.15889,0.0,,,,,,,center_unit,9.0,,,,,0.05
glue|bert-base-uncased|cola_wide|A|t32|s42|tune,glue,bert-base-uncased,cola_wide,cola,A,tune,32,42,mcc,feature_mode=center;gat_hidden_dim=128;graph_curvature=1.0;graph_metric=poincare;jk_mode=max;lr=0.001;num_layers=2;proj_dim=256;rho_quantile=0.1;scorer_hidden=128;weight_decay=5e-05,128,poincare,max,0.001,2,256,128,,5e-05,44.67,157.77,0.20611,0.0,,,,,,,center,1.0,,,,,0.1
glue|bert-base-uncased|cola_wide|A|t33|s42|tune,glue,bert-base-uncased,cola_wide,cola,A,tune,33,42,mcc,feature_mode=unit;gat_hidden_dim=64;graph_curvature=9.0;graph_metric=poincare;jk_mode=max;lr=2e-05;num_layers=2;proj_dim=128;rho_quantile=0.025;scorer_hidden=256;weight_decay=0.0,64,poincare,max,2e-05,2,128,256,,0.0,0.0,158.92,0.13621,0.0,,,,,,,unit,9.0,,,,,0.025
glue|bert-base-uncased|cola_wide|A|t34|s42|tune,glue,bert-base-uncased,cola_wide,cola,A,tune,34,42,mcc,feature_mode=center_unit;gat_hidden_dim=64;graph_curvature=0.25;graph_metric=poincare;jk_mode=max;lr=0.0002;num_layers=2;proj_dim=256;rho_quantile=0.1;scorer_hidden=256;weight_decay=1e-05,64,poincare,max,0.0002,2,256,256,,1e-05,42.77,160.14,0.20815,0.0,,,,,,,center_unit,0.25,,,,,0.1
glue|bert-base-uncased|cola_wide|A|t35|s42|tune,glue,bert-base-uncased,cola_wide,cola,A,tune,35,42,mcc,feature_mode=center;gat_hidden_dim=128;graph_curvature=4.0;graph_metric=poincare;jk_mode=cat;lr=0.0002;num_layers=2;proj_dim=256;rho_quantile=0.1;scorer_hidden=128;weight_decay=1e-05,128,poincare,cat,0.0002,2,256,128,,1e-05,42.83,155.63,0.21163,0.0,,,,,,,center,4.0,,,,,0.1
glue|bert-base-uncased|cola_wide|A|t36|s42|tune,glue,bert-base-uncased,cola_wide,cola,A,tune,36,42,mcc,feature_mode=center;gat_hidden_dim=64;graph_curvature=2.25;graph_metric=poincare;jk_mode=max;lr=0.0002;num_layers=2;proj_dim=128;rho_quantile=0.2;scorer_hidden=128;weight_decay=0.0,64,poincare,max,0.0002,2,128,128,,0.0,42.42,159.01,0.30202,0.0,,,,,,,center,2.25,,,,,0.2
glue|bert-base-uncased|cola_wide|A|t37|s42|tune,glue,bert-base-uncased,cola_wide,cola,A,tune,37,42,mcc,feature_mode=cls_root_unit;gat_hidden_dim=64;graph_curvature=9.0;graph_metric=poincare;jk_mode=max;lr=0.0002;num_layers=4;proj_dim=256;rho_quantile=0.38;scorer_hidden=128;weight_decay=1e-05,64,poincare,max,0.0002,4,256,128,,1e-05,44.86,162.75,0.48082,0.0,,,,,,,cls_root_unit,9.0,,,,,0.38
glue|bert-base-uncased|cola_wide|A|t38|s42|tune,glue,bert-base-uncased,cola_wide,cola,A,tune,38,42,mcc,feature_mode=unit;gat_hidden_dim=128;graph_curvature=9.0;graph_metric=poincare;jk_mode=max;lr=0.001;num_layers=2;proj_dim=128;rho_quantile=0.025;scorer_hidden=128;weight_decay=1e-05,128,poincare,max,0.001,2,128,128,,1e-05,48.37,157.16,0.13348,0.0,,,,,,,unit,9.0,,,,,0.025
glue|bert-base-uncased|cola_wide|A|t39|s42|tune,glue,bert-base-uncased,cola_wide,cola,A,tune,39,42,mcc,feature_mode=cls_root_unit;gat_hidden_dim=256;graph_curvature=9.0;graph_metric=poincare;jk_mode=max;lr=2e-05;num_layers=4;proj_dim=256;rho_quantile=0.38;scorer_hidden=256;weight_decay=0.0,256,poincare,max,2e-05,4,256,256,,0.0,28.01,163.79,0.48726,0.0,,,,,,,cls_root_unit,9.0,,,,,0.38
glue|bert-base-uncased|cola_wide|AC|t0|s42|tune,glue,bert-base-uncased,cola_wide,cola,AC,tune,0,42,mcc,curvature=1.0;feature_mode=cls_root_unit;gat_hidden_dim=256;gnn_input_clip=0.3;gnn_input_scale=1;graph_curvature=1.0;graph_metric=poincare;hyp_gnn_type=gcn;hyperbolic_gnn=1;jk_mode=max;lr=2e-05;num_layers=2;proj_dim=128;rho_quantile=0.38;scorer_hidden=128;weight_decay=1e-05,256,poincare,max,2e-05,2,128,128,,1e-05,0.0,179.09,0.48301,0.0,1.0,0.3,1,gcn,1,,cls_root_unit,1.0,,,,,0.38
glue|bert-base-uncased|cola_wide|AC|t1|s42|tune,glue,bert-base-uncased,cola_wide,cola,AC,tune,1,42,mcc,curvature=4.0;feature_mode=center_unit;gat_hidden_dim=128;gnn_input_clip=0.0;gnn_input_scale=1;graph_curvature=2.25;graph_metric=poincare;hyp_gnn_type=gcn;hyperbolic_gnn=1;jk_mode=cat;lr=0.0002;num_layers=4;proj_dim=512;rho_quantile=0.025;scorer_hidden=128;weight_decay=0.0,128,poincare,cat,0.0002,4,512,128,,0.0,44.76,195.85,0.13185,0.0,4.0,0.0,1,gcn,1,,center_unit,2.25,,,,,0.025
glue|bert-base-uncased|cola_wide|AC|t2|s42|tune,glue,bert-base-uncased,cola_wide,cola,AC,tune,2,42,mcc,curvature=0.25;feature_mode=cls_root_unit;gat_hidden_dim=64;gnn_input_clip=1.0;gnn_input_scale=1;graph_curvature=2.25;graph_metric=poincare;hyp_gnn_type=gcn;hyperbolic_gnn=1;jk_mode=cat;lr=2e-05;num_layers=2;proj_dim=256;rho_quantile=0.05;scorer_hidden=128;weight_decay=5e-05,64,poincare,cat,2e-05,2,256,128,,5e-05,0.0,178.49,0.15858,0.0,0.25,1.0,1,gcn,1,,cls_root_unit,2.25,,,,,0.05
glue|bert-base-uncased|cola_wide|AC|t3|s42|tune,glue,bert-base-uncased,cola_wide,cola,AC,tune,3,42,mcc,curvature=1.0;feature_mode=cls_root_unit;gat_hidden_dim=128;gnn_input_clip=0.7;gnn_input_scale=0;graph_curvature=9.0;graph_metric=poincare;hyp_gnn_type=gcn;hyperbolic_gnn=1;jk_mode=cat;lr=0.001;num_layers=2;proj_dim=256;rho_quantile=0.05;scorer_hidden=128;weight_decay=0.0,128,poincare,cat,0.001,2,256,128,,0.0,49.28,175.5,0.14476,0.0,1.0,0.7,0,gcn,1,,cls_root_unit,9.0,,,,,0.05
glue|bert-base-uncased|cola_wide|AC|t4|s42|tune,glue,bert-base-uncased,cola_wide,cola,AC,tune,4,42,mcc,curvature=4.0;feature_mode=unit;gat_hidden_dim=64;gnn_input_clip=0.3;gnn_input_scale=0;graph_curvature=2.25;graph_metric=poincare;hyp_gnn_type=gat;hyperbolic_gnn=1;jk_mode=max;lr=0.001;num_layers=4;proj_dim=256;rho_quantile=0.1;scorer_hidden=256;weight_decay=5e-05,64,poincare,max,0.001,4,256,256,,5e-05,40.62,190.52,0.20648,0.0,4.0,0.3,0,gat,1,,unit,2.25,,,,,0.1
glue|bert-base-uncased|cola_wide|AC|t5|s42|tune,glue,bert-base-uncased,cola_wide,cola,AC,tune,5,42,mcc,curvature=1.0;feature_mode=center;gat_hidden_dim=128;gnn_input_clip=0.0;gnn_input_scale=1;graph_curvature=2.25;graph_metric=poincare;hyp_gnn_type=gcn;hyperbolic_gnn=1;jk_mode=max;lr=0.0002;num_layers=2;proj_dim=512;rho_quantile=0.38;scorer_hidden=128;weight_decay=5e-05,128,poincare,max,0.0002,2,512,128,,5e-05,37.04,179.06,0.48098,0.0,1.0,0.0,1,gcn,1,,center,2.25,,,,,0.38
glue|bert-base-uncased|cola_wide|AC|t6|s42|tune,glue,bert-base-uncased,cola_wide,cola,AC,tune,6,42,mcc,curvature=4.0;feature_mode=unit;gat_hidden_dim=128;gnn_input_clip=0.3;gnn_input_scale=0;graph_curvature=2.25;graph_metric=poincare;hyp_gnn_type=gat;hyperbolic_gnn=1;jk_mode=max;lr=2e-05;num_layers=4;proj_dim=512;rho_quantile=0.1;scorer_hidden=256;weight_decay=0.0,128,poincare,max,2e-05,4,512,256,,0.0,0.0,190.27,0.20585,0.0,4.0,0.3,0,gat,1,,unit,2.25,,,,,0.1
glue|bert-base-uncased|cola_wide|AC|t7|s42|tune,glue,bert-base-uncased,cola_wide,cola,AC,tune,7,42,mcc,curvature=1.0;feature_mode=unit;gat_hidden_dim=256;gnn_input_clip=0.3;gnn_input_scale=1;graph_curvature=9.0;graph_metric=poincare;hyp_gnn_type=gcn;hyperbolic_gnn=1;jk_mode=max;lr=0.001;num_layers=2;proj_dim=256;rho_quantile=0.05;scorer_hidden=256;weight_decay=5e-05,256,poincare,max,0.001,2,256,256,,5e-05,45.79,177.37,0.1573,0.0,1.0,0.3,1,gcn,1,,unit,9.0,,,,,0.05
glue|bert-base-uncased|cola_wide|AC|t8|s42|tune,glue,bert-base-uncased,cola_wide,cola,AC,tune,8,42,mcc,curvature=0.25;feature_mode=unit;gat_hidden_dim=256;gnn_input_clip=0.3;gnn_input_scale=1;graph_curvature=1.0;graph_metric=poincare;hyp_gnn_type=gat;hyperbolic_gnn=1;jk_mode=cat;lr=0.0002;num_layers=4;proj_dim=256;rho_quantile=0.05;scorer_hidden=128;weight_decay=1e-05,256,poincare,cat,0.0002,4,256,128,,1e-05,45.64,192.46,0.15327,0.0,0.25,0.3,1,gat,1,,unit,1.0,,,,,0.05
glue|bert-base-uncased|cola_wide|AC|t9|s42|tune,glue,bert-base-uncased,cola_wide,cola,AC,tune,9,42,mcc,curvature=4.0;feature_mode=unit;gat_hidden_dim=64;gnn_input_clip=0.3;gnn_input_scale=0;graph_curvature=0.25;graph_metric=poincare;hyp_gnn_type=gat;hyperbolic_gnn=1;jk_mode=cat;lr=2e-05;num_layers=4;proj_dim=128;rho_quantile=0.1;scorer_hidden=256;weight_decay=5e-05,64,poincare,cat,2e-05,4,128,256,,5e-05,0.0,190.78,0.20316,0.0,4.0,0.3,0,gat,1,,unit,0.25,,,,,0.1
glue|bert-base-uncased|cola_wide|AC|t10|s42|tune,glue,bert-base-uncased,cola_wide,cola,AC,tune,10,42,mcc,curvature=1.0;feature_mode=unit;gat_hidden_dim=128;gnn_input_clip=1.0;gnn_input_scale=0;graph_curvature=9.0;graph_metric=poincare;hyp_gnn_type=gat;hyperbolic_gnn=1;jk_mode=cat;lr=0.0002;num_layers=2;proj_dim=128;rho_quantile=0.1;scorer_hidden=256;weight_decay=0.0,128,poincare,cat,0.0002,2,128,256,,0.0,45.87,174.74,0.20667,0.0,1.0,1.0,0,gat,1,,unit,9.0,,,,,0.1
glue|bert-base-uncased|cola_wide|AC|t11|s42|tune,glue,bert-base-uncased,cola_wide,cola,AC,tune,11,42,mcc,curvature=1.0;feature_mode=cls_root_unit;gat_hidden_dim=128;gnn_input_clip=0.3;gnn_input_scale=0;graph_curvature=0.25;graph_metric=poincare;hyp_gnn_type=gcn;hyperbolic_gnn=1;jk_mode=cat;lr=2e-05;num_layers=2;proj_dim=256;rho_quantile=0.025;scorer_hidden=128;weight_decay=0.0,128,poincare,cat,2e-05,2,256,128,,0.0,8.04,178.22,0.13407,0.0,1.0,0.3,0,gcn,1,,cls_root_unit,0.25,,,,,0.025
glue|bert-base-uncased|cola_wide|AC|t12|s42|tune,glue,bert-base-uncased,cola_wide,cola,AC,tune,12,42,mcc,curvature=0.25;feature_mode=center;gat_hidden_dim=128;gnn_input_clip=0.3;gnn_input_scale=1;graph_curvature=4.0;graph_metric=poincare;hyp_gnn_type=gat;hyperbolic_gnn=1;jk_mode=cat;lr=0.001;num_layers=4;proj_dim=512;rho_quantile=0.05;scorer_hidden=256;weight_decay=5e-05,128,poincare,cat,0.001,4,512,256,,5e-05,41.4,188.0,0.15816,0.0,0.25,0.3,1,gat,1,,center,4.0,,,,,0.05
glue|bert-base-uncased|cola_wide|AC|t13|s42|tune,glue,bert-base-uncased,cola_wide,cola,AC,tune,13,42,mcc,curvature=1.0;feature_mode=center;gat_hidden_dim=128;gnn_input_clip=1.0;gnn_input_scale=0;graph_curvature=2.25;graph_metric=poincare;hyp_gnn_type=gcn;hyperbolic_gnn=1;jk_mode=max;lr=0.0002;num_layers=2;proj_dim=128;rho_quantile=0.2;scorer_hidden=256;weight_decay=5e-05,128,poincare,max,0.0002,2,128,256,,5e-05,36.72,178.93,0.30201,0.0,1.0,1.0,0,gcn,1,,center,2.25,,,,,0.2
glue|bert-base-uncased|cola_wide|AC|t14|s42|tune,glue,bert-base-uncased,cola_wide,cola,AC,tune,14,42,mcc,curvature=1.0;feature_mode=cls_root_unit;gat_hidden_dim=256;gnn_input_clip=0.0;gnn_input_scale=0;graph_curvature=9.0;graph_metric=poincare;hyp_gnn_type=gat;hyperbolic_gnn=1;jk_mode=cat;lr=0.0002;num_layers=4;proj_dim=512;rho_quantile=0.38;scorer_hidden=128;weight_decay=0.0,256,poincare,cat,0.0002,4,512,128,,0.0,46.15,192.44,0.47838,0.0,1.0,0.0,0,gat,1,,cls_root_unit,9.0,,,,,0.38
glue|bert-base-uncased|cola_wide|AC|t15|s42|tune,glue,bert-base-uncased,cola_wide,cola,AC,tune,15,42,mcc,curvature=0.25;feature_mode=center;gat_hidden_dim=128;gnn_input_clip=1.0;gnn_input_scale=0;graph_curvature=0.25;graph_metric=poincare;hyp_gnn_type=gat;hyperbolic_gnn=1;jk_mode=cat;lr=0.001;num_layers=4;proj_dim=128;rho_quantile=0.05;scorer_hidden=128;weight_decay=0.0,128,poincare,cat,0.001,4,128,128,,0.0,42.12,185.53,0.15801,0.0,0.25,1.0,0,gat,1,,center,0.25,,,,,0.05
glue|bert-base-uncased|cola_wide|AC|t16|s42|tune,glue,bert-base-uncased,cola_wide,cola,AC,tune,16,42,mcc,curvature=4.0;feature_mode=unit;gat_hidden_dim=64;gnn_input_clip=0.3;gnn_input_scale=0;graph_curvature=0.25;graph_metric=poincare;hyp_gnn_type=gcn;hyperbolic_gnn=1;jk_mode=cat;lr=0.0002;num_layers=4;proj_dim=256;rho_quantile=0.025;scorer_hidden=256;weight_decay=5e-05,64,poincare,cat,0.0002,4,256,256,,5e-05,44.67,195.13,0.1376,0.0,4.0,0.3,0,gcn,1,,unit,0.25,,,,,0.025
glue|bert-base-uncased|cola_wide|AC|t17|s42|tune,glue,bert-base-uncased,cola_wide,cola,AC,tune,17,42,mcc,curvature=1.0;feature_mode=unit;gat_hidden_dim=128;gnn_input_clip=1.0;gnn_input_scale=0;graph_curvature=9.0;graph_metric=poincare;hyp_gnn_type=gat;hyperbolic_gnn=1;jk_mode=max;lr=0.0002;num_layers=4;proj_dim=128;rho_quantile=0.05;scorer_hidden=128;weight_decay=0.0,128,poincare,max,0.0002,4,128,128,,0.0,37.61,190.07,0.15606,0.0,1.0,1.0,0,gat,1,,unit,9.0,,,,,0.05
glue|bert-base-uncased|cola_wide|AC|t18|s42|tune,glue,bert-base-uncased,cola_wide,cola,AC,tune,18,42,mcc,curvature=0.25;feature_mode=unit;gat_hidden_dim=256;gnn_input_clip=0.7;gnn_input_scale=1;graph_curvature=1.0;graph_metric=poincare;hyp_gnn_type=gat;hyperbolic_gnn=1;jk_mode=max;lr=0.001;num_layers=2;proj_dim=128;rho_quantile=0.38;scorer_hidden=128;weight_decay=0.0,256,poincare,max,0.001,2,128,128,,0.0,48.58,174.14,0.48181,0.0,0.25,0.7,1,gat,1,,unit,1.0,,,,,0.38
glue|bert-base-uncased|cola_wide|AC|t19|s42|tune,glue,bert-base-uncased,cola_wide,cola,AC,tune,19,42,mcc,curvature=0.25;feature_mode=center;gat_hidden_dim=128;gnn_input_clip=0.0;gnn_input_scale=0;graph_curvature=9.0;graph_metric=poincare;hyp_gnn_type=gat;hyperbolic_gnn=1;jk_mode=max;lr=0.001;num_layers=2;proj_dim=256;rho_quantile=0.38;scorer_hidden=256;weight_decay=1e-05,128,poincare,max,0.001,2,256,256,,1e-05,46.47,174.22,0.47896,0.0,0.25,0.0,0,gat,1,,center,9.0,,,,,0.38
glue|bert-base-uncased|cola_wide|AC|t20|s42|tune,glue,bert-base-uncased,cola_wide,cola,AC,tune,20,42,mcc,curvature=0.25;feature_mode=unit;gat_hidden_dim=128;gnn_input_clip=0.7;gnn_input_scale=1;graph_curvature=9.0;graph_metric=poincare;hyp_gnn_type=gcn;hyperbolic_gnn=1;jk_mode=max;lr=2e-05;num_layers=2;proj_dim=256;rho_quantile=0.38;scorer_hidden=256;weight_decay=1e-05,128,poincare,max,2e-05,2,256,256,,1e-05,0.0,176.14,0.48337,0.0,0.25,0.7,1,gcn,1,,unit,9.0,,,,,0.38
glue|bert-base-uncased|cola_wide|AC|t21|s42|tune,glue,bert-base-uncased,cola_wide,cola,AC,tune,21,42,mcc,curvature=1.0;feature_mode=center;gat_hidden_dim=128;gnn_input_clip=1.0;gnn_input_scale=0;graph_curvature=4.0;graph_metric=poincare;hyp_gnn_type=gat;hyperbolic_gnn=1;jk_mode=max;lr=2e-05;num_layers=2;proj_dim=512;rho_quantile=0.1;scorer_hidden=128;weight_decay=0.0,128,poincare,max,2e-05,2,512,128,,0.0,0.0,174.31,0.20691,0.0,1.0,1.0,0,gat,1,,center,4.0,,,,,0.1
glue|bert-base-uncased|cola_wide|AC|t22|s42|tune,glue,bert-base-uncased,cola_wide,cola,AC,tune,22,42,mcc,curvature=1.0;feature_mode=unit;gat_hidden_dim=256;gnn_input_clip=0.7;gnn_input_scale=0;graph_curvature=0.25;graph_metric=poincare;hyp_gnn_type=gat;hyperbolic_gnn=1;jk_mode=max;lr=0.0002;num_layers=2;proj_dim=512;rho_quantile=0.1;scorer_hidden=128;weight_decay=5e-05,256,poincare,max,0.0002,2,512,128,,5e-05,44.11,175.12,0.20472,0.0,1.0,0.7,0,gat,1,,unit,0.25,,,,,0.1
glue|bert-base-uncased|cola_wide|AC|t23|s42|tune,glue,bert-base-uncased,cola_wide,cola,AC,tune,23,42,mcc,curvature=0.25;feature_mode=center_unit;gat_hidden_dim=128;gnn_input_clip=0.7;gnn_input_scale=1;graph_curvature=0.25;graph_metric=poincare;hyp_gnn_type=gat;hyperbolic_gnn=1;jk_mode=cat;lr=0.0002;num_layers=2;proj_dim=512;rho_quantile=0.38;scorer_hidden=256;weight_decay=1e-05,128,poincare,cat,0.0002,2,512,256,,1e-05,44.8,175.95,0.48289,0.0,0.25,0.7,1,gat,1,,center_unit,0.25,,,,,0.38
glue|bert-base-uncased|cola_wide|AC|t24|s42|tune,glue,bert-base-uncased,cola_wide,cola,AC,tune,24,42,mcc,curvature=0.25;feature_mode=cls_root_unit;gat_hidden_dim=256;gnn_input_clip=0.3;gnn_input_scale=0;graph_curvature=9.0;graph_metric=poincare;hyp_gnn_type=gat;hyperbolic_gnn=1;jk_mode=cat;lr=0.0002;num_layers=2;proj_dim=512;rho_quantile=0.025;scorer_hidden=128;weight_decay=1e-05,256,poincare,cat,0.0002,2,512,128,,1e-05,43.89,179.95,0.13345,0.0,0.25,0.3,0,gat,1,,cls_root_unit,9.0,,,,,0.025
glue|bert-base-uncased|cola_wide|AC|t25|s42|tune,glue,bert-base-uncased,cola_wide,cola,AC,tune,25,42,mcc,curvature=4.0;feature_mode=center;gat_hidden_dim=256;gnn_input_clip=0.7;gnn_input_scale=0;graph_curvature=0.25;graph_metric=poincare;hyp_gnn_type=gcn;hyperbolic_gnn=1;jk_mode=max;lr=2e-05;num_layers=2;proj_dim=512;rho_quantile=0.2;scorer_hidden=128;weight_decay=5e-05,256,poincare,max,2e-05,2,512,128,,5e-05,0.0,177.68,0.30254,0.0,4.0,0.7,0,gcn,1,,center,0.25,,,,,0.2
glue|bert-base-uncased|cola_wide|AC|t26|s42|tune,glue,bert-base-uncased,cola_wide,cola,AC,tune,26,42,mcc,curvature=0.25;feature_mode=unit;gat_hidden_dim=64;gnn_input_clip=0.7;gnn_input_scale=1;graph_curvature=4.0;graph_metric=poincare;hyp_gnn_type=gat;hyperbolic_gnn=1;jk_mode=max;lr=2e-05;num_layers=2;proj_dim=512;rho_quantile=0.2;scorer_hidden=128;weight_decay=5e-05,64,poincare,max,2e-05,2,512,128,,5e-05,4.64,173.8,0.30336,0.0,0.25,0.7,1,gat,1,,unit,4.0,,,,,0.2
glue|bert-base-uncased|cola_wide|AC|t27|s42|tune,glue,bert-base-uncased,cola_wide,cola,AC,tune,27,42,mcc,curvature=4.0;feature_mode=center_unit;gat_hidden_dim=64;gnn_input_clip=1.0;gnn_input_scale=1;graph_curvature=4.0;graph_metric=poincare;hyp_gnn_type=gcn;hyperbolic_gnn=1;jk_mode=cat;lr=2e-05;num_layers=2;proj_dim=256;rho_quantile=0.1;scorer_hidden=256;weight_decay=1e-05,64,poincare,cat,2e-05,2,256,256,,1e-05,0.0,180.13,0.20973,0.0,4.0,1.0,1,gcn,1,,center_unit,4.0,,,,,0.1
glue|bert-base-uncased|cola_wide|AC|t28|s42|tune,glue,bert-base-uncased,cola_wide,cola,AC,tune,28,42,mcc,curvature=1.0;feature_mode=unit;gat_hidden_dim=64;gnn_input_clip=0.3;gnn_input_scale=1;graph_curvature=1.0;graph_metric=poincare;hyp_gnn_type=gcn;hyperbolic_gnn=1;jk_mode=cat;lr=2e-05;num_layers=2;proj_dim=512;rho_quantile=0.38;scorer_hidden=128;weight_decay=5e-05,64,poincare,cat,2e-05,2,512,128,,5e-05,0.0,176.31,0.48396,0.0,1.0,0.3,1,gcn,1,,unit,1.0,,,,,0.38
glue|bert-base-uncased|cola_wide|AC|t29|s42|tune,glue,bert-base-uncased,cola_wide,cola,AC,tune,29,42,mcc,curvature=4.0;feature_mode=center_unit;gat_hidden_dim=64;gnn_input_clip=0.3;gnn_input_scale=1;graph_curvature=9.0;graph_metric=poincare;hyp_gnn_type=gat;hyperbolic_gnn=1;jk_mode=cat;lr=0.001;num_layers=2;proj_dim=512;rho_quantile=0.05;scorer_hidden=128;weight_decay=0.0,64,poincare,cat,0.001,2,512,128,,0.0,43.95,170.14,0.15679,0.0,4.0,0.3,1,gat,1,,center_unit,9.0,,,,,0.05
glue|bert-base-uncased|cola_wide|AC|t30|s42|tune,glue,bert-base-uncased,cola_wide,cola,AC,tune,30,42,mcc,curvature=4.0;feature_mode=unit;gat_hidden_dim=64;gnn_input_clip=0.0;gnn_input_scale=0;graph_curvature=1.0;graph_metric=poincare;hyp_gnn_type=gcn;hyperbolic_gnn=1;jk_mode=max;lr=0.001;num_layers=2;proj_dim=512;rho_quantile=0.38;scorer_hidden=128;weight_decay=0.0,64,poincare,max,0.001,2,512,128,,0.0,44.88,172.17,0.48378,0.0,4.0,0.0,0,gcn,1,,unit,1.0,,,,,0.38
glue|bert-base-uncased|cola_wide|AC|t31|s42|tune,glue,bert-base-uncased,cola_wide,cola,AC,tune,31,42,mcc,curvature=4.0;feature_mode=unit;gat_hidden_dim=64;gnn_input_clip=0.0;gnn_input_scale=0;graph_curvature=2.25;graph_metric=poincare;hyp_gnn_type=gat;hyperbolic_gnn=1;jk_mode=cat;lr=0.0002;num_layers=4;proj_dim=256;rho_quantile=0.38;scorer_hidden=128;weight_decay=1e-05,64,poincare,cat,0.0002,4,256,128,,1e-05,45.15,183.19,0.4793,0.0,4.0,0.0,0,gat,1,,unit,2.25,,,,,0.38
glue|bert-base-uncased|cola_wide|AC|t32|s42|tune,glue,bert-base-uncased,cola_wide,cola,AC,tune,32,42,mcc,curvature=4.0;feature_mode=center_unit;gat_hidden_dim=64;gnn_input_clip=1.0;gnn_input_scale=0;graph_curvature=1.0;graph_metric=poincare;hyp_gnn_type=gat;hyperbolic_gnn=1;jk_mode=max;lr=2e-05;num_layers=2;proj_dim=256;rho_quantile=0.025;scorer_hidden=256;weight_decay=5e-05,64,poincare,max,2e-05,2,256,256,,5e-05,0.0,170.29,0.13542,0.0,4.0,1.0,0,gat,1,,center_unit,1.0,,,,,0.025
glue|bert-base-uncased|cola_wide|AC|t33|s42|tune,glue,bert-base-uncased,cola_wide,cola,AC,tune,33,42,mcc,curvature=0.25;feature_mode=center;gat_hidden_dim=256;gnn_input_clip=0.7;gnn_input_scale=0;graph_curvature=9.0;graph_metric=poincare;hyp_gnn_type=gcn;hyperbolic_gnn=1;jk_mode=cat;lr=2e-05;num_layers=2;proj_dim=512;rho_quantile=0.1;scorer_hidden=256;weight_decay=5e-05,256,poincare,cat,2e-05,2,512,256,,5e-05,6.56,171.01,0.20645,0.0,0.25,0.7,0,gcn,1,,center,9.0,,,,,0.1
glue|bert-base-uncased|cola_wide|AC|t34|s42|tune,glue,bert-base-uncased,cola_wide,cola,AC,tune,34,42,mcc,curvature=0.25;feature_mode=cls_root_unit;gat_hidden_dim=64;gnn_input_clip=0.7;gnn_input_scale=1;graph_curvature=9.0;graph_metric=poincare;hyp_gnn_type=gat;hyperbolic_gnn=1;jk_mode=cat;lr=2e-05;num_layers=2;proj_dim=256;rho_quantile=0.1;scorer_hidden=256;weight_decay=1e-05,64,poincare,cat,2e-05,2,256,256,,1e-05,0.0,163.77,0.17474,0.0,0.25,0.7,1,gat,1,,cls_root_unit,9.0,,,,,0.1
glue|bert-base-uncased|cola_wide|AC|t35|s42|tune,glue,bert-base-uncased,cola_wide,cola,AC,tune,35,42,mcc,curvature=1.0;feature_mode=center;gat_hidden_dim=256;gnn_input_clip=0.3;gnn_input_scale=1;graph_curvature=1.0;graph_metric=poincare;hyp_gnn_type=gcn;hyperbolic_gnn=1;jk_mode=cat;lr=0.001;num_layers=4;proj_dim=256;rho_quantile=0.2;scorer_hidden=256;weight_decay=0.0,256,poincare,cat,0.001,4,256,256,,0.0,45.63,180.41,0.30368,0.0,1.0,0.3,1,gcn,1,,center,1.0,,,,,0.2
glue|bert-base-uncased|cola_wide|AC|t36|s42|tune,glue,bert-base-uncased,cola_wide,cola,AC,tune,36,42,mcc,curvature=4.0;feature_mode=unit;gat_hidden_dim=256;gnn_input_clip=0.3;gnn_input_scale=0;graph_curvature=0.25;graph_metric=poincare;hyp_gnn_type=gat;hyperbolic_gnn=1;jk_mode=cat;lr=2e-05;num_layers=2;proj_dim=256;rho_quantile=0.05;scorer_hidden=256;weight_decay=5e-05,256,poincare,cat,2e-05,2,256,256,,5e-05,8.04,162.3,0.15775,0.0,4.0,0.3,0,gat,1,,unit,0.25,,,,,0.05
glue|bert-base-uncased|cola_wide|AC|t37|s42|tune,glue,bert-base-uncased,cola_wide,cola,AC,tune,37,42,mcc,curvature=1.0;feature_mode=unit;gat_hidden_dim=128;gnn_input_clip=0.3;gnn_input_scale=0;graph_curvature=1.0;graph_metric=poincare;hyp_gnn_type=gcn;hyperbolic_gnn=1;jk_mode=max;lr=2e-05;num_layers=2;proj_dim=128;rho_quantile=0.38;scorer_hidden=256;weight_decay=5e-05,128,poincare,max,2e-05,2,128,256,,5e-05,0.0,164.3,0.48372,0.0,1.0,0.3,0,gcn,1,,unit,1.0,,,,,0.38
glue|bert-base-uncased|cola_wide|AC|t38|s42|tune,glue,bert-base-uncased,cola_wide,cola,AC,tune,38,42,mcc,curvature=0.25;feature_mode=cls_root_unit;gat_hidden_dim=128;gnn_input_clip=0.3;gnn_input_scale=1;graph_curvature=9.0;graph_metric=poincare;hyp_gnn_type=gat;hyperbolic_gnn=1;jk_mode=cat;lr=0.0002;num_layers=2;proj_dim=128;rho_quantile=0.1;scorer_hidden=128;weight_decay=0.0,128,poincare,cat,0.0002,2,128,128,,0.0,43.28,164.01,0.1764,0.0,0.25,0.3,1,gat,1,,cls_root_unit,9.0,,,,,0.1
glue|bert-base-uncased|cola_wide|AC|t39|s42|tune,glue,bert-base-uncased,cola_wide,cola,AC,tune,39,42,mcc,curvature=0.25;feature_mode=unit;gat_hidden_dim=256;gnn_input_clip=0.3;gnn_input_scale=1;graph_curvature=0.25;graph_metric=poincare;hyp_gnn_type=gcn;hyperbolic_gnn=1;jk_mode=cat;lr=0.001;num_layers=2;proj_dim=512;rho_quantile=0.05;scorer_hidden=128;weight_decay=5e-05,256,poincare,cat,0.001,2,512,128,,5e-05,44.76,166.25,0.15771,0.0,0.25,0.3,1,gcn,1,,unit,0.25,,,,,0.05
glue|bert-base-uncased|cola_wide|A|t29|s1|confirm,glue,bert-base-uncased,cola_wide,cola,A,confirm,29,1,mcc,feature_mode=cls_root_unit;gat_hidden_dim=256;graph_curvature=1.0;graph_metric=poincare;jk_mode=max;lr=0.001;num_layers=4;proj_dim=256;rho_quantile=0.05;scorer_hidden=128;weight_decay=5e-05,256,poincare,max,0.001,4,256,128,,5e-05,45.15,151.41,0.15708,0.0,,,,,,,cls_root_unit,1.0,,,,,0.05
glue|bert-base-uncased|cola_wide|A|t29|s2|confirm,glue,bert-base-uncased,cola_wide,cola,A,confirm,29,2,mcc,feature_mode=cls_root_unit;gat_hidden_dim=256;graph_curvature=1.0;graph_metric=poincare;jk_mode=max;lr=0.001;num_layers=4;proj_dim=256;rho_quantile=0.05;scorer_hidden=128;weight_decay=5e-05,256,poincare,max,0.001,4,256,128,,5e-05,44.94,152.03,0.15388,0.0,,,,,,,cls_root_unit,1.0,,,,,0.05
glue|bert-base-uncased|cola_wide|A|t29|s3|confirm,glue,bert-base-uncased,cola_wide,cola,A,confirm,29,3,mcc,feature_mode=cls_root_unit;gat_hidden_dim=256;graph_curvature=1.0;graph_metric=poincare;jk_mode=max;lr=0.001;num_layers=4;proj_dim=256;rho_quantile=0.05;scorer_hidden=128;weight_decay=5e-05,256,poincare,max,0.001,4,256,128,,5e-05,47.01,152.13,0.15776,0.0,,,,,,,cls_root_unit,1.0,,,,,0.05
glue|bert-base-uncased|cola_wide|A|t29|s4|confirm,glue,bert-base-uncased,cola_wide,cola,A,confirm,29,4,mcc,feature_mode=cls_root_unit;gat_hidden_dim=256;graph_curvature=1.0;graph_metric=poincare;jk_mode=max;lr=0.001;num_layers=4;proj_dim=256;rho_quantile=0.05;scorer_hidden=128;weight_decay=5e-05,256,poincare,max,0.001,4,256,128,,5e-05,45.58,152.95,0.15495,0.0,,,,,,,cls_root_unit,1.0,,,,,0.05
glue|bert-base-uncased|cola_wide|A|t29|s5|confirm,glue,bert-base-uncased,cola_wide,cola,A,confirm,29,5,mcc,feature_mode=cls_root_unit;gat_hidden_dim=256;graph_curvature=1.0;graph_metric=poincare;jk_mode=max;lr=0.001;num_layers=4;proj_dim=256;rho_quantile=0.05;scorer_hidden=128;weight_decay=5e-05,256,poincare,max,0.001,4,256,128,,5e-05,45.91,151.15,0.15595,0.0,,,,,,,cls_root_unit,1.0,,,,,0.05
glue|bert-base-uncased|cola_wide|A|t29|s6|confirm,glue,bert-base-uncased,cola_wide,cola,A,confirm,29,6,mcc,feature_mode=cls_root_unit;gat_hidden_dim=256;graph_curvature=1.0;graph_metric=poincare;jk_mode=max;lr=0.001;num_layers=4;proj_dim=256;rho_quantile=0.05;scorer_hidden=128;weight_decay=5e-05,256,poincare,max,0.001,4,256,128,,5e-05,45.55,152.11,0.15647,0.0,,,,,,,cls_root_unit,1.0,,,,,0.05
glue|bert-base-uncased|cola_wide|A|t29|s7|confirm,glue,bert-base-uncased,cola_wide,cola,A,confirm,29,7,mcc,feature_mode=cls_root_unit;gat_hidden_dim=256;graph_curvature=1.0;graph_metric=poincare;jk_mode=max;lr=0.001;num_layers=4;proj_dim=256;rho_quantile=0.05;scorer_hidden=128;weight_decay=5e-05,256,poincare,max,0.001,4,256,128,,5e-05,45.16,153.86,0.15763,0.0,,,,,,,cls_root_unit,1.0,,,,,0.05
glue|bert-base-uncased|cola_wide|A|t29|s8|confirm,glue,bert-base-uncased,cola_wide,cola,A,confirm,29,8,mcc,feature_mode=cls_root_unit;gat_hidden_dim=256;graph_curvature=1.0;graph_metric=poincare;jk_mode=max;lr=0.001;num_layers=4;proj_dim=256;rho_quantile=0.05;scorer_hidden=128;weight_decay=5e-05,256,poincare,max,0.001,4,256,128,,5e-05,46.06,150.58,0.15636,0.0,,,,,,,cls_root_unit,1.0,,,,,0.05
glue|bert-base-uncased|cola_wide|A|t29|s9|confirm,glue,bert-base-uncased,cola_wide,cola,A,confirm,29,9,mcc,feature_mode=cls_root_unit;gat_hidden_dim=256;graph_curvature=1.0;graph_metric=poincare;jk_mode=max;lr=0.001;num_layers=4;proj_dim=256;rho_quantile=0.05;scorer_hidden=128;weight_decay=5e-05,256,poincare,max,0.001,4,256,128,,5e-05,45.67,151.31,0.15676,0.0,,,,,,,cls_root_unit,1.0,,,,,0.05
glue|bert-base-uncased|cola_wide|A|t29|s10|confirm,glue,bert-base-uncased,cola_wide,cola,A,confirm,29,10,mcc,feature_mode=cls_root_unit;gat_hidden_dim=256;graph_curvature=1.0;graph_metric=poincare;jk_mode=max;lr=0.001;num_layers=4;proj_dim=256;rho_quantile=0.05;scorer_hidden=128;weight_decay=5e-05,256,poincare,max,0.001,4,256,128,,5e-05,47.2,151.13,0.15409,0.0,,,,,,,cls_root_unit,1.0,,,,,0.05
glue|bert-base-uncased|cola_wide|A|t29|s11|confirm,glue,bert-base-uncased,cola_wide,cola,A,confirm,29,11,mcc,feature_mode=cls_root_unit;gat_hidden_dim=256;graph_curvature=1.0;graph_metric=poincare;jk_mode=max;lr=0.001;num_layers=4;proj_dim=256;rho_quantile=0.05;scorer_hidden=128;weight_decay=5e-05,256,poincare,max,0.001,4,256,128,,5e-05,45.75,151.83,0.15623,0.0,,,,,,,cls_root_unit,1.0,,,,,0.05
glue|bert-base-uncased|cola_wide|A|t29|s12|confirm,glue,bert-base-uncased,cola_wide,cola,A,confirm,29,12,mcc,feature_mode=cls_root_unit;gat_hidden_dim=256;graph_curvature=1.0;graph_metric=poincare;jk_mode=max;lr=0.001;num_layers=4;proj_dim=256;rho_quantile=0.05;scorer_hidden=128;weight_decay=5e-05,256,poincare,max,0.001,4,256,128,,5e-05,48.67,150.57,0.1585,0.0,,,,,,,cls_root_unit,1.0,,,,,0.05
glue|bert-base-uncased|cola_wide|A|t29|s13|confirm,glue,bert-base-uncased,cola_wide,cola,A,confirm,29,13,mcc,feature_mode=cls_root_unit;gat_hidden_dim=256;graph_curvature=1.0;graph_metric=poincare;jk_mode=max;lr=0.001;num_layers=4;proj_dim=256;rho_quantile=0.05;scorer_hidden=128;weight_decay=5e-05,256,poincare,max,0.001,4,256,128,,5e-05,46.95,152.0,0.15725,0.0,,,,,,,cls_root_unit,1.0,,,,,0.05
glue|bert-base-uncased|cola_wide|A|t29|s14|confirm,glue,bert-base-uncased,cola_wide,cola,A,confirm,29,14,mcc,feature_mode=cls_root_unit;gat_hidden_dim=256;graph_curvature=1.0;graph_metric=poincare;jk_mode=max;lr=0.001;num_layers=4;proj_dim=256;rho_quantile=0.05;scorer_hidden=128;weight_decay=5e-05,256,poincare,max,0.001,4,256,128,,5e-05,45.87,149.67,0.15562,0.0,,,,,,,cls_root_unit,1.0,,,,,0.05
glue|bert-base-uncased|cola_wide|A|t29|s15|confirm,glue,bert-base-uncased,cola_wide,cola,A,confirm,29,15,mcc,feature_mode=cls_root_unit;gat_hidden_dim=256;graph_curvature=1.0;graph_metric=poincare;jk_mode=max;lr=0.001;num_layers=4;proj_dim=256;rho_quantile=0.05;scorer_hidden=128;weight_decay=5e-05,256,poincare,max,0.001,4,256,128,,5e-05,45.55,153.0,0.15732,0.0,,,,,,,cls_root_unit,1.0,,,,,0.05
glue|bert-base-uncased|cola_wide|AC|t3|s1|confirm,glue,bert-base-uncased,cola_wide,cola,AC,confirm,3,1,mcc,curvature=1.0;feature_mode=cls_root_unit;gat_hidden_dim=128;gnn_input_clip=0.7;gnn_input_scale=0;graph_curvature=9.0;graph_metric=poincare;hyp_gnn_type=gcn;hyperbolic_gnn=1;jk_mode=cat;lr=0.001;num_layers=2;proj_dim=256;rho_quantile=0.05;scorer_hidden=128;weight_decay=0.0,128,poincare,cat,0.001,2,256,128,,0.0,41.82,164.43,0.14753,0.0,1.0,0.7,0,gcn,1,,cls_root_unit,9.0,,,,,0.05
glue|bert-base-uncased|cola_wide|AC|t3|s2|confirm,glue,bert-base-uncased,cola_wide,cola,AC,confirm,3,2,mcc,curvature=1.0;feature_mode=cls_root_unit;gat_hidden_dim=128;gnn_input_clip=0.7;gnn_input_scale=0;graph_curvature=9.0;graph_metric=poincare;hyp_gnn_type=gcn;hyperbolic_gnn=1;jk_mode=cat;lr=0.001;num_layers=2;proj_dim=256;rho_quantile=0.05;scorer_hidden=128;weight_decay=0.0,128,poincare,cat,0.001,2,256,128,,0.0,47.56,163.29,0.14413,0.0,1.0,0.7,0,gcn,1,,cls_root_unit,9.0,,,,,0.05
glue|bert-base-uncased|cola_wide|AC|t3|s3|confirm,glue,bert-base-uncased,cola_wide,cola,AC,confirm,3,3,mcc,curvature=1.0;feature_mode=cls_root_unit;gat_hidden_dim=128;gnn_input_clip=0.7;gnn_input_scale=0;graph_curvature=9.0;graph_metric=poincare;hyp_gnn_type=gcn;hyperbolic_gnn=1;jk_mode=cat;lr=0.001;num_layers=2;proj_dim=256;rho_quantile=0.05;scorer_hidden=128;weight_decay=0.0,128,poincare,cat,0.001,2,256,128,,0.0,44.87,165.01,0.14483,0.0,1.0,0.7,0,gcn,1,,cls_root_unit,9.0,,,,,0.05
glue|bert-base-uncased|cola_wide|AC|t3|s4|confirm,glue,bert-base-uncased,cola_wide,cola,AC,confirm,3,4,mcc,curvature=1.0;feature_mode=cls_root_unit;gat_hidden_dim=128;gnn_input_clip=0.7;gnn_input_scale=0;graph_curvature=9.0;graph_metric=poincare;hyp_gnn_type=gcn;hyperbolic_gnn=1;jk_mode=cat;lr=0.001;num_layers=2;proj_dim=256;rho_quantile=0.05;scorer_hidden=128;weight_decay=0.0,128,poincare,cat,0.001,2,256,128,,0.0,44.61,164.44,0.14535,0.0,1.0,0.7,0,gcn,1,,cls_root_unit,9.0,,,,,0.05
glue|bert-base-uncased|cola_wide|AC|t3|s5|confirm,glue,bert-base-uncased,cola_wide,cola,AC,confirm,3,5,mcc,curvature=1.0;feature_mode=cls_root_unit;gat_hidden_dim=128;gnn_input_clip=0.7;gnn_input_scale=0;graph_curvature=9.0;graph_metric=poincare;hyp_gnn_type=gcn;hyperbolic_gnn=1;jk_mode=cat;lr=0.001;num_layers=2;proj_dim=256;rho_quantile=0.05;scorer_hidden=128;weight_decay=0.0,128,poincare,cat,0.001,2,256,128,,0.0,47.79,166.18,0.14978,0.0,1.0,0.7,0,gcn,1,,cls_root_unit,9.0,,,,,0.05
glue|bert-base-uncased|cola_wide|AC|t3|s6|confirm,glue,bert-base-uncased,cola_wide,cola,AC,confirm,3,6,mcc,curvature=1.0;feature_mode=cls_root_unit;gat_hidden_dim=128;gnn_input_clip=0.7;gnn_input_scale=0;graph_curvature=9.0;graph_metric=poincare;hyp_gnn_type=gcn;hyperbolic_gnn=1;jk_mode=cat;lr=0.001;num_layers=2;proj_dim=256;rho_quantile=0.05;scorer_hidden=128;weight_decay=0.0,128,poincare,cat,0.001,2,256,128,,0.0,45.26,165.02,0.15072,0.0,1.0,0.7,0,gcn,1,,cls_root_unit,9.0,,,,,0.05
glue|bert-base-uncased|cola_wide|AC|t3|s7|confirm,glue,bert-base-uncased,cola_wide,cola,AC,confirm,3,7,mcc,curvature=1.0;feature_mode=cls_root_unit;gat_hidden_dim=128;gnn_input_clip=0.7;gnn_input_scale=0;graph_curvature=9.0;graph_metric=poincare;hyp_gnn_type=gcn;hyperbolic_gnn=1;jk_mode=cat;lr=0.001;num_layers=2;proj_dim=256;rho_quantile=0.05;scorer_hidden=128;weight_decay=0.0,128,poincare,cat,0.001,2,256,128,,0.0,45.56,163.8,0.14203,0.0,1.0,0.7,0,gcn,1,,cls_root_unit,9.0,,,,,0.05
glue|bert-base-uncased|cola_wide|AC|t3|s8|confirm,glue,bert-base-uncased,cola_wide,cola,AC,confirm,3,8,mcc,curvature=1.0;feature_mode=cls_root_unit;gat_hidden_dim=128;gnn_input_clip=0.7;gnn_input_scale=0;graph_curvature=9.0;graph_metric=poincare;hyp_gnn_type=gcn;hyperbolic_gnn=1;jk_mode=cat;lr=0.001;num_layers=2;proj_dim=256;rho_quantile=0.05;scorer_hidden=128;weight_decay=0.0,128,poincare,cat,0.001,2,256,128,,0.0,45.6,164.08,0.1511,0.0,1.0,0.7,0,gcn,1,,cls_root_unit,9.0,,,,,0.05
glue|bert-base-uncased|cola_wide|AC|t3|s9|confirm,glue,bert-base-uncased,cola_wide,cola,AC,confirm,3,9,mcc,curvature=1.0;feature_mode=cls_root_unit;gat_hidden_dim=128;gnn_input_clip=0.7;gnn_input_scale=0;graph_curvature=9.0;graph_metric=poincare;hyp_gnn_type=gcn;hyperbolic_gnn=1;jk_mode=cat;lr=0.001;num_layers=2;proj_dim=256;rho_quantile=0.05;scorer_hidden=128;weight_decay=0.0,128,poincare,cat,0.001,2,256,128,,0.0,47.35,164.55,0.14541,0.0,1.0,0.7,0,gcn,1,,cls_root_unit,9.0,,,,,0.05
glue|bert-base-uncased|cola_wide|AC|t3|s10|confirm,glue,bert-base-uncased,cola_wide,cola,AC,confirm,3,10,mcc,curvature=1.0;feature_mode=cls_root_unit;gat_hidden_dim=128;gnn_input_clip=0.7;gnn_input_scale=0;graph_curvature=9.0;graph_metric=poincare;hyp_gnn_type=gcn;hyperbolic_gnn=1;jk_mode=cat;lr=0.001;num_layers=2;proj_dim=256;rho_quantile=0.05;scorer_hidden=128;weight_decay=0.0,128,poincare,cat,0.001,2,256,128,,0.0,47.51,163.37,0.14659,0.0,1.0,0.7,0,gcn,1,,cls_root_unit,9.0,,,,,0.05
glue|bert-base-uncased|cola_wide|AC|t3|s11|confirm,glue,bert-base-uncased,cola_wide,cola,AC,confirm,3,11,mcc,curvature=1.0;feature_mode=cls_root_unit;gat_hidden_dim=128;gnn_input_clip=0.7;gnn_input_scale=0;graph_curvature=9.0;graph_metric=poincare;hyp_gnn_type=gcn;hyperbolic_gnn=1;jk_mode=cat;lr=0.001;num_layers=2;proj_dim=256;rho_quantile=0.05;scorer_hidden=128;weight_decay=0.0,128,poincare,cat,0.001,2,256,128,,0.0,45.73,165.32,0.14786,0.0,1.0,0.7,0,gcn,1,,cls_root_unit,9.0,,,,,0.05
glue|bert-base-uncased|cola_wide|AC|t3|s12|confirm,glue,bert-base-uncased,cola_wide,cola,AC,confirm,3,12,mcc,curvature=1.0;feature_mode=cls_root_unit;gat_hidden_dim=128;gnn_input_clip=0.7;gnn_input_scale=0;graph_curvature=9.0;graph_metric=poincare;hyp_gnn_type=gcn;hyperbolic_gnn=1;jk_mode=cat;lr=0.001;num_layers=2;proj_dim=256;rho_quantile=0.05;scorer_hidden=128;weight_decay=0.0,128,poincare,cat,0.001,2,256,128,,0.0,48.59,166.12,0.1458,0.0,1.0,0.7,0,gcn,1,,cls_root_unit,9.0,,,,,0.05
glue|bert-base-uncased|cola_wide|AC|t3|s13|confirm,glue,bert-base-uncased,cola_wide,cola,AC,confirm,3,13,mcc,curvature=1.0;feature_mode=cls_root_unit;gat_hidden_dim=128;gnn_input_clip=0.7;gnn_input_scale=0;graph_curvature=9.0;graph_metric=poincare;hyp_gnn_type=gcn;hyperbolic_gnn=1;jk_mode=cat;lr=0.001;num_layers=2;proj_dim=256;rho_quantile=0.05;scorer_hidden=128;weight_decay=0.0,128,poincare,cat,0.001,2,256,128,,0.0,43.74,167.11,0.14528,0.0,1.0,0.7,0,gcn,1,,cls_root_unit,9.0,,,,,0.05
glue|bert-base-uncased|cola_wide|AC|t3|s14|confirm,glue,bert-base-uncased,cola_wide,cola,AC,confirm,3,14,mcc,curvature=1.0;feature_mode=cls_root_unit;gat_hidden_dim=128;gnn_input_clip=0.7;gnn_input_scale=0;graph_curvature=9.0;graph_metric=poincare;hyp_gnn_type=gcn;hyperbolic_gnn=1;jk_mode=cat;lr=0.001;num_layers=2;proj_dim=256;rho_quantile=0.05;scorer_hidden=128;weight_decay=0.0,128,poincare,cat,0.001,2,256,128,,0.0,43.42,166.39,0.14701,0.0,1.0,0.7,0,gcn,1,,cls_root_unit,9.0,,,,,0.05
glue|bert-base-uncased|cola_wide|AC|t3|s15|confirm,glue,bert-base-uncased,cola_wide,cola,AC,confirm,3,15,mcc,curvature=1.0;feature_mode=cls_root_unit;gat_hidden_dim=128;gnn_input_clip=0.7;gnn_input_scale=0;graph_curvature=9.0;graph_metric=poincare;hyp_gnn_type=gcn;hyperbolic_gnn=1;jk_mode=cat;lr=0.001;num_layers=2;proj_dim=256;rho_quantile=0.05;scorer_hidden=128;weight_decay=0.0,128,poincare,cat,0.001,2,256,128,,0.0,47.83,166.41,0.14555,0.0,1.0,0.7,0,gcn,1,,cls_root_unit,9.0,,,,,0.05
glue|bert-base-uncased|cola_wide|B|t0|s42|tune,glue,bert-base-uncased,cola_wide,cola,B,tune,0,42,mcc,curvature=4.0;gat_hidden_dim=64;graph_metric=cosine;hyperbolic_readout=1;jk_mode=cat;learnable_curvature=0;lr=0.001;num_layers=4;proj_dim=256;readout_clip=0.0;readout_scale=0;scorer_hidden=256;tau_quantile=0.1;weight_decay=0.0,64,cosine,cat,0.001,4,256,256,0.1,0.0,42.49,142.69,0.20863,0.0,4.0,,,,,,,,1,0,0.0,0,
glue|bert-base-uncased|cola_wide|B|t1|s42|tune,glue,bert-base-uncased,cola_wide,cola,B,tune,1,42,mcc,curvature=4.0;gat_hidden_dim=128;graph_metric=cosine;hyperbolic_readout=1;jk_mode=max;learnable_curvature=0;lr=2e-05;num_layers=2;proj_dim=128;readout_clip=0.7;readout_scale=0;scorer_hidden=128;tau_quantile=0.05;weight_decay=0.0,128,cosine,max,2e-05,2,128,128,0.05,0.0,0.0,137.07,0.15601,0.0,4.0,,,,,,,,1,0,0.7,0,
glue|bert-base-uncased|cola_wide|B|t2|s42|tune,glue,bert-base-uncased,cola_wide,cola,B,tune,2,42,mcc,curvature=4.0;gat_hidden_dim=128;graph_metric=cosine;hyperbolic_readout=1;jk_mode=max;learnable_curvature=0;lr=2e-05;num_layers=2;proj_dim=256;readout_clip=0.3;readout_scale=0;scorer_hidden=256;tau_quantile=0.38;weight_decay=1e-05,128,cosine,max,2e-05,2,256,256,0.38,1e-05,0.0,138.16,0.48175,0.0,4.0,,,,,,,,1,0,0.3,0,
glue|bert-base-uncased|cola_wide|B|t3|s42|tune,glue,bert-base-uncased,cola_wide,cola,B,tune,3,42,mcc,curvature=1.0;gat_hidden_dim=64;graph_metric=cosine;hyperbolic_readout=1;jk_mode=cat;learnable_curvature=0;lr=2e-05;num_layers=2;proj_dim=256;readout_clip=0.3;readout_scale=1;scorer_hidden=256;tau_quantile=0.38;weight_decay=5e-05,64,cosine,cat,2e-05,2,256,256,0.38,5e-05,4.98,139.36,0.4846,0.0,1.0,,,,,,,,1,0,0.3,1,
glue|bert-base-uncased|cola_wide|B|t4|s42|tune,glue,bert-base-uncased,cola_wide,cola,B,tune,4,42,mcc,curvature=1.0;gat_hidden_dim=256;graph_metric=cosine;hyperbolic_readout=1;jk_mode=max;learnable_curvature=1;lr=0.001;num_layers=2;proj_dim=256;readout_clip=1.0;readout_scale=1;scorer_hidden=128;tau_quantile=0.38;weight_decay=5e-05,256,cosine,max,0.001,2,256,128,0.38,5e-05,45.81,139.79,0.48358,0.0,1.0,,,,,,,,1,1,1.0,1,
glue|bert-base-uncased|cola_wide|B|t5|s42|tune,glue,bert-base-uncased,cola_wide,cola,B,tune,5,42,mcc,curvature=4.0;gat_hidden_dim=64;graph_metric=cosine;hyperbolic_readout=1;jk_mode=cat;learnable_curvature=0;lr=0.0002;num_layers=2;proj_dim=128;readout_clip=0.3;readout_scale=0;scorer_hidden=256;tau_quantile=0.2;weight_decay=5e-05,64,cosine,cat,0.0002,2,128,256,0.2,5e-05,0.0,138.82,0.30454,0.0,4.0,,,,,,,,1,0,0.3,0,
glue|bert-base-uncased|cola_wide|B|t6|s42|tune,glue,bert-base-uncased,cola_wide,cola,B,tune,6,42,mcc,curvature=1.0;gat_hidden_dim=256;graph_metric=cosine;hyperbolic_readout=1;jk_mode=cat;learnable_curvature=1;lr=0.001;num_layers=4;proj_dim=512;readout_clip=0.7;readout_scale=0;scorer_hidden=128;tau_quantile=0.1;weight_decay=5e-05,256,cosine,cat,0.001,4,512,128,0.1,5e-05,37.0,142.92,0.20813,0.0,1.0,,,,,,,,1,1,0.7,0,
glue|bert-base-uncased|cola_wide|B|t7|s42|tune,glue,bert-base-uncased,cola_wide,cola,B,tune,7,42,mcc,curvature=4.0;gat_hidden_dim=64;graph_metric=cosine;hyperbolic_readout=1;jk_mode=cat;learnable_curvature=0;lr=0.0002;num_layers=4;proj_dim=256;readout_clip=0.3;readout_scale=1;scorer_hidden=256;tau_quantile=0.025;weight_decay=1e-05,64,cosine,cat,0.0002,4,256,256,0.025,1e-05,0.0,143.09,0.13468,0.0,4.0,,,,,,,,1,0,0.3,1,
glue|bert-base-uncased|cola_wide|B|t8|s42|tune,glue,bert-base-uncased,cola_wide,cola,B,tune,8,42,mcc,curvature=4.0;gat_hidden_dim=128;graph_metric=cosine;hyperbolic_readout=1;jk_mode=cat;learnable_curvature=0;lr=2e-05;num_layers=4;proj_dim=512;readout_clip=0.0;readout_scale=0;scorer_hidden=256;tau_quantile=0.38;weight_decay=0.0,128,cosine,cat,2e-05,4,512,256,0.38,0.0,0.0,143.3,0.48129,0.0,4.0,,,,,,,,1,0,0.0,0,
glue|bert-base-uncased|cola_wide|B|t9|s42|tune,glue,bert-base-uncased,cola_wide,cola,B,tune,9,42,mcc,curvature=4.0;gat_hidden_dim=64;graph_metric=cosine;hyperbolic_readout=1;jk_mode=cat;learnable_curvature=0;lr=0.0002;num_layers=2;proj_dim=512;readout_clip=0.7;readout_scale=1;scorer_hidden=256;tau_quantile=0.05;weight_decay=0.0,64,cosine,cat,0.0002,2,512,256,0.05,0.0,28.28,139.38,0.15855,0.0,4.0,,,,,,,,1,0,0.7,1,
glue|bert-base-uncased|cola_wide|B|t10|s42|tune,glue,bert-base-uncased,cola_wide,cola,B,tune,10,42,mcc,curvature=1.0;gat_hidden_dim=128;graph_metric=cosine;hyperbolic_readout=1;jk_mode=max;learnable_curvature=0;lr=0.001;num_layers=2;proj_dim=512;readout_clip=0.0;readout_scale=1;scorer_hidden=256;tau_quantile=0.2;weight_decay=5e-05,128,cosine,max,0.001,2,512,256,0.2,5e-05,44.28,140.83,0.30168,0.0,1.0,,,,,,,,1,0,0.0,1,
glue|bert-base-uncased|cola_wide|B|t11|s42|tune,glue,bert-base-uncased,cola_wide,cola,B,tune,11,42,mcc,curvature=1.0;gat_hidden_dim=256;graph_metric=cosine;hyperbolic_readout=1;jk_mode=max;learnable_curvature=0;lr=2e-05;num_layers=2;proj_dim=512;readout_clip=0.7;readout_scale=1;scorer_hidden=256;tau_quantile=0.2;weight_decay=1e-05,256,cosine,max,2e-05,2,512,256,0.2,1e-05,0.0,138.53,0.30294,0.0,1.0,,,,,,,,1,0,0.7,1,
glue|bert-base-uncased|cola_wide|B|t12|s42|tune,glue,bert-base-uncased,cola_wide,cola,B,tune,12,42,mcc,curvature=4.0;gat_hidden_dim=128;graph_metric=cosine;hyperbolic_readout=1;jk_mode=cat;learnable_curvature=1;lr=0.0002;num_layers=2;proj_dim=256;readout_clip=1.0;readout_scale=1;scorer_hidden=256;tau_quantile=0.2;weight_decay=1e-05,128,cosine,cat,0.0002,2,256,256,0.2,1e-05,42.55,139.77,0.30796,0.0,4.0,,,,,,,,1,1,1.0,1,
glue|bert-base-uncased|cola_wide|B|t13|s42|tune,glue,bert-base-uncased,cola_wide,cola,B,tune,13,42,mcc,curvature=1.0;gat_hidden_dim=64;graph_metric=cosine;hyperbolic_readout=1;jk_mode=max;learnable_curvature=0;lr=2e-05;num_layers=4;proj_dim=256;readout_clip=0.3;readout_scale=1;scorer_hidden=256;tau_quantile=0.2;weight_decay=5e-05,64,cosine,max,2e-05,4,256,256,0.2,5e-05,0.0,141.17,0.30211,0.0,1.0,,,,,,,,1,0,0.3,1,
glue|bert-base-uncased|cola_wide|B|t14|s42|tune,glue,bert-base-uncased,cola_wide,cola,B,tune,14,42,mcc,curvature=1.0;gat_hidden_dim=256;graph_metric=cosine;hyperbolic_readout=1;jk_mode=max;learnable_curvature=0;lr=2e-05;num_layers=4;proj_dim=512;readout_clip=1.0;readout_scale=1;scorer_hidden=128;tau_quantile=0.025;weight_decay=5e-05,256,cosine,max,2e-05,4,512,128,0.025,5e-05,0.0,140.86,0.14194,0.0,1.0,,,,,,,,1,0,1.0,1,
glue|bert-base-uncased|cola_wide|B|t15|s42|tune,glue,bert-base-uncased,cola_wide,cola,B,tune,15,42,mcc,curvature=1.0;gat_hidden_dim=256;graph_metric=cosine;hyperbolic_readout=1;jk_mode=cat;learnable_curvature=1;lr=0.001;num_layers=4;proj_dim=512;readout_clip=1.0;readout_scale=1;scorer_hidden=256;tau_quantile=0.025;weight_decay=1e-05,256,cosine,cat,0.001,4,512,256,0.025,1e-05,43.62,145.32,0.13582,0.0,1.0,,,,,,,,1,1,1.0,1,
glue|bert-base-uncased|cola_wide|B|t16|s42|tune,glue,bert-base-uncased,cola_wide,cola,B,tune,16,42,mcc,curvature=1.0;gat_hidden_dim=64;graph_metric=cosine;hyperbolic_readout=1;jk_mode=max;learnable_curvature=1;lr=2e-05;num_layers=4;proj_dim=128;readout_clip=0.0;readout_scale=1;scorer_hidden=256;tau_quantile=0.025;weight_decay=5e-05,64,cosine,max,2e-05,4,128,256,0.025,5e-05,0.0,143.55,0.13287,0.0,1.0,,,,,,,,1,1,0.0,1,
glue|bert-base-uncased|cola_wide|B|t17|s42|tune,glue,bert-base-uncased,cola_wide,cola,B,tune,17,42,mcc,curvature=4.0;gat_hidden_dim=128;graph_metric=cosine;hyperbolic_readout=1;jk_mode=max;learnable_curvature=1;lr=0.001;num_layers=4;proj_dim=256;readout_clip=0.3;readout_scale=1;scorer_hidden=128;tau_quantile=0.2;weight_decay=1e-05,128,cosine,max,0.001,4,256,128,0.2,1e-05,43.65,142.76,0.30504,0.0,4.0,,,,,,,,1,1,0.3,1,
glue|bert-base-uncased|cola_wide|B|t18|s42|tune,glue,bert-base-uncased,cola_wide,cola,B,tune,18,42,mcc,curvature=0.25;gat_hidden_dim=128;graph_metric=cosine;hyperbolic_readout=1;jk_mode=max;learnable_curvature=1;lr=2e-05;num_layers=2;proj_dim=128;readout_clip=0.0;readout_scale=1;scorer_hidden=256;tau_quantile=0.1;weight_decay=1e-05,128,cosine,max,2e-05,2,128,256,0.1,1e-05,0.0,137.15,0.20703,0.0,0.25,,,,,,,,1,1,0.0,1,
glue|bert-base-uncased|cola_wide|B|t19|s42|tune,glue,bert-base-uncased,cola_wide,cola,B,tune,19,42,mcc,curvature=4.0;gat_hidden_dim=256;graph_metric=cosine;hyperbolic_readout=1;jk_mode=cat;learnable_curvature=1;lr=0.0002;num_layers=2;proj_dim=256;readout_clip=0.3;readout_scale=0;scorer_hidden=256;tau_quantile=0.2;weight_decay=5e-05,256,cosine,cat,0.0002,2,256,256,0.2,5e-05,32.29,141.09,0.30562,0.0,4.0,,,,,,,,1,1,0.3,0,
glue|bert-base-uncased|cola_wide|B|t20|s42|tune,glue,bert-base-uncased,cola_wide,cola,B,tune,20,42,mcc,curvature=1.0;gat_hidden_dim=128;graph_metric=cosine;hyperbolic_readout=1;jk_mode=max;learnable_curvature=1;lr=0.001;num_layers=2;proj_dim=256;readout_clip=0.3;readout_scale=1;scorer_hidden=128;tau_quantile=0.38;weight_decay=5e-05,128,cosine,max,0.001,2,256,128,0.38,5e-05,42.09,137.34,0.48175,0.0,1.0,,,,,,,,1,1,0.3,1,
glue|bert-base-uncased|cola_wide|B|t21|s42|tune,glue,bert-base-uncased,cola_wide,cola,B,tune,21,42,mcc,curvature=1.0;gat_hidden_dim=128;graph_metric=cosine;hyperbolic_readout=1;jk_mode=cat;learnable_curvature=1;lr=2e-05;num_layers=4;proj_dim=512;readout_clip=0.7;readout_scale=1;scorer_hidden=256;tau_quantile=0.2;weight_decay=1e-05,128,cosine,cat,2e-05,4,512,256,0.2,1e-05,0.0,145.65,0.30146,0.0,1.0,,,,,,,,1,1,0.7,1,
glue|bert-base-uncased|cola_wide|B|t22|s42|tune,glue,bert-base-uncased,cola_wide,cola,B,tune,22,42,mcc,curvature=4.0;gat_hidden_dim=256;graph_metric=cosine;hyperbolic_readout=1;jk_mode=cat;learnable_curvature=1;lr=0.001;num_layers=4;proj_dim=128;readout_clip=0.3;readout_scale=1;scorer_hidden=256;tau_quantile=0.2;weight_decay=1e-05,256,cosine,cat,0.001,4,128,256,0.2,1e-05,42.63,143.34,0.30438,0.0,4.0,,,,,,,,1,1,0.3,1,
glue|bert-base-uncased|cola_wide|B|t23|s42|tune,glue,bert-base-uncased,cola_wide,cola,B,tune,23,42,mcc,curvature=1.0;gat_hidden_dim=256;graph_metric=cosine;hyperbolic_readout=1;jk_mode=max;learnable_curvature=0;lr=2e-05;num_layers=4;proj_dim=128;readout_clip=0.7;readout_scale=1;scorer_hidden=128;tau_quantile=0.38;weight_decay=5e-05,256,cosine,max,2e-05,4,128,128,0.38,5e-05,0.0,144.25,0.48953,0.0,1.0,,,,,,,,1,0,0.7,1,
glue|bert-base-uncased|cola_wide|B|t24|s42|tune,glue,bert-base-uncased,cola_wide,cola,B,tune,24,42,mcc,curvature=1.0;gat_hidden_dim=256;graph_metric=cosine;hyperbolic_readout=1;jk_mode=cat;learnable_curvature=0;lr=0.0002;num_layers=4;proj_dim=256;readout_clip=0.7;readout_scale=1;scorer_hidden=256;tau_quantile=0.025;weight_decay=0.0,256,cosine,cat,0.0002,4,256,256,0.025,0.0,40.85,140.02,0.13582,0.0,1.0,,,,,,,,1,0,0.7,1,
glue|bert-base-uncased|cola_wide|B|t25|s42|tune,glue,bert-base-uncased,cola_wide,cola,B,tune,25,42,mcc,curvature=1.0;gat_hidden_dim=256;graph_metric=cosine;hyperbolic_readout=1;jk_mode=cat;learnable_curvature=1;lr=2e-05;num_layers=4;proj_dim=512;readout_clip=1.0;readout_scale=0;scorer_hidden=128;tau_quantile=0.05;weight_decay=0.0,256,cosine,cat,2e-05,4,512,128,0.05,0.0,0.0,143.19,0.15963,0.0,1.0,,,,,,,,1,1,1.0,0,
glue|bert-base-uncased|cola_wide|B|t26|s42|tune,glue,bert-base-uncased,cola_wide,cola,B,tune,26,42,mcc,curvature=4.0;gat_hidden_dim=256;graph_metric=cosine;hyperbolic_readout=1;jk_mode=cat;learnable_curvature=0;lr=0.0002;num_layers=4;proj_dim=256;readout_clip=1.0;readout_scale=0;scorer_hidden=256;tau_quantile=0.2;weight_decay=0.0,256,cosine,cat,0.0002,4,256,256,0.2,0.0,38.35,140.95,0.30438,0.0,4.0,,,,,,,,1,0,1.0,0,
glue|bert-base-uncased|cola_wide|B|t27|s42|tune,glue,bert-base-uncased,cola_wide,cola,B,tune,27,42,mcc,curvature=4.0;gat_hidden_dim=64;graph_metric=cosine;hyperbolic_readout=1;jk_mode=cat;learnable_curvature=0;lr=0.001;num_layers=2;proj_dim=512;readout_clip=0.7;readout_scale=0;scorer_hidden=128;tau_quantile=0.2;weight_decay=1e-05,64,cosine,cat,0.001,2,512,128,0.2,1e-05,44.87,137.98,0.30454,0.0,4.0,,,,,,,,1,0,0.7,0,
glue|bert-base-uncased|cola_wide|B|t28|s42|tune,glue,bert-base-uncased,cola_wide,cola,B,tune,28,42,mcc,curvature=1.0;gat_hidden_dim=128;graph_metric=cosine;hyperbolic_readout=1;jk_mode=max;learnable_curvature=0;lr=0.001;num_layers=2;proj_dim=128;readout_clip=1.0;readout_scale=0;scorer_hidden=256;tau_quantile=0.2;weight_decay=0.0,128,cosine,max,0.001,2,128,256,0.2,0.0,45.59,137.51,0.30168,0.0,1.0,,,,,,,,1,0,1.0,0,
glue|bert-base-uncased|cola_wide|B|t29|s42|tune,glue,bert-base-uncased,cola_wide,cola,B,tune,29,42,mcc,curvature=1.0;gat_hidden_dim=256;graph_metric=cosine;hyperbolic_readout=1;jk_mode=max;learnable_curvature=0;lr=0.0002;num_layers=2;proj_dim=512;readout_clip=0.7;readout_scale=0;scorer_hidden=256;tau_quantile=0.38;weight_decay=0.0,256,cosine,max,0.0002,2,512,256,0.38,0.0,47.55,137.98,0.48358,0.0,1.0,,,,,,,,1,0,0.7,0,
glue|bert-base-uncased|cola_wide|B|t30|s42|tune,glue,bert-base-uncased,cola_wide,cola,B,tune,30,42,mcc,curvature=4.0;gat_hidden_dim=256;graph_metric=cosine;hyperbolic_readout=1;jk_mode=max;learnable_curvature=0;lr=0.0002;num_layers=4;proj_dim=128;readout_clip=0.7;readout_scale=1;scorer_hidden=256;tau_quantile=0.38;weight_decay=1e-05,256,cosine,max,0.0002,4,128,256,0.38,1e-05,46.25,139.67,0.48953,0.0,4.0,,,,,,,,1,0,0.7,1,
glue|bert-base-uncased|cola_wide|B|t31|s42|tune,glue,bert-base-uncased,cola_wide,cola,B,tune,31,42,mcc,curvature=0.25;gat_hidden_dim=128;graph_metric=cosine;hyperbolic_readout=1;jk_mode=max;learnable_curvature=1;lr=0.001;num_layers=2;proj_dim=128;readout_clip=0.0;readout_scale=1;scorer_hidden=256;tau_quantile=0.2;weight_decay=1e-05,128,cosine,max,0.001,2,128,256,0.2,1e-05,42.97,138.21,0.30168,0.0,0.25,,,,,,,,1,1,0.0,1,
glue|bert-base-uncased|cola_wide|B|t32|s42|tune,glue,bert-base-uncased,cola_wide,cola,B,tune,32,42,mcc,curvature=0.25;gat_hidden_dim=128;graph_metric=cosine;hyperbolic_readout=1;jk_mode=max;learnable_curvature=0;lr=0.0002;num_layers=2;proj_dim=512;readout_clip=1.0;readout_scale=0;scorer_hidden=256;tau_quantile=0.1;weight_decay=0.0,128,cosine,max,0.0002,2,512,256,0.1,0.0,44.76,136.24,0.20703,0.0,0.25,,,,,,,,1,0,1.0,0,
glue|bert-base-uncased|cola_wide|B|t33|s42|tune,glue,bert-base-uncased,cola_wide,cola,B,tune,33,42,mcc,curvature=0.25;gat_hidden_dim=64;graph_metric=cosine;hyperbolic_readout=1;jk_mode=max;learnable_curvature=0;lr=0.0002;num_layers=4;proj_dim=256;readout_clip=0.3;readout_scale=0;scorer_hidden=128;tau_quantile=0.025;weight_decay=5e-05,64,cosine,max,0.0002,4,256,128,0.025,5e-05,0.0,144.51,0.13287,0.0,0.25,,,,,,,,1,0,0.3,0,
glue|bert-base-uncased|cola_wide|B|t34|s42|tune,glue,bert-base-uncased,cola_wide,cola,B,tune,34,42,mcc,curvature=1.0;gat_hidden_dim=256;graph_metric=cosine;hyperbolic_readout=1;jk_mode=max;learnable_curvature=1;lr=2e-05;num_layers=4;proj_dim=512;readout_clip=0.3;readout_scale=1;scorer_hidden=256;tau_quantile=0.2;weight_decay=1e-05,256,cosine,max,2e-05,4,512,256,0.2,1e-05,0.0,145.51,0.30907,0.0,1.0,,,,,,,,1,1,0.3,1,
glue|bert-base-uncased|cola_wide|B|t35|s42|tune,glue,bert-base-uncased,cola_wide,cola,B,tune,35,42,mcc,curvature=0.25;gat_hidden_dim=128;graph_metric=cosine;hyperbolic_readout=1;jk_mode=max;learnable_curvature=0;lr=0.0002;num_layers=2;proj_dim=256;readout_clip=0.7;readout_scale=0;scorer_hidden=128;tau_quantile=0.2;weight_decay=1e-05,128,cosine,max,0.0002,2,256,128,0.2,1e-05,43.25,138.0,0.30168,0.0,0.25,,,,,,,,1,0,0.7,0,
glue|bert-base-uncased|cola_wide|B|t36|s42|tune,glue,bert-base-uncased,cola_wide,cola,B,tune,36,42,mcc,curvature=4.0;gat_hidden_dim=64;graph_metric=cosine;hyperbolic_readout=1;jk_mode=cat;learnable_curvature=1;lr=2e-05;num_layers=4;proj_dim=256;readout_clip=0.7;readout_scale=0;scorer_hidden=256;tau_quantile=0.05;weight_decay=5e-05,64,cosine,cat,2e-05,4,256,256,0.05,5e-05,0.0,142.08,0.15811,0.0,4.0,,,,,,,,1,1,0.7,0,
glue|bert-base-uncased|cola_wide|B|t37|s42|tune,glue,bert-base-uncased,cola_wide,cola,B,tune,37,42,mcc,curvature=4.0;gat_hidden_dim=64;graph_metric=cosine;hyperbolic_readout=1;jk_mode=max;learnable_curvature=1;lr=0.0002;num_layers=2;proj_dim=128;readout_clip=0.3;readout_scale=1;scorer_hidden=256;tau_quantile=0.1;weight_decay=5e-05,64,cosine,max,0.0002,2,128,256,0.1,5e-05,0.0,138.66,0.20894,0.0,4.0,,,,,,,,1,1,0.3,1,
glue|bert-base-uncased|cola_wide|B|t38|s42|tune,glue,bert-base-uncased,cola_wide,cola,B,tune,38,42,mcc,curvature=1.0;gat_hidden_dim=256;graph_metric=cosine;hyperbolic_readout=1;jk_mode=max;learnable_curvature=0;lr=0.0002;num_layers=4;proj_dim=128;readout_clip=0.0;readout_scale=0;scorer_hidden=256;tau_quantile=0.2;weight_decay=5e-05,256,cosine,max,0.0002,4,128,256,0.2,5e-05,46.65,142.71,0.30907,0.0,1.0,,,,,,,,1,0,0.0,0,
glue|bert-base-uncased|cola_wide|B|t39|s42|tune,glue,bert-base-uncased,cola_wide,cola,B,tune,39,42,mcc,curvature=4.0;gat_hidden_dim=128;graph_metric=cosine;hyperbolic_readout=1;jk_mode=max;learnable_curvature=0;lr=0.0002;num_layers=4;proj_dim=512;readout_clip=0.3;readout_scale=0;scorer_hidden=256;tau_quantile=0.05;weight_decay=0.0,128,cosine,max,0.0002,4,512,256,0.05,0.0,28.28,142.4,0.15949,0.0,4.0,,,,,,,,1,0,0.3,0,
glue|bert-base-uncased|cola_wide|BC|t0|s42|tune,glue,bert-base-uncased,cola_wide,cola,BC,tune,0,42,mcc,curvature=1.0;gat_hidden_dim=128;gnn_input_clip=0.7;gnn_input_scale=1;graph_metric=cosine;hyp_gnn_type=gat;hyperbolic_gnn=1;hyperbolic_readout=1;jk_mode=max;learnable_curvature=0;lr=2e-05;num_layers=2;proj_dim=512;readout_clip=0.7;readout_scale=1;scorer_hidden=256;tau_quantile=0.2;weight_decay=1e-05,128,cosine,max,2e-05,2,512,256,0.2,1e-05,0.0,153.13,0.30302,0.0,1.0,0.7,1,gat,1,,,,1,0,0.7,1,
glue|bert-base-uncased|cola_wide|BC|t1|s42|tune,glue,bert-base-uncased,cola_wide,cola,BC,tune,1,42,mcc,curvature=1.0;gat_hidden_dim=128;gnn_input_clip=0.7;gnn_input_scale=0;graph_metric=cosine;hyp_gnn_type=gcn;hyperbolic_gnn=1;hyperbolic_readout=1;jk_mode=cat;learnable_curvature=1;lr=0.001;num_layers=4;proj_dim=512;readout_clip=0.7;readout_scale=0;scorer_hidden=256;tau_quantile=0.2;weight_decay=1e-05,128,cosine,cat,0.001,4,512,256,0.2,1e-05,39.19,186.59,0.30184,0.0,1.0,0.7,0,gcn,1,,,,1,1,0.7,0,
glue|bert-base-uncased|cola_wide|BC|t2|s42|tune,glue,bert-base-uncased,cola_wide,cola,BC,tune,2,42,mcc,curvature=0.25;gat_hidden_dim=128;gnn_input_clip=1.0;gnn_input_scale=1;graph_metric=cosine;hyp_gnn_type=gat;hyperbolic_gnn=1;hyperbolic_readout=1;jk_mode=max;learnable_curvature=1;lr=0.001;num_layers=4;proj_dim=512;readout_clip=0.3;readout_scale=0;scorer_hidden=256;tau_quantile=0.38;weight_decay=0.0,128,cosine,max,0.001,4,512,256,0.38,0.0,44.35,169.87,0.48322,0.0,0.25,1.0,1,gat,1,,,,1,1,0.3,0,
glue|bert-base-uncased|cola_wide|BC|t3|s42|tune,glue,bert-base-uncased,cola_wide,cola,BC,tune,3,42,mcc,curvature=4.0;gat_hidden_dim=64;gnn_input_clip=0.7;gnn_input_scale=1;graph_metric=cosine;hyp_gnn_type=gcn;hyperbolic_gnn=1;hyperbolic_readout=1;jk_mode=cat;learnable_curvature=1;lr=0.0002;num_layers=2;proj_dim=128;readout_clip=0.3;readout_scale=0;scorer_hidden=128;tau_quantile=0.38;weight_decay=5e-05,64,cosine,cat,0.0002,2,128,128,0.38,5e-05,9.28,161.62,0.48522,0.0,4.0,0.7,1,gcn,1,,,,1,1,0.3,0,
glue|bert-base-uncased|cola_wide|BC|t4|s42|tune,glue,bert-base-uncased,cola_wide,cola,BC,tune,4,42,mcc,curvature=4.0;gat_hidden_dim=128;gnn_input_clip=0.7;gnn_input_scale=0;graph_metric=cosine;hyp_gnn_type=gcn;hyperbolic_gnn=1;hyperbolic_readout=1;jk_mode=cat;learnable_curvature=1;lr=0.0002;num_layers=2;proj_dim=128;readout_clip=0.0;readout_scale=1;scorer_hidden=128;tau_quantile=0.025;weight_decay=5e-05,128,cosine,cat,0.0002,2,128,128,0.025,5e-05,0.0,163.22,0.13446,0.0,4.0,0.7,0,gcn,1,,,,1,1,0.0,1,
glue|bert-base-uncased|cola_wide|BC|t5|s42|tune,glue,bert-base-uncased,cola_wide,cola,BC,tune,5,42,mcc,curvature=0.25;gat_hidden_dim=256;gnn_input_clip=0.3;gnn_input_scale=1;graph_metric=cosine;hyp_gnn_type=gcn;hyperbolic_gnn=1;hyperbolic_readout=1;jk_mode=max;learnable_curvature=0;lr=0.0002;num_layers=2;proj_dim=256;readout_clip=0.0;readout_scale=1;scorer_hidden=256;tau_quantile=0.05;weight_decay=1e-05,256,cosine,max,0.0002,2,256,256,0.05,1e-05,15.45,153.43,0.1581,0.0,0.25,0.3,1,gcn,1,,,,1,0,0.0,1,
glue|bert-base-uncased|cola_wide|BC|t6|s42|tune,glue,bert-base-uncased,cola_wide,cola,BC,tune,6,42,mcc,curvature=0.25;gat_hidden_dim=256;gnn_input_clip=1.0;gnn_input_scale=0;graph_metric=cosine;hyp_gnn_type=gat;hyperbolic_gnn=1;hyperbolic_readout=1;jk_mode=cat;learnable_curvature=0;lr=0.0002;num_layers=4;proj_dim=128;readout_clip=0.0;readout_scale=1;scorer_hidden=128;tau_quantile=0.2;weight_decay=5e-05,256,cosine,cat,0.0002,4,128,128,0.2,5e-05,33.13,165.23,0.2995,0.0,0.25,1.0,0,gat,1,,,,1,0,0.0,1,
glue|bert-base-uncased|cola_wide|BC|t7|s42|tune,glue,bert-base-uncased,cola_wide,cola,BC,tune,7,42,mcc,curvature=4.0;gat_hidden_dim=256;gnn_input_clip=0.7;gnn_input_scale=1;graph_metric=cosine;hyp_gnn_type=gcn;hyperbolic_gnn=1;hyperbolic_readout=1;jk_mode=max;learnable_curvature=1;lr=2e-05;num_layers=2;proj_dim=128;readout_clip=1.0;readout_scale=0;scorer_hidden=128;tau_quantile=0.05;weight_decay=5e-05,256,cosine,max,2e-05,2,128,128,0.05,5e-05,0.0,157.24,0.1581,0.0,4.0,0.7,1,gcn,1,,,,1,1,1.0,0,
glue|bert-base-uncased|cola_wide|BC|t8|s42|tune,glue,bert-base-uncased,cola_wide,cola,BC,tune,8,42,mcc,curvature=4.0;gat_hidden_dim=256;gnn_input_clip=0.0;gnn_input_scale=1;graph_metric=cosine;hyp_gnn_type=gcn;hyperbolic_gnn=1;hyperbolic_readout=1;jk_mode=max;learnable_curvature=1;lr=0.001;num_layers=2;proj_dim=512;readout_clip=0.0;readout_scale=0;scorer_hidden=128;tau_quantile=0.38;weight_decay=5e-05,256,cosine,max,0.001,2,512,128,0.38,5e-05,44.55,162.68,0.48446,0.0,4.0,0.0,1,gcn,1,,,,1,1,0.0,0,
glue|bert-base-uncased|cola_wide|BC|t9|s42|tune,glue,bert-base-uncased,cola_wide,cola,BC,tune,9,42,mcc,curvature=1.0;gat_hidden_dim=256;gnn_input_clip=0.7;gnn_input_scale=1;graph_metric=cosine;hyp_gnn_type=gcn;hyperbolic_gnn=1;hyperbolic_readout=1;jk_mode=cat;learnable_curvature=1;lr=2e-05;num_layers=4;proj_dim=128;readout_clip=0.0;readout_scale=0;scorer_hidden=256;tau_quantile=0.2;weight_decay=1e-05,256,cosine,cat,2e-05,4,128,256,0.2,1e-05,0.0,180.04,0.30568,0.0,1.0,0.7,1,gcn,1,,,,1,1,0.0,0,
glue|bert-base-uncased|cola_wide|BC|t10|s42|tune,glue,bert-base-uncased,cola_wide,cola,BC,tune,10,42,mcc,curvature=1.0;gat_hidden_dim=256;gnn_input_clip=0.7;gnn_input_scale=0;graph_metric=cosine;hyp_gnn_type=gcn;hyperbolic_gnn=1;hyperbolic_readout=1;jk_mode=cat;learnable_curvature=1;lr=0.001;num_layers=2;proj_dim=128;readout_clip=0.3;readout_scale=0;scorer_hidden=128;tau_quantile=0.38;weight_decay=1e-05,256,cosine,cat,0.001,2,128,128,0.38,1e-05,41.81,157.79,0.48523,0.0,1.0,0.7,0,gcn,1,,,,1,1,0.3,0,
glue|bert-base-uncased|cola_wide|BC|t11|s42|tune,glue,bert-base-uncased,cola_wide,cola,BC,tune,11,42,mcc,curvature=0.25;gat_hidden_dim=128;gnn_input_clip=1.0;gnn_input_scale=1;graph_metric=cosine;hyp_gnn_type=gcn;hyperbolic_gnn=1;hyperbolic_readout=1;jk_mode=cat;learnable_curvature=0;lr=0.0002;num_layers=4;proj_dim=512;readout_clip=1.0;readout_scale=1;scorer_hidden=128;tau_quantile=0.025;weight_decay=1e-05,128,cosine,cat,0.0002,4,512,128,0.025,1e-05,41.54,170.97,0.1326,0.0,0.25,1.0,1,gcn,1,,,,1,0,1.0,1,
glue|bert-base-uncased|cola_wide|BC|t12|s42|tune,glue,bert-base-uncased,cola_wide,cola,BC,tune,12,42,mcc,curvature=1.0;gat_hidden_dim=64;gnn_input_clip=0.3;gnn_input_scale=0;graph_metric=cosine;hyp_gnn_type=gat;hyperbolic_gnn=1;hyperbolic_readout=1;jk_mode=cat;learnable_curvature=1;lr=2e-05;num_layers=4;proj_dim=256;readout_clip=0.0;readout_scale=1;scorer_hidden=128;tau_quantile=0.025;weight_decay=0.0,64,cosine,cat,2e-05,4,256,128,0.025,0.0,0.0,170.1,0.13094,0.0,1.0,0.3,0,gat,1,,,,1,1,0.0,1,
glue|bert-base-uncased|cola_wide|BC|t13|s42|tune,glue,bert-base-uncased,cola_wide,cola,BC,tune,13,42,mcc,curvature=4.0;gat_hidden_dim=256;gnn_input_clip=0.0;gnn_input_scale=1;graph_metric=cosine;hyp_gnn_type=gat;hyperbolic_gnn=1;hyperbolic_readout=1;jk_mode=max;learnable_curvature=1;lr=0.001;num_layers=2;proj_dim=128;readout_clip=1.0;readout_scale=0;scorer_hidden=256;tau_quantile=0.05;weight_decay=5e-05,256,cosine,max,0.001,2,128,256,0.05,5e-05,44.66,156.91,0.15701,0.0,4.0,0.0,1,gat,1,,,,1,1,1.0,0,
glue|bert-base-uncased|cola_wide|BC|t14|s42|tune,glue,bert-base-uncased,cola_wide,cola,BC,tune,14,42,mcc,curvature=4.0;gat_hidden_dim=64;gnn_input_clip=0.3;gnn_input_scale=0;graph_metric=cosine;hyp_gnn_type=gat;hyperbolic_gnn=1;hyperbolic_readout=1;jk_mode=cat;learnable_curvature=0;lr=0.0002;num_layers=2;proj_dim=256;readout_clip=0.0;readout_scale=0;scorer_hidden=256;tau_quantile=0.1;weight_decay=1e-05,64,cosine,cat,0.0002,2,256,256,0.1,1e-05,29.92,149.45,0.2085,0.0,4.0,0.3,0,gat,1,,,,1,0,0.0,0,
glue|bert-base-uncased|cola_wide|BC|t15|s42|tune,glue,bert-base-uncased,cola_wide,cola,BC,tune,15,42,mcc,curvature=0.25;gat_hidden_dim=64;gnn_input_clip=0.3;gnn_input_scale=1;graph_metric=cosine;hyp_gnn_type=gat;hyperbolic_gnn=1;hyperbolic_readout=1;jk_mode=cat;learnable_curvature=0;lr=0.001;num_layers=4;proj_dim=256;readout_clip=0.0;readout_scale=0;scorer_hidden=256;tau_quantile=0.1;weight_decay=1e-05,64,cosine,cat,0.001,4,256,256,0.1,1e-05,41.81,165.2,0.20389,0.0,0.25,0.3,1,gat,1,,,,1,0,0.0,0,
glue|bert-base-uncased|cola_wide|BC|t16|s42|tune,glue,bert-base-uncased,cola_wide,cola,BC,tune,16,42,mcc,curvature=0.25;gat_hidden_dim=64;gnn_input_clip=1.0;gnn_input_scale=1;graph_metric=cosine;hyp_gnn_type=gcn;hyperbolic_gnn=1;hyperbolic_readout=1;jk_mode=cat;learnable_curvature=1;lr=2e-05;num_layers=4;proj_dim=256;readout_clip=0.7;readout_scale=0;scorer_hidden=256;tau_quantile=0.025;weight_decay=1e-05,64,cosine,cat,2e-05,4,256,256,0.025,1e-05,0.0,179.51,0.13823,0.0,0.25,1.0,1,gcn,1,,,,1,1,0.7,0,
glue|bert-base-uncased|cola_wide|BC|t17|s42|tune,glue,bert-base-uncased,cola_wide,cola,BC,tune,17,42,mcc,curvature=0.25;gat_hidden_dim=128;gnn_input_clip=0.0;gnn_input_scale=1;graph_metric=cosine;hyp_gnn_type=gcn;hyperbolic_gnn=1;hyperbolic_readout=1;jk_mode=cat;learnable_curvature=1;lr=0.0002;num_layers=4;proj_dim=128;readout_clip=0.3;readout_scale=0;scorer_hidden=256;tau_quantile=0.025;weight_decay=1e-05,128,cosine,cat,0.0002,4,128,256,0.025,1e-05,0.0,176.49,0.1326,0.0,0.25,0.0,1,gcn,1,,,,1,1,0.3,0,
glue|bert-base-uncased|cola_wide|BC|t18|s42|tune,glue,bert-base-uncased,cola_wide,cola,BC,tune,18,42,mcc,curvature=0.25;gat_hidden_dim=64;gnn_input_clip=0.7;gnn_input_scale=0;graph_metric=cosine;hyp_gnn_type=gat;hyperbolic_gnn=1;hyperbolic_readout=1;jk_mode=cat;learnable_curvature=1;lr=0.0002;num_layers=4;proj_dim=128;readout_clip=0.0;readout_scale=0;scorer_hidden=256;tau_quantile=0.05;weight_decay=0.0,64,cosine,cat,0.0002,4,128,256,0.05,0.0,24.97,166.37,0.15406,0.0,0.25,0.7,0,gat,1,,,,1,1,0.0,0,
glue|bert-base-uncased|cola_wide|BC|t19|s42|tune,glue,bert-base-uncased,cola_wide,cola,BC,tune,19,42,mcc,curvature=0.25;gat_hidden_dim=64;gnn_input_clip=0.0;gnn_input_scale=1;graph_metric=cosine;hyp_gnn_type=gat;hyperbolic_gnn=1;hyperbolic_readout=1;jk_mode=cat;learnable_curvature=0;lr=0.0002;num_layers=2;proj_dim=128;readout_clip=0.7;readout_scale=1;scorer_hidden=256;tau_quantile=0.38;weight_decay=5e-05,64,cosine,cat,0.0002,2,128,256,0.38,5e-05,31.63,151.75,0.48488,0.0,0.25,0.0,1,gat,1,,,,1,0,0.7,1,
glue|bert-base-uncased|cola_wide|BC|t20|s42|tune,glue,bert-base-uncased,cola_wide,cola,BC,tune,20,42,mcc,curvature=0.25;gat_hidden_dim=64;gnn_input_clip=1.0;gnn_input_scale=0;graph_metric=cosine;hyp_gnn_type=gcn;hyperbolic_gnn=1;hyperbolic_readout=1;jk_mode=max;learnable_curvature=1;lr=2e-05;num_layers=2;proj_dim=128;readout_clip=0.0;readout_scale=1;scorer_hidden=128;tau_quantile=0.025;weight_decay=0.0,64,cosine,max,2e-05,2,128,128,0.025,0.0,0.0,161.31,0.13759,0.0,0.25,1.0,0,gcn,1,,,,1,1,0.0,1,
glue|bert-base-uncased|cola_wide|BC|t21|s42|tune,glue,bert-base-uncased,cola_wide,cola,BC,tune,21,42,mcc,curvature=1.0;gat_hidden_dim=64;gnn_input_clip=1.0;gnn_input_scale=0;graph_metric=cosine;hyp_gnn_type=gcn;hyperbolic_gnn=1;hyperbolic_readout=1;jk_mode=max;learnable_curvature=1;lr=2e-05;num_layers=2;proj_dim=128;readout_clip=0.0;readout_scale=1;scorer_hidden=128;tau_quantile=0.1;weight_decay=0.0,64,cosine,max,2e-05,2,128,128,0.1,0.0,0.0,159.2,0.20956,0.0,1.0,1.0,0,gcn,1,,,,1,1,0.0,1,
glue|bert-base-uncased|cola_wide|BC|t22|s42|tune,glue,bert-base-uncased,cola_wide,cola,BC,tune,22,42,mcc,curvature=4.0;gat_hidden_dim=256;gnn_input_clip=0.0;gnn_input_scale=0;graph_metric=cosine;hyp_gnn_type=gcn;hyperbolic_gnn=1;hyperbolic_readout=1;jk_mode=max;learnable_curvature=1;lr=0.001;num_layers=2;proj_dim=256;readout_clip=1.0;readout_scale=0;scorer_hidden=256;tau_quantile=0.05;weight_decay=0.0,256,cosine,max,0.001,2,256,256,0.05,0.0,44.56,160.55,0.1581,0.0,4.0,0.0,0,gcn,1,,,,1,1,1.0,0,
glue|bert-base-uncased|cola_wide|BC|t23|s42|tune,glue,bert-base-uncased,cola_wide,cola,BC,tune,23,42,mcc,curvature=4.0;gat_hidden_dim=64;gnn_input_clip=0.0;gnn_input_scale=0;graph_metric=cosine;hyp_gnn_type=gat;hyperbolic_gnn=1;hyperbolic_readout=1;jk_mode=max;learnable_curvature=1;lr=0.001;num_layers=2;proj_dim=512;readout_clip=0.7;readout_scale=0;scorer_hidden=128;tau_quantile=0.38;weight_decay=0.0,64,cosine,max,0.001,2,512,128,0.38,0.0,44.32,153.69,0.48413,0.0,4.0,0.0,0,gat,1,,,,1,1,0.7,0,
glue|bert-base-uncased|cola_wide|BC|t24|s42|tune,glue,bert-base-uncased,cola_wide,cola,BC,tune,24,42,mcc,curvature=4.0;gat_hidden_dim=128;gnn_input_clip=0.0;gnn_input_scale=1;graph_metric=cosine;hyp_gnn_type=gcn;hyperbolic_gnn=1;hyperbolic_readout=1;jk_mode=cat;learnable_curvature=0;lr=0.0002;num_layers=2;proj_dim=256;readout_clip=0.7;readout_scale=0;scorer_hidden=256;tau_quantile=0.1;weight_decay=0.0,128,cosine,cat,0.0002,2,256,256,0.1,0.0,0.0,154.28,0.20845,0.0,4.0,0.0,1,gcn,1,,,,1,0,0.7,0,
glue|bert-base-uncased|cola_wide|BC|t25|s42|tune,glue,bert-base-uncased,cola_wide,cola,BC,tune,25,42,mcc,curvature=0.25;gat_hidden_dim=256;gnn_input_clip=0.0;gnn_input_scale=1;graph_metric=cosine;hyp_gnn_type=gat;hyperbolic_gnn=1;hyperbolic_readout=1;jk_mode=cat;learnable_curvature=1;lr=2e-05;num_layers=2;proj_dim=128;readout_clip=0.7;readout_scale=0;scorer_hidden=256;tau_quantile=0.2;weight_decay=1e-05,256,cosine,cat,2e-05,2,128,256,0.2,1e-05,0.0,153.26,0.3045,0.0,0.25,0.0,1,gat,1,,,,1,1,0.7,0,
glue|bert-base-uncased|cola_wide|BC|t26|s42|tune,glue,bert-base-uncased,cola_wide,cola,BC,tune,26,42,mcc,curvature=1.0;gat_hidden_dim=64;gnn_input_clip=1.0;gnn_input_scale=0;graph_metric=cosine;hyp_gnn_type=gat;hyperbolic_gnn=1;hyperbolic_readout=1;jk_mode=max;learnable_curvature=1;lr=0.001;num_layers=4;proj_dim=512;readout_clip=0.7;readout_scale=1;scorer_hidden=256;tau_quantile=0.2;weight_decay=5e-05,64,cosine,max,0.001,4,512,256,0.2,5e-05,42.97,169.43,0.30344,0.0,1.0,1.0,0,gat,1,,,,1,1,0.7,1,
glue|bert-base-uncased|cola_wide|BC|t27|s42|tune,glue,bert-base-uncased,cola_wide,cola,BC,tune,27,42,mcc,curvature=1.0;gat_hidden_dim=64;gnn_input_clip=0.3;gnn_input_scale=1;graph_metric=cosine;hyp_gnn_type=gcn;hyperbolic_gnn=1;hyperbolic_readout=1;jk_mode=cat;learnable_curvature=0;lr=0.0002;num_layers=2;proj_dim=512;readout_clip=0.3;readout_scale=0;scorer_hidden=256;tau_quantile=0.025;weight_decay=5e-05,64,cosine,cat,0.0002,2,512,256,0.025,5e-05,8.04,153.53,0.13685,0.0,1.0,0.3,1,gcn,1,,,,1,0,0.3,0,
glue|bert-base-uncased|cola_wide|BC|t28|s42|tune,glue,bert-base-uncased,cola_wide,cola,BC,tune,28,42,mcc,curvature=4.0;gat_hidden_dim=256;gnn_input_clip=0.7;gnn_input_scale=1;graph_metric=cosine;hyp_gnn_type=gat;hyperbolic_gnn=1;hyperbolic_readout=1;jk_mode=cat;learnable_curvature=0;lr=0.0002;num_layers=2;proj_dim=128;readout_clip=0.3;readout_scale=1;scorer_hidden=256;tau_quantile=0.2;weight_decay=1e-05,256,cosine,cat,0.0002,2,128,256,0.2,1e-05,0.0,153.5,0.3045,0.0,4.0,0.7,1,gat,1,,,,1,0,0.3,1,
glue|bert-base-uncased|cola_wide|BC|t29|s42|tune,glue,bert-base-uncased,cola_wide,cola,BC,tune,29,42,mcc,curvature=0.25;gat_hidden_dim=64;gnn_input_clip=0.3;gnn_input_scale=0;graph_metric=cosine;hyp_gnn_type=gat;hyperbolic_gnn=1;hyperbolic_readout=1;jk_mode=cat;learnable_curvature=1;lr=2e-05;num_layers=2;proj_dim=512;readout_clip=0.7;readout_scale=0;scorer_hidden=128;tau_quantile=0.38;weight_decay=0.0,64,cosine,cat,2e-05,2,512,128,0.38,0.0,0.0,160.77,0.48488,0.0,0.25,0.3,0,gat,1,,,,1,1,0.7,0,
glue|bert-base-uncased|cola_wide|BC|t30|s42|tune,glue,bert-base-uncased,cola_wide,cola,BC,tune,30,42,mcc,curvature=1.0;gat_hidden_dim=64;gnn_input_clip=1.0;gnn_input_scale=1;graph_metric=cosine;hyp_gnn_type=gat;hyperbolic_gnn=1;hyperbolic_readout=1;jk_mode=cat;learnable_curvature=1;lr=0.0002;num_layers=2;proj_dim=128;readout_clip=0.0;readout_scale=1;scorer_hidden=256;tau_quantile=0.025;weight_decay=1e-05,64,cosine,cat,0.0002,2,128,256,0.025,1e-05,31.07,155.91,0.13518,0.0,1.0,1.0,1,gat,1,,,,1,1,0.0,1,
glue|bert-base-uncased|cola_wide|BC|t31|s42|tune,glue,bert-base-uncased,cola_wide,cola,BC,tune,31,42,mcc,curvature=0.25;gat_hidden_dim=256;gnn_input_clip=0.3;gnn_input_scale=0;graph_metric=cosine;hyp_gnn_type=gat;hyperbolic_gnn=1;hyperbolic_readout=1;jk_mode=max;learnable_curvature=1;lr=0.001;num_layers=4;proj_dim=512;readout_clip=0.0;readout_scale=0;scorer_hidden=256;tau_quantile=0.2;weight_decay=0.0,256,cosine,max,0.001,4,512,256,0.2,0.0,45.59,171.66,0.30241,0.0,0.25,0.3,0,gat,1,,,,1,1,0.0,0,
glue|bert-base-uncased|cola_wide|BC|t32|s42|tune,glue,bert-base-uncased,cola_wide,cola,BC,tune,32,42,mcc,curvature=0.25;gat_hidden_dim=128;gnn_input_clip=1.0;gnn_input_scale=0;graph_metric=cosine;hyp_gnn_type=gat;hyperbolic_gnn=1;hyperbolic_readout=1;jk_mode=max;learnable_curvature=1;lr=0.001;num_layers=2;proj_dim=128;readout_clip=0.0;readout_scale=0;scorer_hidden=128;tau_quantile=0.2;weight_decay=0.0,128,cosine,max,0.001,2,128,128,0.2,0.0,48.23,154.11,0.30302,0.0,0.25,1.0,0,gat,1,,,,1,1,0.0,0,
glue|bert-base-uncased|cola_wide|BC|t33|s42|tune,glue,bert-base-uncased,cola_wide,cola,BC,tune,33,42,mcc,curvature=1.0;gat_hidden_dim=64;gnn_input_clip=0.0;gnn_input_scale=1;graph_metric=cosine;hyp_gnn_type=gat;hyperbolic_gnn=1;hyperbolic_readout=1;jk_mode=max;learnable_curvature=1;lr=0.0002;num_layers=4;proj_dim=128;readout_clip=0.7;readout_scale=0;scorer_hidden=128;tau_quantile=0.05;weight_decay=5e-05,64,cosine,max,0.0002,4,128,128,0.05,5e-05,37.91,170.94,0.15804,0.0,1.0,0.0,1,gat,1,,,,1,1,0.7,0,
glue|bert-base-uncased|cola_wide|BC|t34|s42|tune,glue,bert-base-uncased,cola_wide,cola,BC,tune,34,42,mcc,curvature=4.0;gat_hidden_dim=128;gnn_input_clip=0.0;gnn_input_scale=1;graph_metric=cosine;hyp_gnn_type=gat;hyperbolic_gnn=1;hyperbolic_readout=1;jk_mode=cat;learnable_curvature=0;lr=0.0002;num_layers=2;proj_dim=128;readout_clip=1.0;readout_scale=0;scorer_hidden=256;tau_quantile=0.025;weight_decay=0.0,128,cosine,cat,0.0002,2,128,256,0.025,0.0,18.81,154.39,0.13523,0.0,4.0,0.0,1,gat,1,,,,1,0,1.0,0,
glue|bert-base-uncased|cola_wide|BC|t35|s42|tune,glue,bert-base-uncased,cola_wide,cola,BC,tune,35,42,mcc,curvature=0.25;gat_hidden_dim=64;gnn_input_clip=0.3;gnn_input_scale=1;graph_metric=cosine;hyp_gnn_type=gat;hyperbolic_gnn=1;hyperbolic_readout=1;jk_mode=cat;learnable_curvature=1;lr=0.0002;num_layers=4;proj_dim=512;readout_clip=0.7;readout_scale=0;scorer_hidden=128;tau_quantile=0.38;weight_decay=1e-05,64,cosine,cat,0.0002,4,512,128,0.38,1e-05,0.0,174.99,0.48024,0.0,0.25,0.3,1,gat,1,,,,1,1,0.7,0,
glue|bert-base-uncased|cola_wide|BC|t36|s42|tune,glue,bert-base-uncased,cola_wide,cola,BC,tune,36,42,mcc,curvature=4.0;gat_hidden_dim=256;gnn_input_clip=0.7;gnn_input_scale=1;graph_metric=cosine;hyp_gnn_type=gat;hyperbolic_gnn=1;hyperbolic_readout=1;jk_mode=cat;learnable_curvature=1;lr=0.0002;num_layers=4;proj_dim=128;readout_clip=0.3;readout_scale=1;scorer_hidden=128;tau_quantile=0.05;weight_decay=1e-05,256,cosine,cat,0.0002,4,128,128,0.05,1e-05,9.28,176.01,0.15397,0.0,4.0,0.7,1,gat,1,,,,1,1,0.3,1,
glue|bert-base-uncased|cola_wide|BC|t37|s42|tune,glue,bert-base-uncased,cola_wide,cola,BC,tune,37,42,mcc,curvature=0.25;gat_hidden_dim=64;gnn_input_clip=0.3;gnn_input_scale=1;graph_metric=cosine;hyp_gnn_type=gcn;hyperbolic_gnn=1;hyperbolic_readout=1;jk_mode=max;learnable_curvature=1;lr=0.0002;num_layers=4;proj_dim=128;readout_clip=1.0;readout_scale=1;scorer_hidden=128;tau_quantile=0.38;weight_decay=5e-05,64,cosine,max,0.0002,4,128,128,0.38,5e-05,0.0,178.78,0.47901,0.0,0.25,0.3,1,gcn,1,,,,1,1,1.0,1,
glue|bert-base-uncased|cola_wide|BC|t38|s42|tune,glue,bert-base-uncased,cola_wide,cola,BC,tune,38,42,mcc,curvature=4.0;gat_hidden_dim=64;gnn_input_clip=1.0;gnn_input_scale=0;graph_metric=cosine;hyp_gnn_type=gcn;hyperbolic_gnn=1;hyperbolic_readout=1;jk_mode=cat;learnable_curvature=0;lr=0.0002;num_layers=4;proj_dim=512;readout_clip=0.0;readout_scale=1;scorer_hidden=128;tau_quantile=0.38;weight_decay=1e-05,64,cosine,cat,0.0002,4,512,128,0.38,1e-05,0.0,171.57,0.48547,0.0,4.0,1.0,0,gcn,1,,,,1,0,0.0,1,
glue|bert-base-uncased|cola_wide|BC|t39|s42|tune,glue,bert-base-uncased,cola_wide,cola,BC,tune,39,42,mcc,curvature=0.25;gat_hidden_dim=64;gnn_input_clip=0.3;gnn_input_scale=1;graph_metric=cosine;hyp_gnn_type=gcn;hyperbolic_gnn=1;hyperbolic_readout=1;jk_mode=max;learnable_curvature=1;lr=2e-05;num_layers=4;proj_dim=128;readout_clip=0.0;readout_scale=0;scorer_hidden=128;tau_quantile=0.05;weight_decay=1e-05,64,cosine,max,2e-05,4,128,128,0.05,1e-05,11.86,181.85,0.15336,0.0,0.25,0.3,1,gcn,1,,,,1,1,0.0,0,
glue|bert-base-uncased|cola_wide|B|t29|s1|confirm,glue,bert-base-uncased,cola_wide,cola,B,confirm,29,1,mcc,curvature=1.0;gat_hidden_dim=256;graph_metric=cosine;hyperbolic_readout=1;jk_mode=max;learnable_curvature=0;lr=0.0002;num_layers=2;proj_dim=512;readout_clip=0.7;readout_scale=0;scorer_hidden=256;tau_quantile=0.38;weight_decay=0.0,256,cosine,max,0.0002,2,512,256,0.38,0.0,45.0,138.36,0.48591,0.0,1.0,,,,,,,,1,0,0.7,0,
glue|bert-base-uncased|cola_wide|B|t29|s2|confirm,glue,bert-base-uncased,cola_wide,cola,B,confirm,29,2,mcc,curvature=1.0;gat_hidden_dim=256;graph_metric=cosine;hyperbolic_readout=1;jk_mode=max;learnable_curvature=0;lr=0.0002;num_layers=2;proj_dim=512;readout_clip=0.7;readout_scale=0;scorer_hidden=256;tau_quantile=0.38;weight_decay=0.0,256,cosine,max,0.0002,2,512,256,0.38,0.0,42.48,137.32,0.48604,0.0,1.0,,,,,,,,1,0,0.7,0,
glue|bert-base-uncased|cola_wide|B|t29|s3|confirm,glue,bert-base-uncased,cola_wide,cola,B,confirm,29,3,mcc,curvature=1.0;gat_hidden_dim=256;graph_metric=cosine;hyperbolic_readout=1;jk_mode=max;learnable_curvature=0;lr=0.0002;num_layers=2;proj_dim=512;readout_clip=0.7;readout_scale=0;scorer_hidden=256;tau_quantile=0.38;weight_decay=0.0,256,cosine,max,0.0002,2,512,256,0.38,0.0,44.33,138.5,0.48746,0.0,1.0,,,,,,,,1,0,0.7,0,
glue|bert-base-uncased|cola_wide|B|t29|s4|confirm,glue,bert-base-uncased,cola_wide,cola,B,confirm,29,4,mcc,curvature=1.0;gat_hidden_dim=256;graph_metric=cosine;hyperbolic_readout=1;jk_mode=max;learnable_curvature=0;lr=0.0002;num_layers=2;proj_dim=512;readout_clip=0.7;readout_scale=0;scorer_hidden=256;tau_quantile=0.38;weight_decay=0.0,256,cosine,max,0.0002,2,512,256,0.38,0.0,46.42,139.44,0.48578,0.0,1.0,,,,,,,,1,0,0.7,0,
glue|bert-base-uncased|cola_wide|B|t29|s5|confirm,glue,bert-base-uncased,cola_wide,cola,B,confirm,29,5,mcc,curvature=1.0;gat_hidden_dim=256;graph_metric=cosine;hyperbolic_readout=1;jk_mode=max;learnable_curvature=0;lr=0.0002;num_layers=2;proj_dim=512;readout_clip=0.7;readout_scale=0;scorer_hidden=256;tau_quantile=0.38;weight_decay=0.0,256,cosine,max,0.0002,2,512,256,0.38,0.0,42.06,137.38,0.48665,0.0,1.0,,,,,,,,1,0,0.7,0,
glue|bert-base-uncased|cola_wide|B|t29|s6|confirm,glue,bert-base-uncased,cola_wide,cola,B,confirm,29,6,mcc,curvature=1.0;gat_hidden_dim=256;graph_metric=cosine;hyperbolic_readout=1;jk_mode=max;learnable_curvature=0;lr=0.0002;num_layers=2;proj_dim=512;readout_clip=0.7;readout_scale=0;scorer_hidden=256;tau_quantile=0.38;weight_decay=0.0,256,cosine,max,0.0002,2,512,256,0.38,0.0,43.79,138.7,0.48429,0.0,1.0,,,,,,,,1,0,0.7,0,
glue|bert-base-uncased|cola_wide|B|t29|s7|confirm,glue,bert-base-uncased,cola_wide,cola,B,confirm,29,7,mcc,curvature=1.0;gat_hidden_dim=256;graph_metric=cosine;hyperbolic_readout=1;jk_mode=max;learnable_curvature=0;lr=0.0002;num_layers=2;proj_dim=512;readout_clip=0.7;readout_scale=0;scorer_hidden=256;tau_quantile=0.38;weight_decay=0.0,256,cosine,max,0.0002,2,512,256,0.38,0.0,41.43,138.49,0.48472,0.0,1.0,,,,,,,,1,0,0.7,0,
glue|bert-base-uncased|cola_wide|B|t29|s8|confirm,glue,bert-base-uncased,cola_wide,cola,B,confirm,29,8,mcc,curvature=1.0;gat_hidden_dim=256;graph_metric=cosine;hyperbolic_readout=1;jk_mode=max;learnable_curvature=0;lr=0.0002;num_layers=2;proj_dim=512;readout_clip=0.7;readout_scale=0;scorer_hidden=256;tau_quantile=0.38;weight_decay=0.0,256,cosine,max,0.0002,2,512,256,0.38,0.0,44.24,137.64,0.48715,0.0,1.0,,,,,,,,1,0,0.7,0,
glue|bert-base-uncased|cola_wide|B|t29|s9|confirm,glue,bert-base-uncased,cola_wide,cola,B,confirm,29,9,mcc,curvature=1.0;gat_hidden_dim=256;graph_metric=cosine;hyperbolic_readout=1;jk_mode=max;learnable_curvature=0;lr=0.0002;num_layers=2;proj_dim=512;readout_clip=0.7;readout_scale=0;scorer_hidden=256;tau_quantile=0.38;weight_decay=0.0,256,cosine,max,0.0002,2,512,256,0.38,0.0,45.71,135.72,0.4804,0.0,1.0,,,,,,,,1,0,0.7,0,
glue|bert-base-uncased|cola_wide|B|t29|s10|confirm,glue,bert-base-uncased,cola_wide,cola,B,confirm,29,10,mcc,curvature=1.0;gat_hidden_dim=256;graph_metric=cosine;hyperbolic_readout=1;jk_mode=max;learnable_curvature=0;lr=0.0002;num_layers=2;proj_dim=512;readout_clip=0.7;readout_scale=0;scorer_hidden=256;tau_quantile=0.38;weight_decay=0.0,256,cosine,max,0.0002,2,512,256,0.38,0.0,44.62,137.55,0.48311,0.0,1.0,,,,,,,,1,0,0.7,0,
glue|bert-base-uncased|cola_wide|B|t29|s11|confirm,glue,bert-base-uncased,cola_wide,cola,B,confirm,29,11,mcc,curvature=1.0;gat_hidden_dim=256;graph_metric=cosine;hyperbolic_readout=1;jk_mode=max;learnable_curvature=0;lr=0.0002;num_layers=2;proj_dim=512;readout_clip=0.7;readout_scale=0;scorer_hidden=256;tau_quantile=0.38;weight_decay=0.0,256,cosine,max,0.0002,2,512,256,0.38,0.0,46.18,139.36,0.48863,0.0,1.0,,,,,,,,1,0,0.7,0,
glue|bert-base-uncased|cola_wide|B|t29|s12|confirm,glue,bert-base-uncased,cola_wide,cola,B,confirm,29,12,mcc,curvature=1.0;gat_hidden_dim=256;graph_metric=cosine;hyperbolic_readout=1;jk_mode=max;learnable_curvature=0;lr=0.0002;num_layers=2;proj_dim=512;readout_clip=0.7;readout_scale=0;scorer_hidden=256;tau_quantile=0.38;weight_decay=0.0,256,cosine,max,0.0002,2,512,256,0.38,0.0,42.97,137.46,0.48162,0.0,1.0,,,,,,,,1,0,0.7,0,
glue|bert-base-uncased|cola_wide|B|t29|s13|confirm,glue,bert-base-uncased,cola_wide,cola,B,confirm,29,13,mcc,curvature=1.0;gat_hidden_dim=256;graph_metric=cosine;hyperbolic_readout=1;jk_mode=max;learnable_curvature=0;lr=0.0002;num_layers=2;proj_dim=512;readout_clip=0.7;readout_scale=0;scorer_hidden=256;tau_quantile=0.38;weight_decay=0.0,256,cosine,max,0.0002,2,512,256,0.38,0.0,45.13,136.5,0.4843,0.0,1.0,,,,,,,,1,0,0.7,0,
glue|bert-base-uncased|cola_wide|B|t29|s14|confirm,glue,bert-base-uncased,cola_wide,cola,B,confirm,29,14,mcc,curvature=1.0;gat_hidden_dim=256;graph_metric=cosine;hyperbolic_readout=1;jk_mode=max;learnable_curvature=0;lr=0.0002;num_layers=2;proj_dim=512;readout_clip=0.7;readout_scale=0;scorer_hidden=256;tau_quantile=0.38;weight_decay=0.0,256,cosine,max,0.0002,2,512,256,0.38,0.0,43.95,136.11,0.48361,0.0,1.0,,,,,,,,1,0,0.7,0,
glue|bert-base-uncased|cola_wide|B|t29|s15|confirm,glue,bert-base-uncased,cola_wide,cola,B,confirm,29,15,mcc,curvature=1.0;gat_hidden_dim=256;graph_metric=cosine;hyperbolic_readout=1;jk_mode=max;learnable_curvature=0;lr=0.0002;num_layers=2;proj_dim=512;readout_clip=0.7;readout_scale=0;scorer_hidden=256;tau_quantile=0.38;weight_decay=0.0,256,cosine,max,0.0002,2,512,256,0.38,0.0,43.27,136.55,0.48282,0.0,1.0,,,,,,,,1,0,0.7,0,
glue|bert-base-uncased|cola_wide|BC|t32|s1|confirm,glue,bert-base-uncased,cola_wide,cola,BC,confirm,32,1,mcc,curvature=0.25;gat_hidden_dim=128;gnn_input_clip=1.0;gnn_input_scale=0;graph_metric=cosine;hyp_gnn_type=gat;hyperbolic_gnn=1;hyperbolic_readout=1;jk_mode=max;learnable_curvature=1;lr=0.001;num_layers=2;proj_dim=128;readout_clip=0.0;readout_scale=0;scorer_hidden=128;tau_quantile=0.2;weight_decay=0.0,128,cosine,max,0.001,2,128,128,0.2,0.0,44.77,154.85,0.30322,0.0,0.25,1.0,0,gat,1,,,,1,1,0.0,0,
glue|bert-base-uncased|cola_wide|BC|t32|s2|confirm,glue,bert-base-uncased,cola_wide,cola,BC,confirm,32,2,mcc,curvature=0.25;gat_hidden_dim=128;gnn_input_clip=1.0;gnn_input_scale=0;graph_metric=cosine;hyp_gnn_type=gat;hyperbolic_gnn=1;hyperbolic_readout=1;jk_mode=max;learnable_curvature=1;lr=0.001;num_layers=2;proj_dim=128;readout_clip=0.0;readout_scale=0;scorer_hidden=128;tau_quantile=0.2;weight_decay=0.0,128,cosine,max,0.001,2,128,128,0.2,0.0,44.65,154.62,0.30631,0.0,0.25,1.0,0,gat,1,,,,1,1,0.0,0,
glue|bert-base-uncased|cola_wide|BC|t32|s3|confirm,glue,bert-base-uncased,cola_wide,cola,BC,confirm,32,3,mcc,curvature=0.25;gat_hidden_dim=128;gnn_input_clip=1.0;gnn_input_scale=0;graph_metric=cosine;hyp_gnn_type=gat;hyperbolic_gnn=1;hyperbolic_readout=1;jk_mode=max;learnable_curvature=1;lr=0.001;num_layers=2;proj_dim=128;readout_clip=0.0;readout_scale=0;scorer_hidden=128;tau_quantile=0.2;weight_decay=0.0,128,cosine,max,0.001,2,128,128,0.2,0.0,45.6,155.0,0.30473,0.0,0.25,1.0,0,gat,1,,,,1,1,0.0,0,
glue|bert-base-uncased|cola_wide|BC|t32|s4|confirm,glue,bert-base-uncased,cola_wide,cola,BC,confirm,32,4,mcc,curvature=0.25;gat_hidden_dim=128;gnn_input_clip=1.0;gnn_input_scale=0;graph_metric=cosine;hyp_gnn_type=gat;hyperbolic_gnn=1;hyperbolic_readout=1;jk_mode=max;learnable_curvature=1;lr=0.001;num_layers=2;proj_dim=128;readout_clip=0.0;readout_scale=0;scorer_hidden=128;tau_quantile=0.2;weight_decay=0.0,128,cosine,max,0.001,2,128,128,0.2,0.0,44.86,159.03,0.30493,0.0,0.25,1.0,0,gat,1,,,,1,1,0.0,0,
glue|bert-base-uncased|cola_wide|BC|t32|s5|confirm,glue,bert-base-uncased,cola_wide,cola,BC,confirm,32,5,mcc,curvature=0.25;gat_hidden_dim=128;gnn_input_clip=1.0;gnn_input_scale=0;graph_metric=cosine;hyp_gnn_type=gat;hyperbolic_gnn=1;hyperbolic_readout=1;jk_mode=max;learnable_curvature=1;lr=0.001;num_layers=2;proj_dim=128;readout_clip=0.0;readout_scale=0;scorer_hidden=128;tau_quantile=0.2;weight_decay=0.0,128,cosine,max,0.001,2,128,128,0.2,0.0,45.29,154.76,0.30524,0.0,0.25,1.0,0,gat,1,,,,1,1,0.0,0,
glue|bert-base-uncased|cola_wide|BC|t32|s6|confirm,glue,bert-base-uncased,cola_wide,cola,BC,confirm,32,6,mcc,curvature=0.25;gat_hidden_dim=128;gnn_input_clip=1.0;gnn_input_scale=0;graph_metric=cosine;hyp_gnn_type=gat;hyperbolic_gnn=1;hyperbolic_readout=1;jk_mode=max;learnable_curvature=1;lr=0.001;num_layers=2;proj_dim=128;readout_clip=0.0;readout_scale=0;scorer_hidden=128;tau_quantile=0.2;weight_decay=0.0,128,cosine,max,0.001,2,128,128,0.2,0.0,43.01,156.19,0.30873,0.0,0.25,1.0,0,gat,1,,,,1,1,0.0,0,
glue|bert-base-uncased|cola_wide|BC|t32|s7|confirm,glue,bert-base-uncased,cola_wide,cola,BC,confirm,32,7,mcc,curvature=0.25;gat_hidden_dim=128;gnn_input_clip=1.0;gnn_input_scale=0;graph_metric=cosine;hyp_gnn_type=gat;hyperbolic_gnn=1;hyperbolic_readout=1;jk_mode=max;learnable_curvature=1;lr=0.001;num_layers=2;proj_dim=128;readout_clip=0.0;readout_scale=0;scorer_hidden=128;tau_quantile=0.2;weight_decay=0.0,128,cosine,max,0.001,2,128,128,0.2,0.0,44.64,152.92,0.30098,0.0,0.25,1.0,0,gat,1,,,,1,1,0.0,0,
glue|bert-base-uncased|cola_wide|BC|t32|s8|confirm,glue,bert-base-uncased,cola_wide,cola,BC,confirm,32,8,mcc,curvature=0.25;gat_hidden_dim=128;gnn_input_clip=1.0;gnn_input_scale=0;graph_metric=cosine;hyp_gnn_type=gat;hyperbolic_gnn=1;hyperbolic_readout=1;jk_mode=max;learnable_curvature=1;lr=0.001;num_layers=2;proj_dim=128;readout_clip=0.0;readout_scale=0;scorer_hidden=128;tau_quantile=0.2;weight_decay=0.0,128,cosine,max,0.001,2,128,128,0.2,0.0,45.82,154.22,0.30187,0.0,0.25,1.0,0,gat,1,,,,1,1,0.0,0,
glue|bert-base-uncased|cola_wide|BC|t32|s9|confirm,glue,bert-base-uncased,cola_wide,cola,BC,confirm,32,9,mcc,curvature=0.25;gat_hidden_dim=128;gnn_input_clip=1.0;gnn_input_scale=0;graph_metric=cosine;hyp_gnn_type=gat;hyperbolic_gnn=1;hyperbolic_readout=1;jk_mode=max;learnable_curvature=1;lr=0.001;num_layers=2;proj_dim=128;readout_clip=0.0;readout_scale=0;scorer_hidden=128;tau_quantile=0.2;weight_decay=0.0,128,cosine,max,0.001,2,128,128,0.2,0.0,46.84,154.52,0.30262,0.0,0.25,1.0,0,gat,1,,,,1,1,0.0,0,
glue|bert-base-uncased|cola_wide|BC|t32|s10|confirm,glue,bert-base-uncased,cola_wide,cola,BC,confirm,32,10,mcc,curvature=0.25;gat_hidden_dim=128;gnn_input_clip=1.0;gnn_input_scale=0;graph_metric=cosine;hyp_gnn_type=gat;hyperbolic_gnn=1;hyperbolic_readout=1;jk_mode=max;learnable_curvature=1;lr=0.001;num_layers=2;proj_dim=128;readout_clip=0.0;readout_scale=0;scorer_hidden=128;tau_quantile=0.2;weight_decay=0.0,128,cosine,max,0.001,2,128,128,0.2,0.0,45.27,149.51,0.30554,0.0,0.25,1.0,0,gat,1,,,,1,1,0.0,0,
glue|bert-base-uncased|cola_wide|BC|t32|s11|confirm,glue,bert-base-uncased,cola_wide,cola,BC,confirm,32,11,mcc,curvature=0.25;gat_hidden_dim=128;gnn_input_clip=1.0;gnn_input_scale=0;graph_metric=cosine;hyp_gnn_type=gat;hyperbolic_gnn=1;hyperbolic_readout=1;jk_mode=max;learnable_curvature=1;lr=0.001;num_layers=2;proj_dim=128;readout_clip=0.0;readout_scale=0;scorer_hidden=128;tau_quantile=0.2;weight_decay=0.0,128,cosine,max,0.001,2,128,128,0.2,0.0,45.79,149.26,0.30233,0.0,0.25,1.0,0,gat,1,,,,1,1,0.0,0,
glue|bert-base-uncased|cola_wide|BC|t32|s12|confirm,glue,bert-base-uncased,cola_wide,cola,BC,confirm,32,12,mcc,curvature=0.25;gat_hidden_dim=128;gnn_input_clip=1.0;gnn_input_scale=0;graph_metric=cosine;hyp_gnn_type=gat;hyperbolic_gnn=1;hyperbolic_readout=1;jk_mode=max;learnable_curvature=1;lr=0.001;num_layers=2;proj_dim=128;readout_clip=0.0;readout_scale=0;scorer_hidden=128;tau_quantile=0.2;weight_decay=0.0,128,cosine,max,0.001,2,128,128,0.2,0.0,46.97,149.21,0.30322,0.0,0.25,1.0,0,gat,1,,,,1,1,0.0,0,
glue|bert-base-uncased|cola_wide|BC|t32|s13|confirm,glue,bert-base-uncased,cola_wide,cola,BC,confirm,32,13,mcc,curvature=0.25;gat_hidden_dim=128;gnn_input_clip=1.0;gnn_input_scale=0;graph_metric=cosine;hyp_gnn_type=gat;hyperbolic_gnn=1;hyperbolic_readout=1;jk_mode=max;learnable_curvature=1;lr=0.001;num_layers=2;proj_dim=128;readout_clip=0.0;readout_scale=0;scorer_hidden=128;tau_quantile=0.2;weight_decay=0.0,128,cosine,max,0.001,2,128,128,0.2,0.0,46.17,149.45,0.30309,0.0,0.25,1.0,0,gat,1,,,,1,1,0.0,0,
glue|bert-base-uncased|cola_wide|BC|t32|s14|confirm,glue,bert-base-uncased,cola_wide,cola,BC,confirm,32,14,mcc,curvature=0.25;gat_hidden_dim=128;gnn_input_clip=1.0;gnn_input_scale=0;graph_metric=cosine;hyp_gnn_type=gat;hyperbolic_gnn=1;hyperbolic_readout=1;jk_mode=max;learnable_curvature=1;lr=0.001;num_layers=2;proj_dim=128;readout_clip=0.0;readout_scale=0;scorer_hidden=128;tau_quantile=0.2;weight_decay=0.0,128,cosine,max,0.001,2,128,128,0.2,0.0,47.94,148.62,0.30532,0.0,0.25,1.0,0,gat,1,,,,1,1,0.0,0,
glue|bert-base-uncased|cola_wide|BC|t32|s15|confirm,glue,bert-base-uncased,cola_wide,cola,BC,confirm,32,15,mcc,curvature=0.25;gat_hidden_dim=128;gnn_input_clip=1.0;gnn_input_scale=0;graph_metric=cosine;hyp_gnn_type=gat;hyperbolic_gnn=1;hyperbolic_readout=1;jk_mode=max;learnable_curvature=1;lr=0.001;num_layers=2;proj_dim=128;readout_clip=0.0;readout_scale=0;scorer_hidden=128;tau_quantile=0.2;weight_decay=0.0,128,cosine,max,0.001,2,128,128,0.2,0.0,46.26,150.46,0.2983,0.0,0.25,1.0,0,gat,1,,,,1,1,0.0,0,
glue|bert-base-uncased|cola_wide|A|t29|s16|confirm,glue,bert-base-uncased,cola_wide,cola,A,confirm,29,16,mcc,feature_mode=cls_root_unit;gat_hidden_dim=256;graph_curvature=1.0;graph_metric=poincare;jk_mode=max;lr=0.001;num_layers=4;proj_dim=256;rho_quantile=0.05;scorer_hidden=128;weight_decay=5e-05,256,poincare,max,0.001,4,256,128,,5e-05,45.21,156.35,0.04976,0.0,,,,,,,cls_root_unit,1.0,,,,,0.05
glue|bert-base-uncased|cola_wide|A|t29|s17|confirm,glue,bert-base-uncased,cola_wide,cola,A,confirm,29,17,mcc,feature_mode=cls_root_unit;gat_hidden_dim=256;graph_curvature=1.0;graph_metric=poincare;jk_mode=max;lr=0.001;num_layers=4;proj_dim=256;rho_quantile=0.05;scorer_hidden=128;weight_decay=5e-05,256,poincare,max,0.001,4,256,128,,5e-05,44.42,158.51,0.04896,0.02344,,,,,,,cls_root_unit,1.0,,,,,0.05
glue|bert-base-uncased|cola_wide|A|t29|s18|confirm,glue,bert-base-uncased,cola_wide,cola,A,confirm,29,18,mcc,feature_mode=cls_root_unit;gat_hidden_dim=256;graph_curvature=1.0;graph_metric=poincare;jk_mode=max;lr=0.001;num_layers=4;proj_dim=256;rho_quantile=0.05;scorer_hidden=128;weight_decay=5e-05,256,poincare,max,0.001,4,256,128,,5e-05,47.83,157.89,0.04859,0.01953,,,,,,,cls_root_unit,1.0,,,,,0.05
glue|bert-base-uncased|cola_wide|A|t29|s19|confirm,glue,bert-base-uncased,cola_wide,cola,A,confirm,29,19,mcc,feature_mode=cls_root_unit;gat_hidden_dim=256;graph_curvature=1.0;graph_metric=poincare;jk_mode=max;lr=0.001;num_layers=4;proj_dim=256;rho_quantile=0.05;scorer_hidden=128;weight_decay=5e-05,256,poincare,max,0.001,4,256,128,,5e-05,45.08,158.15,0.04858,0.01562,,,,,,,cls_root_unit,1.0,,,,,0.05
glue|bert-base-uncased|cola_wide|A|t29|s20|confirm,glue,bert-base-uncased,cola_wide,cola,A,confirm,29,20,mcc,feature_mode=cls_root_unit;gat_hidden_dim=256;graph_curvature=1.0;graph_metric=poincare;jk_mode=max;lr=0.001;num_layers=4;proj_dim=256;rho_quantile=0.05;scorer_hidden=128;weight_decay=5e-05,256,poincare,max,0.001,4,256,128,,5e-05,46.14,157.29,0.04867,0.01562,,,,,,,cls_root_unit,1.0,,,,,0.05
glue|bert-base-uncased|cola_wide|A|t29|s21|confirm,glue,bert-base-uncased,cola_wide,cola,A,confirm,29,21,mcc,feature_mode=cls_root_unit;gat_hidden_dim=256;graph_curvature=1.0;graph_metric=poincare;jk_mode=max;lr=0.001;num_layers=4;proj_dim=256;rho_quantile=0.05;scorer_hidden=128;weight_decay=5e-05,256,poincare,max,0.001,4,256,128,,5e-05,47.28,158.14,0.04887,0.00781,,,,,,,cls_root_unit,1.0,,,,,0.05
glue|bert-base-uncased|cola_wide|A|t29|s22|confirm,glue,bert-base-uncased,cola_wide,cola,A,confirm,29,22,mcc,feature_mode=cls_root_unit;gat_hidden_dim=256;graph_curvature=1.0;graph_metric=poincare;jk_mode=max;lr=0.001;num_layers=4;proj_dim=256;rho_quantile=0.05;scorer_hidden=128;weight_decay=5e-05,256,poincare,max,0.001,4,256,128,,5e-05,48.48,161.25,0.04903,0.01562,,,,,,,cls_root_unit,1.0,,,,,0.05
glue|bert-base-uncased|cola_wide|A|t29|s23|confirm,glue,bert-base-uncased,cola_wide,cola,A,confirm,29,23,mcc,feature_mode=cls_root_unit;gat_hidden_dim=256;graph_curvature=1.0;graph_metric=poincare;jk_mode=max;lr=0.001;num_layers=4;proj_dim=256;rho_quantile=0.05;scorer_hidden=128;weight_decay=5e-05,256,poincare,max,0.001,4,256,128,,5e-05,44.28,159.77,0.04857,0.02344,,,,,,,cls_root_unit,1.0,,,,,0.05
glue|bert-base-uncased|cola_wide|A|t29|s24|confirm,glue,bert-base-uncased,cola_wide,cola,A,confirm,29,24,mcc,feature_mode=cls_root_unit;gat_hidden_dim=256;graph_curvature=1.0;graph_metric=poincare;jk_mode=max;lr=0.001;num_layers=4;proj_dim=256;rho_quantile=0.05;scorer_hidden=128;weight_decay=5e-05,256,poincare,max,0.001,4,256,128,,5e-05,45.8,156.96,0.04873,0.02344,,,,,,,cls_root_unit,1.0,,,,,0.05
glue|bert-base-uncased|cola_wide|A|t29|s25|confirm,glue,bert-base-uncased,cola_wide,cola,A,confirm,29,25,mcc,feature_mode=cls_root_unit;gat_hidden_dim=256;graph_curvature=1.0;graph_metric=poincare;jk_mode=max;lr=0.001;num_layers=4;proj_dim=256;rho_quantile=0.05;scorer_hidden=128;weight_decay=5e-05,256,poincare,max,0.001,4,256,128,,5e-05,47.78,157.4,0.04999,0.00391,,,,,,,cls_root_unit,1.0,,,,,0.05
glue|bert-base-uncased|cola_wide|A|t29|s26|confirm,glue,bert-base-uncased,cola_wide,cola,A,confirm,29,26,mcc,feature_mode=cls_root_unit;gat_hidden_dim=256;graph_curvature=1.0;graph_metric=poincare;jk_mode=max;lr=0.001;num_layers=4;proj_dim=256;rho_quantile=0.05;scorer_hidden=128;weight_decay=5e-05,256,poincare,max,0.001,4,256,128,,5e-05,46.75,156.72,0.04958,0.00391,,,,,,,cls_root_unit,1.0,,,,,0.05
glue|bert-base-uncased|cola_wide|A|t29|s27|confirm,glue,bert-base-uncased,cola_wide,cola,A,confirm,29,27,mcc,feature_mode=cls_root_unit;gat_hidden_dim=256;graph_curvature=1.0;graph_metric=poincare;jk_mode=max;lr=0.001;num_layers=4;proj_dim=256;rho_quantile=0.05;scorer_hidden=128;weight_decay=5e-05,256,poincare,max,0.001,4,256,128,,5e-05,46.69,156.5,0.04971,0.00391,,,,,,,cls_root_unit,1.0,,,,,0.05
glue|bert-base-uncased|cola_wide|A|t29|s28|confirm,glue,bert-base-uncased,cola_wide,cola,A,confirm,29,28,mcc,feature_mode=cls_root_unit;gat_hidden_dim=256;graph_curvature=1.0;graph_metric=poincare;jk_mode=max;lr=0.001;num_layers=4;proj_dim=256;rho_quantile=0.05;scorer_hidden=128;weight_decay=5e-05,256,poincare,max,0.001,4,256,128,,5e-05,48.01,157.02,0.04849,0.01953,,,,,,,cls_root_unit,1.0,,,,,0.05
glue|bert-base-uncased|cola_wide|A|t29|s29|confirm,glue,bert-base-uncased,cola_wide,cola,A,confirm,29,29,mcc,feature_mode=cls_root_unit;gat_hidden_dim=256;graph_curvature=1.0;graph_metric=poincare;jk_mode=max;lr=0.001;num_layers=4;proj_dim=256;rho_quantile=0.05;scorer_hidden=128;weight_decay=5e-05,256,poincare,max,0.001,4,256,128,,5e-05,46.19,157.01,0.04947,0.00781,,,,,,,cls_root_unit,1.0,,,,,0.05
glue|bert-base-uncased|cola_wide|A|t29|s30|confirm,glue,bert-base-uncased,cola_wide,cola,A,confirm,29,30,mcc,feature_mode=cls_root_unit;gat_hidden_dim=256;graph_curvature=1.0;graph_metric=poincare;jk_mode=max;lr=0.001;num_layers=4;proj_dim=256;rho_quantile=0.05;scorer_hidden=128;weight_decay=5e-05,256,poincare,max,0.001,4,256,128,,5e-05,47.67,158.31,0.04824,0.00781,,,,,,,cls_root_unit,1.0,,,,,0.05
glue|bert-base-uncased|cola_wide|A|t29|s31|confirm,glue,bert-base-uncased,cola_wide,cola,A,confirm,29,31,mcc,feature_mode=cls_root_unit;gat_hidden_dim=256;graph_curvature=1.0;graph_metric=poincare;jk_mode=max;lr=0.001;num_layers=4;proj_dim=256;rho_quantile=0.05;scorer_hidden=128;weight_decay=5e-05,256,poincare,max,0.001,4,256,128,,5e-05,45.64,156.64,0.04856,0.01172,,,,,,,cls_root_unit,1.0,,,,,0.05
glue|bert-base-uncased|cola_wide|A|t29|s32|confirm,glue,bert-base-uncased,cola_wide,cola,A,confirm,29,32,mcc,feature_mode=cls_root_unit;gat_hidden_dim=256;graph_curvature=1.0;graph_metric=poincare;jk_mode=max;lr=0.001;num_layers=4;proj_dim=256;rho_quantile=0.05;scorer_hidden=128;weight_decay=5e-05,256,poincare,max,0.001,4,256,128,,5e-05,49.91,156.09,0.04909,0.01172,,,,,,,cls_root_unit,1.0,,,,,0.05
glue|bert-base-uncased|cola_wide|A|t29|s33|confirm,glue,bert-base-uncased,cola_wide,cola,A,confirm,29,33,mcc,feature_mode=cls_root_unit;gat_hidden_dim=256;graph_curvature=1.0;graph_metric=poincare;jk_mode=max;lr=0.001;num_layers=4;proj_dim=256;rho_quantile=0.05;scorer_hidden=128;weight_decay=5e-05,256,poincare,max,0.001,4,256,128,,5e-05,41.37,157.63,0.04963,0.0,,,,,,,cls_root_unit,1.0,,,,,0.05
glue|bert-base-uncased|cola_wide|A|t29|s34|confirm,glue,bert-base-uncased,cola_wide,cola,A,confirm,29,34,mcc,feature_mode=cls_root_unit;gat_hidden_dim=256;graph_curvature=1.0;graph_metric=poincare;jk_mode=max;lr=0.001;num_layers=4;proj_dim=256;rho_quantile=0.05;scorer_hidden=128;weight_decay=5e-05,256,poincare,max,0.001,4,256,128,,5e-05,44.74,158.29,0.04929,0.01172,,,,,,,cls_root_unit,1.0,,,,,0.05
glue|bert-base-uncased|cola_wide|A|t29|s35|confirm,glue,bert-base-uncased,cola_wide,cola,A,confirm,29,35,mcc,feature_mode=cls_root_unit;gat_hidden_dim=256;graph_curvature=1.0;graph_metric=poincare;jk_mode=max;lr=0.001;num_layers=4;proj_dim=256;rho_quantile=0.05;scorer_hidden=128;weight_decay=5e-05,256,poincare,max,0.001,4,256,128,,5e-05,44.73,158.59,0.04765,0.02344,,,,,,,cls_root_unit,1.0,,,,,0.05
glue|bert-base-uncased|cola_wide|A|t29|s36|confirm,glue,bert-base-uncased,cola_wide,cola,A,confirm,29,36,mcc,feature_mode=cls_root_unit;gat_hidden_dim=256;graph_curvature=1.0;graph_metric=poincare;jk_mode=max;lr=0.001;num_layers=4;proj_dim=256;rho_quantile=0.05;scorer_hidden=128;weight_decay=5e-05,256,poincare,max,0.001,4,256,128,,5e-05,47.73,156.85,0.04906,0.01172,,,,,,,cls_root_unit,1.0,,,,,0.05
glue|bert-base-uncased|cola_wide|A|t29|s37|confirm,glue,bert-base-uncased,cola_wide,cola,A,confirm,29,37,mcc,feature_mode=cls_root_unit;gat_hidden_dim=256;graph_curvature=1.0;graph_metric=poincare;jk_mode=max;lr=0.001;num_layers=4;proj_dim=256;rho_quantile=0.05;scorer_hidden=128;weight_decay=5e-05,256,poincare,max,0.001,4,256,128,,5e-05,47.99,158.47,0.0488,0.01562,,,,,,,cls_root_unit,1.0,,,,,0.05
glue|bert-base-uncased|cola_wide|A|t29|s38|confirm,glue,bert-base-uncased,cola_wide,cola,A,confirm,29,38,mcc,feature_mode=cls_root_unit;gat_hidden_dim=256;graph_curvature=1.0;graph_metric=poincare;jk_mode=max;lr=0.001;num_layers=4;proj_dim=256;rho_quantile=0.05;scorer_hidden=128;weight_decay=5e-05,256,poincare,max,0.001,4,256,128,,5e-05,45.56,156.44,0.04943,0.00781,,,,,,,cls_root_unit,1.0,,,,,0.05
glue|bert-base-uncased|cola_wide|A|t29|s39|confirm,glue,bert-base-uncased,cola_wide,cola,A,confirm,29,39,mcc,feature_mode=cls_root_unit;gat_hidden_dim=256;graph_curvature=1.0;graph_metric=poincare;jk_mode=max;lr=0.001;num_layers=4;proj_dim=256;rho_quantile=0.05;scorer_hidden=128;weight_decay=5e-05,256,poincare,max,0.001,4,256,128,,5e-05,45.05,155.75,0.04818,0.01562,,,,,,,cls_root_unit,1.0,,,,,0.05
glue|bert-base-uncased|cola_wide|A|t29|s40|confirm,glue,bert-base-uncased,cola_wide,cola,A,confirm,29,40,mcc,feature_mode=cls_root_unit;gat_hidden_dim=256;graph_curvature=1.0;graph_metric=poincare;jk_mode=max;lr=0.001;num_layers=4;proj_dim=256;rho_quantile=0.05;scorer_hidden=128;weight_decay=5e-05,256,poincare,max,0.001,4,256,128,,5e-05,46.52,158.76,0.04865,0.0,,,,,,,cls_root_unit,1.0,,,,,0.05
glue|bert-base-uncased|cola_wide|A|t29|s41|confirm,glue,bert-base-uncased,cola_wide,cola,A,confirm,29,41,mcc,feature_mode=cls_root_unit;gat_hidden_dim=256;graph_curvature=1.0;graph_metric=poincare;jk_mode=max;lr=0.001;num_layers=4;proj_dim=256;rho_quantile=0.05;scorer_hidden=128;weight_decay=5e-05,256,poincare,max,0.001,4,256,128,,5e-05,46.37,157.74,0.04881,0.01562,,,,,,,cls_root_unit,1.0,,,,,0.05
glue|bert-base-uncased|cola_wide|A|t29|s42|confirm,glue,bert-base-uncased,cola_wide,cola,A,confirm,29,42,mcc,feature_mode=cls_root_unit;gat_hidden_dim=256;graph_curvature=1.0;graph_metric=poincare;jk_mode=max;lr=0.001;num_layers=4;proj_dim=256;rho_quantile=0.05;scorer_hidden=128;weight_decay=5e-05,256,poincare,max,0.001,4,256,128,,5e-05,47.19,156.3,0.04804,0.02344,,,,,,,cls_root_unit,1.0,,,,,0.05
glue|bert-base-uncased|cola_wide|A|t29|s43|confirm,glue,bert-base-uncased,cola_wide,cola,A,confirm,29,43,mcc,feature_mode=cls_root_unit;gat_hidden_dim=256;graph_curvature=1.0;graph_metric=poincare;jk_mode=max;lr=0.001;num_layers=4;proj_dim=256;rho_quantile=0.05;scorer_hidden=128;weight_decay=5e-05,256,poincare,max,0.001,4,256,128,,5e-05,47.87,155.31,0.04893,0.01172,,,,,,,cls_root_unit,1.0,,,,,0.05
glue|bert-base-uncased|cola_wide|A|t29|s44|confirm,glue,bert-base-uncased,cola_wide,cola,A,confirm,29,44,mcc,feature_mode=cls_root_unit;gat_hidden_dim=256;graph_curvature=1.0;graph_metric=poincare;jk_mode=max;lr=0.001;num_layers=4;proj_dim=256;rho_quantile=0.05;scorer_hidden=128;weight_decay=5e-05,256,poincare,max,0.001,4,256,128,,5e-05,46.27,157.25,0.04908,0.01172,,,,,,,cls_root_unit,1.0,,,,,0.05
glue|bert-base-uncased|cola_wide|A|t29|s45|confirm,glue,bert-base-uncased,cola_wide,cola,A,confirm,29,45,mcc,feature_mode=cls_root_unit;gat_hidden_dim=256;graph_curvature=1.0;graph_metric=poincare;jk_mode=max;lr=0.001;num_layers=4;proj_dim=256;rho_quantile=0.05;scorer_hidden=128;weight_decay=5e-05,256,poincare,max,0.001,4,256,128,,5e-05,45.4,157.45,0.04911,0.01172,,,,,,,cls_root_unit,1.0,,,,,0.05
glue|bert-base-uncased|cola_wide|A|t29|s46|confirm,glue,bert-base-uncased,cola_wide,cola,A,confirm,29,46,mcc,feature_mode=cls_root_unit;gat_hidden_dim=256;graph_curvature=1.0;graph_metric=poincare;jk_mode=max;lr=0.001;num_layers=4;proj_dim=256;rho_quantile=0.05;scorer_hidden=128;weight_decay=5e-05,256,poincare,max,0.001,4,256,128,,5e-05,42.62,156.36,0.04953,0.00391,,,,,,,cls_root_unit,1.0,,,,,0.05
glue|bert-base-uncased|cola_wide|A|t29|s47|confirm,glue,bert-base-uncased,cola_wide,cola,A,confirm,29,47,mcc,feature_mode=cls_root_unit;gat_hidden_dim=256;graph_curvature=1.0;graph_metric=poincare;jk_mode=max;lr=0.001;num_layers=4;proj_dim=256;rho_quantile=0.05;scorer_hidden=128;weight_decay=5e-05,256,poincare,max,0.001,4,256,128,,5e-05,45.81,157.16,0.04773,0.03125,,,,,,,cls_root_unit,1.0,,,,,0.05
glue|bert-base-uncased|cola_wide|A|t29|s48|confirm,glue,bert-base-uncased,cola_wide,cola,A,confirm,29,48,mcc,feature_mode=cls_root_unit;gat_hidden_dim=256;graph_curvature=1.0;graph_metric=poincare;jk_mode=max;lr=0.001;num_layers=4;proj_dim=256;rho_quantile=0.05;scorer_hidden=128;weight_decay=5e-05,256,poincare,max,0.001,4,256,128,,5e-05,47.47,156.03,0.04923,0.01953,,,,,,,cls_root_unit,1.0,,,,,0.05
glue|bert-base-uncased|cola_wide|A|t29|s49|confirm,glue,bert-base-uncased,cola_wide,cola,A,confirm,29,49,mcc,feature_mode=cls_root_unit;gat_hidden_dim=256;graph_curvature=1.0;graph_metric=poincare;jk_mode=max;lr=0.001;num_layers=4;proj_dim=256;rho_quantile=0.05;scorer_hidden=128;weight_decay=5e-05,256,poincare,max,0.001,4,256,128,,5e-05,43.76,159.05,0.04926,0.01562,,,,,,,cls_root_unit,1.0,,,,,0.05
glue|bert-base-uncased|cola_wide|A|t29|s50|confirm,glue,bert-base-uncased,cola_wide,cola,A,confirm,29,50,mcc,feature_mode=cls_root_unit;gat_hidden_dim=256;graph_curvature=1.0;graph_metric=poincare;jk_mode=max;lr=0.001;num_layers=4;proj_dim=256;rho_quantile=0.05;scorer_hidden=128;weight_decay=5e-05,256,poincare,max,0.001,4,256,128,,5e-05,44.64,157.18,0.04853,0.00781,,,,,,,cls_root_unit,1.0,,,,,0.05
glue|bert-base-uncased|cola_wide|baseline|t27|s16|confirm,glue,bert-base-uncased,cola_wide,cola,baseline,confirm,27,16,mcc,gat_hidden_dim=256;graph_metric=cosine;jk_mode=max;lr=0.001;num_layers=4;proj_dim=128;scorer_hidden=128;tau_quantile=0.1;weight_decay=5e-05,256,cosine,max,0.001,4,128,128,0.1,5e-05,47.05,129.38,0.09911,0.0,,,,,,,,,,,,,
glue|bert-base-uncased|cola_wide|baseline|t27|s17|confirm,glue,bert-base-uncased,cola_wide,cola,baseline,confirm,27,17,mcc,gat_hidden_dim=256;graph_metric=cosine;jk_mode=max;lr=0.001;num_layers=4;proj_dim=128;scorer_hidden=128;tau_quantile=0.1;weight_decay=5e-05,256,cosine,max,0.001,4,128,128,0.1,5e-05,39.76,128.64,0.09885,0.0,,,,,,,,,,,,,
glue|bert-base-uncased|cola_wide|baseline|t27|s18|confirm,glue,bert-base-uncased,cola_wide,cola,baseline,confirm,27,18,mcc,gat_hidden_dim=256;graph_metric=cosine;jk_mode=max;lr=0.001;num_layers=4;proj_dim=128;scorer_hidden=128;tau_quantile=0.1;weight_decay=5e-05,256,cosine,max,0.001,4,128,128,0.1,5e-05,47.46,129.82,0.10065,0.0,,,,,,,,,,,,,
glue|bert-base-uncased|cola_wide|baseline|t27|s19|confirm,glue,bert-base-uncased,cola_wide,cola,baseline,confirm,27,19,mcc,gat_hidden_dim=256;graph_metric=cosine;jk_mode=max;lr=0.001;num_layers=4;proj_dim=128;scorer_hidden=128;tau_quantile=0.1;weight_decay=5e-05,256,cosine,max,0.001,4,128,128,0.1,5e-05,45.01,131.33,0.10033,0.0,,,,,,,,,,,,,
glue|bert-base-uncased|cola_wide|baseline|t27|s20|confirm,glue,bert-base-uncased,cola_wide,cola,baseline,confirm,27,20,mcc,gat_hidden_dim=256;graph_metric=cosine;jk_mode=max;lr=0.001;num_layers=4;proj_dim=128;scorer_hidden=128;tau_quantile=0.1;weight_decay=5e-05,256,cosine,max,0.001,4,128,128,0.1,5e-05,44.56,129.53,0.10038,0.0,,,,,,,,,,,,,
glue|bert-base-uncased|cola_wide|baseline|t27|s21|confirm,glue,bert-base-uncased,cola_wide,cola,baseline,confirm,27,21,mcc,gat_hidden_dim=256;graph_metric=cosine;jk_mode=max;lr=0.001;num_layers=4;proj_dim=128;scorer_hidden=128;tau_quantile=0.1;weight_decay=5e-05,256,cosine,max,0.001,4,128,128,0.1,5e-05,43.65,129.46,0.09981,0.0,,,,,,,,,,,,,
glue|bert-base-uncased|cola_wide|baseline|t27|s22|confirm,glue,bert-base-uncased,cola_wide,cola,baseline,confirm,27,22,mcc,gat_hidden_dim=256;graph_metric=cosine;jk_mode=max;lr=0.001;num_layers=4;proj_dim=128;scorer_hidden=128;tau_quantile=0.1;weight_decay=5e-05,256,cosine,max,0.001,4,128,128,0.1,5e-05,46.88,128.92,0.09956,0.0,,,,,,,,,,,,,
glue|bert-base-uncased|cola_wide|baseline|t27|s23|confirm,glue,bert-base-uncased,cola_wide,cola,baseline,confirm,27,23,mcc,gat_hidden_dim=256;graph_metric=cosine;jk_mode=max;lr=0.001;num_layers=4;proj_dim=128;scorer_hidden=128;tau_quantile=0.1;weight_decay=5e-05,256,cosine,max,0.001,4,128,128,0.1,5e-05,42.64,132.47,0.1004,0.0,,,,,,,,,,,,,
glue|bert-base-uncased|cola_wide|baseline|t27|s24|confirm,glue,bert-base-uncased,cola_wide,cola,baseline,confirm,27,24,mcc,gat_hidden_dim=256;graph_metric=cosine;jk_mode=max;lr=0.001;num_layers=4;proj_dim=128;scorer_hidden=128;tau_quantile=0.1;weight_decay=5e-05,256,cosine,max,0.001,4,128,128,0.1,5e-05,46.42,129.73,0.10041,0.0,,,,,,,,,,,,,
glue|bert-base-uncased|cola_wide|baseline|t27|s25|confirm,glue,bert-base-uncased,cola_wide,cola,baseline,confirm,27,25,mcc,gat_hidden_dim=256;graph_metric=cosine;jk_mode=max;lr=0.001;num_layers=4;proj_dim=128;scorer_hidden=128;tau_quantile=0.1;weight_decay=5e-05,256,cosine,max,0.001,4,128,128,0.1,5e-05,45.76,130.01,0.09925,0.0,,,,,,,,,,,,,
glue|bert-base-uncased|cola_wide|baseline|t27|s26|confirm,glue,bert-base-uncased,cola_wide,cola,baseline,confirm,27,26,mcc,gat_hidden_dim=256;graph_metric=cosine;jk_mode=max;lr=0.001;num_layers=4;proj_dim=128;scorer_hidden=128;tau_quantile=0.1;weight_decay=5e-05,256,cosine,max,0.001,4,128,128,0.1,5e-05,45.61,129.28,0.0993,0.0,,,,,,,,,,,,,
glue|bert-base-uncased|cola_wide|baseline|t27|s27|confirm,glue,bert-base-uncased,cola_wide,cola,baseline,confirm,27,27,mcc,gat_hidden_dim=256;graph_metric=cosine;jk_mode=max;lr=0.001;num_layers=4;proj_dim=128;scorer_hidden=128;tau_quantile=0.1;weight_decay=5e-05,256,cosine,max,0.001,4,128,128,0.1,5e-05,42.26,130.49,0.09962,0.0,,,,,,,,,,,,,
glue|bert-base-uncased|cola_wide|baseline|t27|s28|confirm,glue,bert-base-uncased,cola_wide,cola,baseline,confirm,27,28,mcc,gat_hidden_dim=256;graph_metric=cosine;jk_mode=max;lr=0.001;num_layers=4;proj_dim=128;scorer_hidden=128;tau_quantile=0.1;weight_decay=5e-05,256,cosine,max,0.001,4,128,128,0.1,5e-05,47.1,129.19,0.10009,0.0,,,,,,,,,,,,,
glue|bert-base-uncased|cola_wide|baseline|t27|s29|confirm,glue,bert-base-uncased,cola_wide,cola,baseline,confirm,27,29,mcc,gat_hidden_dim=256;graph_metric=cosine;jk_mode=max;lr=0.001;num_layers=4;proj_dim=128;scorer_hidden=128;tau_quantile=0.1;weight_decay=5e-05,256,cosine,max,0.001,4,128,128,0.1,5e-05,46.31,129.67,0.09977,0.0,,,,,,,,,,,,,
glue|bert-base-uncased|cola_wide|baseline|t27|s30|confirm,glue,bert-base-uncased,cola_wide,cola,baseline,confirm,27,30,mcc,gat_hidden_dim=256;graph_metric=cosine;jk_mode=max;lr=0.001;num_layers=4;proj_dim=128;scorer_hidden=128;tau_quantile=0.1;weight_decay=5e-05,256,cosine,max,0.001,4,128,128,0.1,5e-05,45.72,133.69,0.10053,0.0,,,,,,,,,,,,,
glue|bert-base-uncased|cola_wide|baseline|t27|s31|confirm,glue,bert-base-uncased,cola_wide,cola,baseline,confirm,27,31,mcc,gat_hidden_dim=256;graph_metric=cosine;jk_mode=max;lr=0.001;num_layers=4;proj_dim=128;scorer_hidden=128;tau_quantile=0.1;weight_decay=5e-05,256,cosine,max,0.001,4,128,128,0.1,5e-05,45.63,129.36,0.09892,0.0,,,,,,,,,,,,,
glue|bert-base-uncased|cola_wide|baseline|t27|s32|confirm,glue,bert-base-uncased,cola_wide,cola,baseline,confirm,27,32,mcc,gat_hidden_dim=256;graph_metric=cosine;jk_mode=max;lr=0.001;num_layers=4;proj_dim=128;scorer_hidden=128;tau_quantile=0.1;weight_decay=5e-05,256,cosine,max,0.001,4,128,128,0.1,5e-05,47.49,128.84,0.10056,0.0,,,,,,,,,,,,,
glue|bert-base-uncased|cola_wide|baseline|t27|s33|confirm,glue,bert-base-uncased,cola_wide,cola,baseline,confirm,27,33,mcc,gat_hidden_dim=256;graph_metric=cosine;jk_mode=max;lr=0.001;num_layers=4;proj_dim=128;scorer_hidden=128;tau_quantile=0.1;weight_decay=5e-05,256,cosine,max,0.001,4,128,128,0.1,5e-05,42.35,130.4,0.09989,0.0,,,,,,,,,,,,,
glue|bert-base-uncased|cola_wide|baseline|t27|s34|confirm,glue,bert-base-uncased,cola_wide,cola,baseline,confirm,27,34,mcc,gat_hidden_dim=256;graph_metric=cosine;jk_mode=max;lr=0.001;num_layers=4;proj_dim=128;scorer_hidden=128;tau_quantile=0.1;weight_decay=5e-05,256,cosine,max,0.001,4,128,128,0.1,5e-05,42.41,128.96,0.09992,0.0,,,,,,,,,,,,,
glue|bert-base-uncased|cola_wide|baseline|t27|s35|confirm,glue,bert-base-uncased,cola_wide,cola,baseline,confirm,27,35,mcc,gat_hidden_dim=256;graph_metric=cosine;jk_mode=max;lr=0.001;num_layers=4;proj_dim=128;scorer_hidden=128;tau_quantile=0.1;weight_decay=5e-05,256,cosine,max,0.001,4,128,128,0.1,5e-05,45.48,128.23,0.1003,0.0,,,,,,,,,,,,,
glue|bert-base-uncased|cola_wide|baseline|t27|s36|confirm,glue,bert-base-uncased,cola_wide,cola,baseline,confirm,27,36,mcc,gat_hidden_dim=256;graph_metric=cosine;jk_mode=max;lr=0.001;num_layers=4;proj_dim=128;scorer_hidden=128;tau_quantile=0.1;weight_decay=5e-05,256,cosine,max,0.001,4,128,128,0.1,5e-05,43.34,127.94,0.09918,0.0,,,,,,,,,,,,,
glue|bert-base-uncased|cola_wide|baseline|t27|s37|confirm,glue,bert-base-uncased,cola_wide,cola,baseline,confirm,27,37,mcc,gat_hidden_dim=256;graph_metric=cosine;jk_mode=max;lr=0.001;num_layers=4;proj_dim=128;scorer_hidden=128;tau_quantile=0.1;weight_decay=5e-05,256,cosine,max,0.001,4,128,128,0.1,5e-05,48.51,127.24,0.10047,0.0,,,,,,,,,,,,,
glue|bert-base-uncased|cola_wide|baseline|t27|s38|confirm,glue,bert-base-uncased,cola_wide,cola,baseline,confirm,27,38,mcc,gat_hidden_dim=256;graph_metric=cosine;jk_mode=max;lr=0.001;num_layers=4;proj_dim=128;scorer_hidden=128;tau_quantile=0.1;weight_decay=5e-05,256,cosine,max,0.001,4,128,128,0.1,5e-05,45.58,128.04,0.09949,0.0,,,,,,,,,,,,,
glue|bert-base-uncased|cola_wide|baseline|t27|s39|confirm,glue,bert-base-uncased,cola_wide,cola,baseline,confirm,27,39,mcc,gat_hidden_dim=256;graph_metric=cosine;jk_mode=max;lr=0.001;num_layers=4;proj_dim=128;scorer_hidden=128;tau_quantile=0.1;weight_decay=5e-05,256,cosine,max,0.001,4,128,128,0.1,5e-05,45.23,127.26,0.09996,0.0,,,,,,,,,,,,,
glue|bert-base-uncased|cola_wide|baseline|t27|s40|confirm,glue,bert-base-uncased,cola_wide,cola,baseline,confirm,27,40,mcc,gat_hidden_dim=256;graph_metric=cosine;jk_mode=max;lr=0.001;num_layers=4;proj_dim=128;scorer_hidden=128;tau_quantile=0.1;weight_decay=5e-05,256,cosine,max,0.001,4,128,128,0.1,5e-05,46.36,127.8,0.10017,0.0,,,,,,,,,,,,,
glue|bert-base-uncased|cola_wide|baseline|t27|s41|confirm,glue,bert-base-uncased,cola_wide,cola,baseline,confirm,27,41,mcc,gat_hidden_dim=256;graph_metric=cosine;jk_mode=max;lr=0.001;num_layers=4;proj_dim=128;scorer_hidden=128;tau_quantile=0.1;weight_decay=5e-05,256,cosine,max,0.001,4,128,128,0.1,5e-05,43.6,129.29,0.1001,0.0,,,,,,,,,,,,,
glue|bert-base-uncased|cola_wide|baseline|t27|s42|confirm,glue,bert-base-uncased,cola_wide,cola,baseline,confirm,27,42,mcc,gat_hidden_dim=256;graph_metric=cosine;jk_mode=max;lr=0.001;num_layers=4;proj_dim=128;scorer_hidden=128;tau_quantile=0.1;weight_decay=5e-05,256,cosine,max,0.001,4,128,128,0.1,5e-05,46.47,129.5,0.1003,0.0,,,,,,,,,,,,,
glue|bert-base-uncased|cola_wide|baseline|t27|s43|confirm,glue,bert-base-uncased,cola_wide,cola,baseline,confirm,27,43,mcc,gat_hidden_dim=256;graph_metric=cosine;jk_mode=max;lr=0.001;num_layers=4;proj_dim=128;scorer_hidden=128;tau_quantile=0.1;weight_decay=5e-05,256,cosine,max,0.001,4,128,128,0.1,5e-05,46.42,130.6,0.09935,0.0,,,,,,,,,,,,,
glue|bert-base-uncased|cola_wide|baseline|t27|s44|confirm,glue,bert-base-uncased,cola_wide,cola,baseline,confirm,27,44,mcc,gat_hidden_dim=256;graph_metric=cosine;jk_mode=max;lr=0.001;num_layers=4;proj_dim=128;scorer_hidden=128;tau_quantile=0.1;weight_decay=5e-05,256,cosine,max,0.001,4,128,128,0.1,5e-05,45.5,129.63,0.09956,0.0,,,,,,,,,,,,,
glue|bert-base-uncased|cola_wide|baseline|t27|s45|confirm,glue,bert-base-uncased,cola_wide,cola,baseline,confirm,27,45,mcc,gat_hidden_dim=256;graph_metric=cosine;jk_mode=max;lr=0.001;num_layers=4;proj_dim=128;scorer_hidden=128;tau_quantile=0.1;weight_decay=5e-05,256,cosine,max,0.001,4,128,128,0.1,5e-05,46.97,129.45,0.09998,0.0,,,,,,,,,,,,,
glue|bert-base-uncased|cola_wide|baseline|t27|s46|confirm,glue,bert-base-uncased,cola_wide,cola,baseline,confirm,27,46,mcc,gat_hidden_dim=256;graph_metric=cosine;jk_mode=max;lr=0.001;num_layers=4;proj_dim=128;scorer_hidden=128;tau_quantile=0.1;weight_decay=5e-05,256,cosine,max,0.001,4,128,128,0.1,5e-05,45.53,128.39,0.10027,0.0,,,,,,,,,,,,,
glue|bert-base-uncased|cola_wide|baseline|t27|s47|confirm,glue,bert-base-uncased,cola_wide,cola,baseline,confirm,27,47,mcc,gat_hidden_dim=256;graph_metric=cosine;jk_mode=max;lr=0.001;num_layers=4;proj_dim=128;scorer_hidden=128;tau_quantile=0.1;weight_decay=5e-05,256,cosine,max,0.001,4,128,128,0.1,5e-05,45.45,130.0,0.1,0.0,,,,,,,,,,,,,
glue|bert-base-uncased|cola_wide|baseline|t27|s48|confirm,glue,bert-base-uncased,cola_wide,cola,baseline,confirm,27,48,mcc,gat_hidden_dim=256;graph_metric=cosine;jk_mode=max;lr=0.001;num_layers=4;proj_dim=128;scorer_hidden=128;tau_quantile=0.1;weight_decay=5e-05,256,cosine,max,0.001,4,128,128,0.1,5e-05,44.22,129.66,0.10025,0.0,,,,,,,,,,,,,
glue|bert-base-uncased|cola_wide|baseline|t27|s49|confirm,glue,bert-base-uncased,cola_wide,cola,baseline,confirm,27,49,mcc,gat_hidden_dim=256;graph_metric=cosine;jk_mode=max;lr=0.001;num_layers=4;proj_dim=128;scorer_hidden=128;tau_quantile=0.1;weight_decay=5e-05,256,cosine,max,0.001,4,128,128,0.1,5e-05,44.58,128.68,0.10012,0.0,,,,,,,,,,,,,
glue|bert-base-uncased|cola_wide|baseline|t27|s50|confirm,glue,bert-base-uncased,cola_wide,cola,baseline,confirm,27,50,mcc,gat_hidden_dim=256;graph_metric=cosine;jk_mode=max;lr=0.001;num_layers=4;proj_dim=128;scorer_hidden=128;tau_quantile=0.1;weight_decay=5e-05,256,cosine,max,0.001,4,128,128,0.1,5e-05,45.73,128.59,0.10011,0.0,,,,,,,,,,,,,
